edad,educacion,credito_hipotecario,credito_consumo,duracion_llamada_seg,contactos_esta_campana,contactos_previos,resultado_campana_anterior,tasa_euribor,contrata
56.0,4.0,0.0,1.0,307.0,1.0,0.0,0.0,4.857,0
59.0,5.0,0.0,0.0,139.0,1.0,0.0,0.0,4.857,0
41.0,,0.0,0.0,217.0,1.0,0.0,0.0,4.857,0
57.0,1.0,1.0,0.0,293.0,1.0,0.0,0.0,4.857,0
46.0,2.0,1.0,1.0,440.0,1.0,0.0,0.0,4.857,0
41.0,4.0,1.0,0.0,181.0,1.0,0.0,0.0,4.857,0
58.0,6.0,1.0,0.0,366.0,1.0,0.0,0.0,4.857,0
57.0,6.0,1.0,1.0,616.0,1.0,0.0,0.0,4.857,0
60.0,4.0,0.0,0.0,253.0,1.0,0.0,0.0,4.857,0
53.0,5.0,0.0,0.0,179.0,1.0,0.0,0.0,4.857,0
51.0,3.0,1.0,0.0,812.0,1.0,0.0,0.0,4.857,0
41.0,2.0,0.0,0.0,200.0,1.0,0.0,0.0,4.857,0
55.0,6.0,0.0,0.0,349.0,1.0,0.0,0.0,4.857,0
31.0,4.0,0.0,0.0,246.0,1.0,0.0,0.0,4.857,0
34.0,4.0,1.0,0.0,188.0,2.0,0.0,0.0,4.857,0
33.0,3.0,0.0,0.0,545.0,1.0,0.0,0.0,4.857,0
45.0,5.0,1.0,0.0,221.0,1.0,0.0,0.0,4.857,0
44.0,2.0,0.0,0.0,257.0,1.0,0.0,0.0,4.857,0
49.0,1.0,0.0,0.0,55.0,3.0,0.0,0.0,4.857,0
54.0,,0.0,0.0,400.0,1.0,0.0,0.0,4.857,0
41.0,4.0,0.0,0.0,139.0,1.0,0.0,0.0,4.857,0
32.0,6.0,1.0,1.0,175.0,1.0,0.0,0.0,4.857,0
41.0,5.0,0.0,0.0,677.0,1.0,0.0,0.0,4.857,0
35.0,,1.0,0.0,267.0,1.0,0.0,0.0,4.857,0
52.0,6.0,0.0,0.0,185.0,1.0,0.0,0.0,4.857,0
38.0,4.0,1.0,0.0,73.0,1.0,0.0,0.0,4.857,0
51.0,1.0,1.0,0.0,87.0,1.0,0.0,0.0,4.857,0
43.0,4.0,0.0,1.0,181.0,1.0,0.0,0.0,4.857,0
36.0,6.0,1.0,0.0,233.0,3.0,0.0,0.0,4.857,0
39.0,4.0,1.0,0.0,356.0,2.0,0.0,0.0,4.857,0
35.0,6.0,1.0,1.0,217.0,1.0,0.0,0.0,4.857,0
30.0,,1.0,0.0,251.0,1.0,0.0,0.0,4.857,0
35.0,4.0,1.0,0.0,216.0,2.0,0.0,0.0,4.857,0
36.0,2.0,1.0,0.0,210.0,1.0,0.0,0.0,4.857,0
46.0,1.0,1.0,0.0,288.0,1.0,0.0,0.0,4.857,0
43.0,1.0,0.0,0.0,410.0,3.0,0.0,0.0,4.857,0
36.0,4.0,1.0,0.0,142.0,2.0,0.0,0.0,4.857,0
36.0,4.0,0.0,1.0,389.0,1.0,0.0,0.0,4.857,0
33.0,4.0,0.0,0.0,702.0,1.0,0.0,0.0,4.857,0
28.0,,0.0,0.0,408.0,2.0,0.0,0.0,4.857,0
58.0,3.0,1.0,0.0,179.0,2.0,0.0,0.0,4.857,0
45.0,3.0,0.0,1.0,46.0,1.0,0.0,0.0,4.857,0
40.0,1.0,0.0,0.0,58.0,3.0,0.0,0.0,4.857,0
49.0,3.0,0.0,0.0,152.0,1.0,0.0,0.0,4.857,0
32.0,4.0,0.0,0.0,611.0,2.0,0.0,0.0,4.857,0
49.0,4.0,1.0,1.0,110.0,2.0,0.0,0.0,4.857,0
51.0,5.0,0.0,0.0,118.0,3.0,0.0,0.0,4.857,0
47.0,2.0,0.0,0.0,92.0,2.0,0.0,0.0,4.857,0
42.0,3.0,1.0,0.0,189.0,2.0,0.0,0.0,4.857,0
44.0,2.0,0.0,0.0,55.0,2.0,0.0,0.0,4.857,0
45.0,1.0,1.0,0.0,164.0,2.0,0.0,0.0,4.857,0
27.0,6.0,0.0,0.0,106.0,2.0,0.0,0.0,4.857,0
42.0,3.0,0.0,0.0,173.0,2.0,0.0,0.0,4.857,0
43.0,4.0,1.0,0.0,241.0,2.0,0.0,0.0,4.857,0
36.0,4.0,1.0,1.0,402.0,3.0,0.0,0.0,4.857,0
32.0,4.0,1.0,0.0,158.0,3.0,0.0,0.0,4.857,0
57.0,1.0,0.0,0.0,164.0,2.0,0.0,0.0,4.857,0
48.0,2.0,0.0,0.0,174.0,3.0,0.0,0.0,4.857,0
55.0,5.0,0.0,0.0,113.0,2.0,0.0,0.0,4.857,0
38.0,6.0,0.0,0.0,195.0,2.0,0.0,0.0,4.857,0
38.0,4.0,1.0,0.0,347.0,3.0,0.0,0.0,4.857,0
43.0,6.0,0.0,0.0,404.0,4.0,0.0,0.0,4.857,0
41.0,4.0,1.0,0.0,102.0,1.0,0.0,0.0,4.857,0
49.0,3.0,1.0,0.0,64.0,1.0,0.0,0.0,4.857,0
41.0,2.0,1.0,0.0,278.0,1.0,0.0,0.0,4.857,0
59.0,1.0,1.0,1.0,318.0,1.0,0.0,0.0,4.857,0
48.0,2.0,1.0,1.0,501.0,4.0,0.0,0.0,4.857,0
44.0,4.0,1.0,0.0,1030.0,1.0,0.0,0.0,4.857,1
29.0,1.0,0.0,0.0,231.0,1.0,0.0,0.0,4.857,0
42.0,6.0,1.0,0.0,154.0,1.0,0.0,0.0,4.857,0
52.0,2.0,0.0,0.0,393.0,1.0,0.0,0.0,4.857,0
47.0,4.0,0.0,0.0,505.0,1.0,0.0,0.0,4.857,0
30.0,6.0,1.0,0.0,262.0,1.0,0.0,0.0,4.857,0
35.0,5.0,0.0,0.0,241.0,1.0,0.0,0.0,4.857,0
46.0,,1.0,0.0,149.0,1.0,0.0,0.0,4.857,0
57.0,1.0,0.0,0.0,101.0,1.0,0.0,0.0,4.857,0
28.0,3.0,1.0,0.0,354.0,1.0,0.0,0.0,4.857,0
48.0,1.0,1.0,0.0,112.0,1.0,0.0,0.0,4.857,0
57.0,5.0,1.0,0.0,699.0,3.0,0.0,0.0,4.857,0
42.0,5.0,,,529.0,1.0,0.0,0.0,4.857,0
43.0,5.0,1.0,0.0,310.0,1.0,0.0,0.0,4.857,0
29.0,6.0,1.0,0.0,379.0,1.0,0.0,0.0,4.857,0
44.0,3.0,0.0,0.0,472.0,1.0,0.0,0.0,4.857,0
59.0,,0.0,0.0,113.0,1.0,0.0,0.0,4.857,0
38.0,4.0,1.0,0.0,169.0,1.0,0.0,0.0,4.857,0
42.0,1.0,0.0,0.0,145.0,1.0,0.0,0.0,4.857,0
32.0,6.0,0.0,0.0,215.0,1.0,0.0,0.0,4.857,0
34.0,6.0,1.0,0.0,226.0,2.0,0.0,0.0,4.857,0
41.0,3.0,0.0,0.0,111.0,2.0,0.0,0.0,4.857,0
33.0,3.0,0.0,0.0,198.0,1.0,0.0,0.0,4.857,0
43.0,4.0,0.0,0.0,166.0,2.0,0.0,0.0,4.857,0
50.0,3.0,1.0,1.0,369.0,1.0,0.0,0.0,4.857,0
52.0,1.0,0.0,0.0,371.0,2.0,0.0,0.0,4.857,0
38.0,4.0,0.0,0.0,145.0,1.0,0.0,0.0,4.857,0
39.0,6.0,0.0,0.0,73.0,1.0,0.0,0.0,4.857,0
44.0,4.0,0.0,0.0,263.0,2.0,0.0,0.0,4.857,0
41.0,2.0,0.0,0.0,13.0,1.0,0.0,0.0,4.857,0
30.0,4.0,1.0,0.0,123.0,1.0,0.0,0.0,4.857,0
42.0,4.0,0.0,1.0,1297.0,3.0,0.0,0.0,4.857,1
41.0,1.0,1.0,1.0,260.0,1.0,0.0,0.0,4.857,0
37.0,,0.0,0.0,390.0,3.0,0.0,0.0,4.857,0
41.0,6.0,0.0,0.0,174.0,2.0,0.0,0.0,4.857,0
33.0,5.0,1.0,0.0,219.0,2.0,0.0,0.0,4.857,0
48.0,5.0,1.0,0.0,92.0,2.0,0.0,0.0,4.857,0
58.0,6.0,1.0,0.0,208.0,1.0,0.0,0.0,4.857,0
34.0,4.0,0.0,0.0,193.0,1.0,0.0,0.0,4.857,0
36.0,4.0,0.0,0.0,158.0,1.0,0.0,0.0,4.857,0
50.0,4.0,0.0,0.0,87.0,1.0,0.0,0.0,4.857,0
47.0,5.0,0.0,0.0,79.0,4.0,0.0,0.0,4.857,0
30.0,6.0,0.0,0.0,246.0,1.0,0.0,0.0,4.857,0
45.0,5.0,1.0,0.0,37.0,2.0,0.0,0.0,4.857,0
32.0,6.0,0.0,0.0,530.0,2.0,0.0,0.0,4.857,0
35.0,,1.0,0.0,175.0,3.0,0.0,0.0,4.857,0
55.0,6.0,1.0,0.0,90.0,5.0,0.0,0.0,4.857,0
54.0,4.0,1.0,0.0,412.0,1.0,0.0,0.0,4.857,0
39.0,3.0,0.0,1.0,333.0,2.0,0.0,0.0,4.857,0
59.0,1.0,0.0,0.0,273.0,2.0,0.0,0.0,4.857,0
43.0,4.0,0.0,1.0,262.0,1.0,0.0,0.0,4.857,0
32.0,3.0,1.0,0.0,477.0,1.0,0.0,0.0,4.857,0
56.0,6.0,0.0,0.0,191.0,1.0,0.0,0.0,4.857,0
27.0,4.0,1.0,0.0,390.0,2.0,0.0,0.0,4.857,0
33.0,6.0,0.0,0.0,125.0,2.0,0.0,0.0,4.857,0
49.0,4.0,0.0,0.0,296.0,3.0,0.0,0.0,4.857,0
42.0,1.0,0.0,0.0,114.0,2.0,0.0,0.0,4.857,0
59.0,6.0,0.0,0.0,132.0,2.0,0.0,0.0,4.857,0
51.0,3.0,1.0,0.0,144.0,2.0,0.0,0.0,4.857,0
57.0,6.0,0.0,0.0,190.0,3.0,0.0,0.0,4.857,0
45.0,6.0,0.0,0.0,152.0,3.0,0.0,0.0,4.857,0
38.0,4.0,1.0,0.0,106.0,2.0,0.0,0.0,4.857,0
44.0,,1.0,0.0,336.0,3.0,0.0,0.0,4.857,0
44.0,5.0,1.0,1.0,139.0,2.0,0.0,0.0,4.857,0
36.0,4.0,1.0,0.0,128.0,2.0,0.0,0.0,4.857,0
29.0,6.0,0.0,0.0,122.0,3.0,0.0,0.0,4.857,0
30.0,3.0,0.0,1.0,126.0,2.0,0.0,0.0,4.857,0
60.0,5.0,0.0,0.0,59.0,3.0,0.0,0.0,4.857,0
30.0,6.0,1.0,0.0,51.0,3.0,0.0,0.0,4.856,0
37.0,4.0,1.0,0.0,124.0,2.0,0.0,0.0,4.856,0
37.0,1.0,,,195.0,2.0,0.0,0.0,4.856,0
41.0,,1.0,0.0,149.0,2.0,0.0,0.0,4.856,0
38.0,,0.0,1.0,70.0,2.0,0.0,0.0,4.856,0
38.0,3.0,1.0,0.0,275.0,6.0,0.0,0.0,4.856,0
33.0,3.0,0.0,0.0,113.0,1.0,0.0,0.0,4.856,0
33.0,3.0,,,150.0,1.0,0.0,0.0,4.856,0
28.0,3.0,0.0,0.0,298.0,1.0,0.0,0.0,4.856,0
36.0,4.0,0.0,0.0,152.0,3.0,0.0,0.0,4.856,0
35.0,2.0,0.0,0.0,104.0,2.0,0.0,0.0,4.856,0
56.0,6.0,1.0,0.0,159.0,2.0,0.0,0.0,4.856,0
45.0,3.0,1.0,1.0,207.0,1.0,0.0,0.0,4.856,0
44.0,4.0,0.0,0.0,83.0,3.0,0.0,0.0,4.856,0
45.0,3.0,0.0,0.0,121.0,1.0,0.0,0.0,4.856,0
41.0,3.0,1.0,0.0,112.0,1.0,0.0,0.0,4.856,0
53.0,6.0,1.0,0.0,122.0,2.0,0.0,0.0,4.856,0
34.0,4.0,1.0,0.0,359.0,1.0,0.0,0.0,4.856,0
42.0,2.0,0.0,0.0,123.0,1.0,0.0,0.0,4.856,0
35.0,,1.0,0.0,125.0,1.0,0.0,0.0,4.856,0
40.0,6.0,1.0,0.0,295.0,2.0,0.0,0.0,4.856,0
42.0,2.0,0.0,0.0,287.0,1.0,0.0,0.0,4.856,0
43.0,5.0,1.0,0.0,255.0,1.0,0.0,0.0,4.856,0
37.0,3.0,1.0,0.0,591.0,1.0,0.0,0.0,4.856,1
44.0,2.0,1.0,1.0,344.0,1.0,0.0,0.0,4.856,0
31.0,4.0,1.0,0.0,260.0,1.0,0.0,0.0,4.856,0
43.0,4.0,0.0,0.0,463.0,1.0,0.0,0.0,4.856,0
33.0,3.0,0.0,0.0,283.0,2.0,0.0,0.0,4.856,0
37.0,2.0,0.0,0.0,221.0,2.0,0.0,0.0,4.856,0
32.0,2.0,0.0,0.0,150.0,1.0,0.0,0.0,4.856,0
38.0,,0.0,1.0,181.0,1.0,0.0,0.0,4.856,0
35.0,4.0,0.0,0.0,799.0,1.0,0.0,0.0,4.856,0
47.0,4.0,1.0,0.0,127.0,1.0,0.0,0.0,4.856,0
32.0,4.0,1.0,0.0,180.0,2.0,0.0,0.0,4.856,0
54.0,1.0,1.0,0.0,421.0,2.0,0.0,0.0,4.856,0
44.0,6.0,0.0,0.0,202.0,1.0,0.0,0.0,4.856,0
51.0,3.0,0.0,0.0,279.0,1.0,0.0,0.0,4.856,0
43.0,1.0,1.0,0.0,180.0,5.0,0.0,0.0,4.856,0
29.0,5.0,0.0,0.0,125.0,2.0,0.0,0.0,4.856,0
38.0,3.0,0.0,0.0,294.0,2.0,0.0,0.0,4.856,0
48.0,5.0,0.0,1.0,485.0,4.0,0.0,0.0,4.856,0
33.0,,1.0,0.0,371.0,2.0,0.0,0.0,4.856,0
33.0,3.0,1.0,0.0,48.0,1.0,0.0,0.0,4.856,0
48.0,4.0,0.0,0.0,144.0,1.0,0.0,0.0,4.856,0
55.0,1.0,1.0,1.0,1101.0,1.0,0.0,0.0,4.856,0
45.0,6.0,,,229.0,3.0,0.0,0.0,4.856,0
34.0,2.0,1.0,0.0,123.0,1.0,0.0,0.0,4.856,0
41.0,4.0,1.0,1.0,345.0,1.0,0.0,0.0,4.856,0
57.0,3.0,1.0,0.0,68.0,1.0,0.0,0.0,4.856,0
30.0,,0.0,0.0,143.0,3.0,0.0,0.0,4.856,0
47.0,6.0,,,106.0,1.0,0.0,0.0,4.856,0
51.0,6.0,0.0,0.0,194.0,1.0,0.0,0.0,4.856,0
50.0,4.0,0.0,0.0,224.0,5.0,0.0,0.0,4.856,0
44.0,1.0,1.0,0.0,607.0,1.0,0.0,0.0,4.856,0
48.0,3.0,1.0,0.0,241.0,2.0,0.0,0.0,4.856,0
43.0,5.0,0.0,0.0,96.0,3.0,0.0,0.0,4.856,0
58.0,4.0,0.0,1.0,152.0,2.0,0.0,0.0,4.856,0
30.0,4.0,0.0,1.0,198.0,2.0,0.0,0.0,4.856,0
35.0,4.0,1.0,0.0,24.0,2.0,0.0,0.0,4.856,0
39.0,2.0,0.0,0.0,108.0,6.0,0.0,0.0,4.856,0
52.0,5.0,1.0,0.0,222.0,4.0,0.0,0.0,4.856,0
51.0,1.0,1.0,0.0,1009.0,3.0,0.0,0.0,4.856,0
42.0,1.0,,,42.0,2.0,0.0,0.0,4.856,0
39.0,5.0,,,50.0,2.0,0.0,0.0,4.856,0
26.0,6.0,1.0,0.0,217.0,2.0,0.0,0.0,4.856,0
57.0,6.0,0.0,0.0,283.0,3.0,0.0,0.0,4.856,0
44.0,1.0,0.0,0.0,1574.0,2.0,0.0,0.0,4.856,1
54.0,1.0,1.0,0.0,62.0,5.0,0.0,0.0,4.856,0
42.0,2.0,1.0,1.0,89.0,3.0,0.0,0.0,4.856,0
51.0,6.0,0.0,0.0,299.0,2.0,0.0,0.0,4.856,0
42.0,4.0,0.0,0.0,191.0,2.0,0.0,0.0,4.856,0
34.0,6.0,1.0,1.0,145.0,1.0,0.0,0.0,4.856,0
46.0,6.0,,,74.0,1.0,0.0,0.0,4.856,0
30.0,2.0,0.0,0.0,275.0,2.0,0.0,0.0,4.856,0
49.0,5.0,,,865.0,2.0,0.0,0.0,4.856,0
45.0,3.0,1.0,0.0,944.0,3.0,0.0,0.0,4.856,0
39.0,6.0,1.0,0.0,319.0,3.0,0.0,0.0,4.856,0
54.0,3.0,1.0,0.0,90.0,2.0,0.0,0.0,4.856,0
54.0,3.0,1.0,0.0,505.0,2.0,0.0,0.0,4.856,0
56.0,3.0,1.0,1.0,71.0,4.0,0.0,0.0,4.856,0
42.0,5.0,1.0,0.0,280.0,3.0,0.0,0.0,4.856,0
33.0,6.0,1.0,0.0,239.0,2.0,0.0,0.0,4.855,0
39.0,,0.0,0.0,211.0,3.0,0.0,0.0,4.855,0
33.0,6.0,0.0,0.0,342.0,1.0,0.0,0.0,4.855,0
41.0,2.0,0.0,0.0,142.0,1.0,0.0,0.0,4.855,0
48.0,5.0,1.0,0.0,194.0,1.0,0.0,0.0,4.855,0
40.0,4.0,1.0,0.0,132.0,1.0,0.0,0.0,4.855,0
40.0,4.0,0.0,1.0,110.0,1.0,0.0,0.0,4.855,0
39.0,5.0,0.0,0.0,31.0,1.0,0.0,0.0,4.855,0
44.0,5.0,0.0,0.0,203.0,1.0,0.0,0.0,4.855,0
31.0,5.0,0.0,0.0,528.0,1.0,0.0,0.0,4.855,0
40.0,4.0,1.0,0.0,183.0,1.0,0.0,0.0,4.855,0
48.0,2.0,0.0,1.0,61.0,1.0,0.0,0.0,4.855,0
36.0,2.0,1.0,0.0,11.0,1.0,0.0,0.0,4.855,0
35.0,3.0,1.0,1.0,20.0,1.0,0.0,0.0,4.855,0
46.0,1.0,0.0,0.0,202.0,1.0,0.0,0.0,4.855,0
28.0,5.0,0.0,0.0,462.0,1.0,0.0,0.0,4.855,0
42.0,6.0,1.0,0.0,204.0,1.0,0.0,0.0,4.855,0
32.0,5.0,0.0,0.0,1119.0,1.0,0.0,0.0,4.855,1
41.0,3.0,1.0,0.0,152.0,1.0,0.0,0.0,4.855,0
45.0,3.0,0.0,0.0,187.0,1.0,0.0,0.0,4.855,0
32.0,2.0,0.0,0.0,60.0,1.0,0.0,0.0,4.855,0
32.0,6.0,1.0,0.0,147.0,1.0,0.0,0.0,4.855,0
43.0,1.0,0.0,0.0,190.0,1.0,0.0,0.0,4.855,0
24.0,4.0,1.0,1.0,198.0,1.0,0.0,0.0,4.855,0
39.0,2.0,0.0,0.0,124.0,1.0,0.0,0.0,4.855,0
39.0,2.0,0.0,0.0,393.0,1.0,0.0,0.0,4.855,0
55.0,6.0,0.0,0.0,207.0,1.0,0.0,0.0,4.855,0
38.0,2.0,0.0,0.0,229.0,1.0,0.0,0.0,4.855,0
42.0,3.0,1.0,0.0,191.0,1.0,0.0,0.0,4.855,0
49.0,1.0,1.0,0.0,149.0,1.0,0.0,0.0,4.855,0
39.0,2.0,1.0,0.0,338.0,2.0,0.0,0.0,4.855,0
38.0,4.0,0.0,1.0,446.0,1.0,0.0,0.0,4.855,0
30.0,6.0,0.0,0.0,249.0,2.0,0.0,0.0,4.855,0
39.0,6.0,0.0,0.0,1007.0,1.0,0.0,0.0,4.855,0
37.0,,1.0,0.0,266.0,1.0,0.0,0.0,4.855,0
48.0,1.0,0.0,0.0,172.0,1.0,0.0,0.0,4.855,0
33.0,4.0,0.0,0.0,96.0,1.0,0.0,0.0,4.855,0
35.0,6.0,1.0,1.0,477.0,1.0,0.0,0.0,4.855,0
33.0,2.0,1.0,0.0,365.0,1.0,0.0,0.0,4.855,0
43.0,6.0,1.0,0.0,159.0,4.0,0.0,0.0,4.855,0
51.0,6.0,1.0,0.0,213.0,1.0,0.0,0.0,4.855,0
31.0,3.0,1.0,0.0,141.0,1.0,0.0,0.0,4.855,0
30.0,4.0,1.0,0.0,177.0,1.0,0.0,0.0,4.855,0
60.0,1.0,1.0,0.0,442.0,2.0,0.0,0.0,4.855,0
50.0,4.0,1.0,0.0,756.0,1.0,0.0,0.0,4.855,1
50.0,5.0,0.0,0.0,189.0,1.0,0.0,0.0,4.855,0
28.0,,1.0,0.0,136.0,1.0,0.0,0.0,4.855,0
25.0,4.0,0.0,0.0,250.0,1.0,0.0,0.0,4.855,0
41.0,3.0,1.0,0.0,161.0,1.0,0.0,0.0,4.855,0
39.0,2.0,1.0,0.0,269.0,3.0,0.0,0.0,4.855,0
25.0,5.0,0.0,0.0,22.0,1.0,0.0,0.0,4.855,0
48.0,6.0,1.0,0.0,293.0,2.0,0.0,0.0,4.855,0
36.0,2.0,0.0,0.0,989.0,1.0,0.0,0.0,4.855,0
36.0,3.0,0.0,0.0,147.0,5.0,0.0,0.0,4.855,0
29.0,3.0,0.0,0.0,159.0,2.0,0.0,0.0,4.855,0
35.0,3.0,0.0,0.0,343.0,2.0,0.0,0.0,4.855,0
43.0,4.0,1.0,0.0,152.0,2.0,0.0,0.0,4.855,0
36.0,2.0,0.0,0.0,180.0,2.0,0.0,0.0,4.855,0
30.0,4.0,0.0,0.0,66.0,2.0,0.0,0.0,4.855,0
37.0,1.0,1.0,0.0,151.0,2.0,0.0,0.0,4.855,0
38.0,1.0,1.0,0.0,403.0,2.0,0.0,0.0,4.855,0
44.0,5.0,0.0,0.0,626.0,6.0,0.0,0.0,4.855,0
29.0,4.0,0.0,0.0,12.0,1.0,0.0,0.0,4.855,0
46.0,2.0,0.0,0.0,266.0,1.0,0.0,0.0,4.855,0
43.0,2.0,0.0,0.0,301.0,2.0,0.0,0.0,4.855,0
40.0,5.0,0.0,0.0,202.0,2.0,0.0,0.0,4.855,0
48.0,5.0,1.0,0.0,237.0,2.0,0.0,0.0,4.855,0
53.0,4.0,1.0,0.0,23.0,5.0,0.0,0.0,4.855,0
31.0,4.0,1.0,0.0,1120.0,2.0,0.0,0.0,4.855,1
28.0,2.0,1.0,1.0,318.0,2.0,0.0,0.0,4.855,0
28.0,6.0,1.0,0.0,226.0,1.0,0.0,0.0,4.855,0
41.0,3.0,0.0,1.0,261.0,5.0,0.0,0.0,4.855,0
34.0,2.0,0.0,1.0,159.0,2.0,0.0,0.0,4.855,0
51.0,4.0,1.0,0.0,102.0,2.0,0.0,0.0,4.855,0
28.0,6.0,0.0,1.0,352.0,2.0,0.0,0.0,4.855,0
57.0,4.0,0.0,1.0,185.0,2.0,0.0,0.0,4.855,0
30.0,3.0,1.0,1.0,166.0,2.0,0.0,0.0,4.855,0
35.0,3.0,0.0,0.0,95.0,2.0,0.0,0.0,4.855,0
40.0,3.0,1.0,0.0,255.0,6.0,0.0,0.0,4.855,0
50.0,5.0,1.0,0.0,56.0,2.0,0.0,0.0,4.855,0
35.0,2.0,1.0,0.0,210.0,2.0,0.0,0.0,4.855,0
25.0,4.0,0.0,0.0,219.0,4.0,0.0,0.0,4.855,0
37.0,6.0,1.0,0.0,248.0,3.0,0.0,0.0,4.855,0
32.0,5.0,1.0,1.0,105.0,2.0,0.0,0.0,4.855,0
41.0,5.0,0.0,0.0,112.0,2.0,0.0,0.0,4.855,0
28.0,6.0,1.0,0.0,393.0,2.0,0.0,0.0,4.855,0
46.0,1.0,0.0,0.0,246.0,3.0,0.0,0.0,4.855,0
38.0,6.0,0.0,0.0,277.0,3.0,0.0,0.0,4.855,0
33.0,2.0,0.0,0.0,89.0,7.0,0.0,0.0,4.855,0
49.0,6.0,1.0,1.0,272.0,4.0,0.0,0.0,4.855,0
43.0,1.0,0.0,0.0,200.0,2.0,0.0,0.0,4.855,0
42.0,6.0,1.0,0.0,117.0,3.0,0.0,0.0,4.855,0
47.0,4.0,0.0,0.0,37.0,3.0,0.0,0.0,4.855,0
34.0,3.0,0.0,0.0,466.0,2.0,0.0,0.0,4.855,0
51.0,6.0,0.0,0.0,826.0,3.0,0.0,0.0,4.855,0
40.0,2.0,0.0,0.0,201.0,2.0,0.0,0.0,4.855,0
38.0,5.0,1.0,0.0,287.0,4.0,0.0,0.0,4.855,0
28.0,4.0,0.0,0.0,144.0,2.0,0.0,0.0,4.855,0
48.0,5.0,1.0,0.0,211.0,2.0,0.0,0.0,4.855,0
49.0,1.0,0.0,0.0,122.0,4.0,0.0,0.0,4.855,0
39.0,4.0,1.0,0.0,283.0,1.0,0.0,0.0,4.855,0
37.0,3.0,0.0,0.0,71.0,3.0,0.0,0.0,4.855,0
27.0,6.0,0.0,1.0,357.0,1.0,0.0,0.0,4.855,0
39.0,3.0,1.0,0.0,85.0,2.0,0.0,0.0,4.855,0
33.0,6.0,0.0,0.0,21.0,1.0,0.0,0.0,4.855,0
36.0,2.0,0.0,0.0,296.0,3.0,0.0,0.0,4.855,0
38.0,3.0,0.0,0.0,772.0,1.0,0.0,0.0,4.855,1
28.0,4.0,0.0,0.0,143.0,1.0,0.0,0.0,4.855,0
39.0,3.0,1.0,0.0,254.0,1.0,0.0,0.0,4.855,0
41.0,6.0,0.0,0.0,45.0,1.0,0.0,0.0,4.855,0
31.0,1.0,0.0,0.0,157.0,1.0,0.0,0.0,4.855,0
28.0,4.0,1.0,1.0,386.0,1.0,0.0,0.0,4.855,0
46.0,1.0,0.0,0.0,232.0,1.0,0.0,0.0,4.855,0
60.0,6.0,1.0,0.0,576.0,1.0,0.0,0.0,4.855,0
35.0,3.0,0.0,0.0,399.0,3.0,0.0,0.0,4.855,0
29.0,6.0,1.0,0.0,123.0,1.0,0.0,0.0,4.855,0
39.0,3.0,1.0,0.0,249.0,3.0,0.0,0.0,4.855,0
49.0,1.0,0.0,0.0,207.0,1.0,0.0,0.0,4.855,0
31.0,3.0,0.0,0.0,136.0,2.0,0.0,0.0,4.855,0
36.0,3.0,0.0,0.0,117.0,2.0,0.0,0.0,4.855,0
37.0,,0.0,0.0,107.0,1.0,0.0,0.0,4.855,0
39.0,6.0,0.0,0.0,38.0,1.0,0.0,0.0,4.855,0
58.0,6.0,1.0,0.0,825.0,1.0,0.0,0.0,4.855,0
39.0,2.0,1.0,0.0,308.0,1.0,0.0,0.0,4.855,0
32.0,4.0,0.0,0.0,213.0,2.0,0.0,0.0,4.855,0
46.0,5.0,0.0,0.0,115.0,1.0,0.0,0.0,4.855,0
51.0,3.0,0.0,0.0,202.0,1.0,0.0,0.0,4.855,0
25.0,5.0,1.0,1.0,156.0,2.0,0.0,0.0,4.855,0
43.0,4.0,1.0,0.0,206.0,2.0,0.0,0.0,4.855,0
32.0,4.0,1.0,0.0,324.0,2.0,0.0,0.0,4.855,0
35.0,4.0,0.0,0.0,91.0,2.0,0.0,0.0,4.855,0
50.0,6.0,1.0,1.0,63.0,1.0,0.0,0.0,4.855,0
33.0,6.0,0.0,0.0,261.0,1.0,0.0,0.0,4.855,0
53.0,1.0,1.0,0.0,241.0,1.0,0.0,0.0,4.855,0
34.0,6.0,1.0,0.0,197.0,4.0,0.0,0.0,4.855,0
34.0,5.0,1.0,1.0,224.0,3.0,0.0,0.0,4.855,0
36.0,5.0,0.0,0.0,194.0,1.0,0.0,0.0,4.855,0
32.0,4.0,0.0,0.0,209.0,3.0,0.0,0.0,4.855,0
53.0,6.0,0.0,0.0,404.0,2.0,0.0,0.0,4.855,0
51.0,5.0,0.0,0.0,134.0,1.0,0.0,0.0,4.855,0
32.0,4.0,0.0,0.0,129.0,1.0,0.0,0.0,4.855,0
59.0,6.0,0.0,0.0,279.0,2.0,0.0,0.0,4.855,0
32.0,6.0,0.0,0.0,195.0,1.0,0.0,0.0,4.855,0
39.0,6.0,1.0,0.0,127.0,1.0,0.0,0.0,4.855,0
52.0,6.0,0.0,0.0,61.0,1.0,0.0,0.0,4.855,0
33.0,6.0,1.0,1.0,274.0,2.0,0.0,0.0,4.855,0
60.0,6.0,0.0,0.0,409.0,3.0,0.0,0.0,4.855,0
32.0,6.0,1.0,1.0,144.0,2.0,0.0,0.0,4.855,0
52.0,3.0,1.0,0.0,346.0,3.0,0.0,0.0,4.855,0
37.0,4.0,1.0,0.0,153.0,1.0,0.0,0.0,4.855,0
41.0,4.0,1.0,0.0,262.0,1.0,0.0,0.0,4.855,0
31.0,4.0,1.0,0.0,332.0,2.0,0.0,0.0,4.855,0
59.0,6.0,1.0,0.0,191.0,2.0,0.0,0.0,4.855,0
30.0,4.0,1.0,0.0,175.0,2.0,0.0,0.0,4.855,0
38.0,3.0,0.0,1.0,70.0,4.0,0.0,0.0,4.855,0
33.0,6.0,0.0,0.0,136.0,2.0,0.0,0.0,4.855,0
33.0,4.0,0.0,0.0,73.0,4.0,0.0,0.0,4.855,0
35.0,5.0,0.0,0.0,169.0,2.0,0.0,0.0,4.855,0
26.0,4.0,1.0,0.0,161.0,2.0,0.0,0.0,4.855,0
34.0,3.0,0.0,0.0,1178.0,4.0,0.0,0.0,4.855,0
33.0,4.0,1.0,0.0,178.0,2.0,0.0,0.0,4.855,0
45.0,3.0,0.0,0.0,488.0,2.0,0.0,0.0,4.855,0
37.0,3.0,1.0,1.0,136.0,3.0,0.0,0.0,4.855,0
40.0,4.0,0.0,0.0,51.0,3.0,0.0,0.0,4.855,0
59.0,1.0,0.0,0.0,260.0,4.0,0.0,0.0,4.855,0
32.0,4.0,1.0,0.0,119.0,2.0,0.0,0.0,4.855,0
56.0,4.0,0.0,0.0,185.0,2.0,0.0,0.0,4.855,0
25.0,6.0,,,317.0,2.0,0.0,0.0,4.855,0
28.0,4.0,,,71.0,3.0,0.0,0.0,4.855,0
37.0,2.0,1.0,1.0,268.0,3.0,0.0,0.0,4.855,0
52.0,3.0,1.0,0.0,160.0,3.0,0.0,0.0,4.855,0
26.0,4.0,0.0,0.0,155.0,3.0,0.0,0.0,4.855,0
54.0,,0.0,0.0,111.0,2.0,0.0,0.0,4.855,0
41.0,1.0,0.0,0.0,91.0,3.0,0.0,0.0,4.855,0
42.0,6.0,1.0,0.0,181.0,4.0,0.0,0.0,4.857,0
53.0,5.0,1.0,0.0,111.0,2.0,0.0,0.0,4.857,0
45.0,3.0,1.0,1.0,346.0,4.0,0.0,0.0,4.857,0
49.0,4.0,,,71.0,2.0,0.0,0.0,4.857,0
32.0,6.0,0.0,0.0,409.0,2.0,0.0,0.0,4.857,0
57.0,6.0,1.0,0.0,117.0,2.0,0.0,0.0,4.857,0
24.0,4.0,0.0,0.0,757.0,2.0,0.0,0.0,4.857,1
59.0,1.0,0.0,0.0,24.0,1.0,0.0,0.0,4.857,0
33.0,6.0,0.0,0.0,405.0,3.0,0.0,0.0,4.857,0
51.0,1.0,0.0,0.0,172.0,2.0,0.0,0.0,4.857,0
29.0,4.0,0.0,0.0,57.0,8.0,0.0,0.0,4.857,0
31.0,1.0,0.0,0.0,363.0,2.0,0.0,0.0,4.857,0
31.0,4.0,0.0,0.0,170.0,2.0,0.0,0.0,4.857,0
42.0,6.0,0.0,0.0,64.0,1.0,0.0,0.0,4.857,0
47.0,1.0,0.0,0.0,95.0,8.0,0.0,0.0,4.857,0
48.0,4.0,1.0,1.0,283.0,6.0,0.0,0.0,4.857,0
39.0,5.0,1.0,0.0,101.0,2.0,0.0,0.0,4.857,0
41.0,,1.0,1.0,1111.0,3.0,0.0,0.0,4.857,1
27.0,4.0,,,1495.0,4.0,0.0,0.0,4.857,0
28.0,6.0,1.0,0.0,225.0,1.0,0.0,0.0,4.857,0
57.0,4.0,0.0,0.0,53.0,1.0,0.0,0.0,4.857,0
46.0,3.0,0.0,0.0,171.0,6.0,0.0,0.0,4.857,0
51.0,3.0,0.0,0.0,470.0,1.0,0.0,0.0,4.857,0
39.0,3.0,0.0,0.0,793.0,5.0,0.0,0.0,4.857,0
47.0,6.0,1.0,0.0,256.0,4.0,0.0,0.0,4.857,0
30.0,4.0,,,139.0,1.0,0.0,0.0,4.857,0
38.0,2.0,0.0,0.0,177.0,3.0,0.0,0.0,4.857,0
48.0,3.0,1.0,0.0,529.0,2.0,0.0,0.0,4.857,0
32.0,4.0,,,72.0,2.0,0.0,0.0,4.857,0
35.0,6.0,0.0,1.0,126.0,2.0,0.0,0.0,4.857,0
35.0,4.0,0.0,0.0,66.0,4.0,0.0,0.0,4.857,0
30.0,5.0,0.0,0.0,311.0,3.0,0.0,0.0,4.857,0
34.0,3.0,0.0,1.0,92.0,3.0,0.0,0.0,4.857,0
37.0,1.0,1.0,0.0,65.0,1.0,0.0,0.0,4.857,0
31.0,4.0,,,456.0,6.0,0.0,0.0,4.857,0
40.0,4.0,1.0,0.0,177.0,4.0,0.0,0.0,4.857,0
36.0,4.0,1.0,0.0,395.0,3.0,0.0,0.0,4.857,0
41.0,6.0,1.0,1.0,186.0,6.0,0.0,0.0,4.857,0
37.0,3.0,1.0,0.0,46.0,3.0,0.0,0.0,4.857,0
31.0,5.0,0.0,0.0,157.0,5.0,0.0,0.0,4.857,0
39.0,4.0,,,185.0,4.0,0.0,0.0,4.857,0
50.0,1.0,1.0,0.0,152.0,5.0,0.0,0.0,4.857,0
31.0,5.0,0.0,0.0,92.0,2.0,0.0,0.0,4.856,0
28.0,4.0,1.0,0.0,176.0,4.0,0.0,0.0,4.856,0
29.0,6.0,0.0,0.0,134.0,2.0,0.0,0.0,4.856,0
30.0,6.0,1.0,0.0,907.0,2.0,0.0,0.0,4.856,0
28.0,3.0,,,71.0,1.0,0.0,0.0,4.856,0
34.0,1.0,0.0,0.0,611.0,2.0,0.0,0.0,4.856,0
43.0,4.0,1.0,0.0,135.0,3.0,0.0,0.0,4.856,0
34.0,6.0,0.0,0.0,382.0,2.0,0.0,0.0,4.856,0
33.0,1.0,0.0,0.0,213.0,1.0,0.0,0.0,4.856,0
33.0,6.0,1.0,0.0,50.0,1.0,0.0,0.0,4.856,0
26.0,4.0,0.0,0.0,155.0,1.0,0.0,0.0,4.856,0
33.0,5.0,0.0,0.0,259.0,6.0,0.0,0.0,4.856,0
42.0,4.0,1.0,0.0,218.0,1.0,0.0,0.0,4.856,0
47.0,1.0,0.0,1.0,93.0,1.0,0.0,0.0,4.856,0
58.0,,,,124.0,1.0,0.0,0.0,4.856,0
54.0,6.0,1.0,0.0,62.0,3.0,0.0,0.0,4.856,0
38.0,3.0,1.0,0.0,2231.0,1.0,0.0,0.0,4.856,1
40.0,6.0,1.0,0.0,217.0,1.0,0.0,0.0,4.856,0
35.0,6.0,1.0,0.0,343.0,1.0,0.0,0.0,4.856,0
37.0,6.0,1.0,0.0,370.0,1.0,0.0,0.0,4.856,0
53.0,5.0,1.0,1.0,247.0,1.0,0.0,0.0,4.856,0
30.0,6.0,0.0,0.0,213.0,1.0,0.0,0.0,4.856,0
34.0,6.0,0.0,0.0,174.0,1.0,0.0,0.0,4.856,0
48.0,4.0,0.0,0.0,166.0,1.0,0.0,0.0,4.856,0
49.0,3.0,1.0,0.0,259.0,1.0,0.0,0.0,4.856,0
48.0,4.0,0.0,1.0,340.0,1.0,0.0,0.0,4.856,0
38.0,6.0,0.0,0.0,392.0,1.0,0.0,0.0,4.856,0
50.0,6.0,1.0,1.0,137.0,1.0,0.0,0.0,4.856,0
53.0,6.0,1.0,0.0,118.0,1.0,0.0,0.0,4.856,0
45.0,4.0,1.0,0.0,276.0,1.0,0.0,0.0,4.856,0
37.0,5.0,0.0,1.0,118.0,1.0,0.0,0.0,4.856,0
39.0,6.0,0.0,0.0,311.0,1.0,0.0,0.0,4.856,0
46.0,6.0,1.0,0.0,125.0,1.0,0.0,0.0,4.856,0
52.0,,0.0,0.0,77.0,1.0,0.0,0.0,4.856,0
28.0,3.0,1.0,0.0,260.0,3.0,0.0,0.0,4.856,0
56.0,,1.0,1.0,31.0,1.0,0.0,0.0,4.856,0
45.0,1.0,1.0,0.0,334.0,2.0,0.0,0.0,4.856,0
41.0,5.0,0.0,0.0,92.0,1.0,0.0,0.0,4.856,0
45.0,6.0,0.0,1.0,766.0,1.0,0.0,0.0,4.856,0
54.0,,0.0,0.0,192.0,1.0,0.0,0.0,4.856,0
46.0,,0.0,0.0,131.0,1.0,0.0,0.0,4.856,0
42.0,4.0,0.0,0.0,65.0,1.0,0.0,0.0,4.856,0
55.0,1.0,1.0,1.0,266.0,2.0,0.0,0.0,4.856,0
44.0,6.0,0.0,0.0,730.0,1.0,0.0,0.0,4.856,0
48.0,6.0,1.0,0.0,289.0,1.0,0.0,0.0,4.856,0
35.0,6.0,0.0,0.0,133.0,1.0,0.0,0.0,4.856,0
38.0,5.0,1.0,0.0,76.0,1.0,0.0,0.0,4.856,0
38.0,1.0,1.0,0.0,173.0,1.0,0.0,0.0,4.856,0
40.0,5.0,0.0,0.0,119.0,1.0,0.0,0.0,4.856,0
36.0,3.0,0.0,0.0,296.0,1.0,0.0,0.0,4.856,0
46.0,3.0,0.0,0.0,565.0,2.0,0.0,0.0,4.856,0
27.0,1.0,0.0,0.0,19.0,9.0,0.0,0.0,4.856,0
33.0,3.0,0.0,0.0,176.0,3.0,0.0,0.0,4.856,0
50.0,,0.0,0.0,144.0,1.0,0.0,0.0,4.856,0
59.0,1.0,0.0,0.0,188.0,3.0,0.0,0.0,4.856,0
48.0,3.0,1.0,0.0,318.0,2.0,0.0,0.0,4.856,0
47.0,1.0,0.0,0.0,94.0,1.0,0.0,0.0,4.856,0
36.0,5.0,0.0,1.0,95.0,1.0,0.0,0.0,4.856,0
35.0,4.0,1.0,0.0,78.0,3.0,0.0,0.0,4.856,0
49.0,1.0,0.0,0.0,190.0,1.0,0.0,0.0,4.856,0
35.0,4.0,1.0,0.0,87.0,1.0,0.0,0.0,4.856,0
27.0,3.0,,,169.0,2.0,0.0,0.0,4.856,0
33.0,1.0,0.0,0.0,210.0,1.0,0.0,0.0,4.856,0
29.0,6.0,0.0,0.0,129.0,4.0,0.0,0.0,4.856,0
40.0,2.0,1.0,0.0,481.0,3.0,0.0,0.0,4.856,0
36.0,6.0,0.0,0.0,215.0,1.0,0.0,0.0,4.856,0
39.0,5.0,0.0,0.0,411.0,2.0,0.0,0.0,4.856,0
37.0,5.0,0.0,0.0,34.0,4.0,0.0,0.0,4.856,0
44.0,,0.0,1.0,431.0,1.0,0.0,0.0,4.856,0
36.0,6.0,0.0,0.0,309.0,2.0,0.0,0.0,4.856,0
27.0,6.0,1.0,0.0,134.0,2.0,0.0,0.0,4.856,0
48.0,1.0,0.0,0.0,295.0,2.0,0.0,0.0,4.856,0
47.0,5.0,1.0,0.0,15.0,11.0,0.0,0.0,4.856,0
58.0,6.0,0.0,0.0,437.0,2.0,0.0,0.0,4.856,0
51.0,5.0,1.0,1.0,139.0,4.0,0.0,0.0,4.856,0
36.0,6.0,1.0,0.0,165.0,2.0,0.0,0.0,4.856,0
60.0,4.0,1.0,0.0,220.0,2.0,0.0,0.0,4.856,0
36.0,4.0,0.0,0.0,168.0,2.0,0.0,0.0,4.856,0
47.0,1.0,1.0,0.0,133.0,12.0,0.0,0.0,4.856,0
36.0,3.0,0.0,0.0,109.0,9.0,0.0,0.0,4.856,0
45.0,5.0,,,271.0,2.0,0.0,0.0,4.856,0
42.0,3.0,,,195.0,5.0,0.0,0.0,4.856,0
25.0,3.0,0.0,0.0,816.0,3.0,0.0,0.0,4.856,0
45.0,4.0,1.0,0.0,190.0,5.0,0.0,0.0,4.856,0
27.0,4.0,0.0,1.0,351.0,2.0,0.0,0.0,4.856,0
39.0,4.0,1.0,1.0,163.0,3.0,0.0,0.0,4.856,0
34.0,2.0,0.0,0.0,384.0,1.0,0.0,0.0,4.856,0
37.0,6.0,1.0,0.0,735.0,8.0,0.0,0.0,4.859,0
46.0,5.0,1.0,0.0,219.0,4.0,0.0,0.0,4.859,0
45.0,3.0,1.0,0.0,455.0,3.0,0.0,0.0,4.859,0
51.0,1.0,1.0,0.0,942.0,3.0,0.0,0.0,4.859,1
33.0,,1.0,0.0,108.0,4.0,0.0,0.0,4.859,0
52.0,1.0,1.0,1.0,305.0,3.0,0.0,0.0,4.859,0
44.0,1.0,0.0,0.0,381.0,1.0,0.0,0.0,4.859,0
53.0,3.0,0.0,0.0,178.0,1.0,0.0,0.0,4.859,0
35.0,4.0,0.0,0.0,188.0,1.0,0.0,0.0,4.859,0
50.0,4.0,0.0,0.0,82.0,7.0,0.0,0.0,4.859,0
39.0,6.0,0.0,0.0,202.0,2.0,0.0,0.0,4.859,0
44.0,6.0,0.0,0.0,158.0,2.0,0.0,0.0,4.859,0
51.0,4.0,1.0,0.0,114.0,1.0,0.0,0.0,4.859,0
50.0,3.0,1.0,1.0,125.0,1.0,0.0,0.0,4.859,0
50.0,6.0,1.0,0.0,686.0,1.0,0.0,0.0,4.859,0
41.0,4.0,1.0,0.0,300.0,1.0,0.0,0.0,4.859,0
54.0,3.0,0.0,0.0,452.0,2.0,0.0,0.0,4.859,0
50.0,3.0,1.0,0.0,179.0,1.0,0.0,0.0,4.859,0
42.0,3.0,1.0,0.0,117.0,6.0,0.0,0.0,4.859,0
44.0,1.0,1.0,0.0,546.0,1.0,0.0,0.0,4.859,0
39.0,1.0,1.0,0.0,249.0,2.0,0.0,0.0,4.859,0
40.0,5.0,0.0,0.0,568.0,1.0,0.0,0.0,4.859,0
35.0,3.0,0.0,1.0,58.0,1.0,0.0,0.0,4.859,0
28.0,6.0,0.0,0.0,152.0,1.0,0.0,0.0,4.859,0
50.0,1.0,0.0,0.0,339.0,1.0,0.0,0.0,4.859,0
29.0,5.0,0.0,0.0,199.0,2.0,0.0,0.0,4.859,0
28.0,4.0,0.0,0.0,322.0,1.0,0.0,0.0,4.859,0
40.0,1.0,1.0,0.0,160.0,1.0,0.0,0.0,4.859,0
52.0,1.0,1.0,1.0,833.0,1.0,0.0,0.0,4.859,0
56.0,3.0,0.0,0.0,247.0,2.0,0.0,0.0,4.859,0
29.0,5.0,1.0,1.0,260.0,1.0,0.0,0.0,4.859,0
29.0,5.0,1.0,0.0,749.0,2.0,0.0,0.0,4.859,0
40.0,4.0,0.0,0.0,1028.0,2.0,0.0,0.0,4.859,1
44.0,6.0,1.0,0.0,98.0,1.0,0.0,0.0,4.859,0
32.0,2.0,1.0,1.0,93.0,11.0,0.0,0.0,4.859,0
41.0,3.0,1.0,0.0,210.0,2.0,0.0,0.0,4.859,0
42.0,3.0,1.0,0.0,378.0,1.0,0.0,0.0,4.859,0
37.0,6.0,1.0,0.0,108.0,1.0,0.0,0.0,4.859,0
40.0,2.0,1.0,0.0,927.0,1.0,0.0,0.0,4.859,1
26.0,6.0,1.0,0.0,217.0,1.0,0.0,0.0,4.859,0
58.0,6.0,0.0,0.0,245.0,2.0,0.0,0.0,4.859,0
31.0,4.0,0.0,0.0,232.0,1.0,0.0,0.0,4.859,0
30.0,4.0,0.0,0.0,485.0,2.0,0.0,0.0,4.859,0
27.0,6.0,1.0,0.0,274.0,6.0,0.0,0.0,4.859,0
30.0,4.0,0.0,0.0,106.0,5.0,0.0,0.0,4.859,0
23.0,4.0,0.0,0.0,107.0,1.0,0.0,0.0,4.859,0
33.0,4.0,1.0,1.0,1044.0,2.0,0.0,0.0,4.859,0
60.0,4.0,,,392.0,1.0,0.0,0.0,4.859,0
45.0,1.0,0.0,0.0,123.0,1.0,0.0,0.0,4.859,0
37.0,4.0,0.0,0.0,74.0,3.0,0.0,0.0,4.859,0
40.0,1.0,0.0,0.0,267.0,7.0,0.0,0.0,4.859,0
37.0,4.0,1.0,0.0,95.0,6.0,0.0,0.0,4.859,0
30.0,5.0,0.0,0.0,140.0,1.0,0.0,0.0,4.859,0
30.0,3.0,1.0,0.0,360.0,1.0,0.0,0.0,4.859,0
33.0,4.0,1.0,0.0,183.0,4.0,0.0,0.0,4.859,0
52.0,3.0,0.0,0.0,264.0,2.0,0.0,0.0,4.859,0
50.0,4.0,0.0,1.0,49.0,1.0,0.0,0.0,4.859,0
33.0,3.0,0.0,0.0,339.0,1.0,0.0,0.0,4.859,0
37.0,4.0,1.0,0.0,312.0,5.0,0.0,0.0,4.859,0
32.0,3.0,0.0,0.0,146.0,1.0,0.0,0.0,4.859,0
32.0,6.0,0.0,0.0,180.0,1.0,0.0,0.0,4.859,0
35.0,5.0,1.0,1.0,427.0,1.0,0.0,0.0,4.859,0
35.0,5.0,0.0,0.0,402.0,1.0,0.0,0.0,4.859,0
26.0,4.0,0.0,0.0,852.0,2.0,0.0,0.0,4.859,0
46.0,3.0,0.0,0.0,274.0,2.0,0.0,0.0,4.859,0
51.0,1.0,0.0,1.0,91.0,7.0,0.0,0.0,4.859,0
55.0,4.0,1.0,0.0,133.0,4.0,0.0,0.0,4.859,0
31.0,4.0,0.0,0.0,636.0,6.0,0.0,0.0,4.859,0
59.0,1.0,0.0,0.0,341.0,5.0,0.0,0.0,4.859,0
44.0,1.0,1.0,0.0,234.0,2.0,0.0,0.0,4.859,0
26.0,3.0,0.0,0.0,738.0,2.0,0.0,0.0,4.859,0
28.0,2.0,1.0,1.0,482.0,2.0,0.0,0.0,4.859,0
33.0,3.0,1.0,0.0,76.0,2.0,0.0,0.0,4.859,0
51.0,3.0,0.0,0.0,256.0,2.0,0.0,0.0,4.859,0
29.0,6.0,1.0,0.0,1118.0,2.0,0.0,0.0,4.859,0
59.0,5.0,0.0,0.0,208.0,5.0,0.0,0.0,4.859,0
44.0,6.0,0.0,1.0,245.0,7.0,0.0,0.0,4.859,0
34.0,5.0,0.0,1.0,187.0,4.0,0.0,0.0,4.859,0
42.0,1.0,0.0,1.0,367.0,3.0,0.0,0.0,4.859,0
46.0,6.0,1.0,0.0,276.0,4.0,0.0,0.0,4.859,0
39.0,4.0,0.0,0.0,364.0,3.0,0.0,0.0,4.859,0
51.0,1.0,1.0,0.0,95.0,4.0,0.0,0.0,4.86,0
31.0,2.0,0.0,0.0,176.0,2.0,0.0,0.0,4.86,0
45.0,1.0,0.0,0.0,179.0,2.0,0.0,0.0,4.86,0
39.0,6.0,0.0,0.0,391.0,2.0,0.0,0.0,4.86,0
37.0,5.0,0.0,0.0,125.0,4.0,0.0,0.0,4.86,0
30.0,5.0,1.0,0.0,366.0,1.0,0.0,0.0,4.86,0
39.0,4.0,0.0,1.0,135.0,1.0,0.0,0.0,4.86,0
41.0,2.0,0.0,0.0,259.0,1.0,0.0,0.0,4.86,0
42.0,3.0,0.0,0.0,192.0,1.0,0.0,0.0,4.86,0
42.0,3.0,0.0,0.0,263.0,1.0,0.0,0.0,4.86,0
32.0,3.0,0.0,0.0,746.0,1.0,0.0,0.0,4.86,1
33.0,6.0,1.0,0.0,139.0,2.0,0.0,0.0,4.86,0
32.0,1.0,0.0,0.0,244.0,1.0,0.0,0.0,4.86,0
51.0,3.0,0.0,0.0,552.0,11.0,0.0,0.0,4.86,0
42.0,4.0,1.0,1.0,157.0,1.0,0.0,0.0,4.86,0
35.0,,0.0,0.0,104.0,1.0,0.0,0.0,4.86,0
33.0,2.0,0.0,0.0,305.0,1.0,0.0,0.0,4.86,0
31.0,5.0,1.0,0.0,374.0,1.0,0.0,0.0,4.86,0
45.0,2.0,1.0,0.0,240.0,1.0,0.0,0.0,4.86,0
29.0,4.0,1.0,0.0,558.0,6.0,0.0,0.0,4.86,0
33.0,6.0,0.0,0.0,463.0,1.0,0.0,0.0,4.86,0
44.0,1.0,1.0,0.0,113.0,1.0,0.0,0.0,4.86,0
38.0,1.0,0.0,0.0,241.0,2.0,0.0,0.0,4.86,0
56.0,5.0,0.0,0.0,191.0,1.0,0.0,0.0,4.86,0
49.0,3.0,0.0,0.0,1036.0,1.0,0.0,0.0,4.86,0
37.0,5.0,1.0,0.0,80.0,1.0,0.0,0.0,4.86,0
40.0,2.0,0.0,0.0,322.0,1.0,0.0,0.0,4.86,0
43.0,1.0,0.0,0.0,111.0,1.0,0.0,0.0,4.86,0
49.0,4.0,1.0,0.0,435.0,1.0,0.0,0.0,4.86,0
34.0,4.0,1.0,0.0,168.0,5.0,0.0,0.0,4.86,0
34.0,2.0,1.0,1.0,1000.0,1.0,0.0,0.0,4.86,0
33.0,2.0,0.0,0.0,112.0,1.0,0.0,0.0,4.86,0
35.0,3.0,0.0,1.0,165.0,1.0,0.0,0.0,4.86,0
41.0,6.0,1.0,0.0,55.0,1.0,0.0,0.0,4.86,0
52.0,1.0,,,191.0,1.0,0.0,0.0,4.86,0
54.0,6.0,,,202.0,3.0,0.0,0.0,4.86,0
59.0,4.0,1.0,0.0,285.0,1.0,0.0,0.0,4.86,0
50.0,4.0,0.0,0.0,290.0,3.0,0.0,0.0,4.86,0
34.0,4.0,0.0,0.0,122.0,1.0,0.0,0.0,4.86,0
55.0,5.0,1.0,1.0,72.0,1.0,0.0,0.0,4.86,0
46.0,6.0,0.0,0.0,68.0,5.0,0.0,0.0,4.86,0
55.0,3.0,0.0,0.0,203.0,2.0,0.0,0.0,4.86,0
53.0,4.0,0.0,0.0,203.0,4.0,0.0,0.0,4.86,0
49.0,1.0,0.0,0.0,920.0,2.0,0.0,0.0,4.86,1
41.0,3.0,0.0,0.0,500.0,1.0,0.0,0.0,4.86,1
55.0,5.0,1.0,0.0,301.0,1.0,0.0,0.0,4.86,0
46.0,1.0,0.0,0.0,218.0,2.0,0.0,0.0,4.86,0
45.0,,0.0,1.0,160.0,1.0,0.0,0.0,4.86,0
32.0,1.0,0.0,0.0,477.0,1.0,0.0,0.0,4.86,0
38.0,1.0,1.0,0.0,187.0,2.0,0.0,0.0,4.86,0
36.0,3.0,1.0,0.0,140.0,3.0,0.0,0.0,4.86,0
31.0,4.0,0.0,0.0,253.0,2.0,0.0,0.0,4.86,0
36.0,1.0,0.0,0.0,544.0,2.0,0.0,0.0,4.86,0
31.0,6.0,1.0,0.0,309.0,2.0,0.0,0.0,4.86,0
28.0,4.0,1.0,0.0,243.0,4.0,0.0,0.0,4.86,0
56.0,,1.0,0.0,719.0,1.0,0.0,0.0,4.86,0
39.0,4.0,0.0,0.0,344.0,2.0,0.0,0.0,4.86,0
45.0,3.0,1.0,0.0,111.0,2.0,0.0,0.0,4.86,0
54.0,1.0,0.0,0.0,192.0,3.0,0.0,0.0,4.86,0
48.0,5.0,1.0,0.0,178.0,1.0,0.0,0.0,4.86,0
36.0,3.0,0.0,0.0,815.0,1.0,0.0,0.0,4.86,0
29.0,4.0,1.0,1.0,286.0,2.0,0.0,0.0,4.86,0
38.0,2.0,1.0,0.0,176.0,2.0,0.0,0.0,4.86,0
25.0,3.0,0.0,0.0,56.0,1.0,0.0,0.0,4.86,0
38.0,2.0,0.0,0.0,210.0,3.0,0.0,0.0,4.86,0
31.0,2.0,1.0,1.0,237.0,2.0,0.0,0.0,4.86,0
30.0,4.0,1.0,0.0,399.0,1.0,0.0,0.0,4.86,0
58.0,1.0,1.0,1.0,334.0,10.0,0.0,0.0,4.86,0
47.0,,1.0,1.0,95.0,1.0,0.0,0.0,4.86,0
51.0,6.0,0.0,1.0,1156.0,2.0,0.0,0.0,4.86,1
49.0,4.0,0.0,0.0,157.0,5.0,0.0,0.0,4.86,0
50.0,2.0,0.0,0.0,544.0,3.0,0.0,0.0,4.86,0
32.0,3.0,,,276.0,4.0,0.0,0.0,4.86,0
44.0,5.0,0.0,0.0,284.0,5.0,0.0,0.0,4.86,0
43.0,6.0,1.0,0.0,17.0,10.0,0.0,0.0,4.86,0
31.0,3.0,0.0,0.0,475.0,2.0,0.0,0.0,4.86,0
38.0,6.0,1.0,0.0,770.0,2.0,0.0,0.0,4.86,0
30.0,6.0,1.0,0.0,196.0,2.0,0.0,0.0,4.86,0
41.0,4.0,1.0,0.0,317.0,7.0,0.0,0.0,4.86,0
40.0,4.0,1.0,0.0,381.0,7.0,0.0,0.0,4.86,0
50.0,,0.0,0.0,184.0,2.0,0.0,0.0,4.86,0
35.0,3.0,0.0,0.0,71.0,3.0,0.0,0.0,4.86,0
34.0,3.0,1.0,0.0,196.0,4.0,0.0,0.0,4.86,0
39.0,1.0,0.0,1.0,875.0,5.0,0.0,0.0,4.86,0
59.0,2.0,0.0,0.0,24.0,16.0,0.0,0.0,4.86,0
55.0,3.0,1.0,0.0,190.0,6.0,0.0,0.0,4.86,0
42.0,4.0,0.0,0.0,70.0,6.0,0.0,0.0,4.86,0
30.0,3.0,1.0,0.0,320.0,3.0,0.0,0.0,4.86,0
37.0,5.0,1.0,0.0,175.0,2.0,0.0,0.0,4.86,0
31.0,4.0,1.0,0.0,543.0,12.0,0.0,0.0,4.86,0
36.0,6.0,0.0,0.0,241.0,2.0,0.0,0.0,4.86,0
36.0,3.0,1.0,1.0,122.0,2.0,0.0,0.0,4.859,0
32.0,4.0,0.0,0.0,248.0,3.0,0.0,0.0,4.859,0
35.0,6.0,1.0,0.0,371.0,2.0,0.0,0.0,4.859,0
51.0,2.0,1.0,0.0,343.0,1.0,0.0,0.0,4.859,0
39.0,5.0,1.0,0.0,159.0,1.0,0.0,0.0,4.859,0
37.0,4.0,1.0,0.0,228.0,1.0,0.0,0.0,4.859,0
35.0,4.0,0.0,1.0,813.0,1.0,0.0,0.0,4.859,1
32.0,5.0,1.0,0.0,247.0,1.0,0.0,0.0,4.859,0
25.0,1.0,1.0,0.0,601.0,1.0,0.0,0.0,4.859,0
46.0,1.0,0.0,0.0,93.0,1.0,0.0,0.0,4.859,0
39.0,,0.0,0.0,212.0,1.0,0.0,0.0,4.859,0
46.0,4.0,0.0,0.0,297.0,1.0,0.0,0.0,4.859,0
31.0,2.0,,,676.0,1.0,0.0,0.0,4.859,1
51.0,3.0,0.0,0.0,228.0,2.0,0.0,0.0,4.859,0
45.0,6.0,1.0,0.0,1143.0,3.0,0.0,0.0,4.859,1
25.0,3.0,0.0,0.0,130.0,4.0,0.0,0.0,4.859,0
28.0,6.0,1.0,0.0,250.0,1.0,0.0,0.0,4.859,0
49.0,1.0,1.0,0.0,147.0,1.0,0.0,0.0,4.859,0
39.0,4.0,0.0,0.0,46.0,1.0,0.0,0.0,4.859,0
48.0,5.0,1.0,0.0,248.0,1.0,0.0,0.0,4.859,0
41.0,1.0,0.0,0.0,134.0,3.0,0.0,0.0,4.859,0
35.0,5.0,1.0,0.0,149.0,1.0,0.0,0.0,4.859,0
56.0,2.0,1.0,0.0,346.0,1.0,0.0,0.0,4.859,0
60.0,1.0,0.0,0.0,261.0,1.0,0.0,0.0,4.859,0
26.0,3.0,0.0,0.0,688.0,1.0,0.0,0.0,4.859,1
47.0,4.0,0.0,0.0,140.0,1.0,0.0,0.0,4.859,0
37.0,6.0,0.0,0.0,132.0,1.0,0.0,0.0,4.859,0
40.0,5.0,1.0,0.0,360.0,1.0,0.0,0.0,4.859,0
31.0,1.0,0.0,1.0,241.0,1.0,0.0,0.0,4.859,0
59.0,1.0,0.0,0.0,424.0,1.0,0.0,0.0,4.859,0
29.0,6.0,1.0,0.0,22.0,4.0,0.0,0.0,4.859,0
53.0,1.0,0.0,0.0,317.0,1.0,0.0,0.0,4.859,0
26.0,4.0,0.0,0.0,619.0,2.0,0.0,0.0,4.859,1
40.0,2.0,0.0,0.0,33.0,1.0,0.0,0.0,4.859,0
56.0,5.0,0.0,0.0,27.0,2.0,0.0,0.0,4.859,0
33.0,4.0,1.0,1.0,230.0,1.0,0.0,0.0,4.859,0
37.0,3.0,0.0,0.0,1230.0,3.0,0.0,0.0,4.859,1
29.0,3.0,1.0,0.0,107.0,2.0,0.0,0.0,4.859,0
48.0,4.0,1.0,0.0,42.0,3.0,0.0,0.0,4.859,0
56.0,1.0,1.0,0.0,197.0,1.0,0.0,0.0,4.859,0
46.0,2.0,0.0,0.0,230.0,1.0,0.0,0.0,4.859,0
28.0,3.0,0.0,0.0,489.0,2.0,0.0,0.0,4.859,0
44.0,3.0,0.0,0.0,98.0,1.0,0.0,0.0,4.859,0
49.0,5.0,0.0,0.0,374.0,2.0,0.0,0.0,4.859,0
55.0,1.0,0.0,0.0,197.0,1.0,0.0,0.0,4.859,0
52.0,6.0,1.0,0.0,412.0,1.0,0.0,0.0,4.859,0
25.0,4.0,0.0,0.0,112.0,4.0,0.0,0.0,4.859,0
41.0,3.0,0.0,0.0,475.0,2.0,0.0,0.0,4.859,0
26.0,6.0,0.0,0.0,329.0,1.0,0.0,0.0,4.859,0
31.0,3.0,1.0,0.0,199.0,4.0,0.0,0.0,4.859,0
28.0,4.0,1.0,0.0,221.0,2.0,0.0,0.0,4.859,0
32.0,3.0,0.0,0.0,200.0,2.0,0.0,0.0,4.859,0
38.0,6.0,0.0,0.0,461.0,2.0,0.0,0.0,4.859,0
35.0,4.0,1.0,0.0,213.0,14.0,0.0,0.0,4.859,0
29.0,3.0,0.0,0.0,124.0,1.0,0.0,0.0,4.859,0
40.0,,0.0,0.0,97.0,3.0,0.0,0.0,4.859,0
28.0,4.0,0.0,0.0,109.0,1.0,0.0,0.0,4.859,0
47.0,3.0,0.0,0.0,1161.0,3.0,0.0,0.0,4.859,0
30.0,6.0,0.0,0.0,386.0,1.0,0.0,0.0,4.859,0
35.0,5.0,0.0,0.0,274.0,8.0,0.0,0.0,4.859,0
28.0,6.0,1.0,0.0,315.0,3.0,0.0,0.0,4.859,0
32.0,5.0,1.0,0.0,76.0,17.0,0.0,0.0,4.859,0
28.0,3.0,1.0,0.0,128.0,2.0,0.0,0.0,4.859,0
38.0,2.0,0.0,0.0,152.0,2.0,0.0,0.0,4.859,0
47.0,1.0,0.0,0.0,283.0,2.0,0.0,0.0,4.859,0
56.0,,1.0,0.0,174.0,15.0,0.0,0.0,4.859,0
33.0,6.0,0.0,1.0,71.0,11.0,0.0,0.0,4.859,0
33.0,3.0,0.0,1.0,84.0,4.0,0.0,0.0,4.859,0
35.0,6.0,1.0,0.0,221.0,2.0,0.0,0.0,4.859,0
41.0,2.0,,,234.0,2.0,0.0,0.0,4.859,0
32.0,4.0,0.0,0.0,303.0,5.0,0.0,0.0,4.859,0
50.0,6.0,0.0,0.0,81.0,6.0,0.0,0.0,4.859,0
44.0,2.0,1.0,0.0,248.0,2.0,0.0,0.0,4.859,0
38.0,3.0,0.0,0.0,522.0,5.0,0.0,0.0,4.859,0
31.0,4.0,0.0,0.0,385.0,7.0,0.0,0.0,4.859,0
34.0,3.0,0.0,1.0,1245.0,19.0,0.0,0.0,4.859,0
43.0,,0.0,0.0,512.0,6.0,0.0,0.0,4.859,0
39.0,5.0,0.0,0.0,299.0,4.0,0.0,0.0,4.859,0
28.0,3.0,0.0,0.0,90.0,7.0,0.0,0.0,4.859,0
50.0,6.0,,,93.0,4.0,0.0,0.0,4.858,0
53.0,,1.0,0.0,65.0,3.0,0.0,0.0,4.858,0
33.0,4.0,0.0,0.0,145.0,4.0,0.0,0.0,4.858,0
43.0,4.0,0.0,0.0,311.0,2.0,0.0,0.0,4.858,0
35.0,3.0,0.0,1.0,55.0,3.0,0.0,0.0,4.858,0
30.0,4.0,1.0,0.0,92.0,2.0,0.0,0.0,4.858,0
38.0,2.0,1.0,0.0,221.0,2.0,0.0,0.0,4.858,0
35.0,1.0,1.0,1.0,374.0,6.0,0.0,0.0,4.858,0
32.0,3.0,1.0,0.0,166.0,1.0,0.0,0.0,4.858,0
40.0,,0.0,1.0,61.0,4.0,0.0,0.0,4.858,0
40.0,4.0,0.0,0.0,131.0,2.0,0.0,0.0,4.858,0
32.0,4.0,1.0,0.0,326.0,2.0,0.0,0.0,4.858,0
36.0,6.0,1.0,0.0,277.0,3.0,0.0,0.0,4.858,0
37.0,4.0,1.0,0.0,124.0,1.0,0.0,0.0,4.858,0
47.0,,1.0,1.0,122.0,6.0,0.0,0.0,4.858,0
58.0,6.0,1.0,0.0,83.0,4.0,0.0,0.0,4.858,0
41.0,5.0,0.0,0.0,144.0,2.0,0.0,0.0,4.858,0
32.0,2.0,1.0,0.0,130.0,2.0,0.0,0.0,4.858,0
49.0,6.0,0.0,0.0,27.0,1.0,0.0,0.0,4.858,0
42.0,6.0,0.0,0.0,95.0,1.0,0.0,0.0,4.858,0
33.0,5.0,0.0,0.0,198.0,1.0,0.0,0.0,4.858,0
49.0,3.0,0.0,0.0,134.0,2.0,0.0,0.0,4.858,0
41.0,6.0,1.0,0.0,27.0,1.0,0.0,0.0,4.858,0
57.0,5.0,1.0,0.0,483.0,2.0,0.0,0.0,4.858,1
43.0,1.0,0.0,1.0,18.0,1.0,0.0,0.0,4.858,0
51.0,1.0,1.0,0.0,792.0,4.0,0.0,0.0,4.858,0
50.0,2.0,1.0,0.0,85.0,4.0,0.0,0.0,4.858,0
42.0,3.0,1.0,0.0,23.0,1.0,0.0,0.0,4.858,0
31.0,3.0,,,73.0,1.0,0.0,0.0,4.858,0
45.0,2.0,1.0,0.0,107.0,2.0,0.0,0.0,4.858,0
29.0,3.0,1.0,0.0,238.0,3.0,0.0,0.0,4.858,0
45.0,2.0,0.0,0.0,265.0,1.0,0.0,0.0,4.858,0
33.0,4.0,1.0,0.0,68.0,2.0,0.0,0.0,4.858,0
28.0,2.0,0.0,0.0,228.0,1.0,0.0,0.0,4.858,0
32.0,6.0,1.0,0.0,23.0,1.0,0.0,0.0,4.858,0
48.0,4.0,1.0,1.0,158.0,2.0,0.0,0.0,4.858,0
32.0,4.0,1.0,0.0,35.0,3.0,0.0,0.0,4.858,0
48.0,3.0,0.0,0.0,607.0,1.0,0.0,0.0,4.858,1
28.0,4.0,0.0,0.0,197.0,4.0,0.0,0.0,4.858,0
28.0,3.0,0.0,0.0,174.0,2.0,0.0,0.0,4.858,0
39.0,1.0,0.0,0.0,222.0,2.0,0.0,0.0,4.858,0
41.0,6.0,1.0,0.0,128.0,1.0,0.0,0.0,4.858,0
59.0,6.0,,,123.0,1.0,0.0,0.0,4.858,0
54.0,1.0,0.0,0.0,166.0,3.0,0.0,0.0,4.858,0
37.0,4.0,1.0,1.0,723.0,1.0,0.0,0.0,4.858,0
47.0,5.0,0.0,0.0,571.0,1.0,0.0,0.0,4.858,0
42.0,6.0,0.0,0.0,148.0,1.0,0.0,0.0,4.858,0
36.0,3.0,0.0,0.0,125.0,5.0,0.0,0.0,4.858,0
32.0,6.0,,,261.0,56.0,0.0,0.0,4.858,0
38.0,4.0,1.0,0.0,552.0,3.0,0.0,0.0,4.858,1
29.0,6.0,,,147.0,1.0,0.0,0.0,4.858,0
46.0,3.0,0.0,0.0,206.0,4.0,0.0,0.0,4.858,0
46.0,3.0,1.0,0.0,194.0,5.0,0.0,0.0,4.858,0
26.0,4.0,0.0,0.0,394.0,2.0,0.0,0.0,4.858,0
26.0,1.0,0.0,1.0,114.0,2.0,0.0,0.0,4.858,0
24.0,4.0,1.0,0.0,243.0,6.0,0.0,0.0,4.858,0
24.0,3.0,1.0,0.0,194.0,2.0,0.0,0.0,4.858,0
49.0,5.0,1.0,0.0,95.0,5.0,0.0,0.0,4.858,0
27.0,3.0,1.0,0.0,110.0,2.0,0.0,0.0,4.858,0
57.0,2.0,0.0,1.0,168.0,4.0,0.0,0.0,4.858,0
34.0,3.0,1.0,0.0,360.0,2.0,0.0,0.0,4.858,0
32.0,6.0,0.0,0.0,470.0,4.0,0.0,0.0,4.858,0
51.0,6.0,0.0,0.0,120.0,7.0,0.0,0.0,4.858,0
35.0,6.0,1.0,1.0,66.0,9.0,0.0,0.0,4.858,0
36.0,5.0,0.0,0.0,150.0,1.0,0.0,0.0,4.856,0
54.0,5.0,0.0,0.0,182.0,1.0,0.0,0.0,4.856,0
43.0,1.0,0.0,0.0,365.0,4.0,0.0,0.0,4.856,0
36.0,3.0,1.0,0.0,257.0,1.0,0.0,0.0,4.856,0
41.0,6.0,1.0,0.0,19.0,1.0,0.0,0.0,4.856,0
25.0,4.0,0.0,1.0,125.0,4.0,0.0,0.0,4.856,0
35.0,6.0,1.0,0.0,280.0,1.0,0.0,0.0,4.856,0
58.0,6.0,0.0,1.0,226.0,1.0,0.0,0.0,4.856,0
50.0,1.0,1.0,0.0,532.0,1.0,0.0,0.0,4.856,0
41.0,3.0,0.0,0.0,216.0,1.0,0.0,0.0,4.856,0
47.0,4.0,0.0,0.0,98.0,1.0,0.0,0.0,4.856,0
47.0,,0.0,0.0,1334.0,1.0,0.0,0.0,4.856,1
42.0,6.0,0.0,0.0,190.0,1.0,0.0,0.0,4.856,0
33.0,4.0,0.0,0.0,168.0,1.0,0.0,0.0,4.856,0
33.0,6.0,1.0,0.0,119.0,1.0,0.0,0.0,4.856,0
45.0,1.0,1.0,0.0,160.0,1.0,0.0,0.0,4.856,0
38.0,5.0,1.0,1.0,297.0,2.0,0.0,0.0,4.856,0
46.0,4.0,0.0,0.0,142.0,1.0,0.0,0.0,4.856,0
42.0,6.0,0.0,0.0,214.0,1.0,0.0,0.0,4.856,0
41.0,5.0,,,154.0,1.0,0.0,0.0,4.856,0
42.0,,1.0,1.0,264.0,1.0,0.0,0.0,4.856,0
38.0,2.0,0.0,0.0,65.0,1.0,0.0,0.0,4.856,0
36.0,3.0,0.0,0.0,148.0,1.0,0.0,0.0,4.856,0
27.0,3.0,0.0,0.0,507.0,1.0,0.0,0.0,4.856,0
45.0,3.0,0.0,0.0,253.0,1.0,0.0,0.0,4.856,0
53.0,1.0,0.0,0.0,233.0,2.0,0.0,0.0,4.856,0
46.0,6.0,0.0,0.0,423.0,1.0,0.0,0.0,4.856,0
43.0,5.0,0.0,0.0,181.0,1.0,0.0,0.0,4.856,0
43.0,4.0,1.0,0.0,360.0,6.0,0.0,0.0,4.856,0
33.0,3.0,1.0,0.0,155.0,1.0,0.0,0.0,4.856,0
32.0,6.0,1.0,1.0,40.0,1.0,0.0,0.0,4.856,0
34.0,4.0,1.0,0.0,309.0,1.0,0.0,0.0,4.856,0
35.0,1.0,1.0,0.0,1777.0,1.0,0.0,0.0,4.856,1
46.0,1.0,0.0,0.0,247.0,2.0,0.0,0.0,4.856,0
39.0,5.0,0.0,1.0,277.0,2.0,0.0,0.0,4.856,0
57.0,6.0,1.0,0.0,177.0,1.0,0.0,0.0,4.856,0
47.0,3.0,1.0,0.0,217.0,2.0,0.0,0.0,4.856,0
22.0,3.0,1.0,0.0,396.0,1.0,0.0,0.0,4.856,0
46.0,5.0,0.0,1.0,346.0,2.0,0.0,0.0,4.856,0
47.0,6.0,0.0,1.0,139.0,2.0,0.0,0.0,4.856,0
45.0,3.0,1.0,1.0,347.0,6.0,0.0,0.0,4.856,0
41.0,3.0,1.0,0.0,256.0,1.0,0.0,0.0,4.856,0
34.0,4.0,0.0,0.0,211.0,1.0,0.0,0.0,4.856,0
43.0,1.0,1.0,1.0,547.0,7.0,0.0,0.0,4.856,0
43.0,6.0,0.0,0.0,535.0,1.0,0.0,0.0,4.856,0
48.0,3.0,1.0,0.0,201.0,1.0,0.0,0.0,4.856,0
35.0,3.0,0.0,1.0,131.0,1.0,0.0,0.0,4.856,0
38.0,6.0,1.0,0.0,137.0,2.0,0.0,0.0,4.856,0
37.0,4.0,1.0,1.0,697.0,2.0,0.0,0.0,4.856,0
34.0,5.0,0.0,0.0,185.0,1.0,0.0,0.0,4.856,0
42.0,5.0,0.0,0.0,107.0,1.0,0.0,0.0,4.856,0
29.0,4.0,1.0,0.0,157.0,1.0,0.0,0.0,4.856,0
40.0,2.0,0.0,0.0,85.0,2.0,0.0,0.0,4.856,0
50.0,3.0,1.0,1.0,112.0,2.0,0.0,0.0,4.856,0
33.0,4.0,1.0,0.0,742.0,2.0,0.0,0.0,4.856,0
57.0,,0.0,1.0,446.0,2.0,0.0,0.0,4.856,0
50.0,6.0,1.0,0.0,169.0,1.0,0.0,0.0,4.856,0
39.0,4.0,1.0,1.0,52.0,10.0,0.0,0.0,4.856,0
28.0,1.0,0.0,0.0,129.0,7.0,0.0,0.0,4.856,0
36.0,6.0,1.0,0.0,147.0,2.0,0.0,0.0,4.856,0
50.0,2.0,0.0,0.0,1446.0,1.0,0.0,0.0,4.856,0
26.0,1.0,1.0,1.0,144.0,2.0,0.0,0.0,4.856,0
52.0,3.0,1.0,1.0,29.0,16.0,0.0,0.0,4.856,0
45.0,4.0,0.0,0.0,165.0,2.0,0.0,0.0,4.856,0
31.0,5.0,1.0,0.0,130.0,2.0,0.0,0.0,4.856,0
33.0,3.0,0.0,0.0,16.0,10.0,0.0,0.0,4.856,0
28.0,3.0,0.0,0.0,125.0,3.0,0.0,0.0,4.856,0
59.0,6.0,1.0,1.0,130.0,3.0,0.0,0.0,4.856,0
33.0,6.0,1.0,0.0,221.0,2.0,0.0,0.0,4.856,0
43.0,1.0,1.0,0.0,103.0,3.0,0.0,0.0,4.856,0
44.0,6.0,0.0,0.0,10.0,17.0,0.0,0.0,4.856,0
37.0,5.0,1.0,0.0,216.0,2.0,0.0,0.0,4.856,0
28.0,6.0,1.0,0.0,138.0,2.0,0.0,0.0,4.856,0
39.0,4.0,0.0,0.0,919.0,2.0,0.0,0.0,4.856,0
41.0,,0.0,0.0,185.0,12.0,0.0,0.0,4.856,0
39.0,3.0,0.0,0.0,340.0,3.0,0.0,0.0,4.856,0
39.0,1.0,1.0,0.0,54.0,2.0,0.0,0.0,4.856,0
55.0,1.0,1.0,0.0,26.0,2.0,0.0,0.0,4.856,0
43.0,6.0,0.0,0.0,350.0,4.0,0.0,0.0,4.856,0
41.0,2.0,1.0,0.0,167.0,2.0,0.0,0.0,4.856,0
46.0,3.0,1.0,0.0,153.0,2.0,0.0,0.0,4.856,0
53.0,6.0,0.0,1.0,37.0,13.0,0.0,0.0,4.856,0
35.0,3.0,0.0,0.0,24.0,1.0,0.0,0.0,4.858,0
33.0,3.0,1.0,0.0,64.0,3.0,0.0,0.0,4.858,0
54.0,2.0,1.0,0.0,151.0,1.0,0.0,0.0,4.858,0
55.0,4.0,1.0,0.0,339.0,1.0,0.0,0.0,4.858,0
33.0,2.0,0.0,0.0,171.0,5.0,0.0,0.0,4.858,0
32.0,3.0,1.0,0.0,162.0,1.0,0.0,0.0,4.858,0
38.0,4.0,1.0,0.0,173.0,1.0,0.0,0.0,4.858,0
55.0,4.0,1.0,1.0,692.0,1.0,0.0,0.0,4.858,0
33.0,5.0,1.0,1.0,262.0,2.0,0.0,0.0,4.858,0
26.0,6.0,1.0,1.0,56.0,1.0,0.0,0.0,4.858,0
28.0,4.0,0.0,0.0,27.0,2.0,0.0,0.0,4.858,0
49.0,4.0,0.0,0.0,139.0,1.0,0.0,0.0,4.858,0
43.0,3.0,0.0,0.0,111.0,5.0,0.0,0.0,4.858,0
43.0,3.0,1.0,0.0,139.0,2.0,0.0,0.0,4.858,0
37.0,4.0,0.0,0.0,139.0,1.0,0.0,0.0,4.858,0
54.0,3.0,0.0,0.0,783.0,2.0,0.0,0.0,4.858,1
53.0,4.0,0.0,0.0,264.0,2.0,0.0,0.0,4.858,0
40.0,6.0,1.0,1.0,603.0,5.0,0.0,0.0,4.858,0
37.0,1.0,1.0,0.0,179.0,1.0,0.0,0.0,4.858,0
33.0,4.0,0.0,1.0,425.0,1.0,0.0,0.0,4.858,0
32.0,6.0,1.0,0.0,350.0,1.0,0.0,0.0,4.858,0
33.0,5.0,1.0,0.0,103.0,1.0,0.0,0.0,4.858,0
53.0,6.0,1.0,0.0,232.0,1.0,0.0,0.0,4.858,0
43.0,6.0,0.0,0.0,68.0,1.0,0.0,0.0,4.858,0
39.0,3.0,0.0,0.0,494.0,3.0,0.0,0.0,4.858,0
30.0,6.0,0.0,0.0,819.0,1.0,0.0,0.0,4.858,1
36.0,6.0,0.0,0.0,648.0,1.0,0.0,0.0,4.858,0
30.0,5.0,0.0,0.0,122.0,1.0,0.0,0.0,4.858,0
35.0,6.0,1.0,0.0,412.0,1.0,0.0,0.0,4.858,1
55.0,4.0,1.0,0.0,359.0,1.0,0.0,0.0,4.858,0
30.0,1.0,0.0,0.0,59.0,8.0,0.0,0.0,4.858,0
45.0,3.0,0.0,0.0,135.0,1.0,0.0,0.0,4.858,0
31.0,1.0,0.0,0.0,408.0,1.0,0.0,0.0,4.858,0
60.0,1.0,0.0,1.0,141.0,2.0,0.0,0.0,4.858,0
34.0,3.0,0.0,0.0,103.0,2.0,0.0,0.0,4.858,0
33.0,2.0,0.0,0.0,229.0,2.0,0.0,0.0,4.858,0
49.0,4.0,0.0,0.0,7.0,12.0,0.0,0.0,4.858,0
30.0,3.0,0.0,0.0,542.0,1.0,0.0,0.0,4.858,0
37.0,,0.0,0.0,293.0,1.0,0.0,0.0,4.858,0
51.0,3.0,1.0,1.0,39.0,2.0,0.0,0.0,4.858,0
40.0,4.0,1.0,0.0,738.0,3.0,0.0,0.0,4.858,0
46.0,3.0,0.0,0.0,418.0,2.0,0.0,0.0,4.858,0
39.0,6.0,0.0,0.0,17.0,2.0,0.0,0.0,4.858,0
32.0,5.0,1.0,0.0,104.0,1.0,0.0,0.0,4.858,0
52.0,1.0,1.0,1.0,485.0,1.0,0.0,0.0,4.858,0
29.0,3.0,0.0,0.0,304.0,1.0,0.0,0.0,4.858,0
29.0,4.0,1.0,1.0,184.0,2.0,0.0,0.0,4.858,0
30.0,3.0,0.0,0.0,252.0,2.0,0.0,0.0,4.858,0
35.0,6.0,0.0,0.0,899.0,1.0,0.0,0.0,4.858,0
32.0,6.0,0.0,0.0,857.0,1.0,0.0,0.0,4.858,1
50.0,4.0,0.0,1.0,38.0,12.0,0.0,0.0,4.858,0
38.0,5.0,0.0,0.0,127.0,2.0,0.0,0.0,4.858,0
35.0,4.0,0.0,0.0,208.0,3.0,0.0,0.0,4.858,0
42.0,6.0,0.0,0.0,518.0,2.0,0.0,0.0,4.858,0
29.0,3.0,0.0,0.0,272.0,1.0,0.0,0.0,4.858,0
51.0,1.0,1.0,0.0,384.0,3.0,0.0,0.0,4.858,0
39.0,5.0,0.0,0.0,240.0,3.0,0.0,0.0,4.858,0
44.0,4.0,1.0,0.0,269.0,2.0,0.0,0.0,4.858,0
57.0,3.0,0.0,0.0,890.0,26.0,0.0,0.0,4.858,0
45.0,3.0,0.0,0.0,1162.0,2.0,0.0,0.0,4.858,0
30.0,6.0,1.0,0.0,72.0,3.0,0.0,0.0,4.858,0
27.0,3.0,0.0,0.0,151.0,2.0,0.0,0.0,4.858,0
38.0,5.0,0.0,0.0,474.0,2.0,0.0,0.0,4.858,0
42.0,3.0,0.0,0.0,189.0,2.0,0.0,0.0,4.858,0
32.0,3.0,0.0,0.0,205.0,2.0,0.0,0.0,4.858,0
39.0,5.0,,,575.0,2.0,0.0,0.0,4.858,0
40.0,6.0,0.0,0.0,112.0,2.0,0.0,0.0,4.858,0
36.0,4.0,1.0,0.0,229.0,2.0,0.0,0.0,4.858,0
43.0,4.0,,,54.0,4.0,0.0,0.0,4.858,0
32.0,2.0,0.0,1.0,36.0,2.0,0.0,0.0,4.858,0
39.0,1.0,0.0,0.0,389.0,2.0,0.0,0.0,4.858,0
35.0,6.0,1.0,0.0,86.0,2.0,0.0,0.0,4.858,0
55.0,2.0,1.0,0.0,85.0,4.0,0.0,0.0,4.858,0
30.0,3.0,0.0,1.0,117.0,3.0,0.0,0.0,4.858,0
33.0,6.0,1.0,0.0,66.0,13.0,0.0,0.0,4.858,0
44.0,,1.0,1.0,799.0,1.0,0.0,0.0,4.858,1
31.0,3.0,1.0,0.0,165.0,2.0,0.0,0.0,4.858,0
38.0,2.0,,,234.0,2.0,0.0,0.0,4.858,0
32.0,6.0,0.0,0.0,81.0,2.0,0.0,0.0,4.858,0
50.0,1.0,0.0,0.0,233.0,3.0,0.0,0.0,4.858,0
36.0,4.0,0.0,0.0,173.0,3.0,0.0,0.0,4.858,0
29.0,4.0,1.0,0.0,178.0,3.0,0.0,0.0,4.858,0
44.0,2.0,0.0,0.0,254.0,3.0,0.0,0.0,4.858,0
36.0,4.0,0.0,0.0,713.0,4.0,0.0,0.0,4.858,0
55.0,4.0,0.0,0.0,214.0,3.0,0.0,0.0,4.858,0
34.0,2.0,0.0,0.0,20.0,8.0,0.0,0.0,4.858,0
48.0,3.0,1.0,0.0,173.0,6.0,0.0,0.0,4.858,0
42.0,1.0,0.0,0.0,526.0,8.0,0.0,0.0,4.858,0
46.0,6.0,1.0,0.0,417.0,6.0,0.0,0.0,4.857,0
28.0,6.0,1.0,0.0,101.0,3.0,0.0,0.0,4.857,0
41.0,2.0,1.0,0.0,149.0,1.0,0.0,0.0,4.857,0
26.0,3.0,0.0,1.0,83.0,4.0,0.0,0.0,4.857,0
45.0,,1.0,1.0,260.0,1.0,0.0,0.0,4.857,0
26.0,4.0,0.0,0.0,203.0,1.0,0.0,0.0,4.857,0
54.0,1.0,1.0,0.0,1171.0,1.0,0.0,0.0,4.857,0
49.0,5.0,0.0,0.0,736.0,2.0,0.0,0.0,4.857,1
53.0,3.0,0.0,1.0,203.0,1.0,0.0,0.0,4.857,0
42.0,1.0,1.0,0.0,72.0,2.0,0.0,0.0,4.857,0
26.0,3.0,0.0,1.0,268.0,1.0,0.0,0.0,4.857,0
38.0,2.0,0.0,0.0,785.0,1.0,0.0,0.0,4.857,1
22.0,2.0,0.0,1.0,1073.0,1.0,0.0,0.0,4.857,1
31.0,6.0,0.0,0.0,162.0,1.0,0.0,0.0,4.857,0
43.0,4.0,1.0,0.0,425.0,1.0,0.0,0.0,4.857,0
33.0,2.0,0.0,0.0,152.0,1.0,0.0,0.0,4.857,0
53.0,5.0,1.0,0.0,204.0,1.0,0.0,0.0,4.857,0
48.0,4.0,1.0,0.0,360.0,1.0,0.0,0.0,4.857,0
46.0,6.0,1.0,0.0,135.0,1.0,0.0,0.0,4.857,0
29.0,6.0,1.0,0.0,256.0,1.0,0.0,0.0,4.857,0
50.0,4.0,1.0,0.0,106.0,3.0,0.0,0.0,4.857,0
24.0,3.0,1.0,1.0,816.0,2.0,0.0,0.0,4.857,0
55.0,6.0,0.0,0.0,435.0,1.0,0.0,0.0,4.857,0
47.0,6.0,0.0,0.0,63.0,1.0,0.0,0.0,4.857,0
47.0,6.0,1.0,0.0,181.0,1.0,0.0,0.0,4.857,0
47.0,2.0,1.0,0.0,600.0,1.0,0.0,0.0,4.857,1
56.0,4.0,0.0,0.0,319.0,3.0,0.0,0.0,4.857,0
37.0,5.0,1.0,0.0,391.0,1.0,0.0,0.0,4.857,0
50.0,5.0,1.0,0.0,245.0,1.0,0.0,0.0,4.857,0
55.0,4.0,1.0,0.0,188.0,1.0,0.0,0.0,4.857,0
41.0,2.0,1.0,0.0,160.0,2.0,0.0,0.0,4.857,0
39.0,6.0,0.0,0.0,78.0,1.0,0.0,0.0,4.857,0
36.0,3.0,1.0,1.0,95.0,1.0,0.0,0.0,4.857,0
53.0,6.0,0.0,1.0,252.0,1.0,0.0,0.0,4.857,0
26.0,3.0,1.0,1.0,164.0,1.0,0.0,0.0,4.857,0
59.0,6.0,0.0,0.0,281.0,2.0,0.0,0.0,4.857,0
33.0,3.0,1.0,0.0,50.0,3.0,0.0,0.0,4.857,0
43.0,3.0,1.0,0.0,536.0,2.0,0.0,0.0,4.857,0
37.0,2.0,,,71.0,1.0,0.0,0.0,4.857,0
43.0,2.0,1.0,0.0,57.0,4.0,0.0,0.0,4.857,0
40.0,3.0,1.0,0.0,811.0,1.0,0.0,0.0,4.857,0
35.0,4.0,1.0,0.0,541.0,2.0,0.0,0.0,4.857,0
57.0,6.0,1.0,0.0,268.0,1.0,0.0,0.0,4.857,0
30.0,6.0,1.0,0.0,28.0,18.0,0.0,0.0,4.857,0
38.0,6.0,1.0,0.0,186.0,1.0,0.0,0.0,4.857,0
58.0,6.0,0.0,0.0,472.0,1.0,0.0,0.0,4.857,0
48.0,5.0,1.0,1.0,215.0,2.0,0.0,0.0,4.857,0
32.0,1.0,1.0,0.0,926.0,1.0,0.0,0.0,4.857,0
41.0,2.0,0.0,0.0,253.0,2.0,0.0,0.0,4.857,0
54.0,1.0,,,824.0,2.0,0.0,0.0,4.857,0
37.0,2.0,0.0,1.0,574.0,5.0,0.0,0.0,4.857,0
46.0,4.0,1.0,0.0,138.0,1.0,0.0,0.0,4.857,0
31.0,5.0,0.0,0.0,111.0,1.0,0.0,0.0,4.857,0
44.0,5.0,,,189.0,2.0,0.0,0.0,4.857,0
46.0,4.0,1.0,0.0,185.0,4.0,0.0,0.0,4.857,0
31.0,3.0,0.0,0.0,451.0,4.0,0.0,0.0,4.857,0
39.0,5.0,0.0,0.0,128.0,2.0,0.0,0.0,4.857,0
52.0,3.0,0.0,0.0,97.0,1.0,0.0,0.0,4.857,0
40.0,2.0,1.0,1.0,13.0,5.0,0.0,0.0,4.857,0
55.0,5.0,1.0,1.0,210.0,1.0,0.0,0.0,4.857,0
36.0,2.0,1.0,0.0,109.0,2.0,0.0,0.0,4.857,0
48.0,1.0,0.0,1.0,209.0,3.0,0.0,0.0,4.857,0
37.0,4.0,1.0,1.0,123.0,2.0,0.0,0.0,4.857,0
42.0,2.0,0.0,1.0,89.0,4.0,0.0,0.0,4.857,0
48.0,4.0,0.0,0.0,34.0,3.0,0.0,0.0,4.857,0
40.0,6.0,1.0,0.0,117.0,2.0,0.0,0.0,4.857,0
35.0,4.0,1.0,0.0,160.0,3.0,0.0,0.0,4.857,0
52.0,,1.0,0.0,553.0,2.0,0.0,0.0,4.857,0
33.0,6.0,0.0,0.0,92.0,1.0,0.0,0.0,4.857,0
38.0,6.0,1.0,0.0,153.0,4.0,0.0,0.0,4.857,0
26.0,4.0,0.0,0.0,211.0,4.0,0.0,0.0,4.857,0
42.0,6.0,0.0,0.0,493.0,2.0,0.0,0.0,4.857,0
60.0,4.0,1.0,0.0,597.0,6.0,0.0,0.0,4.857,1
35.0,6.0,0.0,1.0,107.0,2.0,0.0,0.0,4.857,0
50.0,1.0,1.0,0.0,292.0,2.0,0.0,0.0,4.857,0
49.0,5.0,0.0,0.0,146.0,6.0,0.0,0.0,4.857,0
39.0,3.0,0.0,0.0,106.0,3.0,0.0,0.0,4.857,0
45.0,3.0,1.0,0.0,104.0,5.0,0.0,0.0,4.857,0
28.0,3.0,1.0,0.0,252.0,5.0,0.0,0.0,4.857,0
30.0,6.0,0.0,1.0,164.0,3.0,0.0,0.0,4.857,0
36.0,2.0,1.0,0.0,1222.0,5.0,0.0,0.0,4.857,0
32.0,6.0,0.0,0.0,159.0,3.0,0.0,0.0,4.857,0
28.0,6.0,0.0,0.0,52.0,3.0,0.0,0.0,4.857,0
59.0,6.0,0.0,1.0,49.0,1.0,0.0,0.0,4.857,0
35.0,6.0,1.0,0.0,60.0,3.0,0.0,0.0,4.857,0
41.0,4.0,0.0,0.0,237.0,1.0,0.0,0.0,4.857,0
41.0,1.0,1.0,0.0,63.0,1.0,0.0,0.0,4.857,0
43.0,4.0,1.0,0.0,312.0,1.0,0.0,0.0,4.857,0
57.0,5.0,1.0,0.0,188.0,1.0,0.0,0.0,4.857,0
47.0,6.0,0.0,0.0,168.0,1.0,0.0,0.0,4.857,0
42.0,1.0,0.0,0.0,322.0,1.0,0.0,0.0,4.857,0
33.0,3.0,0.0,0.0,511.0,1.0,0.0,0.0,4.857,0
39.0,6.0,1.0,0.0,247.0,1.0,0.0,0.0,4.857,0
46.0,3.0,1.0,1.0,140.0,1.0,0.0,0.0,4.857,0
52.0,4.0,0.0,0.0,142.0,3.0,0.0,0.0,4.857,0
48.0,5.0,1.0,0.0,136.0,2.0,0.0,0.0,4.857,0
55.0,4.0,1.0,1.0,437.0,1.0,0.0,0.0,4.857,0
42.0,4.0,1.0,1.0,226.0,1.0,0.0,0.0,4.857,0
48.0,5.0,1.0,0.0,41.0,2.0,0.0,0.0,4.857,0
34.0,1.0,1.0,0.0,80.0,1.0,0.0,0.0,4.857,0
44.0,1.0,0.0,0.0,281.0,1.0,0.0,0.0,4.857,0
56.0,5.0,0.0,1.0,24.0,1.0,0.0,0.0,4.857,0
38.0,2.0,0.0,0.0,85.0,1.0,0.0,0.0,4.857,0
39.0,6.0,0.0,0.0,290.0,2.0,0.0,0.0,4.857,0
32.0,6.0,1.0,0.0,258.0,1.0,0.0,0.0,4.857,0
42.0,2.0,0.0,0.0,266.0,3.0,0.0,0.0,4.857,0
41.0,3.0,0.0,0.0,62.0,1.0,0.0,0.0,4.857,0
53.0,3.0,0.0,0.0,142.0,1.0,0.0,0.0,4.857,0
51.0,2.0,,,167.0,1.0,0.0,0.0,4.857,0
40.0,6.0,1.0,0.0,142.0,1.0,0.0,0.0,4.857,0
28.0,4.0,0.0,1.0,200.0,1.0,0.0,0.0,4.857,0
29.0,6.0,1.0,0.0,90.0,4.0,0.0,0.0,4.857,0
30.0,4.0,0.0,0.0,302.0,1.0,0.0,0.0,4.857,0
39.0,4.0,1.0,0.0,247.0,1.0,0.0,0.0,4.857,0
39.0,6.0,0.0,0.0,104.0,1.0,0.0,0.0,4.857,0
57.0,1.0,0.0,0.0,80.0,2.0,0.0,0.0,4.857,0
44.0,,1.0,0.0,440.0,1.0,0.0,0.0,4.857,0
35.0,4.0,1.0,1.0,127.0,1.0,0.0,0.0,4.857,0
41.0,4.0,1.0,0.0,679.0,2.0,0.0,0.0,4.857,1
47.0,1.0,1.0,0.0,162.0,2.0,0.0,0.0,4.857,0
54.0,3.0,0.0,1.0,596.0,1.0,0.0,0.0,4.857,0
43.0,5.0,1.0,0.0,134.0,1.0,0.0,0.0,4.857,0
36.0,5.0,0.0,0.0,175.0,2.0,0.0,0.0,4.857,0
31.0,3.0,1.0,0.0,87.0,2.0,0.0,0.0,4.857,0
28.0,3.0,1.0,0.0,120.0,1.0,0.0,0.0,4.857,0
24.0,4.0,,,70.0,3.0,0.0,0.0,4.857,0
35.0,6.0,1.0,1.0,280.0,3.0,0.0,0.0,4.857,0
50.0,1.0,1.0,0.0,306.0,3.0,0.0,0.0,4.857,0
57.0,6.0,1.0,0.0,506.0,2.0,0.0,0.0,4.857,0
48.0,6.0,1.0,0.0,252.0,2.0,0.0,0.0,4.857,0
43.0,4.0,0.0,1.0,127.0,2.0,0.0,0.0,4.857,0
43.0,4.0,1.0,1.0,642.0,2.0,0.0,0.0,4.857,1
41.0,6.0,0.0,0.0,729.0,2.0,0.0,0.0,4.857,0
46.0,4.0,0.0,0.0,218.0,2.0,0.0,0.0,4.857,0
43.0,4.0,1.0,0.0,250.0,3.0,0.0,0.0,4.857,0
38.0,4.0,1.0,0.0,272.0,6.0,0.0,0.0,4.857,0
33.0,5.0,0.0,0.0,133.0,3.0,0.0,0.0,4.857,0
31.0,4.0,0.0,0.0,114.0,3.0,0.0,0.0,4.857,0
35.0,4.0,0.0,1.0,208.0,3.0,0.0,0.0,4.857,0
57.0,6.0,0.0,1.0,327.0,1.0,0.0,0.0,4.857,0
37.0,4.0,1.0,0.0,124.0,2.0,0.0,0.0,4.857,0
42.0,3.0,0.0,0.0,504.0,2.0,0.0,0.0,4.857,0
44.0,6.0,1.0,0.0,289.0,1.0,0.0,0.0,4.857,0
41.0,6.0,1.0,0.0,239.0,3.0,0.0,0.0,4.857,0
37.0,6.0,1.0,0.0,245.0,3.0,0.0,0.0,4.857,0
38.0,3.0,1.0,0.0,445.0,2.0,0.0,0.0,4.857,0
41.0,6.0,1.0,0.0,796.0,1.0,0.0,0.0,4.857,0
25.0,6.0,0.0,0.0,78.0,2.0,0.0,0.0,4.857,0
38.0,2.0,0.0,0.0,523.0,2.0,0.0,0.0,4.857,0
42.0,4.0,0.0,0.0,181.0,3.0,0.0,0.0,4.857,0
30.0,6.0,0.0,0.0,212.0,2.0,0.0,0.0,4.857,0
46.0,3.0,0.0,1.0,291.0,2.0,0.0,0.0,4.857,0
43.0,4.0,0.0,0.0,207.0,2.0,0.0,0.0,4.857,0
35.0,4.0,1.0,0.0,319.0,4.0,0.0,0.0,4.857,0
36.0,4.0,1.0,0.0,133.0,4.0,0.0,0.0,4.857,0
31.0,6.0,1.0,0.0,451.0,2.0,0.0,0.0,4.857,0
32.0,3.0,0.0,0.0,109.0,2.0,0.0,0.0,4.857,0
42.0,2.0,1.0,0.0,454.0,3.0,0.0,0.0,4.857,0
45.0,3.0,1.0,0.0,816.0,2.0,0.0,0.0,4.857,0
59.0,5.0,0.0,0.0,51.0,2.0,0.0,0.0,4.857,0
52.0,,1.0,0.0,250.0,2.0,0.0,0.0,4.857,0
30.0,6.0,1.0,0.0,304.0,3.0,0.0,0.0,4.857,0
31.0,4.0,0.0,0.0,488.0,3.0,0.0,0.0,4.857,0
32.0,4.0,0.0,0.0,232.0,3.0,0.0,0.0,4.857,0
24.0,3.0,1.0,0.0,764.0,2.0,0.0,0.0,4.857,1
28.0,4.0,1.0,0.0,149.0,7.0,0.0,0.0,4.857,0
44.0,5.0,0.0,0.0,29.0,2.0,0.0,0.0,4.857,0
36.0,4.0,1.0,0.0,23.0,10.0,0.0,0.0,4.857,0
57.0,6.0,0.0,1.0,76.0,5.0,0.0,0.0,4.857,0
39.0,2.0,0.0,0.0,66.0,3.0,0.0,0.0,4.857,0
30.0,4.0,0.0,0.0,113.0,5.0,0.0,0.0,4.857,0
29.0,4.0,0.0,1.0,251.0,11.0,0.0,0.0,4.857,0
42.0,1.0,1.0,0.0,128.0,5.0,0.0,0.0,4.857,0
31.0,5.0,1.0,0.0,188.0,7.0,0.0,0.0,4.857,0
32.0,5.0,0.0,0.0,118.0,2.0,0.0,0.0,4.857,0
33.0,5.0,1.0,0.0,349.0,4.0,0.0,0.0,4.857,0
42.0,4.0,1.0,1.0,220.0,6.0,0.0,0.0,4.857,0
44.0,2.0,0.0,1.0,73.0,6.0,0.0,0.0,4.857,0
57.0,2.0,1.0,0.0,353.0,3.0,0.0,0.0,4.857,0
41.0,1.0,0.0,0.0,163.0,2.0,0.0,0.0,4.857,0
31.0,4.0,1.0,0.0,27.0,2.0,0.0,0.0,4.857,0
51.0,2.0,0.0,0.0,222.0,4.0,0.0,0.0,4.857,0
36.0,6.0,0.0,0.0,152.0,2.0,0.0,0.0,4.857,0
42.0,,0.0,0.0,204.0,3.0,0.0,0.0,4.857,0
24.0,3.0,0.0,0.0,154.0,1.0,0.0,0.0,4.857,0
38.0,3.0,0.0,0.0,287.0,4.0,0.0,0.0,4.857,0
38.0,6.0,1.0,0.0,47.0,5.0,0.0,0.0,4.857,0
52.0,1.0,0.0,0.0,150.0,1.0,0.0,0.0,4.857,0
42.0,5.0,1.0,0.0,1205.0,1.0,0.0,0.0,4.857,1
51.0,5.0,0.0,0.0,171.0,3.0,0.0,0.0,4.857,0
32.0,4.0,1.0,0.0,237.0,1.0,0.0,0.0,4.857,0
34.0,6.0,0.0,0.0,162.0,1.0,0.0,0.0,4.857,0
31.0,3.0,0.0,0.0,674.0,1.0,0.0,0.0,4.857,0
42.0,2.0,0.0,0.0,99.0,1.0,0.0,0.0,4.857,0
40.0,2.0,0.0,0.0,182.0,2.0,0.0,0.0,4.857,0
35.0,4.0,0.0,0.0,62.0,4.0,0.0,0.0,4.857,0
25.0,4.0,1.0,1.0,275.0,4.0,0.0,0.0,4.857,0
34.0,3.0,0.0,0.0,740.0,1.0,0.0,0.0,4.857,1
38.0,4.0,0.0,0.0,776.0,1.0,0.0,0.0,4.857,0
35.0,3.0,1.0,0.0,181.0,1.0,0.0,0.0,4.857,0
37.0,5.0,0.0,0.0,118.0,1.0,0.0,0.0,4.857,0
53.0,1.0,1.0,0.0,257.0,1.0,0.0,0.0,4.857,0
45.0,1.0,1.0,0.0,243.0,2.0,0.0,0.0,4.857,0
32.0,2.0,1.0,0.0,290.0,1.0,0.0,0.0,4.857,0
48.0,1.0,0.0,0.0,86.0,1.0,0.0,0.0,4.857,0
46.0,1.0,0.0,0.0,106.0,2.0,0.0,0.0,4.857,0
29.0,6.0,1.0,0.0,33.0,1.0,0.0,0.0,4.857,0
37.0,3.0,,,322.0,2.0,0.0,0.0,4.857,0
37.0,5.0,1.0,0.0,213.0,2.0,0.0,0.0,4.857,0
42.0,6.0,0.0,0.0,305.0,1.0,0.0,0.0,4.857,0
40.0,4.0,0.0,0.0,371.0,2.0,0.0,0.0,4.857,0
32.0,4.0,0.0,0.0,181.0,1.0,0.0,0.0,4.857,0
43.0,3.0,0.0,0.0,155.0,1.0,0.0,0.0,4.857,0
44.0,1.0,1.0,1.0,72.0,1.0,0.0,0.0,4.857,0
29.0,3.0,0.0,0.0,62.0,4.0,0.0,0.0,4.857,0
34.0,4.0,0.0,0.0,139.0,1.0,0.0,0.0,4.857,0
30.0,5.0,1.0,0.0,169.0,1.0,0.0,0.0,4.857,0
38.0,6.0,0.0,0.0,600.0,2.0,0.0,0.0,4.857,0
47.0,4.0,0.0,0.0,731.0,3.0,0.0,0.0,4.857,1
56.0,1.0,1.0,1.0,112.0,1.0,0.0,0.0,4.857,0
57.0,1.0,0.0,0.0,98.0,1.0,0.0,0.0,4.857,0
45.0,3.0,0.0,0.0,166.0,2.0,0.0,0.0,4.857,0
38.0,5.0,1.0,0.0,233.0,2.0,0.0,0.0,4.857,0
30.0,3.0,0.0,0.0,148.0,3.0,0.0,0.0,4.857,0
38.0,4.0,,,145.0,2.0,0.0,0.0,4.857,0
37.0,5.0,0.0,0.0,318.0,1.0,0.0,0.0,4.857,0
55.0,6.0,0.0,0.0,142.0,2.0,0.0,0.0,4.857,0
53.0,2.0,1.0,0.0,27.0,1.0,0.0,0.0,4.857,0
43.0,1.0,1.0,0.0,193.0,1.0,0.0,0.0,4.857,0
52.0,6.0,0.0,1.0,116.0,3.0,0.0,0.0,4.857,0
39.0,4.0,0.0,0.0,326.0,2.0,0.0,0.0,4.857,0
30.0,4.0,1.0,1.0,320.0,1.0,0.0,0.0,4.857,0
33.0,6.0,0.0,0.0,367.0,5.0,0.0,0.0,4.857,0
31.0,5.0,0.0,0.0,179.0,3.0,0.0,0.0,4.857,0
38.0,4.0,0.0,0.0,280.0,3.0,0.0,0.0,4.857,0
38.0,6.0,0.0,0.0,574.0,5.0,0.0,0.0,4.857,0
30.0,3.0,1.0,0.0,68.0,9.0,0.0,0.0,4.857,0
36.0,6.0,0.0,0.0,363.0,2.0,0.0,0.0,4.857,0
38.0,4.0,1.0,0.0,392.0,3.0,0.0,0.0,4.857,0
42.0,4.0,1.0,0.0,137.0,2.0,0.0,0.0,4.857,0
28.0,4.0,0.0,0.0,498.0,1.0,0.0,0.0,4.857,0
31.0,5.0,1.0,0.0,198.0,1.0,0.0,0.0,4.857,0
32.0,3.0,0.0,0.0,59.0,4.0,0.0,0.0,4.857,0
39.0,4.0,1.0,0.0,0.0,4.0,0.0,0.0,4.857,0
26.0,5.0,1.0,0.0,345.0,2.0,0.0,0.0,4.857,0
58.0,5.0,0.0,0.0,427.0,2.0,0.0,0.0,4.857,0
43.0,4.0,0.0,1.0,315.0,2.0,0.0,0.0,4.857,0
30.0,3.0,0.0,0.0,3094.0,2.0,0.0,0.0,4.857,1
60.0,1.0,1.0,0.0,135.0,5.0,0.0,0.0,4.857,0
38.0,6.0,0.0,0.0,141.0,3.0,0.0,0.0,4.857,0
57.0,3.0,1.0,0.0,265.0,2.0,0.0,0.0,4.857,0
32.0,4.0,1.0,0.0,54.0,4.0,0.0,0.0,4.857,0
34.0,6.0,1.0,0.0,99.0,2.0,0.0,0.0,4.857,0
57.0,6.0,1.0,0.0,290.0,2.0,0.0,0.0,4.857,0
44.0,,0.0,0.0,45.0,2.0,0.0,0.0,4.857,0
37.0,3.0,0.0,0.0,298.0,3.0,0.0,0.0,4.857,0
48.0,1.0,0.0,0.0,88.0,2.0,0.0,0.0,4.857,0
41.0,3.0,0.0,0.0,97.0,5.0,0.0,0.0,4.857,0
40.0,5.0,1.0,0.0,284.0,1.0,0.0,0.0,4.857,0
35.0,1.0,1.0,0.0,15.0,13.0,0.0,0.0,4.857,0
45.0,5.0,1.0,0.0,350.0,4.0,0.0,0.0,4.857,0
42.0,1.0,1.0,0.0,662.0,7.0,0.0,0.0,4.857,0
51.0,3.0,1.0,0.0,676.0,6.0,0.0,0.0,4.857,0
35.0,6.0,0.0,0.0,235.0,4.0,0.0,0.0,4.857,0
56.0,4.0,1.0,0.0,196.0,3.0,0.0,0.0,4.857,0
41.0,4.0,0.0,0.0,177.0,2.0,0.0,0.0,4.857,0
36.0,3.0,1.0,0.0,547.0,3.0,0.0,0.0,4.857,0
30.0,4.0,0.0,0.0,77.0,4.0,0.0,0.0,4.857,0
39.0,6.0,0.0,0.0,160.0,3.0,0.0,0.0,4.857,0
35.0,5.0,1.0,0.0,352.0,4.0,0.0,0.0,4.857,0
39.0,5.0,0.0,0.0,73.0,5.0,0.0,0.0,4.857,0
40.0,4.0,0.0,0.0,43.0,5.0,0.0,0.0,4.857,0
59.0,1.0,0.0,0.0,167.0,3.0,0.0,0.0,4.857,0
26.0,3.0,1.0,0.0,145.0,2.0,0.0,0.0,4.857,0
33.0,6.0,1.0,0.0,346.0,3.0,0.0,0.0,4.857,0
39.0,1.0,0.0,0.0,125.0,12.0,0.0,0.0,4.857,0
35.0,4.0,0.0,0.0,110.0,2.0,0.0,0.0,4.857,0
50.0,6.0,,,372.0,2.0,0.0,0.0,4.857,0
33.0,4.0,0.0,0.0,201.0,1.0,0.0,0.0,4.857,0
37.0,4.0,0.0,0.0,332.0,1.0,0.0,0.0,4.857,0
29.0,3.0,1.0,0.0,198.0,1.0,0.0,0.0,4.857,0
46.0,,0.0,0.0,181.0,2.0,0.0,0.0,4.857,0
31.0,2.0,0.0,0.0,198.0,3.0,0.0,0.0,4.857,0
49.0,3.0,1.0,0.0,102.0,1.0,0.0,0.0,4.857,0
37.0,4.0,0.0,0.0,132.0,1.0,0.0,0.0,4.857,0
52.0,4.0,1.0,0.0,103.0,4.0,0.0,0.0,4.857,0
57.0,3.0,0.0,0.0,283.0,3.0,0.0,0.0,4.857,0
57.0,4.0,1.0,0.0,224.0,2.0,0.0,0.0,4.857,0
37.0,6.0,,,128.0,2.0,0.0,0.0,4.857,0
41.0,1.0,0.0,0.0,430.0,1.0,0.0,0.0,4.857,0
32.0,6.0,0.0,0.0,674.0,2.0,0.0,0.0,4.857,0
46.0,1.0,1.0,1.0,125.0,1.0,0.0,0.0,4.857,0
53.0,3.0,1.0,0.0,61.0,1.0,0.0,0.0,4.857,0
34.0,6.0,0.0,0.0,222.0,1.0,0.0,0.0,4.857,0
34.0,6.0,1.0,0.0,396.0,1.0,0.0,0.0,4.857,0
43.0,5.0,0.0,0.0,58.0,1.0,0.0,0.0,4.857,0
41.0,4.0,0.0,0.0,263.0,1.0,0.0,0.0,4.857,0
58.0,1.0,1.0,0.0,210.0,1.0,0.0,0.0,4.857,0
45.0,4.0,1.0,0.0,171.0,6.0,0.0,0.0,4.857,0
34.0,4.0,1.0,0.0,199.0,1.0,0.0,0.0,4.857,0
57.0,3.0,1.0,0.0,543.0,2.0,0.0,0.0,4.857,1
32.0,6.0,0.0,0.0,141.0,1.0,0.0,0.0,4.857,0
41.0,4.0,1.0,0.0,125.0,2.0,0.0,0.0,4.857,0
36.0,5.0,1.0,1.0,236.0,1.0,0.0,0.0,4.857,0
36.0,4.0,0.0,0.0,227.0,2.0,0.0,0.0,4.857,0
44.0,6.0,1.0,1.0,143.0,2.0,0.0,0.0,4.857,0
31.0,4.0,1.0,0.0,119.0,5.0,0.0,0.0,4.857,0
35.0,2.0,0.0,0.0,313.0,2.0,0.0,0.0,4.857,0
42.0,5.0,0.0,1.0,96.0,5.0,0.0,0.0,4.857,0
42.0,3.0,1.0,0.0,209.0,1.0,0.0,0.0,4.857,0
36.0,4.0,0.0,0.0,130.0,1.0,0.0,0.0,4.857,0
30.0,2.0,0.0,0.0,124.0,1.0,0.0,0.0,4.857,0
30.0,3.0,1.0,0.0,821.0,2.0,0.0,0.0,4.857,0
53.0,6.0,1.0,0.0,352.0,1.0,0.0,0.0,4.857,0
39.0,1.0,0.0,0.0,565.0,2.0,0.0,0.0,4.857,0
56.0,3.0,0.0,0.0,167.0,3.0,0.0,0.0,4.857,0
47.0,1.0,1.0,0.0,615.0,1.0,0.0,0.0,4.857,0
29.0,4.0,1.0,0.0,143.0,2.0,0.0,0.0,4.857,0
35.0,6.0,0.0,0.0,399.0,1.0,0.0,0.0,4.857,0
50.0,1.0,1.0,0.0,507.0,1.0,0.0,0.0,4.857,1
33.0,2.0,0.0,0.0,1183.0,1.0,0.0,0.0,4.857,1
35.0,3.0,1.0,1.0,344.0,2.0,0.0,0.0,4.857,0
49.0,1.0,0.0,0.0,328.0,1.0,0.0,0.0,4.857,0
27.0,4.0,0.0,0.0,201.0,1.0,0.0,0.0,4.857,0
35.0,4.0,0.0,0.0,97.0,2.0,0.0,0.0,4.857,0
31.0,2.0,0.0,0.0,174.0,1.0,0.0,0.0,4.857,0
49.0,6.0,0.0,0.0,675.0,1.0,0.0,0.0,4.857,0
43.0,3.0,0.0,0.0,123.0,18.0,0.0,0.0,4.857,0
39.0,3.0,0.0,0.0,257.0,2.0,0.0,0.0,4.857,0
37.0,6.0,0.0,0.0,83.0,2.0,0.0,0.0,4.857,0
35.0,,0.0,0.0,146.0,1.0,0.0,0.0,4.857,0
46.0,,0.0,0.0,97.0,1.0,0.0,0.0,4.857,0
43.0,1.0,0.0,0.0,296.0,1.0,0.0,0.0,4.857,0
52.0,,0.0,0.0,227.0,1.0,0.0,0.0,4.857,0
46.0,1.0,0.0,0.0,183.0,1.0,0.0,0.0,4.857,0
29.0,4.0,0.0,0.0,100.0,2.0,0.0,0.0,4.857,0
41.0,2.0,1.0,0.0,648.0,1.0,0.0,0.0,4.857,1
42.0,3.0,1.0,0.0,198.0,3.0,0.0,0.0,4.857,0
39.0,6.0,1.0,0.0,536.0,7.0,0.0,0.0,4.857,0
45.0,3.0,1.0,0.0,173.0,1.0,0.0,0.0,4.857,0
39.0,2.0,1.0,0.0,279.0,2.0,0.0,0.0,4.857,0
35.0,5.0,1.0,1.0,294.0,3.0,0.0,0.0,4.857,0
30.0,3.0,0.0,0.0,188.0,2.0,0.0,0.0,4.857,0
34.0,1.0,1.0,0.0,116.0,6.0,0.0,0.0,4.857,0
36.0,3.0,0.0,0.0,129.0,2.0,0.0,0.0,4.857,0
34.0,3.0,1.0,0.0,172.0,1.0,0.0,0.0,4.857,0
28.0,4.0,0.0,0.0,72.0,3.0,0.0,0.0,4.857,0
39.0,4.0,0.0,0.0,239.0,2.0,0.0,0.0,4.857,0
50.0,6.0,1.0,0.0,383.0,1.0,0.0,0.0,4.857,0
33.0,2.0,1.0,0.0,101.0,2.0,0.0,0.0,4.857,0
49.0,1.0,0.0,0.0,344.0,1.0,0.0,0.0,4.857,0
51.0,3.0,1.0,0.0,360.0,1.0,0.0,0.0,4.857,0
46.0,3.0,0.0,0.0,79.0,2.0,0.0,0.0,4.857,0
30.0,,1.0,1.0,83.0,4.0,0.0,0.0,4.857,0
41.0,4.0,0.0,0.0,249.0,2.0,0.0,0.0,4.857,0
35.0,4.0,0.0,0.0,157.0,2.0,0.0,0.0,4.857,0
42.0,6.0,0.0,0.0,96.0,1.0,0.0,0.0,4.857,0
30.0,6.0,0.0,1.0,691.0,5.0,0.0,0.0,4.857,1
42.0,3.0,1.0,0.0,99.0,2.0,0.0,0.0,4.857,0
49.0,1.0,1.0,0.0,158.0,10.0,0.0,0.0,4.857,0
28.0,6.0,0.0,1.0,74.0,2.0,0.0,0.0,4.857,0
52.0,4.0,0.0,0.0,643.0,2.0,0.0,0.0,4.857,0
30.0,6.0,0.0,1.0,95.0,2.0,0.0,0.0,4.857,0
36.0,4.0,1.0,0.0,25.0,1.0,0.0,0.0,4.857,0
43.0,6.0,0.0,1.0,363.0,4.0,0.0,0.0,4.857,0
34.0,6.0,0.0,1.0,157.0,2.0,0.0,0.0,4.857,0
39.0,6.0,1.0,0.0,51.0,4.0,0.0,0.0,4.857,0
43.0,,0.0,0.0,299.0,3.0,0.0,0.0,4.857,0
50.0,5.0,0.0,0.0,239.0,4.0,0.0,0.0,4.857,0
35.0,5.0,0.0,1.0,600.0,2.0,0.0,0.0,4.857,0
27.0,5.0,0.0,0.0,148.0,3.0,0.0,0.0,4.857,0
31.0,6.0,0.0,0.0,90.0,8.0,0.0,0.0,4.857,0
45.0,6.0,0.0,0.0,105.0,2.0,0.0,0.0,4.857,0
51.0,3.0,0.0,1.0,261.0,2.0,0.0,0.0,4.857,0
29.0,1.0,1.0,1.0,122.0,4.0,0.0,0.0,4.857,0
40.0,3.0,0.0,1.0,145.0,2.0,0.0,0.0,4.857,0
48.0,1.0,0.0,0.0,75.0,1.0,0.0,0.0,4.86,0
55.0,3.0,0.0,1.0,103.0,2.0,0.0,0.0,4.86,0
40.0,,1.0,0.0,177.0,1.0,0.0,0.0,4.86,0
47.0,6.0,1.0,0.0,217.0,5.0,0.0,0.0,4.86,0
33.0,4.0,1.0,0.0,41.0,1.0,0.0,0.0,4.86,0
41.0,2.0,1.0,0.0,37.0,3.0,0.0,0.0,4.86,0
52.0,3.0,1.0,0.0,130.0,1.0,0.0,0.0,4.86,0
39.0,1.0,0.0,0.0,206.0,2.0,0.0,0.0,4.86,0
31.0,4.0,,,230.0,4.0,0.0,0.0,4.86,0
42.0,3.0,0.0,0.0,159.0,1.0,0.0,0.0,4.86,0
28.0,3.0,1.0,0.0,733.0,1.0,0.0,0.0,4.86,1
38.0,3.0,1.0,0.0,193.0,1.0,0.0,0.0,4.86,0
38.0,6.0,1.0,0.0,744.0,1.0,0.0,0.0,4.86,0
34.0,3.0,1.0,0.0,84.0,1.0,0.0,0.0,4.86,0
53.0,6.0,1.0,0.0,135.0,1.0,0.0,0.0,4.86,0
45.0,4.0,1.0,0.0,561.0,1.0,0.0,0.0,4.86,0
34.0,4.0,0.0,0.0,791.0,2.0,0.0,0.0,4.86,1
37.0,4.0,0.0,1.0,155.0,1.0,0.0,0.0,4.86,0
50.0,4.0,0.0,0.0,134.0,6.0,0.0,0.0,4.86,0
40.0,5.0,1.0,0.0,105.0,1.0,0.0,0.0,4.86,0
37.0,5.0,0.0,0.0,322.0,1.0,0.0,0.0,4.86,0
33.0,6.0,1.0,0.0,144.0,2.0,0.0,0.0,4.86,0
34.0,6.0,0.0,0.0,187.0,3.0,0.0,0.0,4.86,0
42.0,6.0,0.0,0.0,329.0,1.0,0.0,0.0,4.86,0
44.0,1.0,1.0,0.0,106.0,1.0,0.0,0.0,4.86,0
41.0,1.0,0.0,0.0,404.0,1.0,0.0,0.0,4.86,0
31.0,4.0,1.0,0.0,177.0,2.0,0.0,0.0,4.86,0
35.0,2.0,1.0,0.0,473.0,1.0,0.0,0.0,4.86,0
24.0,6.0,0.0,0.0,691.0,1.0,0.0,0.0,4.86,0
30.0,5.0,1.0,0.0,245.0,4.0,0.0,0.0,4.86,0
33.0,6.0,0.0,0.0,365.0,2.0,0.0,0.0,4.86,0
41.0,6.0,0.0,0.0,158.0,1.0,0.0,0.0,4.86,0
36.0,,0.0,0.0,117.0,1.0,0.0,0.0,4.86,0
41.0,3.0,0.0,0.0,126.0,2.0,0.0,0.0,4.86,0
28.0,6.0,1.0,0.0,409.0,3.0,0.0,0.0,4.86,0
45.0,5.0,0.0,0.0,87.0,7.0,0.0,0.0,4.86,0
47.0,,0.0,0.0,127.0,1.0,0.0,0.0,4.86,0
36.0,4.0,1.0,0.0,117.0,1.0,0.0,0.0,4.86,0
47.0,1.0,0.0,0.0,175.0,1.0,0.0,0.0,4.86,0
52.0,3.0,0.0,0.0,80.0,3.0,0.0,0.0,4.86,0
26.0,6.0,0.0,0.0,13.0,1.0,0.0,0.0,4.86,0
36.0,4.0,0.0,0.0,263.0,3.0,0.0,0.0,4.86,0
37.0,6.0,0.0,0.0,76.0,3.0,0.0,0.0,4.86,0
33.0,3.0,1.0,0.0,180.0,2.0,0.0,0.0,4.86,0
46.0,1.0,,,313.0,2.0,0.0,0.0,4.86,0
58.0,1.0,1.0,0.0,101.0,1.0,0.0,0.0,4.86,0
40.0,1.0,1.0,0.0,153.0,1.0,0.0,0.0,4.86,0
50.0,1.0,1.0,1.0,217.0,1.0,0.0,0.0,4.86,0
42.0,6.0,0.0,0.0,129.0,2.0,0.0,0.0,4.86,0
59.0,3.0,0.0,0.0,200.0,4.0,0.0,0.0,4.86,0
30.0,1.0,1.0,1.0,331.0,4.0,0.0,0.0,4.86,0
56.0,1.0,1.0,0.0,242.0,3.0,0.0,0.0,4.86,0
47.0,4.0,1.0,0.0,97.0,1.0,0.0,0.0,4.86,0
34.0,5.0,0.0,0.0,484.0,5.0,0.0,0.0,4.86,0
51.0,4.0,1.0,0.0,148.0,4.0,0.0,0.0,4.86,0
38.0,,0.0,0.0,362.0,5.0,0.0,0.0,4.86,0
42.0,2.0,1.0,1.0,195.0,2.0,0.0,0.0,4.86,0
32.0,6.0,1.0,1.0,221.0,2.0,0.0,0.0,4.86,0
57.0,6.0,1.0,0.0,81.0,1.0,0.0,0.0,4.86,0
54.0,1.0,1.0,0.0,77.0,3.0,0.0,0.0,4.86,0
45.0,6.0,1.0,0.0,229.0,4.0,0.0,0.0,4.86,0
36.0,6.0,0.0,0.0,792.0,3.0,0.0,0.0,4.86,1
31.0,4.0,1.0,0.0,199.0,2.0,0.0,0.0,4.86,0
41.0,5.0,1.0,0.0,768.0,4.0,0.0,0.0,4.86,0
42.0,4.0,0.0,0.0,260.0,1.0,0.0,0.0,4.86,0
49.0,1.0,1.0,0.0,637.0,3.0,0.0,0.0,4.86,0
41.0,6.0,1.0,0.0,137.0,1.0,0.0,0.0,4.86,0
31.0,4.0,1.0,0.0,102.0,3.0,0.0,0.0,4.86,0
35.0,,0.0,0.0,725.0,3.0,0.0,0.0,4.86,0
56.0,5.0,1.0,0.0,124.0,3.0,0.0,0.0,4.86,0
44.0,2.0,1.0,0.0,318.0,2.0,0.0,0.0,4.86,0
31.0,5.0,0.0,0.0,127.0,2.0,0.0,0.0,4.86,0
28.0,4.0,1.0,0.0,347.0,2.0,0.0,0.0,4.86,0
59.0,3.0,0.0,0.0,668.0,2.0,0.0,0.0,4.86,0
36.0,3.0,1.0,0.0,55.0,2.0,0.0,0.0,4.86,0
58.0,1.0,0.0,0.0,324.0,3.0,0.0,0.0,4.86,0
35.0,4.0,1.0,0.0,228.0,3.0,0.0,0.0,4.86,0
34.0,6.0,0.0,0.0,96.0,2.0,0.0,0.0,4.86,0
51.0,1.0,1.0,0.0,249.0,2.0,0.0,0.0,4.86,0
29.0,6.0,0.0,0.0,273.0,3.0,0.0,0.0,4.86,0
46.0,1.0,0.0,0.0,35.0,24.0,0.0,0.0,4.86,0
54.0,6.0,0.0,1.0,82.0,2.0,0.0,0.0,4.86,0
30.0,6.0,1.0,0.0,1109.0,3.0,0.0,0.0,4.86,1
34.0,2.0,0.0,0.0,248.0,3.0,0.0,0.0,4.86,0
34.0,3.0,0.0,0.0,76.0,4.0,0.0,0.0,4.86,0
37.0,4.0,1.0,1.0,73.0,3.0,0.0,0.0,4.86,0
35.0,4.0,0.0,0.0,86.0,4.0,0.0,0.0,4.86,0
36.0,6.0,1.0,0.0,23.0,15.0,0.0,0.0,4.86,0
32.0,4.0,1.0,0.0,52.0,8.0,0.0,0.0,4.86,0
45.0,2.0,1.0,0.0,322.0,11.0,0.0,0.0,4.86,0
35.0,6.0,1.0,1.0,231.0,3.0,0.0,0.0,4.864,0
39.0,3.0,0.0,1.0,67.0,3.0,0.0,0.0,4.864,0
58.0,1.0,1.0,1.0,422.0,1.0,0.0,0.0,4.864,0
35.0,1.0,0.0,0.0,118.0,6.0,0.0,0.0,4.864,0
37.0,6.0,0.0,0.0,62.0,3.0,0.0,0.0,4.864,0
36.0,3.0,0.0,0.0,45.0,3.0,0.0,0.0,4.864,0
43.0,6.0,1.0,0.0,224.0,2.0,0.0,0.0,4.864,0
35.0,3.0,0.0,1.0,192.0,6.0,0.0,0.0,4.864,0
42.0,6.0,1.0,0.0,87.0,1.0,0.0,0.0,4.864,0
37.0,3.0,0.0,0.0,343.0,3.0,0.0,0.0,4.864,0
55.0,,0.0,0.0,319.0,1.0,0.0,0.0,4.864,0
52.0,6.0,1.0,0.0,135.0,2.0,0.0,0.0,4.864,0
44.0,6.0,1.0,0.0,55.0,1.0,0.0,0.0,4.864,0
43.0,1.0,0.0,0.0,246.0,1.0,0.0,0.0,4.864,0
37.0,6.0,0.0,0.0,255.0,1.0,0.0,0.0,4.864,0
37.0,6.0,0.0,0.0,87.0,1.0,0.0,0.0,4.864,0
33.0,4.0,0.0,0.0,283.0,1.0,0.0,0.0,4.864,0
33.0,3.0,0.0,0.0,127.0,1.0,0.0,0.0,4.864,0
43.0,1.0,1.0,0.0,618.0,2.0,0.0,0.0,4.864,1
40.0,4.0,0.0,0.0,171.0,1.0,0.0,0.0,4.864,0
56.0,1.0,0.0,0.0,95.0,1.0,0.0,0.0,4.864,0
43.0,6.0,0.0,0.0,197.0,3.0,0.0,0.0,4.864,0
60.0,4.0,1.0,0.0,118.0,2.0,0.0,0.0,4.864,0
24.0,5.0,1.0,1.0,447.0,1.0,0.0,0.0,4.864,0
44.0,1.0,1.0,0.0,151.0,2.0,0.0,0.0,4.864,0
38.0,3.0,1.0,0.0,565.0,2.0,0.0,0.0,4.864,0
38.0,3.0,1.0,0.0,219.0,1.0,0.0,0.0,4.864,0
60.0,1.0,1.0,0.0,161.0,1.0,0.0,0.0,4.864,0
33.0,,,,137.0,1.0,0.0,0.0,4.864,0
39.0,6.0,0.0,0.0,208.0,2.0,0.0,0.0,4.864,0
53.0,6.0,0.0,0.0,371.0,2.0,0.0,0.0,4.864,0
36.0,3.0,0.0,0.0,363.0,8.0,0.0,0.0,4.864,0
38.0,,1.0,0.0,63.0,2.0,0.0,0.0,4.864,0
32.0,6.0,0.0,0.0,47.0,8.0,0.0,0.0,4.864,0
34.0,6.0,0.0,0.0,83.0,2.0,0.0,0.0,4.864,0
41.0,5.0,1.0,0.0,72.0,1.0,0.0,0.0,4.864,0
23.0,4.0,0.0,0.0,557.0,2.0,0.0,0.0,4.864,0
33.0,4.0,0.0,1.0,84.0,3.0,0.0,0.0,4.864,0
28.0,3.0,0.0,0.0,254.0,2.0,0.0,0.0,4.864,0
59.0,,0.0,0.0,464.0,2.0,0.0,0.0,4.864,0
37.0,4.0,0.0,0.0,1236.0,2.0,0.0,0.0,4.864,1
33.0,1.0,0.0,0.0,33.0,2.0,0.0,0.0,4.864,0
25.0,4.0,0.0,0.0,1212.0,3.0,0.0,0.0,4.864,0
43.0,5.0,1.0,0.0,53.0,5.0,0.0,0.0,4.864,0
46.0,4.0,0.0,0.0,515.0,2.0,0.0,0.0,4.864,0
44.0,5.0,1.0,0.0,388.0,7.0,0.0,0.0,4.864,0
29.0,4.0,0.0,0.0,76.0,2.0,0.0,0.0,4.864,0
33.0,5.0,1.0,0.0,378.0,1.0,0.0,0.0,4.864,0
36.0,3.0,0.0,0.0,522.0,1.0,0.0,0.0,4.864,0
25.0,4.0,0.0,0.0,113.0,1.0,0.0,0.0,4.864,0
41.0,4.0,1.0,0.0,58.0,3.0,0.0,0.0,4.864,0
34.0,6.0,0.0,0.0,66.0,2.0,0.0,0.0,4.864,0
48.0,,1.0,0.0,722.0,3.0,0.0,0.0,4.864,1
38.0,4.0,0.0,0.0,510.0,3.0,0.0,0.0,4.864,0
29.0,3.0,0.0,0.0,267.0,14.0,0.0,0.0,4.864,0
45.0,3.0,0.0,0.0,222.0,9.0,0.0,0.0,4.864,0
41.0,5.0,0.0,0.0,363.0,3.0,0.0,0.0,4.864,0
27.0,2.0,1.0,0.0,408.0,2.0,0.0,0.0,4.864,0
59.0,3.0,0.0,0.0,135.0,9.0,0.0,0.0,4.864,0
36.0,1.0,1.0,0.0,166.0,2.0,0.0,0.0,4.864,0
34.0,6.0,0.0,0.0,62.0,2.0,0.0,0.0,4.864,0
50.0,2.0,0.0,0.0,66.0,4.0,0.0,0.0,4.864,0
28.0,6.0,1.0,1.0,163.0,3.0,0.0,0.0,4.864,0
57.0,4.0,0.0,0.0,72.0,2.0,0.0,0.0,4.864,0
50.0,,1.0,0.0,81.0,2.0,0.0,0.0,4.864,0
34.0,6.0,0.0,0.0,85.0,4.0,0.0,0.0,4.864,0
30.0,3.0,0.0,0.0,137.0,3.0,0.0,0.0,4.864,0
38.0,4.0,0.0,0.0,293.0,6.0,0.0,0.0,4.864,0
42.0,6.0,1.0,0.0,46.0,3.0,0.0,0.0,4.864,0
37.0,4.0,1.0,1.0,205.0,6.0,0.0,0.0,4.864,0
48.0,2.0,0.0,0.0,148.0,4.0,0.0,0.0,4.864,0
37.0,5.0,1.0,0.0,3631.0,2.0,0.0,0.0,4.864,1
31.0,3.0,0.0,0.0,1044.0,5.0,0.0,0.0,4.864,1
50.0,3.0,0.0,0.0,43.0,2.0,0.0,0.0,4.864,0
40.0,4.0,1.0,0.0,288.0,3.0,0.0,0.0,4.864,0
36.0,2.0,1.0,0.0,60.0,16.0,0.0,0.0,4.864,0
33.0,5.0,0.0,0.0,120.0,3.0,0.0,0.0,4.864,0
42.0,5.0,0.0,0.0,119.0,9.0,0.0,0.0,4.865,0
30.0,6.0,0.0,0.0,100.0,2.0,0.0,0.0,4.865,0
47.0,1.0,0.0,0.0,140.0,3.0,0.0,0.0,4.865,0
53.0,5.0,1.0,0.0,251.0,4.0,0.0,0.0,4.865,0
59.0,,0.0,1.0,88.0,4.0,0.0,0.0,4.865,0
57.0,,0.0,0.0,68.0,1.0,0.0,0.0,4.865,0
46.0,6.0,1.0,0.0,502.0,5.0,0.0,0.0,4.865,1
35.0,4.0,1.0,0.0,92.0,2.0,0.0,0.0,4.865,0
41.0,6.0,0.0,0.0,367.0,3.0,0.0,0.0,4.865,0
38.0,3.0,0.0,0.0,63.0,2.0,0.0,0.0,4.865,0
54.0,4.0,0.0,0.0,113.0,3.0,0.0,0.0,4.865,0
33.0,2.0,1.0,0.0,177.0,2.0,0.0,0.0,4.865,0
39.0,6.0,1.0,1.0,1075.0,2.0,0.0,0.0,4.865,0
40.0,5.0,0.0,0.0,21.0,1.0,0.0,0.0,4.865,0
43.0,6.0,0.0,0.0,114.0,1.0,0.0,0.0,4.865,0
46.0,3.0,0.0,0.0,245.0,1.0,0.0,0.0,4.865,0
38.0,6.0,0.0,0.0,258.0,1.0,0.0,0.0,4.865,0
34.0,5.0,1.0,0.0,40.0,1.0,0.0,0.0,4.865,0
40.0,6.0,1.0,0.0,527.0,1.0,0.0,0.0,4.865,0
35.0,1.0,0.0,0.0,651.0,1.0,0.0,0.0,4.865,0
43.0,1.0,1.0,0.0,129.0,1.0,0.0,0.0,4.865,0
51.0,6.0,1.0,1.0,409.0,2.0,0.0,0.0,4.865,0
33.0,4.0,0.0,0.0,283.0,1.0,0.0,0.0,4.865,0
47.0,6.0,0.0,1.0,67.0,2.0,0.0,0.0,4.865,0
48.0,5.0,0.0,0.0,105.0,3.0,0.0,0.0,4.865,0
32.0,5.0,1.0,0.0,26.0,1.0,0.0,0.0,4.865,0
35.0,6.0,1.0,0.0,68.0,21.0,0.0,0.0,4.865,0
38.0,3.0,0.0,0.0,464.0,1.0,0.0,0.0,4.865,0
45.0,3.0,0.0,0.0,185.0,1.0,0.0,0.0,4.865,0
58.0,2.0,0.0,0.0,80.0,1.0,0.0,0.0,4.865,0
49.0,5.0,0.0,0.0,464.0,2.0,0.0,0.0,4.865,0
32.0,3.0,0.0,0.0,447.0,2.0,0.0,0.0,4.865,0
33.0,3.0,0.0,0.0,76.0,1.0,0.0,0.0,4.865,0
26.0,4.0,0.0,0.0,118.0,1.0,0.0,0.0,4.865,0
39.0,4.0,,,122.0,1.0,0.0,0.0,4.865,0
32.0,4.0,0.0,0.0,142.0,4.0,0.0,0.0,4.865,0
47.0,5.0,0.0,0.0,317.0,6.0,0.0,0.0,4.865,0
51.0,1.0,1.0,1.0,184.0,1.0,0.0,0.0,4.865,0
55.0,5.0,1.0,1.0,354.0,1.0,0.0,0.0,4.865,0
29.0,1.0,1.0,0.0,148.0,2.0,0.0,0.0,4.865,0
51.0,5.0,0.0,1.0,147.0,1.0,0.0,0.0,4.865,0
41.0,6.0,1.0,0.0,178.0,4.0,0.0,0.0,4.865,0
25.0,6.0,0.0,0.0,121.0,4.0,0.0,0.0,4.865,0
34.0,4.0,1.0,0.0,562.0,3.0,0.0,0.0,4.865,0
36.0,6.0,0.0,0.0,221.0,7.0,0.0,0.0,4.865,0
51.0,,1.0,1.0,124.0,3.0,0.0,0.0,4.865,0
36.0,1.0,1.0,0.0,50.0,2.0,0.0,0.0,4.865,0
48.0,1.0,1.0,0.0,163.0,2.0,0.0,0.0,4.865,0
33.0,6.0,1.0,1.0,304.0,2.0,0.0,0.0,4.865,0
36.0,2.0,1.0,0.0,45.0,3.0,0.0,0.0,4.865,0
28.0,6.0,0.0,0.0,249.0,2.0,0.0,0.0,4.865,0
30.0,5.0,0.0,0.0,758.0,3.0,0.0,0.0,4.865,0
37.0,3.0,1.0,0.0,541.0,1.0,0.0,0.0,4.865,0
41.0,4.0,0.0,0.0,56.0,3.0,0.0,0.0,4.865,0
43.0,4.0,1.0,0.0,91.0,3.0,0.0,0.0,4.865,0
34.0,6.0,0.0,0.0,409.0,4.0,0.0,0.0,4.865,0
42.0,3.0,0.0,0.0,67.0,2.0,0.0,0.0,4.865,0
44.0,2.0,1.0,0.0,41.0,5.0,0.0,0.0,4.865,0
41.0,,0.0,0.0,424.0,2.0,0.0,0.0,4.865,0
52.0,6.0,1.0,0.0,76.0,2.0,0.0,0.0,4.865,0
56.0,6.0,0.0,0.0,252.0,4.0,0.0,0.0,4.865,0
47.0,4.0,0.0,0.0,548.0,8.0,0.0,0.0,4.865,0
55.0,2.0,0.0,0.0,228.0,2.0,0.0,0.0,4.865,0
45.0,6.0,0.0,0.0,71.0,1.0,0.0,0.0,4.865,0
32.0,4.0,1.0,0.0,29.0,32.0,0.0,0.0,4.865,0
47.0,6.0,1.0,0.0,42.0,1.0,0.0,0.0,4.865,0
44.0,,0.0,1.0,73.0,3.0,0.0,0.0,4.865,0
34.0,6.0,0.0,0.0,230.0,4.0,0.0,0.0,4.865,0
33.0,2.0,1.0,0.0,685.0,5.0,0.0,0.0,4.865,0
36.0,6.0,1.0,0.0,80.0,3.0,0.0,0.0,4.865,0
52.0,4.0,0.0,0.0,777.0,4.0,0.0,0.0,4.865,1
39.0,5.0,0.0,0.0,164.0,2.0,0.0,0.0,4.865,0
35.0,4.0,1.0,1.0,92.0,3.0,0.0,0.0,4.865,0
50.0,1.0,1.0,0.0,35.0,6.0,0.0,0.0,4.865,0
31.0,2.0,0.0,1.0,154.0,2.0,0.0,0.0,4.865,0
44.0,5.0,0.0,0.0,392.0,3.0,0.0,0.0,4.865,0
41.0,1.0,0.0,0.0,213.0,2.0,0.0,0.0,4.865,0
56.0,1.0,0.0,0.0,746.0,2.0,0.0,0.0,4.865,0
43.0,4.0,0.0,0.0,178.0,2.0,0.0,0.0,4.865,0
59.0,2.0,1.0,0.0,181.0,16.0,0.0,0.0,4.865,0
34.0,2.0,0.0,1.0,1576.0,3.0,0.0,0.0,4.865,0
35.0,6.0,1.0,1.0,444.0,2.0,0.0,0.0,4.865,1
33.0,6.0,0.0,1.0,16.0,13.0,0.0,0.0,4.865,0
44.0,5.0,0.0,0.0,312.0,3.0,0.0,0.0,4.865,0
36.0,5.0,0.0,0.0,90.0,4.0,0.0,0.0,4.865,0
39.0,4.0,0.0,0.0,232.0,3.0,0.0,0.0,4.865,0
39.0,5.0,0.0,0.0,432.0,4.0,0.0,0.0,4.865,1
34.0,6.0,0.0,0.0,20.0,8.0,0.0,0.0,4.864,0
48.0,5.0,0.0,0.0,55.0,1.0,0.0,0.0,4.864,0
55.0,1.0,0.0,1.0,115.0,3.0,0.0,0.0,4.864,0
41.0,6.0,0.0,0.0,238.0,2.0,0.0,0.0,4.864,0
29.0,6.0,0.0,0.0,161.0,1.0,0.0,0.0,4.864,0
33.0,5.0,0.0,1.0,46.0,1.0,0.0,0.0,4.864,0
36.0,4.0,0.0,0.0,275.0,1.0,0.0,0.0,4.864,0
41.0,2.0,,,202.0,1.0,0.0,0.0,4.864,0
31.0,4.0,1.0,0.0,953.0,1.0,0.0,0.0,4.864,0
59.0,4.0,0.0,1.0,103.0,1.0,0.0,0.0,4.864,0
38.0,5.0,0.0,0.0,68.0,1.0,0.0,0.0,4.864,0
37.0,4.0,1.0,0.0,132.0,1.0,0.0,0.0,4.864,0
52.0,6.0,0.0,0.0,43.0,1.0,0.0,0.0,4.864,0
34.0,1.0,0.0,0.0,404.0,13.0,0.0,0.0,4.864,0
58.0,1.0,0.0,0.0,164.0,1.0,0.0,0.0,4.864,0
49.0,2.0,0.0,0.0,88.0,2.0,0.0,0.0,4.864,0
31.0,4.0,1.0,1.0,440.0,1.0,0.0,0.0,4.864,0
38.0,6.0,1.0,0.0,284.0,1.0,0.0,0.0,4.864,0
40.0,1.0,1.0,0.0,161.0,3.0,0.0,0.0,4.864,0
50.0,2.0,1.0,0.0,103.0,2.0,0.0,0.0,4.864,0
50.0,4.0,1.0,0.0,235.0,1.0,0.0,0.0,4.864,0
56.0,,1.0,0.0,536.0,1.0,0.0,0.0,4.864,0
35.0,4.0,1.0,0.0,54.0,1.0,0.0,0.0,4.864,0
35.0,3.0,0.0,1.0,227.0,1.0,0.0,0.0,4.864,0
39.0,6.0,1.0,0.0,123.0,5.0,0.0,0.0,4.864,0
31.0,3.0,1.0,0.0,409.0,1.0,0.0,0.0,4.864,0
43.0,5.0,0.0,0.0,41.0,5.0,0.0,0.0,4.864,0
48.0,6.0,0.0,0.0,418.0,2.0,0.0,0.0,4.864,0
27.0,3.0,0.0,0.0,208.0,1.0,0.0,0.0,4.864,0
44.0,3.0,1.0,0.0,249.0,1.0,0.0,0.0,4.864,0
43.0,4.0,1.0,0.0,282.0,2.0,0.0,0.0,4.864,0
36.0,4.0,1.0,0.0,120.0,2.0,0.0,0.0,4.864,0
34.0,4.0,0.0,0.0,51.0,2.0,0.0,0.0,4.864,0
49.0,1.0,0.0,0.0,188.0,5.0,0.0,0.0,4.864,0
31.0,4.0,1.0,0.0,170.0,1.0,0.0,0.0,4.864,0
51.0,6.0,0.0,0.0,143.0,1.0,0.0,0.0,4.864,0
52.0,6.0,0.0,0.0,245.0,1.0,0.0,0.0,4.864,0
28.0,1.0,0.0,0.0,320.0,1.0,0.0,0.0,4.864,0
60.0,6.0,0.0,0.0,111.0,7.0,0.0,0.0,4.864,0
38.0,3.0,0.0,0.0,406.0,1.0,0.0,0.0,4.864,0
51.0,3.0,1.0,0.0,81.0,6.0,0.0,0.0,4.864,0
38.0,5.0,0.0,1.0,246.0,2.0,0.0,0.0,4.864,0
33.0,6.0,0.0,0.0,133.0,3.0,0.0,0.0,4.864,0
58.0,4.0,1.0,0.0,183.0,2.0,0.0,0.0,4.864,0
45.0,4.0,0.0,0.0,559.0,7.0,0.0,0.0,4.864,0
31.0,6.0,0.0,1.0,230.0,3.0,0.0,0.0,4.864,0
31.0,6.0,1.0,0.0,214.0,2.0,0.0,0.0,4.864,0
38.0,3.0,1.0,0.0,350.0,3.0,0.0,0.0,4.864,0
36.0,3.0,0.0,0.0,113.0,6.0,0.0,0.0,4.864,0
34.0,1.0,0.0,1.0,276.0,2.0,0.0,0.0,4.864,0
32.0,6.0,0.0,0.0,56.0,12.0,0.0,0.0,4.864,0
46.0,2.0,1.0,0.0,143.0,8.0,0.0,0.0,4.864,0
40.0,4.0,1.0,0.0,238.0,5.0,0.0,0.0,4.864,0
42.0,4.0,1.0,0.0,94.0,2.0,0.0,0.0,4.864,0
38.0,2.0,0.0,0.0,269.0,2.0,0.0,0.0,4.864,0
34.0,4.0,0.0,0.0,172.0,2.0,0.0,0.0,4.864,0
37.0,4.0,1.0,0.0,113.0,4.0,0.0,0.0,4.864,0
36.0,3.0,0.0,0.0,159.0,6.0,0.0,0.0,4.864,0
45.0,4.0,0.0,0.0,1516.0,2.0,0.0,0.0,4.864,0
35.0,4.0,0.0,0.0,173.0,14.0,0.0,0.0,4.864,0
42.0,4.0,1.0,0.0,457.0,1.0,0.0,0.0,4.864,0
44.0,6.0,1.0,0.0,25.0,1.0,0.0,0.0,4.864,0
48.0,1.0,0.0,0.0,145.0,8.0,0.0,0.0,4.864,0
30.0,3.0,0.0,0.0,89.0,1.0,0.0,0.0,4.864,0
50.0,6.0,1.0,0.0,407.0,1.0,0.0,0.0,4.864,0
34.0,1.0,1.0,0.0,250.0,1.0,0.0,0.0,4.864,0
52.0,1.0,0.0,0.0,633.0,1.0,0.0,0.0,4.864,1
31.0,4.0,1.0,1.0,135.0,2.0,0.0,0.0,4.864,0
39.0,4.0,1.0,0.0,96.0,3.0,0.0,0.0,4.864,0
34.0,6.0,0.0,1.0,46.0,2.0,0.0,0.0,4.864,0
46.0,2.0,1.0,0.0,267.0,2.0,0.0,0.0,4.864,0
41.0,1.0,1.0,0.0,105.0,3.0,0.0,0.0,4.864,0
38.0,6.0,0.0,1.0,578.0,1.0,0.0,0.0,4.864,1
37.0,6.0,0.0,0.0,193.0,2.0,0.0,0.0,4.864,0
36.0,6.0,1.0,0.0,1045.0,1.0,0.0,0.0,4.864,0
28.0,6.0,0.0,0.0,361.0,1.0,0.0,0.0,4.864,0
34.0,3.0,0.0,0.0,105.0,1.0,0.0,0.0,4.864,0
40.0,4.0,1.0,1.0,73.0,10.0,0.0,0.0,4.864,0
25.0,4.0,0.0,1.0,29.0,1.0,0.0,0.0,4.864,0
32.0,6.0,1.0,1.0,87.0,1.0,0.0,0.0,4.864,0
32.0,6.0,0.0,1.0,174.0,1.0,0.0,0.0,4.864,0
31.0,4.0,1.0,0.0,89.0,1.0,0.0,0.0,4.864,0
34.0,6.0,0.0,0.0,121.0,2.0,0.0,0.0,4.864,0
42.0,1.0,1.0,1.0,317.0,9.0,0.0,0.0,4.864,0
28.0,4.0,1.0,1.0,148.0,1.0,0.0,0.0,4.864,0
50.0,5.0,1.0,1.0,31.0,1.0,0.0,0.0,4.864,0
29.0,4.0,0.0,0.0,283.0,1.0,0.0,0.0,4.864,0
49.0,2.0,1.0,0.0,85.0,3.0,0.0,0.0,4.864,0
53.0,5.0,1.0,0.0,104.0,2.0,0.0,0.0,4.864,0
32.0,6.0,0.0,0.0,525.0,2.0,0.0,0.0,4.864,1
30.0,4.0,0.0,0.0,324.0,1.0,0.0,0.0,4.864,0
33.0,6.0,1.0,1.0,238.0,1.0,0.0,0.0,4.864,0
42.0,6.0,0.0,0.0,140.0,1.0,0.0,0.0,4.864,0
48.0,3.0,1.0,0.0,103.0,2.0,0.0,0.0,4.864,0
32.0,4.0,1.0,0.0,833.0,2.0,0.0,0.0,4.864,0
31.0,4.0,,,360.0,2.0,0.0,0.0,4.864,0
49.0,6.0,0.0,0.0,29.0,2.0,0.0,0.0,4.864,0
51.0,1.0,1.0,0.0,1254.0,10.0,0.0,0.0,4.864,0
39.0,4.0,0.0,0.0,139.0,2.0,0.0,0.0,4.864,0
53.0,1.0,1.0,0.0,597.0,7.0,0.0,0.0,4.864,0
32.0,1.0,1.0,0.0,228.0,8.0,0.0,0.0,4.864,0
51.0,1.0,0.0,1.0,85.0,5.0,0.0,0.0,4.864,0
33.0,4.0,0.0,0.0,187.0,2.0,0.0,0.0,4.864,0
37.0,5.0,0.0,0.0,42.0,16.0,0.0,0.0,4.864,0
41.0,1.0,1.0,0.0,95.0,2.0,0.0,0.0,4.864,0
32.0,4.0,0.0,0.0,324.0,1.0,0.0,0.0,4.864,0
50.0,4.0,0.0,0.0,144.0,1.0,0.0,0.0,4.864,0
36.0,3.0,,,1224.0,7.0,0.0,0.0,4.864,0
26.0,4.0,0.0,0.0,606.0,2.0,0.0,0.0,4.864,0
29.0,4.0,1.0,0.0,184.0,2.0,0.0,0.0,4.864,0
39.0,5.0,0.0,0.0,249.0,2.0,0.0,0.0,4.864,0
42.0,3.0,0.0,0.0,141.0,6.0,0.0,0.0,4.864,0
32.0,5.0,0.0,0.0,117.0,1.0,0.0,0.0,4.864,0
36.0,6.0,1.0,1.0,135.0,1.0,0.0,0.0,4.864,0
27.0,4.0,1.0,0.0,179.0,1.0,0.0,0.0,4.864,0
25.0,3.0,1.0,0.0,329.0,4.0,0.0,0.0,4.864,0
29.0,4.0,0.0,0.0,209.0,2.0,0.0,0.0,4.864,0
45.0,4.0,0.0,0.0,192.0,6.0,0.0,0.0,4.864,0
28.0,2.0,1.0,0.0,167.0,1.0,0.0,0.0,4.864,0
28.0,4.0,0.0,0.0,84.0,3.0,0.0,0.0,4.864,0
24.0,4.0,1.0,0.0,169.0,2.0,0.0,0.0,4.864,0
45.0,,0.0,0.0,46.0,16.0,0.0,0.0,4.864,0
46.0,4.0,1.0,0.0,216.0,2.0,0.0,0.0,4.864,0
52.0,4.0,1.0,0.0,122.0,1.0,0.0,0.0,4.864,0
39.0,4.0,0.0,0.0,172.0,2.0,0.0,0.0,4.864,0
59.0,3.0,0.0,0.0,361.0,1.0,0.0,0.0,4.864,0
40.0,4.0,0.0,1.0,243.0,1.0,0.0,0.0,4.866,0
39.0,5.0,1.0,0.0,27.0,1.0,0.0,0.0,4.866,0
44.0,6.0,0.0,0.0,75.0,1.0,0.0,0.0,4.866,0
37.0,5.0,1.0,0.0,168.0,1.0,0.0,0.0,4.866,0
36.0,,0.0,0.0,179.0,1.0,0.0,0.0,4.866,0
34.0,6.0,0.0,0.0,221.0,1.0,0.0,0.0,4.866,0
43.0,5.0,0.0,0.0,119.0,2.0,0.0,0.0,4.866,0
34.0,6.0,1.0,0.0,773.0,1.0,0.0,0.0,4.866,0
45.0,3.0,1.0,0.0,135.0,1.0,0.0,0.0,4.866,0
33.0,5.0,0.0,0.0,104.0,1.0,0.0,0.0,4.866,0
52.0,3.0,1.0,0.0,112.0,2.0,0.0,0.0,4.866,0
54.0,6.0,0.0,0.0,172.0,1.0,0.0,0.0,4.866,0
49.0,6.0,0.0,0.0,487.0,1.0,0.0,0.0,4.866,0
30.0,,0.0,0.0,116.0,1.0,0.0,0.0,4.866,0
52.0,4.0,0.0,0.0,48.0,2.0,0.0,0.0,4.866,0
46.0,6.0,0.0,0.0,93.0,1.0,0.0,0.0,4.866,0
46.0,6.0,0.0,0.0,57.0,6.0,0.0,0.0,4.866,0
36.0,5.0,1.0,0.0,21.0,1.0,0.0,0.0,4.866,0
28.0,5.0,0.0,0.0,492.0,2.0,0.0,0.0,4.866,0
33.0,6.0,1.0,0.0,271.0,1.0,0.0,0.0,4.866,0
44.0,6.0,0.0,0.0,175.0,1.0,0.0,0.0,4.866,0
49.0,3.0,0.0,0.0,1149.0,2.0,0.0,0.0,4.866,1
27.0,6.0,0.0,1.0,263.0,2.0,0.0,0.0,4.866,0
38.0,1.0,0.0,1.0,90.0,1.0,0.0,0.0,4.866,0
45.0,1.0,1.0,0.0,100.0,1.0,0.0,0.0,4.866,0
41.0,6.0,1.0,0.0,52.0,8.0,0.0,0.0,4.866,0
56.0,1.0,1.0,1.0,36.0,2.0,0.0,0.0,4.866,0
43.0,1.0,0.0,0.0,287.0,1.0,0.0,0.0,4.866,0
37.0,4.0,0.0,0.0,106.0,2.0,0.0,0.0,4.866,0
45.0,,0.0,0.0,264.0,1.0,0.0,0.0,4.866,0
36.0,4.0,0.0,0.0,272.0,1.0,0.0,0.0,4.866,0
50.0,1.0,1.0,0.0,152.0,1.0,0.0,0.0,4.866,0
37.0,4.0,1.0,0.0,218.0,1.0,0.0,0.0,4.866,0
57.0,4.0,0.0,1.0,267.0,1.0,0.0,0.0,4.866,0
47.0,5.0,0.0,0.0,202.0,1.0,0.0,0.0,4.866,0
56.0,3.0,1.0,0.0,60.0,20.0,0.0,0.0,4.866,0
31.0,1.0,0.0,0.0,590.0,3.0,0.0,0.0,4.866,1
49.0,6.0,1.0,0.0,234.0,2.0,0.0,0.0,4.866,0
50.0,1.0,,,80.0,2.0,0.0,0.0,4.866,0
41.0,,0.0,1.0,636.0,1.0,0.0,0.0,4.866,1
28.0,1.0,0.0,0.0,118.0,1.0,0.0,0.0,4.866,0
59.0,,0.0,0.0,701.0,1.0,0.0,0.0,4.866,1
35.0,5.0,1.0,0.0,160.0,1.0,0.0,0.0,4.866,0
39.0,4.0,0.0,0.0,227.0,1.0,0.0,0.0,4.866,0
41.0,6.0,0.0,0.0,115.0,2.0,0.0,0.0,4.866,0
44.0,4.0,0.0,0.0,227.0,2.0,0.0,0.0,4.866,0
46.0,1.0,1.0,0.0,71.0,1.0,0.0,0.0,4.866,0
41.0,3.0,0.0,0.0,237.0,2.0,0.0,0.0,4.866,0
50.0,5.0,1.0,0.0,87.0,1.0,0.0,0.0,4.866,0
34.0,5.0,0.0,0.0,432.0,8.0,0.0,0.0,4.866,0
40.0,6.0,0.0,0.0,85.0,3.0,0.0,0.0,4.866,0
35.0,3.0,0.0,0.0,77.0,2.0,0.0,0.0,4.866,0
57.0,6.0,1.0,0.0,318.0,3.0,0.0,0.0,4.866,0
41.0,5.0,,,127.0,6.0,0.0,0.0,4.866,0
29.0,4.0,1.0,0.0,1018.0,3.0,0.0,0.0,4.866,1
46.0,2.0,0.0,0.0,90.0,2.0,0.0,0.0,4.866,0
40.0,4.0,0.0,0.0,314.0,2.0,0.0,0.0,4.866,0
43.0,5.0,1.0,0.0,193.0,2.0,0.0,0.0,4.866,0
27.0,3.0,0.0,1.0,869.0,2.0,0.0,0.0,4.866,0
56.0,5.0,1.0,0.0,150.0,2.0,0.0,0.0,4.866,0
49.0,6.0,1.0,1.0,460.0,3.0,0.0,0.0,4.866,0
34.0,5.0,0.0,0.0,884.0,4.0,0.0,0.0,4.866,1
51.0,4.0,0.0,0.0,93.0,3.0,0.0,0.0,4.866,0
34.0,3.0,1.0,0.0,319.0,6.0,0.0,0.0,4.866,0
45.0,6.0,0.0,0.0,108.0,2.0,0.0,0.0,4.866,0
37.0,1.0,1.0,0.0,222.0,2.0,0.0,0.0,4.866,0
35.0,5.0,1.0,0.0,18.0,31.0,0.0,0.0,4.866,0
42.0,2.0,0.0,0.0,87.0,2.0,0.0,0.0,4.866,0
57.0,5.0,1.0,0.0,451.0,2.0,0.0,0.0,4.866,0
50.0,1.0,0.0,0.0,182.0,1.0,0.0,0.0,4.866,0
30.0,4.0,0.0,1.0,105.0,1.0,0.0,0.0,4.967,0
39.0,4.0,1.0,0.0,554.0,1.0,0.0,0.0,4.967,1
44.0,3.0,1.0,0.0,447.0,2.0,0.0,0.0,4.967,0
41.0,3.0,1.0,0.0,513.0,3.0,0.0,0.0,4.967,0
56.0,1.0,0.0,0.0,84.0,2.0,0.0,0.0,4.967,0
57.0,6.0,1.0,0.0,351.0,1.0,0.0,0.0,4.967,0
30.0,5.0,0.0,0.0,101.0,2.0,0.0,0.0,4.967,0
51.0,4.0,1.0,0.0,246.0,2.0,0.0,0.0,4.967,0
41.0,1.0,0.0,0.0,189.0,3.0,0.0,0.0,4.967,0
31.0,4.0,0.0,0.0,672.0,2.0,0.0,0.0,4.967,0
58.0,3.0,0.0,0.0,80.0,3.0,0.0,0.0,4.967,0
45.0,3.0,1.0,0.0,194.0,3.0,0.0,0.0,4.967,0
52.0,3.0,0.0,0.0,188.0,1.0,0.0,0.0,4.967,0
30.0,4.0,1.0,0.0,51.0,1.0,0.0,0.0,4.967,0
42.0,5.0,0.0,0.0,24.0,1.0,0.0,0.0,4.967,0
40.0,2.0,0.0,1.0,386.0,1.0,0.0,0.0,4.967,0
42.0,3.0,0.0,0.0,42.0,1.0,0.0,0.0,4.967,0
38.0,6.0,0.0,0.0,52.0,13.0,0.0,0.0,4.967,0
58.0,4.0,1.0,1.0,136.0,13.0,0.0,0.0,4.967,0
40.0,4.0,0.0,0.0,97.0,1.0,0.0,0.0,4.967,0
26.0,6.0,1.0,0.0,168.0,3.0,0.0,0.0,4.967,0
47.0,1.0,1.0,0.0,44.0,1.0,0.0,0.0,4.967,0
35.0,6.0,0.0,0.0,78.0,3.0,0.0,0.0,4.967,0
43.0,6.0,0.0,0.0,84.0,5.0,0.0,0.0,4.967,0
32.0,4.0,1.0,0.0,219.0,1.0,0.0,0.0,4.967,0
47.0,4.0,,,136.0,1.0,0.0,0.0,4.967,0
30.0,6.0,1.0,0.0,40.0,1.0,0.0,0.0,4.967,0
47.0,4.0,0.0,1.0,383.0,1.0,0.0,0.0,4.967,0
40.0,3.0,0.0,1.0,176.0,2.0,0.0,0.0,4.967,0
36.0,6.0,,,217.0,2.0,0.0,0.0,4.967,0
48.0,2.0,,,52.0,1.0,0.0,0.0,4.967,0
40.0,5.0,0.0,0.0,554.0,2.0,0.0,0.0,4.967,1
41.0,3.0,1.0,0.0,326.0,1.0,0.0,0.0,4.967,0
29.0,4.0,0.0,0.0,319.0,4.0,0.0,0.0,4.967,0
31.0,6.0,0.0,0.0,213.0,2.0,0.0,0.0,4.967,0
34.0,6.0,0.0,0.0,94.0,7.0,0.0,0.0,4.967,0
31.0,6.0,1.0,0.0,422.0,5.0,0.0,0.0,4.967,0
53.0,3.0,0.0,0.0,122.0,3.0,0.0,0.0,4.967,0
49.0,1.0,1.0,0.0,190.0,2.0,0.0,0.0,4.967,0
38.0,3.0,,,430.0,1.0,0.0,0.0,4.967,0
32.0,5.0,0.0,0.0,24.0,1.0,0.0,0.0,4.967,0
38.0,4.0,0.0,0.0,58.0,1.0,0.0,0.0,4.967,0
41.0,3.0,0.0,0.0,1085.0,1.0,0.0,0.0,4.967,1
53.0,6.0,0.0,0.0,1330.0,3.0,0.0,0.0,4.967,0
37.0,5.0,1.0,0.0,42.0,1.0,0.0,0.0,4.967,0
50.0,1.0,1.0,0.0,313.0,1.0,0.0,0.0,4.967,0
38.0,6.0,0.0,0.0,197.0,3.0,0.0,0.0,4.967,0
33.0,5.0,0.0,0.0,1271.0,2.0,0.0,0.0,4.967,0
37.0,6.0,0.0,0.0,155.0,3.0,0.0,0.0,4.967,0
35.0,6.0,0.0,0.0,466.0,2.0,0.0,0.0,4.967,0
31.0,6.0,0.0,0.0,298.0,2.0,0.0,0.0,4.967,0
51.0,5.0,1.0,0.0,119.0,1.0,0.0,0.0,4.967,0
51.0,3.0,1.0,0.0,114.0,7.0,0.0,0.0,4.967,0
28.0,2.0,0.0,0.0,419.0,2.0,0.0,0.0,4.967,0
42.0,6.0,0.0,0.0,298.0,2.0,0.0,0.0,4.967,0
49.0,1.0,0.0,0.0,151.0,1.0,0.0,0.0,4.967,0
39.0,5.0,1.0,0.0,136.0,6.0,0.0,0.0,4.967,0
30.0,3.0,0.0,0.0,158.0,2.0,0.0,0.0,4.967,0
41.0,,0.0,0.0,280.0,3.0,0.0,0.0,4.967,0
35.0,5.0,1.0,0.0,34.0,2.0,0.0,0.0,4.967,0
41.0,1.0,1.0,0.0,128.0,2.0,0.0,0.0,4.967,0
55.0,1.0,0.0,0.0,1469.0,9.0,0.0,0.0,4.967,1
41.0,6.0,0.0,0.0,235.0,3.0,0.0,0.0,4.967,0
32.0,6.0,,,121.0,4.0,0.0,0.0,4.967,0
29.0,5.0,0.0,0.0,145.0,1.0,0.0,0.0,4.967,0
47.0,5.0,0.0,0.0,61.0,1.0,0.0,0.0,4.967,0
38.0,5.0,1.0,0.0,111.0,5.0,0.0,0.0,4.967,0
51.0,1.0,1.0,0.0,183.0,1.0,0.0,0.0,4.967,0
36.0,4.0,1.0,0.0,61.0,1.0,0.0,0.0,4.967,0
58.0,3.0,0.0,0.0,33.0,2.0,0.0,0.0,4.967,0
38.0,3.0,0.0,0.0,31.0,1.0,0.0,0.0,4.967,0
45.0,3.0,1.0,0.0,214.0,1.0,0.0,0.0,4.961,0
47.0,6.0,1.0,0.0,82.0,2.0,0.0,0.0,4.961,0
26.0,4.0,1.0,0.0,256.0,1.0,0.0,0.0,4.961,0
48.0,5.0,1.0,0.0,358.0,3.0,0.0,0.0,4.961,0
31.0,3.0,1.0,1.0,238.0,1.0,0.0,0.0,4.961,0
47.0,1.0,0.0,1.0,74.0,2.0,0.0,0.0,4.961,0
26.0,2.0,0.0,0.0,123.0,1.0,0.0,0.0,4.961,0
39.0,,0.0,1.0,152.0,2.0,0.0,0.0,4.961,0
48.0,1.0,0.0,0.0,254.0,1.0,0.0,0.0,4.961,0
39.0,2.0,1.0,0.0,213.0,1.0,0.0,0.0,4.961,0
34.0,4.0,0.0,0.0,540.0,1.0,0.0,0.0,4.961,0
29.0,4.0,0.0,0.0,100.0,1.0,0.0,0.0,4.961,0
32.0,3.0,0.0,0.0,70.0,1.0,0.0,0.0,4.961,0
29.0,4.0,0.0,0.0,255.0,1.0,0.0,0.0,4.961,0
44.0,5.0,1.0,0.0,173.0,1.0,0.0,0.0,4.961,0
24.0,4.0,0.0,0.0,700.0,1.0,0.0,0.0,4.961,1
40.0,5.0,0.0,0.0,96.0,1.0,0.0,0.0,4.961,0
34.0,5.0,1.0,1.0,190.0,1.0,0.0,0.0,4.961,0
36.0,5.0,0.0,0.0,183.0,1.0,0.0,0.0,4.961,0
36.0,5.0,0.0,0.0,151.0,1.0,0.0,0.0,4.961,0
46.0,6.0,1.0,0.0,186.0,1.0,0.0,0.0,4.961,0
34.0,3.0,0.0,0.0,73.0,1.0,0.0,0.0,4.961,0
46.0,5.0,0.0,0.0,88.0,1.0,0.0,0.0,4.961,0
36.0,4.0,1.0,0.0,112.0,4.0,0.0,0.0,4.961,0
41.0,3.0,0.0,0.0,123.0,2.0,0.0,0.0,4.961,0
41.0,6.0,1.0,1.0,378.0,1.0,0.0,0.0,4.961,0
25.0,1.0,1.0,1.0,81.0,1.0,0.0,0.0,4.961,0
45.0,6.0,1.0,1.0,173.0,1.0,0.0,0.0,4.961,0
32.0,5.0,1.0,0.0,127.0,2.0,0.0,0.0,4.961,0
40.0,5.0,0.0,0.0,119.0,1.0,0.0,0.0,4.961,0
34.0,4.0,1.0,0.0,491.0,6.0,0.0,0.0,4.961,1
25.0,5.0,1.0,0.0,97.0,1.0,0.0,0.0,4.961,0
31.0,1.0,1.0,1.0,240.0,2.0,0.0,0.0,4.961,0
30.0,6.0,0.0,1.0,87.0,2.0,0.0,0.0,4.961,0
43.0,4.0,0.0,0.0,198.0,2.0,0.0,0.0,4.961,0
46.0,6.0,1.0,0.0,24.0,1.0,0.0,0.0,4.961,0
41.0,3.0,0.0,0.0,245.0,1.0,0.0,0.0,4.961,0
50.0,1.0,0.0,0.0,514.0,3.0,0.0,0.0,4.961,0
32.0,4.0,1.0,0.0,83.0,2.0,0.0,0.0,4.961,0
45.0,4.0,1.0,0.0,222.0,3.0,0.0,0.0,4.961,0
28.0,4.0,1.0,0.0,419.0,2.0,0.0,0.0,4.961,0
48.0,4.0,1.0,0.0,65.0,3.0,0.0,0.0,4.961,0
46.0,4.0,1.0,0.0,96.0,6.0,0.0,0.0,4.961,0
27.0,6.0,1.0,0.0,486.0,3.0,0.0,0.0,4.961,1
32.0,3.0,1.0,0.0,22.0,17.0,0.0,0.0,4.961,0
25.0,3.0,,,185.0,2.0,0.0,0.0,4.961,0
34.0,4.0,1.0,0.0,220.0,2.0,0.0,0.0,4.961,0
41.0,3.0,0.0,0.0,85.0,4.0,0.0,0.0,4.961,0
26.0,4.0,0.0,0.0,108.0,2.0,0.0,0.0,4.961,0
42.0,3.0,0.0,0.0,306.0,5.0,0.0,0.0,4.961,0
39.0,6.0,1.0,0.0,436.0,2.0,0.0,0.0,4.961,0
35.0,1.0,1.0,0.0,184.0,5.0,0.0,0.0,4.961,0
41.0,3.0,1.0,0.0,178.0,4.0,0.0,0.0,4.961,0
37.0,3.0,1.0,1.0,332.0,2.0,0.0,0.0,4.961,0
45.0,5.0,1.0,1.0,330.0,3.0,0.0,0.0,4.961,0
33.0,3.0,0.0,1.0,182.0,2.0,0.0,0.0,4.961,0
34.0,2.0,0.0,0.0,478.0,2.0,0.0,0.0,4.961,0
35.0,4.0,0.0,0.0,94.0,4.0,0.0,0.0,4.961,0
37.0,6.0,0.0,0.0,76.0,3.0,0.0,0.0,4.959,0
29.0,5.0,1.0,0.0,583.0,4.0,0.0,0.0,4.959,1
25.0,,0.0,0.0,490.0,2.0,0.0,0.0,4.959,0
34.0,4.0,1.0,0.0,42.0,2.0,0.0,0.0,4.959,0
55.0,1.0,1.0,0.0,175.0,4.0,0.0,0.0,4.959,0
29.0,6.0,0.0,0.0,442.0,1.0,0.0,0.0,4.959,0
28.0,6.0,0.0,0.0,191.0,1.0,0.0,0.0,4.959,0
49.0,5.0,0.0,1.0,339.0,1.0,0.0,0.0,4.959,0
48.0,3.0,0.0,1.0,116.0,1.0,0.0,0.0,4.959,0
48.0,4.0,0.0,0.0,314.0,1.0,0.0,0.0,4.959,0
36.0,2.0,1.0,0.0,153.0,1.0,0.0,0.0,4.959,0
45.0,5.0,1.0,0.0,83.0,1.0,0.0,0.0,4.959,0
47.0,1.0,0.0,0.0,79.0,1.0,0.0,0.0,4.959,0
38.0,1.0,0.0,0.0,95.0,2.0,0.0,0.0,4.959,0
42.0,5.0,0.0,0.0,115.0,16.0,0.0,0.0,4.959,0
45.0,2.0,1.0,0.0,55.0,1.0,0.0,0.0,4.959,0
48.0,3.0,0.0,0.0,100.0,1.0,0.0,0.0,4.959,0
37.0,4.0,0.0,0.0,61.0,1.0,0.0,0.0,4.959,0
60.0,5.0,0.0,0.0,72.0,1.0,0.0,0.0,4.959,0
33.0,6.0,1.0,1.0,553.0,1.0,0.0,0.0,4.959,0
57.0,,0.0,0.0,651.0,2.0,0.0,0.0,4.959,1
36.0,,1.0,1.0,116.0,7.0,0.0,0.0,4.959,0
44.0,4.0,1.0,0.0,340.0,1.0,0.0,0.0,4.959,0
56.0,1.0,1.0,0.0,114.0,1.0,0.0,0.0,4.959,0
35.0,6.0,1.0,0.0,100.0,5.0,0.0,0.0,4.959,0
56.0,1.0,0.0,0.0,133.0,2.0,0.0,0.0,4.959,0
35.0,2.0,0.0,0.0,147.0,4.0,0.0,0.0,4.959,0
25.0,5.0,1.0,0.0,394.0,2.0,0.0,0.0,4.959,0
45.0,2.0,0.0,0.0,215.0,2.0,0.0,0.0,4.959,0
45.0,3.0,0.0,0.0,230.0,13.0,0.0,0.0,4.959,0
40.0,1.0,0.0,0.0,105.0,3.0,0.0,0.0,4.959,0
45.0,4.0,1.0,0.0,126.0,2.0,0.0,0.0,4.959,0
49.0,6.0,0.0,0.0,141.0,2.0,0.0,0.0,4.959,0
53.0,3.0,0.0,0.0,111.0,10.0,0.0,0.0,4.959,0
34.0,4.0,,,104.0,2.0,0.0,0.0,4.959,0
30.0,,1.0,0.0,597.0,10.0,0.0,0.0,4.959,0
30.0,4.0,1.0,0.0,138.0,5.0,0.0,0.0,4.959,0
42.0,2.0,0.0,0.0,218.0,7.0,0.0,0.0,4.959,0
50.0,1.0,0.0,0.0,222.0,2.0,0.0,0.0,4.959,0
30.0,6.0,0.0,0.0,58.0,3.0,0.0,0.0,4.959,0
32.0,4.0,0.0,0.0,850.0,8.0,0.0,0.0,4.959,0
32.0,3.0,0.0,0.0,307.0,2.0,0.0,0.0,4.958,0
59.0,6.0,0.0,0.0,136.0,2.0,0.0,0.0,4.958,0
43.0,5.0,0.0,0.0,112.0,2.0,0.0,0.0,4.958,0
44.0,5.0,0.0,0.0,171.0,1.0,0.0,0.0,4.958,0
27.0,6.0,0.0,1.0,137.0,1.0,0.0,0.0,4.958,0
48.0,5.0,1.0,0.0,49.0,2.0,0.0,0.0,4.958,0
42.0,2.0,0.0,0.0,165.0,1.0,0.0,0.0,4.958,0
30.0,4.0,0.0,0.0,92.0,2.0,0.0,0.0,4.958,0
36.0,4.0,0.0,1.0,91.0,1.0,0.0,0.0,4.958,0
32.0,6.0,1.0,0.0,12.0,3.0,0.0,0.0,4.958,0
35.0,,1.0,0.0,66.0,1.0,0.0,0.0,4.958,0
41.0,3.0,1.0,0.0,385.0,1.0,0.0,0.0,4.958,0
40.0,4.0,0.0,0.0,97.0,1.0,0.0,0.0,4.958,0
47.0,5.0,0.0,0.0,223.0,1.0,0.0,0.0,4.958,0
38.0,4.0,0.0,0.0,252.0,1.0,0.0,0.0,4.958,0
48.0,,0.0,0.0,189.0,1.0,0.0,0.0,4.958,0
38.0,6.0,0.0,0.0,72.0,1.0,0.0,0.0,4.958,0
58.0,6.0,1.0,1.0,43.0,1.0,0.0,0.0,4.958,0
54.0,6.0,1.0,0.0,394.0,1.0,0.0,0.0,4.958,0
42.0,2.0,1.0,0.0,174.0,1.0,0.0,0.0,4.958,0
35.0,4.0,0.0,0.0,56.0,1.0,0.0,0.0,4.958,0
48.0,3.0,0.0,0.0,113.0,1.0,0.0,0.0,4.958,0
43.0,4.0,1.0,0.0,30.0,1.0,0.0,0.0,4.958,0
36.0,4.0,1.0,1.0,77.0,6.0,0.0,0.0,4.958,0
49.0,5.0,0.0,1.0,138.0,1.0,0.0,0.0,4.958,0
32.0,3.0,0.0,0.0,52.0,5.0,0.0,0.0,4.958,0
52.0,1.0,1.0,0.0,558.0,1.0,0.0,0.0,4.958,0
40.0,1.0,0.0,0.0,124.0,1.0,0.0,0.0,4.958,0
39.0,6.0,0.0,1.0,127.0,1.0,0.0,0.0,4.958,0
47.0,1.0,1.0,0.0,309.0,1.0,0.0,0.0,4.958,0
34.0,5.0,0.0,0.0,317.0,1.0,0.0,0.0,4.958,0
46.0,5.0,1.0,0.0,410.0,1.0,0.0,0.0,4.958,0
48.0,6.0,1.0,0.0,298.0,3.0,0.0,0.0,4.958,0
49.0,1.0,0.0,0.0,67.0,3.0,0.0,0.0,4.958,0
43.0,3.0,0.0,0.0,190.0,2.0,0.0,0.0,4.958,0
41.0,3.0,1.0,0.0,85.0,2.0,0.0,0.0,4.958,0
36.0,4.0,0.0,0.0,316.0,2.0,0.0,0.0,4.958,0
33.0,6.0,0.0,1.0,166.0,2.0,0.0,0.0,4.958,0
47.0,1.0,1.0,0.0,211.0,2.0,0.0,0.0,4.958,0
34.0,4.0,1.0,0.0,161.0,2.0,0.0,0.0,4.958,0
45.0,2.0,1.0,0.0,252.0,2.0,0.0,0.0,4.96,0
35.0,6.0,1.0,0.0,82.0,4.0,0.0,0.0,4.96,0
46.0,5.0,0.0,0.0,424.0,2.0,0.0,0.0,4.96,0
38.0,2.0,0.0,1.0,172.0,6.0,0.0,0.0,4.96,0
33.0,4.0,1.0,0.0,119.0,2.0,0.0,0.0,4.96,0
52.0,6.0,0.0,0.0,184.0,3.0,0.0,0.0,4.96,0
40.0,4.0,0.0,0.0,349.0,2.0,0.0,0.0,4.96,0
38.0,4.0,0.0,0.0,100.0,3.0,0.0,0.0,4.96,0
34.0,3.0,0.0,0.0,95.0,8.0,0.0,0.0,4.96,0
59.0,4.0,0.0,0.0,204.0,4.0,0.0,0.0,4.96,0
31.0,3.0,0.0,0.0,195.0,2.0,0.0,0.0,4.96,0
50.0,3.0,0.0,0.0,264.0,4.0,0.0,0.0,4.96,0
56.0,1.0,0.0,0.0,123.0,2.0,0.0,0.0,4.96,0
34.0,6.0,0.0,0.0,146.0,3.0,0.0,0.0,4.96,0
34.0,3.0,0.0,0.0,206.0,1.0,0.0,0.0,4.96,0
52.0,,0.0,0.0,215.0,3.0,0.0,0.0,4.96,0
33.0,1.0,0.0,0.0,41.0,1.0,0.0,0.0,4.96,0
36.0,6.0,0.0,0.0,1093.0,1.0,0.0,0.0,4.96,1
43.0,3.0,1.0,0.0,1395.0,2.0,0.0,0.0,4.96,1
35.0,6.0,1.0,0.0,178.0,4.0,0.0,0.0,4.96,0
59.0,1.0,1.0,0.0,64.0,1.0,0.0,0.0,4.96,0
25.0,4.0,1.0,1.0,100.0,1.0,0.0,0.0,4.96,0
52.0,1.0,0.0,0.0,50.0,3.0,0.0,0.0,4.96,0
40.0,3.0,0.0,0.0,121.0,5.0,0.0,0.0,4.96,0
40.0,1.0,0.0,0.0,286.0,1.0,0.0,0.0,4.96,0
26.0,4.0,0.0,1.0,1021.0,1.0,0.0,0.0,4.96,0
32.0,3.0,1.0,0.0,39.0,1.0,0.0,0.0,4.96,0
37.0,6.0,1.0,0.0,348.0,1.0,0.0,0.0,4.96,0
52.0,3.0,0.0,0.0,401.0,2.0,0.0,0.0,4.96,0
29.0,6.0,0.0,0.0,78.0,1.0,0.0,0.0,4.96,0
55.0,5.0,0.0,0.0,394.0,2.0,0.0,0.0,4.96,0
43.0,4.0,0.0,0.0,153.0,1.0,0.0,0.0,4.96,0
46.0,4.0,,,500.0,1.0,0.0,0.0,4.96,0
56.0,4.0,1.0,0.0,13.0,1.0,0.0,0.0,4.96,0
45.0,,0.0,1.0,73.0,1.0,0.0,0.0,4.96,0
53.0,1.0,0.0,0.0,193.0,1.0,0.0,0.0,4.96,0
26.0,1.0,1.0,1.0,41.0,1.0,0.0,0.0,4.96,0
39.0,4.0,1.0,0.0,358.0,1.0,0.0,0.0,4.96,0
51.0,3.0,1.0,0.0,254.0,1.0,0.0,0.0,4.96,0
43.0,2.0,1.0,0.0,51.0,1.0,0.0,0.0,4.96,0
42.0,3.0,1.0,0.0,88.0,1.0,0.0,0.0,4.96,0
30.0,6.0,1.0,0.0,342.0,1.0,0.0,0.0,4.96,0
39.0,6.0,0.0,0.0,721.0,3.0,0.0,0.0,4.96,1
60.0,1.0,0.0,0.0,155.0,4.0,0.0,0.0,4.96,0
58.0,1.0,0.0,0.0,170.0,6.0,0.0,0.0,4.96,0
32.0,4.0,0.0,0.0,244.0,3.0,0.0,0.0,4.96,0
34.0,3.0,0.0,1.0,18.0,30.0,0.0,0.0,4.96,0
26.0,3.0,1.0,0.0,102.0,35.0,0.0,0.0,4.96,0
24.0,4.0,1.0,0.0,341.0,3.0,0.0,0.0,4.96,0
33.0,4.0,0.0,0.0,314.0,3.0,0.0,0.0,4.96,0
57.0,6.0,0.0,0.0,103.0,3.0,0.0,0.0,4.96,0
44.0,1.0,1.0,0.0,17.0,25.0,0.0,0.0,4.96,0
47.0,1.0,1.0,0.0,2769.0,4.0,0.0,0.0,4.96,1
54.0,4.0,0.0,0.0,77.0,5.0,0.0,0.0,4.96,0
34.0,4.0,0.0,1.0,222.0,3.0,0.0,0.0,4.961,0
34.0,6.0,1.0,0.0,150.0,3.0,0.0,0.0,4.961,0
36.0,4.0,0.0,0.0,49.0,2.0,0.0,0.0,4.961,0
31.0,4.0,0.0,0.0,37.0,6.0,0.0,0.0,4.961,0
47.0,5.0,1.0,0.0,78.0,1.0,0.0,0.0,4.961,0
50.0,4.0,1.0,0.0,285.0,1.0,0.0,0.0,4.961,0
54.0,6.0,1.0,0.0,183.0,1.0,0.0,0.0,4.961,0
51.0,1.0,1.0,0.0,83.0,1.0,0.0,0.0,4.961,0
53.0,1.0,0.0,0.0,527.0,1.0,0.0,0.0,4.961,0
49.0,3.0,0.0,1.0,156.0,2.0,0.0,0.0,4.961,0
27.0,6.0,0.0,0.0,139.0,3.0,0.0,0.0,4.961,0
36.0,6.0,0.0,0.0,198.0,1.0,0.0,0.0,4.961,0
39.0,6.0,0.0,0.0,132.0,2.0,0.0,0.0,4.961,0
32.0,5.0,0.0,0.0,129.0,1.0,0.0,0.0,4.961,0
32.0,1.0,0.0,0.0,135.0,1.0,0.0,0.0,4.961,0
47.0,1.0,0.0,0.0,241.0,1.0,0.0,0.0,4.961,0
36.0,6.0,0.0,0.0,107.0,4.0,0.0,0.0,4.961,0
31.0,2.0,1.0,1.0,105.0,1.0,0.0,0.0,4.961,0
36.0,4.0,1.0,0.0,652.0,2.0,0.0,0.0,4.961,0
34.0,6.0,1.0,0.0,150.0,2.0,0.0,0.0,4.961,0
49.0,3.0,1.0,0.0,79.0,31.0,0.0,0.0,4.961,0
45.0,,0.0,0.0,164.0,4.0,0.0,0.0,4.961,0
43.0,5.0,0.0,0.0,161.0,1.0,0.0,0.0,4.961,0
38.0,6.0,0.0,1.0,346.0,2.0,0.0,0.0,4.961,0
41.0,4.0,1.0,1.0,31.0,1.0,0.0,0.0,4.961,0
47.0,5.0,0.0,0.0,88.0,2.0,0.0,0.0,4.961,0
57.0,2.0,0.0,0.0,986.0,1.0,0.0,0.0,4.961,0
32.0,6.0,1.0,0.0,1162.0,2.0,0.0,0.0,4.961,0
50.0,1.0,0.0,0.0,209.0,3.0,0.0,0.0,4.961,0
60.0,5.0,0.0,0.0,247.0,5.0,0.0,0.0,4.961,0
27.0,4.0,1.0,0.0,170.0,2.0,0.0,0.0,4.961,0
28.0,5.0,0.0,1.0,63.0,2.0,0.0,0.0,4.961,0
40.0,3.0,1.0,0.0,168.0,2.0,0.0,0.0,4.961,0
59.0,2.0,1.0,0.0,133.0,2.0,0.0,0.0,4.961,0
35.0,5.0,1.0,0.0,117.0,3.0,0.0,0.0,4.961,0
32.0,3.0,1.0,1.0,408.0,2.0,0.0,0.0,4.961,0
33.0,4.0,0.0,0.0,96.0,2.0,0.0,0.0,4.961,0
42.0,,1.0,0.0,60.0,3.0,0.0,0.0,4.961,0
28.0,4.0,1.0,0.0,185.0,3.0,0.0,0.0,4.961,0
32.0,3.0,0.0,0.0,138.0,3.0,0.0,0.0,4.961,0
38.0,6.0,0.0,0.0,311.0,2.0,0.0,0.0,4.961,0
50.0,1.0,0.0,0.0,847.0,3.0,0.0,0.0,4.961,0
40.0,4.0,0.0,0.0,675.0,5.0,0.0,0.0,4.961,0
54.0,6.0,0.0,0.0,213.0,4.0,0.0,0.0,4.961,0
29.0,4.0,0.0,1.0,136.0,2.0,0.0,0.0,4.961,0
57.0,1.0,0.0,0.0,332.0,5.0,0.0,0.0,4.961,0
36.0,6.0,0.0,0.0,338.0,2.0,0.0,0.0,4.961,0
36.0,6.0,0.0,0.0,70.0,10.0,0.0,0.0,4.961,0
40.0,4.0,0.0,0.0,420.0,4.0,0.0,0.0,4.961,0
44.0,4.0,0.0,0.0,363.0,3.0,0.0,0.0,4.961,0
42.0,2.0,0.0,0.0,311.0,2.0,0.0,0.0,4.961,0
44.0,4.0,0.0,0.0,390.0,2.0,0.0,0.0,4.961,0
32.0,5.0,1.0,0.0,269.0,3.0,0.0,0.0,4.961,0
36.0,4.0,1.0,0.0,150.0,7.0,0.0,0.0,4.961,0
44.0,4.0,0.0,0.0,132.0,4.0,0.0,0.0,4.961,0
38.0,3.0,1.0,0.0,89.0,3.0,0.0,0.0,4.962,0
36.0,4.0,1.0,0.0,54.0,4.0,0.0,0.0,4.962,0
39.0,4.0,1.0,0.0,205.0,3.0,0.0,0.0,4.962,0
26.0,4.0,0.0,0.0,72.0,1.0,0.0,0.0,4.962,0
46.0,3.0,0.0,0.0,283.0,3.0,0.0,0.0,4.962,0
33.0,3.0,1.0,0.0,18.0,1.0,0.0,0.0,4.962,0
36.0,4.0,1.0,0.0,835.0,1.0,0.0,0.0,4.962,1
48.0,5.0,1.0,0.0,321.0,2.0,0.0,0.0,4.962,0
35.0,3.0,1.0,0.0,24.0,10.0,0.0,0.0,4.962,0
32.0,4.0,0.0,0.0,213.0,5.0,0.0,0.0,4.962,0
31.0,5.0,0.0,0.0,371.0,2.0,0.0,0.0,4.962,1
28.0,6.0,0.0,0.0,262.0,2.0,0.0,0.0,4.962,0
31.0,4.0,1.0,0.0,417.0,3.0,0.0,0.0,4.962,0
56.0,6.0,0.0,0.0,154.0,4.0,0.0,0.0,4.962,0
41.0,1.0,1.0,0.0,122.0,1.0,0.0,0.0,4.962,0
58.0,1.0,1.0,0.0,23.0,3.0,0.0,0.0,4.962,0
33.0,4.0,0.0,1.0,113.0,1.0,0.0,0.0,4.962,0
56.0,4.0,1.0,0.0,367.0,1.0,0.0,0.0,4.962,0
43.0,1.0,1.0,0.0,173.0,1.0,0.0,0.0,4.962,0
51.0,,0.0,0.0,15.0,1.0,0.0,0.0,4.962,0
32.0,4.0,1.0,0.0,156.0,1.0,0.0,0.0,4.962,0
31.0,3.0,0.0,0.0,1218.0,1.0,0.0,0.0,4.962,0
51.0,,,,339.0,2.0,0.0,0.0,4.962,0
29.0,6.0,0.0,0.0,332.0,2.0,0.0,0.0,4.962,0
24.0,1.0,0.0,0.0,537.0,1.0,0.0,0.0,4.962,1
29.0,5.0,0.0,0.0,632.0,1.0,0.0,0.0,4.962,0
29.0,,0.0,0.0,243.0,1.0,0.0,0.0,4.962,0
36.0,3.0,0.0,0.0,81.0,2.0,0.0,0.0,4.962,0
55.0,1.0,1.0,0.0,58.0,3.0,0.0,0.0,4.962,0
40.0,6.0,0.0,0.0,248.0,29.0,0.0,0.0,4.962,0
57.0,3.0,1.0,0.0,422.0,1.0,0.0,0.0,4.962,0
57.0,1.0,0.0,0.0,101.0,1.0,0.0,0.0,4.962,0
33.0,1.0,,,577.0,4.0,0.0,0.0,4.962,0
52.0,4.0,1.0,0.0,43.0,1.0,0.0,0.0,4.962,0
31.0,5.0,1.0,0.0,36.0,1.0,0.0,0.0,4.962,0
36.0,4.0,1.0,0.0,100.0,4.0,0.0,0.0,4.962,0
28.0,6.0,1.0,0.0,695.0,1.0,0.0,0.0,4.962,1
39.0,3.0,0.0,0.0,255.0,2.0,0.0,0.0,4.962,0
50.0,4.0,0.0,0.0,373.0,2.0,0.0,0.0,4.962,0
32.0,4.0,1.0,0.0,108.0,2.0,0.0,0.0,4.962,0
31.0,3.0,1.0,0.0,704.0,4.0,0.0,0.0,4.962,1
47.0,3.0,1.0,0.0,96.0,3.0,0.0,0.0,4.962,0
35.0,6.0,1.0,0.0,399.0,2.0,0.0,0.0,4.962,0
47.0,5.0,0.0,1.0,140.0,3.0,0.0,0.0,4.962,0
25.0,3.0,1.0,0.0,121.0,2.0,0.0,0.0,4.962,0
26.0,5.0,0.0,0.0,84.0,5.0,0.0,0.0,4.962,0
42.0,5.0,0.0,0.0,108.0,2.0,0.0,0.0,4.962,0
29.0,5.0,0.0,0.0,129.0,10.0,0.0,0.0,4.962,0
36.0,4.0,1.0,1.0,57.0,2.0,0.0,0.0,4.962,0
33.0,4.0,,,154.0,2.0,0.0,0.0,4.962,0
33.0,1.0,1.0,0.0,313.0,2.0,0.0,0.0,4.962,0
49.0,5.0,1.0,0.0,429.0,13.0,0.0,0.0,4.962,0
49.0,2.0,0.0,0.0,152.0,9.0,0.0,0.0,4.962,0
51.0,6.0,0.0,0.0,16.0,17.0,0.0,0.0,4.962,0
28.0,6.0,1.0,0.0,249.0,5.0,0.0,0.0,4.962,0
28.0,4.0,1.0,1.0,604.0,6.0,0.0,0.0,4.962,0
58.0,1.0,0.0,0.0,147.0,1.0,0.0,0.0,4.961,0
32.0,2.0,1.0,0.0,39.0,2.0,0.0,0.0,4.961,0
41.0,4.0,0.0,0.0,340.0,1.0,0.0,0.0,4.961,0
27.0,6.0,,,240.0,6.0,0.0,0.0,4.961,0
49.0,3.0,0.0,0.0,70.0,1.0,0.0,0.0,4.961,0
30.0,3.0,0.0,0.0,348.0,3.0,0.0,0.0,4.961,0
56.0,1.0,0.0,0.0,573.0,1.0,0.0,0.0,4.961,0
58.0,5.0,1.0,0.0,430.0,1.0,0.0,0.0,4.961,0
41.0,3.0,0.0,0.0,203.0,2.0,0.0,0.0,4.961,0
41.0,3.0,0.0,0.0,147.0,1.0,0.0,0.0,4.961,0
35.0,1.0,0.0,0.0,140.0,1.0,0.0,0.0,4.961,0
45.0,3.0,1.0,1.0,93.0,1.0,0.0,0.0,4.961,0
37.0,5.0,0.0,0.0,96.0,1.0,0.0,0.0,4.961,0
34.0,4.0,0.0,0.0,69.0,1.0,0.0,0.0,4.961,0
38.0,5.0,0.0,0.0,574.0,4.0,0.0,0.0,4.961,0
40.0,6.0,,,91.0,1.0,0.0,0.0,4.961,0
46.0,3.0,0.0,0.0,64.0,1.0,0.0,0.0,4.961,0
33.0,6.0,0.0,0.0,254.0,1.0,0.0,0.0,4.961,0
38.0,1.0,0.0,0.0,149.0,1.0,0.0,0.0,4.961,0
49.0,4.0,0.0,1.0,374.0,3.0,0.0,0.0,4.961,0
42.0,4.0,1.0,0.0,106.0,1.0,0.0,0.0,4.961,0
34.0,4.0,1.0,0.0,191.0,3.0,0.0,0.0,4.961,0
49.0,4.0,0.0,0.0,370.0,1.0,0.0,0.0,4.961,0
43.0,3.0,1.0,0.0,487.0,1.0,0.0,0.0,4.961,0
57.0,6.0,0.0,1.0,253.0,1.0,0.0,0.0,4.961,0
44.0,,0.0,0.0,239.0,1.0,0.0,0.0,4.961,0
38.0,5.0,0.0,0.0,252.0,2.0,0.0,0.0,4.961,0
55.0,5.0,0.0,0.0,416.0,3.0,0.0,0.0,4.961,0
29.0,4.0,0.0,0.0,145.0,4.0,0.0,0.0,4.961,0
38.0,4.0,0.0,0.0,605.0,1.0,0.0,0.0,4.961,0
27.0,2.0,1.0,0.0,75.0,2.0,0.0,0.0,4.961,0
38.0,4.0,1.0,0.0,1411.0,1.0,0.0,0.0,4.961,0
39.0,2.0,1.0,0.0,453.0,1.0,0.0,0.0,4.961,0
49.0,6.0,0.0,0.0,21.0,1.0,0.0,0.0,4.961,0
23.0,5.0,,,148.0,1.0,0.0,0.0,4.961,0
31.0,4.0,0.0,0.0,952.0,4.0,0.0,0.0,4.961,1
36.0,3.0,0.0,1.0,207.0,1.0,0.0,0.0,4.961,0
34.0,3.0,0.0,0.0,238.0,1.0,0.0,0.0,4.961,0
57.0,1.0,1.0,0.0,107.0,1.0,0.0,0.0,4.961,0
56.0,3.0,0.0,0.0,64.0,2.0,0.0,0.0,4.961,0
31.0,6.0,0.0,0.0,73.0,1.0,0.0,0.0,4.961,0
43.0,3.0,0.0,0.0,409.0,1.0,0.0,0.0,4.961,0
29.0,3.0,1.0,0.0,120.0,1.0,0.0,0.0,4.961,0
45.0,3.0,0.0,0.0,10.0,16.0,0.0,0.0,4.961,0
28.0,3.0,1.0,0.0,130.0,1.0,0.0,0.0,4.961,0
45.0,3.0,1.0,0.0,69.0,1.0,0.0,0.0,4.961,0
28.0,4.0,0.0,0.0,1017.0,1.0,0.0,0.0,4.961,0
26.0,4.0,0.0,0.0,237.0,5.0,0.0,0.0,4.961,0
49.0,6.0,0.0,0.0,163.0,2.0,0.0,0.0,4.961,0
48.0,4.0,1.0,0.0,234.0,1.0,0.0,0.0,4.961,0
35.0,1.0,1.0,0.0,155.0,1.0,0.0,0.0,4.961,0
56.0,1.0,0.0,0.0,92.0,2.0,0.0,0.0,4.961,0
60.0,3.0,1.0,0.0,80.0,3.0,0.0,0.0,4.961,0
34.0,2.0,1.0,1.0,549.0,1.0,0.0,0.0,4.961,0
37.0,2.0,1.0,0.0,216.0,2.0,0.0,0.0,4.961,0
52.0,1.0,0.0,1.0,71.0,2.0,0.0,0.0,4.961,0
28.0,3.0,1.0,0.0,225.0,1.0,0.0,0.0,4.961,0
52.0,4.0,0.0,0.0,339.0,2.0,0.0,0.0,4.961,0
46.0,6.0,1.0,0.0,138.0,9.0,0.0,0.0,4.961,0
30.0,6.0,1.0,0.0,49.0,2.0,0.0,0.0,4.961,0
40.0,5.0,0.0,0.0,37.0,2.0,0.0,0.0,4.959,0
56.0,4.0,0.0,0.0,489.0,2.0,0.0,0.0,4.959,0
45.0,1.0,1.0,1.0,62.0,4.0,0.0,0.0,4.959,0
38.0,6.0,1.0,0.0,170.0,2.0,0.0,0.0,4.959,0
37.0,5.0,0.0,0.0,394.0,2.0,0.0,0.0,4.959,0
33.0,6.0,0.0,1.0,42.0,7.0,0.0,0.0,4.959,0
40.0,3.0,1.0,0.0,156.0,3.0,0.0,0.0,4.959,0
33.0,4.0,1.0,0.0,106.0,3.0,0.0,0.0,4.959,0
43.0,1.0,0.0,0.0,744.0,3.0,0.0,0.0,4.959,0
36.0,6.0,1.0,0.0,122.0,1.0,0.0,0.0,4.959,0
38.0,4.0,0.0,0.0,124.0,1.0,0.0,0.0,4.959,0
29.0,6.0,0.0,0.0,45.0,1.0,0.0,0.0,4.959,0
28.0,3.0,0.0,0.0,325.0,1.0,0.0,0.0,4.959,0
33.0,2.0,0.0,0.0,398.0,2.0,0.0,0.0,4.959,0
36.0,1.0,0.0,0.0,79.0,1.0,0.0,0.0,4.959,0
58.0,6.0,0.0,0.0,218.0,1.0,0.0,0.0,4.959,0
40.0,3.0,1.0,0.0,235.0,1.0,0.0,0.0,4.959,0
37.0,4.0,1.0,0.0,21.0,1.0,0.0,0.0,4.959,0
50.0,5.0,1.0,0.0,329.0,1.0,0.0,0.0,4.959,0
42.0,4.0,0.0,0.0,89.0,1.0,0.0,0.0,4.959,0
47.0,4.0,1.0,0.0,256.0,8.0,0.0,0.0,4.959,0
47.0,2.0,0.0,0.0,108.0,1.0,0.0,0.0,4.959,0
32.0,3.0,1.0,0.0,123.0,3.0,0.0,0.0,4.959,0
35.0,5.0,1.0,0.0,74.0,2.0,0.0,0.0,4.959,0
41.0,3.0,0.0,0.0,256.0,2.0,0.0,0.0,4.959,0
56.0,,1.0,0.0,471.0,2.0,0.0,0.0,4.959,0
53.0,4.0,1.0,0.0,211.0,2.0,0.0,0.0,4.959,0
25.0,4.0,1.0,0.0,534.0,3.0,0.0,0.0,4.959,0
32.0,5.0,1.0,0.0,446.0,1.0,0.0,0.0,4.959,0
37.0,1.0,0.0,0.0,1663.0,1.0,0.0,0.0,4.959,1
41.0,6.0,1.0,0.0,248.0,1.0,0.0,0.0,4.959,0
53.0,5.0,0.0,0.0,421.0,6.0,0.0,0.0,4.959,0
33.0,4.0,1.0,0.0,36.0,2.0,0.0,0.0,4.959,0
44.0,1.0,0.0,0.0,263.0,3.0,0.0,0.0,4.959,0
42.0,3.0,1.0,0.0,93.0,2.0,0.0,0.0,4.959,0
57.0,1.0,0.0,0.0,19.0,4.0,0.0,0.0,4.959,0
53.0,3.0,1.0,1.0,16.0,20.0,0.0,0.0,4.959,0
27.0,6.0,0.0,0.0,134.0,2.0,0.0,0.0,4.959,0
34.0,4.0,0.0,0.0,267.0,3.0,0.0,0.0,4.959,0
56.0,1.0,0.0,0.0,11.0,5.0,0.0,0.0,4.959,0
35.0,2.0,1.0,0.0,55.0,4.0,0.0,0.0,4.959,0
58.0,,1.0,0.0,158.0,5.0,0.0,0.0,4.959,0
52.0,,1.0,0.0,14.0,13.0,0.0,0.0,4.959,0
40.0,5.0,0.0,0.0,20.0,18.0,0.0,0.0,4.959,0
43.0,5.0,0.0,1.0,10.0,14.0,0.0,0.0,4.959,0
41.0,5.0,0.0,0.0,268.0,3.0,0.0,0.0,4.959,0
46.0,2.0,1.0,1.0,9.0,13.0,0.0,0.0,4.959,0
57.0,1.0,0.0,0.0,14.0,2.0,0.0,0.0,4.959,0
39.0,4.0,0.0,0.0,32.0,9.0,0.0,0.0,4.959,0
45.0,6.0,,,8.0,12.0,0.0,0.0,4.959,0
37.0,4.0,1.0,0.0,7.0,12.0,0.0,0.0,4.959,0
36.0,4.0,0.0,0.0,285.0,4.0,0.0,0.0,4.959,0
31.0,6.0,1.0,0.0,15.0,4.0,0.0,0.0,4.959,0
35.0,2.0,1.0,0.0,46.0,10.0,0.0,0.0,4.959,0
58.0,1.0,0.0,0.0,407.0,2.0,0.0,0.0,4.959,0
43.0,6.0,0.0,0.0,13.0,5.0,0.0,0.0,4.959,0
31.0,2.0,1.0,1.0,8.0,3.0,0.0,0.0,4.959,0
38.0,3.0,0.0,0.0,693.0,3.0,0.0,0.0,4.959,1
40.0,4.0,0.0,0.0,155.0,2.0,0.0,0.0,4.959,0
30.0,3.0,0.0,0.0,10.0,8.0,0.0,0.0,4.959,0
51.0,,1.0,0.0,17.0,3.0,0.0,0.0,4.959,0
48.0,5.0,0.0,0.0,804.0,12.0,0.0,0.0,4.959,0
53.0,6.0,1.0,0.0,73.0,3.0,0.0,0.0,4.959,0
59.0,1.0,0.0,1.0,13.0,3.0,0.0,0.0,4.959,0
59.0,4.0,1.0,0.0,13.0,7.0,0.0,0.0,4.959,0
36.0,3.0,0.0,1.0,75.0,3.0,0.0,0.0,4.959,0
23.0,1.0,1.0,0.0,31.0,10.0,0.0,0.0,4.959,0
59.0,3.0,0.0,0.0,25.0,8.0,0.0,0.0,4.959,0
31.0,3.0,1.0,1.0,13.0,15.0,0.0,0.0,4.959,0
51.0,,1.0,0.0,16.0,3.0,0.0,0.0,4.959,0
46.0,6.0,0.0,0.0,8.0,6.0,0.0,0.0,4.959,0
37.0,5.0,0.0,0.0,43.0,2.0,0.0,0.0,4.959,0
41.0,4.0,0.0,0.0,23.0,7.0,0.0,0.0,4.959,0
52.0,6.0,1.0,0.0,11.0,12.0,0.0,0.0,4.959,0
46.0,4.0,1.0,0.0,7.0,3.0,0.0,0.0,4.959,0
38.0,6.0,0.0,0.0,24.0,5.0,0.0,0.0,4.959,0
36.0,6.0,0.0,0.0,35.0,7.0,0.0,0.0,4.959,0
35.0,6.0,0.0,0.0,13.0,4.0,0.0,0.0,4.959,0
28.0,4.0,0.0,0.0,22.0,16.0,0.0,0.0,4.959,0
38.0,4.0,1.0,0.0,447.0,2.0,0.0,0.0,4.959,0
27.0,2.0,1.0,0.0,34.0,8.0,0.0,0.0,4.959,0
48.0,5.0,1.0,1.0,12.0,24.0,0.0,0.0,4.959,0
37.0,6.0,0.0,0.0,10.0,23.0,0.0,0.0,4.959,0
37.0,3.0,0.0,0.0,124.0,4.0,0.0,0.0,4.959,0
36.0,5.0,1.0,0.0,9.0,2.0,0.0,0.0,4.959,0
24.0,4.0,0.0,0.0,12.0,8.0,0.0,0.0,4.959,0
51.0,3.0,0.0,0.0,60.0,4.0,0.0,0.0,4.959,0
42.0,4.0,0.0,0.0,20.0,5.0,0.0,0.0,4.959,0
31.0,5.0,1.0,0.0,202.0,2.0,0.0,0.0,4.959,0
54.0,4.0,0.0,0.0,204.0,2.0,0.0,0.0,4.959,0
45.0,3.0,0.0,0.0,924.0,3.0,0.0,0.0,4.959,1
56.0,,0.0,1.0,988.0,4.0,0.0,0.0,4.959,1
40.0,6.0,0.0,0.0,498.0,2.0,0.0,0.0,4.958,1
54.0,5.0,0.0,0.0,364.0,2.0,0.0,0.0,4.958,0
34.0,4.0,1.0,0.0,137.0,5.0,0.0,0.0,4.958,0
31.0,2.0,0.0,0.0,481.0,6.0,0.0,0.0,4.958,0
35.0,6.0,0.0,0.0,51.0,8.0,0.0,0.0,4.958,0
58.0,3.0,0.0,0.0,372.0,5.0,0.0,0.0,4.958,0
42.0,6.0,1.0,0.0,157.0,1.0,0.0,0.0,4.958,0
33.0,,1.0,0.0,247.0,1.0,0.0,0.0,4.958,0
39.0,2.0,1.0,0.0,100.0,1.0,0.0,0.0,4.958,0
31.0,1.0,0.0,0.0,91.0,2.0,0.0,0.0,4.958,0
46.0,5.0,1.0,0.0,292.0,2.0,0.0,0.0,4.958,0
52.0,3.0,1.0,1.0,138.0,3.0,0.0,0.0,4.955,0
60.0,5.0,1.0,0.0,318.0,2.0,0.0,0.0,4.955,0
45.0,5.0,1.0,1.0,116.0,1.0,0.0,0.0,4.955,0
55.0,,0.0,0.0,667.0,3.0,0.0,0.0,4.955,0
33.0,4.0,0.0,0.0,59.0,4.0,0.0,0.0,4.947,0
39.0,2.0,0.0,1.0,213.0,1.0,0.0,0.0,4.947,0
27.0,6.0,0.0,0.0,911.0,1.0,0.0,0.0,4.947,1
37.0,1.0,0.0,0.0,124.0,2.0,0.0,0.0,4.947,0
40.0,3.0,1.0,1.0,162.0,1.0,0.0,0.0,4.947,0
27.0,6.0,1.0,0.0,244.0,2.0,0.0,0.0,4.947,0
51.0,4.0,,,133.0,5.0,0.0,0.0,4.947,0
42.0,2.0,1.0,0.0,151.0,2.0,0.0,0.0,4.947,0
54.0,6.0,1.0,0.0,291.0,2.0,0.0,0.0,4.947,0
47.0,3.0,1.0,0.0,185.0,3.0,0.0,0.0,4.947,0
45.0,5.0,1.0,0.0,293.0,3.0,0.0,0.0,4.947,0
36.0,4.0,1.0,1.0,111.0,4.0,0.0,0.0,4.947,0
44.0,2.0,0.0,0.0,247.0,3.0,0.0,0.0,4.947,0
49.0,1.0,1.0,0.0,117.0,3.0,0.0,0.0,4.947,0
40.0,6.0,0.0,0.0,146.0,3.0,0.0,0.0,4.947,0
28.0,6.0,0.0,0.0,103.0,3.0,0.0,0.0,4.947,0
55.0,1.0,,,54.0,3.0,0.0,0.0,4.947,0
38.0,4.0,0.0,0.0,117.0,2.0,0.0,0.0,4.947,0
42.0,6.0,0.0,0.0,124.0,2.0,0.0,0.0,4.947,0
32.0,5.0,1.0,0.0,118.0,1.0,0.0,0.0,4.947,0
28.0,6.0,1.0,0.0,73.0,2.0,0.0,0.0,4.947,0
56.0,1.0,1.0,0.0,58.0,1.0,0.0,0.0,4.955,0
41.0,4.0,1.0,0.0,108.0,1.0,0.0,0.0,4.955,0
28.0,4.0,0.0,0.0,249.0,1.0,0.0,0.0,4.955,0
38.0,1.0,0.0,0.0,292.0,1.0,0.0,0.0,4.955,0
44.0,,0.0,0.0,183.0,2.0,0.0,0.0,4.955,0
58.0,6.0,0.0,0.0,55.0,1.0,0.0,0.0,4.955,0
37.0,4.0,0.0,0.0,305.0,1.0,0.0,0.0,4.955,0
33.0,4.0,1.0,0.0,102.0,1.0,0.0,0.0,4.955,0
42.0,2.0,0.0,0.0,340.0,1.0,0.0,0.0,4.955,0
47.0,1.0,0.0,0.0,484.0,1.0,0.0,0.0,4.955,0
32.0,6.0,0.0,0.0,56.0,1.0,0.0,0.0,4.955,0
40.0,3.0,0.0,1.0,1135.0,2.0,0.0,0.0,4.955,1
40.0,4.0,0.0,1.0,289.0,2.0,0.0,0.0,4.955,0
53.0,3.0,1.0,0.0,723.0,2.0,0.0,0.0,4.955,0
43.0,1.0,0.0,0.0,660.0,3.0,0.0,0.0,4.956,0
39.0,,0.0,0.0,218.0,2.0,0.0,0.0,4.956,0
43.0,5.0,0.0,0.0,44.0,2.0,0.0,0.0,4.956,0
39.0,3.0,1.0,0.0,306.0,2.0,0.0,0.0,4.956,0
28.0,6.0,1.0,0.0,134.0,2.0,0.0,0.0,4.956,0
45.0,6.0,0.0,1.0,269.0,3.0,0.0,0.0,4.966,0
46.0,4.0,0.0,0.0,375.0,3.0,0.0,0.0,4.966,0
43.0,3.0,1.0,0.0,24.0,1.0,0.0,0.0,4.966,0
29.0,6.0,1.0,0.0,109.0,1.0,0.0,0.0,4.966,0
36.0,3.0,0.0,0.0,414.0,1.0,0.0,0.0,4.966,0
28.0,4.0,1.0,0.0,60.0,1.0,0.0,0.0,4.966,0
45.0,4.0,0.0,0.0,172.0,10.0,0.0,0.0,4.966,0
35.0,3.0,0.0,0.0,88.0,1.0,0.0,0.0,4.966,0
36.0,,0.0,0.0,88.0,1.0,0.0,0.0,4.966,0
34.0,6.0,1.0,0.0,652.0,1.0,0.0,0.0,4.966,0
24.0,4.0,1.0,1.0,354.0,1.0,0.0,0.0,4.966,0
28.0,,0.0,0.0,135.0,2.0,0.0,0.0,4.966,0
39.0,3.0,0.0,1.0,74.0,5.0,0.0,0.0,4.966,0
26.0,5.0,1.0,0.0,277.0,2.0,0.0,0.0,4.966,0
39.0,4.0,1.0,0.0,219.0,1.0,0.0,0.0,4.959,0
27.0,4.0,0.0,0.0,584.0,1.0,0.0,0.0,4.959,1
35.0,4.0,0.0,0.0,260.0,3.0,0.0,0.0,4.959,0
41.0,1.0,0.0,0.0,101.0,1.0,0.0,0.0,4.959,0
39.0,6.0,0.0,0.0,104.0,1.0,0.0,0.0,4.959,0
41.0,1.0,1.0,0.0,742.0,1.0,0.0,0.0,4.959,0
26.0,4.0,1.0,0.0,678.0,2.0,0.0,0.0,4.959,0
38.0,4.0,0.0,0.0,96.0,2.0,0.0,0.0,4.959,0
34.0,5.0,1.0,0.0,225.0,2.0,0.0,0.0,4.959,0
27.0,6.0,1.0,1.0,178.0,2.0,0.0,0.0,4.959,0
49.0,3.0,0.0,0.0,235.0,1.0,0.0,0.0,4.959,0
33.0,4.0,1.0,0.0,548.0,2.0,0.0,0.0,4.959,0
34.0,4.0,1.0,0.0,92.0,1.0,0.0,0.0,4.959,0
52.0,3.0,0.0,0.0,128.0,3.0,0.0,0.0,4.96,0
31.0,4.0,0.0,0.0,160.0,3.0,0.0,0.0,4.96,0
30.0,3.0,1.0,0.0,89.0,4.0,0.0,0.0,4.96,0
27.0,3.0,1.0,1.0,119.0,3.0,0.0,0.0,4.96,0
35.0,6.0,0.0,0.0,107.0,5.0,0.0,0.0,4.96,0
52.0,3.0,0.0,0.0,1434.0,5.0,0.0,0.0,4.96,0
42.0,,1.0,0.0,685.0,2.0,0.0,0.0,4.96,0
47.0,5.0,0.0,0.0,66.0,2.0,0.0,0.0,4.96,0
42.0,6.0,0.0,0.0,401.0,2.0,0.0,0.0,4.96,0
41.0,1.0,,,107.0,3.0,0.0,0.0,4.96,0
50.0,1.0,1.0,0.0,122.0,2.0,0.0,0.0,4.96,0
32.0,4.0,0.0,0.0,722.0,3.0,0.0,0.0,4.96,1
38.0,3.0,1.0,0.0,317.0,6.0,0.0,0.0,4.96,0
32.0,6.0,0.0,0.0,66.0,8.0,0.0,0.0,4.96,0
49.0,3.0,0.0,0.0,326.0,3.0,0.0,0.0,4.96,0
49.0,4.0,0.0,0.0,21.0,2.0,0.0,0.0,4.96,0
39.0,1.0,1.0,0.0,223.0,1.0,0.0,0.0,4.96,0
33.0,3.0,,,385.0,1.0,0.0,0.0,4.96,0
30.0,3.0,1.0,0.0,332.0,1.0,0.0,0.0,4.96,0
37.0,4.0,,,114.0,1.0,0.0,0.0,4.96,0
36.0,4.0,0.0,0.0,889.0,1.0,0.0,0.0,4.96,1
43.0,4.0,0.0,0.0,240.0,1.0,0.0,0.0,4.96,0
59.0,6.0,0.0,0.0,39.0,1.0,0.0,0.0,4.96,0
49.0,1.0,0.0,1.0,256.0,15.0,0.0,0.0,4.96,0
43.0,3.0,1.0,0.0,174.0,1.0,0.0,0.0,4.96,0
42.0,6.0,1.0,0.0,643.0,3.0,0.0,0.0,4.96,0
60.0,3.0,,,575.0,1.0,0.0,0.0,4.96,0
42.0,6.0,1.0,0.0,46.0,1.0,0.0,0.0,4.96,0
54.0,6.0,1.0,0.0,224.0,1.0,0.0,0.0,4.96,0
40.0,6.0,0.0,0.0,192.0,1.0,0.0,0.0,4.96,0
40.0,4.0,0.0,1.0,162.0,4.0,0.0,0.0,4.96,0
35.0,3.0,1.0,0.0,448.0,1.0,0.0,0.0,4.96,0
52.0,6.0,1.0,0.0,97.0,3.0,0.0,0.0,4.96,0
34.0,3.0,1.0,0.0,80.0,1.0,0.0,0.0,4.96,0
50.0,6.0,1.0,0.0,236.0,1.0,0.0,0.0,4.96,0
24.0,4.0,1.0,0.0,337.0,4.0,0.0,0.0,4.96,0
43.0,6.0,1.0,0.0,117.0,3.0,0.0,0.0,4.96,0
33.0,3.0,0.0,1.0,387.0,2.0,0.0,0.0,4.96,0
45.0,,1.0,0.0,326.0,2.0,0.0,0.0,4.96,0
60.0,4.0,0.0,0.0,188.0,7.0,0.0,0.0,4.96,0
41.0,2.0,0.0,0.0,141.0,1.0,0.0,0.0,4.96,0
31.0,4.0,1.0,0.0,354.0,1.0,0.0,0.0,4.96,0
34.0,5.0,0.0,0.0,166.0,1.0,0.0,0.0,4.96,0
29.0,4.0,1.0,0.0,113.0,4.0,0.0,0.0,4.96,0
23.0,4.0,0.0,0.0,104.0,1.0,0.0,0.0,4.96,0
31.0,4.0,0.0,0.0,88.0,1.0,0.0,0.0,4.96,0
31.0,6.0,0.0,0.0,211.0,2.0,0.0,0.0,4.96,0
25.0,4.0,0.0,0.0,68.0,1.0,0.0,0.0,4.96,0
38.0,4.0,0.0,0.0,273.0,5.0,0.0,0.0,4.96,0
49.0,5.0,1.0,1.0,70.0,3.0,0.0,0.0,4.96,0
31.0,6.0,,,116.0,3.0,0.0,0.0,4.96,0
31.0,4.0,0.0,0.0,75.0,3.0,0.0,0.0,4.96,0
39.0,3.0,0.0,1.0,51.0,2.0,0.0,0.0,4.96,0
34.0,5.0,1.0,0.0,224.0,4.0,0.0,0.0,4.96,0
35.0,6.0,1.0,0.0,447.0,3.0,0.0,0.0,4.96,0
39.0,3.0,1.0,0.0,79.0,2.0,0.0,0.0,4.96,0
35.0,5.0,1.0,0.0,261.0,5.0,0.0,0.0,4.96,0
44.0,4.0,1.0,1.0,234.0,1.0,0.0,0.0,4.96,0
36.0,6.0,0.0,0.0,407.0,1.0,0.0,0.0,4.96,0
50.0,4.0,1.0,0.0,339.0,2.0,0.0,0.0,4.96,0
48.0,4.0,0.0,0.0,352.0,2.0,0.0,0.0,4.96,0
37.0,6.0,1.0,0.0,164.0,3.0,0.0,0.0,4.96,0
42.0,6.0,1.0,0.0,719.0,2.0,0.0,0.0,4.96,1
40.0,4.0,1.0,0.0,167.0,3.0,0.0,0.0,4.96,0
45.0,6.0,0.0,0.0,208.0,2.0,0.0,0.0,4.96,0
31.0,4.0,0.0,0.0,624.0,5.0,0.0,0.0,4.96,0
38.0,5.0,1.0,0.0,185.0,1.0,0.0,0.0,4.96,0
31.0,6.0,0.0,1.0,15.0,11.0,0.0,0.0,4.96,0
31.0,3.0,1.0,0.0,342.0,1.0,0.0,0.0,4.962,0
25.0,4.0,1.0,0.0,140.0,1.0,0.0,0.0,4.962,0
25.0,4.0,0.0,0.0,161.0,1.0,0.0,0.0,4.962,0
50.0,,1.0,1.0,163.0,1.0,0.0,0.0,4.962,0
30.0,4.0,1.0,0.0,24.0,26.0,0.0,0.0,4.962,0
30.0,4.0,1.0,0.0,58.0,2.0,0.0,0.0,4.962,0
48.0,2.0,1.0,0.0,178.0,1.0,0.0,0.0,4.962,0
33.0,2.0,1.0,0.0,186.0,1.0,0.0,0.0,4.962,0
60.0,4.0,0.0,0.0,320.0,1.0,0.0,0.0,4.962,0
31.0,4.0,1.0,0.0,85.0,4.0,0.0,0.0,4.962,0
55.0,2.0,0.0,0.0,31.0,3.0,0.0,0.0,4.962,0
38.0,4.0,0.0,0.0,203.0,1.0,0.0,0.0,4.962,0
38.0,4.0,0.0,0.0,733.0,1.0,0.0,0.0,4.962,0
43.0,6.0,1.0,1.0,377.0,1.0,0.0,0.0,4.962,0
32.0,5.0,0.0,0.0,711.0,1.0,0.0,0.0,4.962,0
33.0,3.0,1.0,1.0,367.0,1.0,0.0,0.0,4.962,0
39.0,2.0,1.0,0.0,188.0,1.0,0.0,0.0,4.962,0
43.0,3.0,0.0,0.0,217.0,1.0,0.0,0.0,4.962,0
26.0,3.0,1.0,0.0,124.0,1.0,0.0,0.0,4.962,0
26.0,4.0,0.0,0.0,260.0,1.0,0.0,0.0,4.962,0
25.0,6.0,0.0,0.0,460.0,3.0,0.0,0.0,4.962,1
36.0,,1.0,0.0,1046.0,2.0,0.0,0.0,4.962,0
43.0,5.0,1.0,0.0,265.0,1.0,0.0,0.0,4.962,0
33.0,4.0,0.0,0.0,272.0,1.0,0.0,0.0,4.962,0
52.0,6.0,1.0,1.0,401.0,2.0,0.0,0.0,4.962,0
26.0,5.0,1.0,0.0,359.0,1.0,0.0,0.0,4.962,0
30.0,6.0,0.0,0.0,402.0,1.0,0.0,0.0,4.962,0
25.0,4.0,0.0,0.0,1767.0,2.0,0.0,0.0,4.962,1
34.0,6.0,0.0,1.0,1082.0,1.0,0.0,0.0,4.962,1
33.0,4.0,1.0,0.0,143.0,2.0,0.0,0.0,4.962,0
44.0,6.0,1.0,1.0,70.0,2.0,0.0,0.0,4.962,0
36.0,6.0,1.0,0.0,716.0,5.0,0.0,0.0,4.962,1
39.0,4.0,0.0,0.0,297.0,1.0,0.0,0.0,4.962,0
34.0,6.0,0.0,0.0,116.0,2.0,0.0,0.0,4.962,0
26.0,3.0,0.0,0.0,250.0,2.0,0.0,0.0,4.962,0
28.0,4.0,0.0,0.0,413.0,1.0,0.0,0.0,4.962,0
34.0,5.0,0.0,0.0,361.0,1.0,0.0,0.0,4.962,0
32.0,4.0,1.0,0.0,454.0,1.0,0.0,0.0,4.962,0
34.0,4.0,1.0,0.0,112.0,1.0,0.0,0.0,4.962,0
29.0,6.0,1.0,0.0,306.0,2.0,0.0,0.0,4.962,0
26.0,1.0,0.0,0.0,510.0,1.0,0.0,0.0,4.962,0
43.0,5.0,1.0,0.0,64.0,3.0,0.0,0.0,4.962,0
53.0,4.0,1.0,0.0,84.0,3.0,0.0,0.0,4.962,0
26.0,5.0,1.0,0.0,136.0,1.0,0.0,0.0,4.962,0
41.0,,0.0,1.0,161.0,1.0,0.0,0.0,4.962,0
50.0,5.0,1.0,1.0,635.0,1.0,0.0,0.0,4.962,1
35.0,5.0,0.0,0.0,584.0,2.0,0.0,0.0,4.962,0
49.0,6.0,0.0,1.0,606.0,2.0,0.0,0.0,4.962,0
42.0,3.0,0.0,0.0,119.0,3.0,0.0,0.0,4.962,0
28.0,4.0,1.0,1.0,214.0,1.0,0.0,0.0,4.962,0
33.0,3.0,1.0,1.0,63.0,3.0,0.0,0.0,4.962,0
38.0,3.0,0.0,0.0,171.0,2.0,0.0,0.0,4.962,0
55.0,2.0,1.0,0.0,326.0,6.0,0.0,0.0,4.962,0
28.0,4.0,0.0,0.0,289.0,1.0,0.0,0.0,4.962,0
32.0,5.0,0.0,0.0,52.0,5.0,0.0,0.0,4.962,0
28.0,4.0,1.0,0.0,71.0,1.0,0.0,0.0,4.962,0
28.0,4.0,1.0,0.0,59.0,1.0,0.0,0.0,4.962,0
33.0,3.0,1.0,0.0,154.0,3.0,0.0,0.0,4.962,0
43.0,4.0,1.0,0.0,658.0,2.0,0.0,0.0,4.962,1
34.0,6.0,0.0,0.0,117.0,3.0,0.0,0.0,4.962,0
27.0,5.0,1.0,0.0,1061.0,4.0,0.0,0.0,4.962,1
52.0,6.0,1.0,1.0,201.0,9.0,0.0,0.0,4.962,0
27.0,5.0,1.0,1.0,520.0,3.0,0.0,0.0,4.962,0
28.0,3.0,1.0,0.0,137.0,3.0,0.0,0.0,4.962,0
48.0,5.0,1.0,0.0,243.0,5.0,0.0,0.0,4.962,0
45.0,6.0,1.0,1.0,379.0,3.0,0.0,0.0,4.962,0
30.0,4.0,0.0,0.0,17.0,4.0,0.0,0.0,4.962,0
43.0,6.0,0.0,0.0,187.0,2.0,0.0,0.0,4.962,0
30.0,5.0,0.0,0.0,136.0,2.0,0.0,0.0,4.962,0
34.0,5.0,1.0,0.0,389.0,7.0,0.0,0.0,4.962,0
40.0,4.0,1.0,0.0,256.0,2.0,0.0,0.0,4.962,0
24.0,,1.0,0.0,114.0,3.0,0.0,0.0,4.962,0
54.0,4.0,1.0,0.0,369.0,3.0,0.0,0.0,4.962,0
42.0,3.0,1.0,0.0,195.0,6.0,0.0,0.0,4.962,0
31.0,5.0,0.0,0.0,173.0,1.0,0.0,0.0,4.962,0
32.0,3.0,0.0,0.0,320.0,3.0,0.0,0.0,4.962,0
29.0,4.0,1.0,0.0,126.0,1.0,0.0,0.0,4.962,0
34.0,3.0,1.0,0.0,477.0,1.0,0.0,0.0,4.962,0
38.0,,1.0,0.0,131.0,1.0,0.0,0.0,4.962,0
34.0,3.0,1.0,0.0,85.0,1.0,0.0,0.0,4.962,0
38.0,,0.0,0.0,618.0,1.0,0.0,0.0,4.962,0
28.0,6.0,0.0,0.0,154.0,1.0,0.0,0.0,4.962,0
54.0,4.0,0.0,0.0,250.0,1.0,0.0,0.0,4.962,0
53.0,6.0,1.0,1.0,205.0,1.0,0.0,0.0,4.962,0
29.0,4.0,1.0,0.0,42.0,1.0,0.0,0.0,4.962,0
35.0,6.0,1.0,0.0,2122.0,1.0,0.0,0.0,4.962,1
43.0,1.0,1.0,0.0,183.0,1.0,0.0,0.0,4.962,0
31.0,4.0,0.0,0.0,75.0,4.0,0.0,0.0,4.962,0
36.0,4.0,1.0,0.0,389.0,3.0,0.0,0.0,4.962,0
35.0,6.0,0.0,0.0,191.0,3.0,0.0,0.0,4.962,0
43.0,1.0,0.0,1.0,697.0,1.0,0.0,0.0,4.962,0
51.0,6.0,0.0,0.0,175.0,1.0,0.0,0.0,4.962,0
36.0,6.0,0.0,1.0,153.0,2.0,0.0,0.0,4.962,0
27.0,2.0,1.0,0.0,62.0,1.0,0.0,0.0,4.962,0
34.0,3.0,1.0,0.0,173.0,1.0,0.0,0.0,4.962,0
30.0,4.0,1.0,0.0,166.0,1.0,0.0,0.0,4.962,0
31.0,5.0,1.0,0.0,225.0,2.0,0.0,0.0,4.962,0
59.0,3.0,0.0,0.0,92.0,1.0,0.0,0.0,4.962,0
36.0,2.0,1.0,0.0,16.0,1.0,0.0,0.0,4.962,0
28.0,4.0,1.0,0.0,85.0,1.0,0.0,0.0,4.962,0
32.0,1.0,0.0,0.0,285.0,1.0,0.0,0.0,4.962,0
39.0,1.0,0.0,0.0,174.0,1.0,0.0,0.0,4.962,0
44.0,3.0,0.0,1.0,113.0,1.0,0.0,0.0,4.962,0
34.0,2.0,0.0,0.0,727.0,3.0,0.0,0.0,4.962,1
45.0,1.0,1.0,0.0,112.0,1.0,0.0,0.0,4.962,0
45.0,1.0,1.0,0.0,294.0,1.0,0.0,0.0,4.962,0
37.0,1.0,1.0,1.0,156.0,1.0,0.0,0.0,4.962,0
33.0,6.0,1.0,1.0,143.0,1.0,0.0,0.0,4.962,0
40.0,1.0,,,135.0,1.0,0.0,0.0,4.962,0
31.0,3.0,1.0,0.0,72.0,1.0,0.0,0.0,4.962,0
25.0,3.0,1.0,0.0,111.0,1.0,0.0,0.0,4.962,0
31.0,4.0,0.0,0.0,96.0,2.0,0.0,0.0,4.962,0
43.0,6.0,1.0,0.0,899.0,1.0,0.0,0.0,4.962,0
23.0,6.0,1.0,0.0,119.0,1.0,0.0,0.0,4.962,0
28.0,6.0,0.0,0.0,175.0,1.0,0.0,0.0,4.962,0
39.0,3.0,0.0,0.0,100.0,5.0,0.0,0.0,4.962,0
37.0,2.0,0.0,0.0,91.0,1.0,0.0,0.0,4.962,0
28.0,1.0,0.0,1.0,98.0,2.0,0.0,0.0,4.962,0
39.0,5.0,1.0,0.0,225.0,2.0,0.0,0.0,4.962,0
26.0,3.0,1.0,1.0,224.0,1.0,0.0,0.0,4.962,0
26.0,6.0,1.0,0.0,124.0,1.0,0.0,0.0,4.962,0
45.0,5.0,1.0,0.0,160.0,1.0,0.0,0.0,4.962,0
29.0,4.0,1.0,0.0,360.0,2.0,0.0,0.0,4.962,0
26.0,6.0,1.0,0.0,70.0,1.0,0.0,0.0,4.962,0
39.0,2.0,1.0,0.0,183.0,2.0,0.0,0.0,4.962,0
49.0,4.0,0.0,0.0,313.0,1.0,0.0,0.0,4.962,0
36.0,4.0,1.0,0.0,295.0,1.0,0.0,0.0,4.962,0
34.0,6.0,0.0,0.0,90.0,1.0,0.0,0.0,4.962,0
38.0,4.0,0.0,0.0,304.0,1.0,0.0,0.0,4.962,0
57.0,3.0,1.0,0.0,106.0,1.0,0.0,0.0,4.962,0
57.0,6.0,1.0,0.0,113.0,1.0,0.0,0.0,4.962,0
21.0,3.0,0.0,0.0,219.0,1.0,0.0,0.0,4.962,0
27.0,1.0,1.0,0.0,676.0,5.0,0.0,0.0,4.962,0
53.0,6.0,1.0,0.0,240.0,2.0,0.0,0.0,4.962,0
34.0,4.0,0.0,1.0,432.0,1.0,0.0,0.0,4.962,0
41.0,4.0,0.0,0.0,197.0,1.0,0.0,0.0,4.962,0
25.0,6.0,,,446.0,1.0,0.0,0.0,4.962,0
34.0,6.0,0.0,0.0,266.0,1.0,0.0,0.0,4.962,0
28.0,5.0,0.0,0.0,1290.0,4.0,0.0,0.0,4.962,1
54.0,6.0,1.0,0.0,281.0,3.0,0.0,0.0,4.962,0
47.0,6.0,0.0,0.0,76.0,1.0,0.0,0.0,4.962,0
56.0,1.0,0.0,0.0,39.0,1.0,0.0,0.0,4.962,0
56.0,1.0,1.0,0.0,300.0,1.0,0.0,0.0,4.962,0
39.0,2.0,1.0,0.0,1439.0,6.0,0.0,0.0,4.962,1
53.0,1.0,1.0,0.0,89.0,1.0,0.0,0.0,4.962,0
51.0,1.0,1.0,0.0,139.0,1.0,0.0,0.0,4.962,0
26.0,4.0,1.0,1.0,134.0,4.0,0.0,0.0,4.962,0
30.0,4.0,0.0,0.0,1426.0,3.0,0.0,0.0,4.962,1
33.0,1.0,0.0,0.0,143.0,1.0,0.0,0.0,4.963,0
44.0,2.0,0.0,0.0,168.0,1.0,0.0,0.0,4.963,0
40.0,1.0,1.0,1.0,181.0,1.0,0.0,0.0,4.963,0
48.0,5.0,1.0,0.0,108.0,2.0,0.0,0.0,4.963,0
36.0,4.0,,,156.0,1.0,0.0,0.0,4.963,0
36.0,3.0,1.0,0.0,194.0,1.0,0.0,0.0,4.963,0
36.0,3.0,1.0,0.0,68.0,1.0,0.0,0.0,4.963,0
42.0,2.0,0.0,0.0,121.0,1.0,0.0,0.0,4.963,0
46.0,6.0,1.0,0.0,89.0,1.0,0.0,0.0,4.963,0
32.0,5.0,1.0,0.0,255.0,1.0,0.0,0.0,4.963,1
49.0,3.0,1.0,0.0,268.0,1.0,0.0,0.0,4.963,0
32.0,3.0,1.0,0.0,165.0,1.0,0.0,0.0,4.963,0
29.0,6.0,1.0,0.0,370.0,1.0,0.0,0.0,4.963,0
25.0,4.0,1.0,0.0,103.0,1.0,0.0,0.0,4.963,0
39.0,1.0,0.0,0.0,633.0,1.0,0.0,0.0,4.963,0
27.0,5.0,1.0,0.0,347.0,1.0,0.0,0.0,4.963,0
51.0,6.0,1.0,0.0,147.0,1.0,0.0,0.0,4.963,0
58.0,4.0,0.0,0.0,224.0,1.0,0.0,0.0,4.963,0
32.0,6.0,1.0,0.0,150.0,1.0,0.0,0.0,4.963,0
32.0,6.0,0.0,0.0,792.0,1.0,0.0,0.0,4.963,0
46.0,6.0,1.0,0.0,330.0,1.0,0.0,0.0,4.963,0
57.0,1.0,0.0,1.0,584.0,1.0,0.0,0.0,4.963,1
45.0,6.0,0.0,1.0,542.0,1.0,0.0,0.0,4.963,0
34.0,4.0,0.0,0.0,481.0,1.0,0.0,0.0,4.963,0
54.0,1.0,0.0,0.0,279.0,1.0,0.0,0.0,4.963,0
30.0,4.0,0.0,0.0,421.0,1.0,0.0,0.0,4.963,0
39.0,4.0,1.0,0.0,301.0,1.0,0.0,0.0,4.963,0
38.0,5.0,1.0,0.0,268.0,1.0,0.0,0.0,4.963,0
33.0,3.0,1.0,0.0,151.0,1.0,0.0,0.0,4.963,0
33.0,3.0,1.0,0.0,209.0,1.0,0.0,0.0,4.963,0
32.0,4.0,1.0,0.0,207.0,1.0,0.0,0.0,4.963,0
24.0,4.0,1.0,0.0,165.0,2.0,0.0,0.0,4.963,0
45.0,4.0,0.0,0.0,323.0,1.0,0.0,0.0,4.963,0
33.0,4.0,1.0,0.0,180.0,6.0,0.0,0.0,4.963,0
49.0,6.0,0.0,0.0,161.0,5.0,0.0,0.0,4.963,0
31.0,4.0,1.0,0.0,244.0,1.0,0.0,0.0,4.963,0
31.0,4.0,0.0,0.0,634.0,1.0,0.0,0.0,4.963,1
31.0,4.0,0.0,0.0,363.0,1.0,0.0,0.0,4.963,0
31.0,4.0,1.0,0.0,197.0,1.0,0.0,0.0,4.963,0
32.0,6.0,0.0,0.0,136.0,1.0,0.0,0.0,4.963,0
32.0,1.0,0.0,0.0,360.0,17.0,0.0,0.0,4.963,0
28.0,4.0,1.0,0.0,270.0,2.0,0.0,0.0,4.963,0
32.0,3.0,0.0,0.0,240.0,1.0,0.0,0.0,4.963,0
32.0,3.0,1.0,1.0,359.0,1.0,0.0,0.0,4.963,0
26.0,6.0,1.0,0.0,290.0,2.0,0.0,0.0,4.963,0
33.0,4.0,1.0,0.0,154.0,14.0,0.0,0.0,4.963,0
31.0,5.0,0.0,0.0,200.0,5.0,0.0,0.0,4.963,0
60.0,6.0,0.0,1.0,258.0,1.0,0.0,0.0,4.963,0
26.0,6.0,0.0,0.0,117.0,1.0,0.0,0.0,4.963,0
35.0,4.0,0.0,0.0,114.0,1.0,0.0,0.0,4.963,0
24.0,3.0,1.0,0.0,545.0,2.0,0.0,0.0,4.963,0
27.0,3.0,0.0,0.0,104.0,1.0,0.0,0.0,4.963,0
35.0,3.0,1.0,0.0,157.0,1.0,0.0,0.0,4.963,0
35.0,3.0,1.0,1.0,170.0,1.0,0.0,0.0,4.963,0
35.0,3.0,1.0,0.0,333.0,1.0,0.0,0.0,4.963,0
24.0,1.0,0.0,0.0,159.0,1.0,0.0,0.0,4.963,0
24.0,1.0,0.0,0.0,304.0,1.0,0.0,0.0,4.963,0
35.0,3.0,0.0,0.0,117.0,3.0,0.0,0.0,4.963,0
56.0,5.0,0.0,0.0,196.0,2.0,0.0,0.0,4.963,0
52.0,1.0,0.0,1.0,183.0,2.0,0.0,0.0,4.963,0
55.0,6.0,1.0,0.0,188.0,2.0,0.0,0.0,4.963,0
53.0,3.0,0.0,0.0,891.0,2.0,0.0,0.0,4.963,0
43.0,1.0,1.0,0.0,1242.0,2.0,0.0,0.0,4.963,0
31.0,4.0,1.0,0.0,45.0,2.0,0.0,0.0,4.963,0
27.0,4.0,1.0,0.0,100.0,2.0,0.0,0.0,4.963,0
30.0,4.0,1.0,0.0,72.0,2.0,0.0,0.0,4.963,0
27.0,2.0,1.0,0.0,186.0,2.0,0.0,0.0,4.963,0
36.0,4.0,1.0,0.0,249.0,2.0,0.0,0.0,4.963,0
35.0,6.0,0.0,0.0,60.0,2.0,0.0,0.0,4.963,0
31.0,5.0,0.0,0.0,109.0,2.0,0.0,0.0,4.963,0
33.0,6.0,1.0,0.0,614.0,2.0,0.0,0.0,4.963,1
38.0,3.0,0.0,1.0,83.0,2.0,0.0,0.0,4.963,0
43.0,5.0,0.0,1.0,94.0,2.0,0.0,0.0,4.963,0
38.0,3.0,0.0,0.0,764.0,2.0,0.0,0.0,4.963,1
28.0,4.0,0.0,0.0,64.0,2.0,0.0,0.0,4.963,0
32.0,,1.0,1.0,1973.0,2.0,0.0,0.0,4.963,1
29.0,3.0,0.0,0.0,187.0,2.0,0.0,0.0,4.963,0
33.0,4.0,0.0,0.0,90.0,2.0,0.0,0.0,4.963,0
53.0,3.0,1.0,1.0,1041.0,2.0,0.0,0.0,4.963,1
31.0,4.0,0.0,0.0,61.0,2.0,0.0,0.0,4.963,0
25.0,4.0,0.0,0.0,120.0,10.0,0.0,0.0,4.963,0
45.0,,1.0,0.0,121.0,2.0,0.0,0.0,4.963,0
28.0,2.0,1.0,0.0,330.0,2.0,0.0,0.0,4.963,0
40.0,5.0,1.0,1.0,919.0,2.0,0.0,0.0,4.963,0
31.0,3.0,1.0,0.0,184.0,2.0,0.0,0.0,4.963,0
59.0,1.0,0.0,0.0,202.0,2.0,0.0,0.0,4.963,0
46.0,1.0,0.0,0.0,550.0,2.0,0.0,0.0,4.963,0
41.0,5.0,0.0,0.0,911.0,2.0,0.0,0.0,4.963,1
36.0,6.0,0.0,0.0,135.0,2.0,0.0,0.0,4.963,0
52.0,5.0,0.0,1.0,163.0,2.0,0.0,0.0,4.963,0
22.0,5.0,1.0,0.0,161.0,4.0,0.0,0.0,4.963,0
46.0,1.0,0.0,0.0,1649.0,2.0,0.0,0.0,4.963,1
29.0,4.0,1.0,1.0,151.0,2.0,0.0,0.0,4.962,0
27.0,5.0,1.0,1.0,324.0,2.0,0.0,0.0,4.962,0
27.0,3.0,1.0,0.0,236.0,2.0,0.0,0.0,4.962,0
56.0,3.0,0.0,1.0,53.0,8.0,0.0,0.0,4.962,0
25.0,3.0,1.0,0.0,244.0,7.0,0.0,0.0,4.962,0
33.0,6.0,1.0,1.0,103.0,3.0,0.0,0.0,4.962,0
26.0,4.0,0.0,0.0,79.0,3.0,0.0,0.0,4.962,0
26.0,4.0,1.0,1.0,110.0,2.0,0.0,0.0,4.962,0
31.0,6.0,1.0,0.0,151.0,2.0,0.0,0.0,4.962,0
44.0,3.0,0.0,0.0,214.0,3.0,0.0,0.0,4.962,0
27.0,3.0,1.0,0.0,189.0,3.0,0.0,0.0,4.962,0
40.0,2.0,1.0,0.0,137.0,3.0,0.0,0.0,4.962,0
32.0,6.0,0.0,0.0,173.0,6.0,0.0,0.0,4.962,0
32.0,6.0,,,209.0,2.0,0.0,0.0,4.962,0
30.0,6.0,0.0,0.0,64.0,3.0,0.0,0.0,4.962,0
26.0,4.0,0.0,0.0,226.0,4.0,0.0,0.0,4.962,0
30.0,5.0,1.0,0.0,467.0,3.0,0.0,0.0,4.962,0
49.0,6.0,0.0,0.0,549.0,3.0,0.0,0.0,4.962,0
26.0,4.0,1.0,0.0,460.0,3.0,0.0,0.0,4.962,0
40.0,2.0,0.0,0.0,247.0,2.0,0.0,0.0,4.962,0
38.0,4.0,0.0,0.0,90.0,3.0,0.0,0.0,4.962,0
56.0,4.0,1.0,0.0,354.0,2.0,0.0,0.0,4.962,0
31.0,4.0,0.0,0.0,650.0,4.0,0.0,0.0,4.962,0
43.0,4.0,0.0,0.0,74.0,2.0,0.0,0.0,4.962,0
29.0,6.0,1.0,0.0,138.0,3.0,0.0,0.0,4.962,0
36.0,6.0,0.0,0.0,58.0,11.0,0.0,0.0,4.962,0
35.0,4.0,1.0,0.0,105.0,3.0,0.0,0.0,4.962,0
23.0,3.0,1.0,0.0,686.0,2.0,0.0,0.0,4.962,1
31.0,3.0,1.0,0.0,334.0,3.0,0.0,0.0,4.962,0
35.0,6.0,1.0,0.0,77.0,2.0,0.0,0.0,4.962,0
35.0,3.0,1.0,0.0,292.0,3.0,0.0,0.0,4.962,0
27.0,5.0,0.0,0.0,331.0,2.0,0.0,0.0,4.962,0
31.0,6.0,1.0,0.0,106.0,4.0,0.0,0.0,4.962,0
27.0,4.0,0.0,0.0,68.0,3.0,0.0,0.0,4.962,0
37.0,4.0,1.0,0.0,204.0,3.0,0.0,0.0,4.962,0
43.0,4.0,1.0,0.0,140.0,2.0,0.0,0.0,4.962,0
25.0,4.0,0.0,0.0,154.0,4.0,0.0,0.0,4.962,0
31.0,2.0,1.0,0.0,85.0,3.0,0.0,0.0,4.962,0
35.0,4.0,0.0,1.0,149.0,4.0,0.0,0.0,4.962,0
35.0,6.0,1.0,0.0,118.0,4.0,0.0,0.0,4.962,0
33.0,6.0,0.0,0.0,299.0,3.0,0.0,0.0,4.962,0
42.0,5.0,1.0,0.0,77.0,3.0,0.0,0.0,4.962,0
30.0,3.0,1.0,0.0,245.0,2.0,0.0,0.0,4.962,0
31.0,3.0,1.0,0.0,392.0,4.0,0.0,0.0,4.962,0
27.0,5.0,0.0,0.0,81.0,2.0,0.0,0.0,4.962,0
43.0,4.0,0.0,0.0,81.0,3.0,0.0,0.0,4.962,0
27.0,3.0,1.0,1.0,166.0,3.0,0.0,0.0,4.962,0
43.0,1.0,0.0,0.0,119.0,3.0,0.0,0.0,4.962,0
34.0,2.0,1.0,0.0,557.0,5.0,0.0,0.0,4.962,0
55.0,,0.0,1.0,342.0,2.0,0.0,0.0,4.962,0
46.0,3.0,1.0,1.0,194.0,3.0,0.0,0.0,4.962,0
31.0,4.0,0.0,0.0,101.0,3.0,0.0,0.0,4.962,0
36.0,5.0,1.0,0.0,643.0,2.0,0.0,0.0,4.962,0
44.0,3.0,0.0,0.0,304.0,4.0,0.0,0.0,4.962,0
36.0,5.0,1.0,1.0,43.0,4.0,0.0,0.0,4.962,0
27.0,4.0,0.0,0.0,1071.0,3.0,0.0,0.0,4.962,1
23.0,4.0,1.0,0.0,150.0,4.0,0.0,0.0,4.962,0
38.0,3.0,1.0,0.0,149.0,4.0,0.0,0.0,4.962,0
57.0,1.0,1.0,0.0,364.0,3.0,0.0,0.0,4.962,0
30.0,3.0,1.0,0.0,235.0,3.0,0.0,0.0,4.962,0
32.0,5.0,1.0,1.0,330.0,4.0,0.0,0.0,4.962,0
28.0,4.0,1.0,0.0,12.0,3.0,0.0,0.0,4.962,0
44.0,4.0,0.0,0.0,77.0,3.0,0.0,0.0,4.962,0
44.0,3.0,1.0,0.0,46.0,3.0,0.0,0.0,4.962,0
42.0,4.0,0.0,0.0,110.0,3.0,0.0,0.0,4.962,0
31.0,6.0,1.0,0.0,227.0,4.0,0.0,0.0,4.962,0
29.0,3.0,0.0,0.0,223.0,3.0,0.0,0.0,4.962,0
32.0,6.0,1.0,0.0,109.0,3.0,0.0,0.0,4.962,0
36.0,3.0,,,102.0,14.0,0.0,0.0,4.962,0
57.0,3.0,1.0,0.0,101.0,3.0,0.0,0.0,4.961,0
56.0,1.0,1.0,0.0,335.0,2.0,0.0,0.0,4.961,0
50.0,6.0,0.0,0.0,179.0,3.0,0.0,0.0,4.961,0
34.0,6.0,1.0,0.0,439.0,2.0,0.0,0.0,4.961,0
31.0,3.0,1.0,0.0,204.0,3.0,0.0,0.0,4.961,0
31.0,4.0,1.0,0.0,101.0,4.0,0.0,0.0,4.961,0
42.0,2.0,1.0,0.0,94.0,3.0,0.0,0.0,4.961,0
35.0,3.0,0.0,1.0,416.0,3.0,0.0,0.0,4.961,0
31.0,6.0,1.0,1.0,368.0,2.0,0.0,0.0,4.961,0
42.0,3.0,0.0,0.0,723.0,3.0,0.0,0.0,4.961,1
34.0,4.0,0.0,1.0,101.0,2.0,0.0,0.0,4.961,0
32.0,6.0,1.0,0.0,71.0,4.0,0.0,0.0,4.961,0
30.0,4.0,1.0,0.0,501.0,2.0,0.0,0.0,4.961,0
36.0,1.0,0.0,0.0,753.0,4.0,0.0,0.0,4.961,0
48.0,6.0,1.0,1.0,80.0,2.0,0.0,0.0,4.961,0
53.0,2.0,1.0,1.0,101.0,2.0,0.0,0.0,4.961,0
37.0,1.0,1.0,0.0,226.0,3.0,0.0,0.0,4.961,0
25.0,6.0,0.0,1.0,280.0,2.0,0.0,0.0,4.961,0
33.0,4.0,0.0,0.0,87.0,5.0,0.0,0.0,4.961,0
37.0,2.0,0.0,0.0,65.0,3.0,0.0,0.0,4.961,0
57.0,2.0,1.0,0.0,256.0,5.0,0.0,0.0,4.961,0
38.0,6.0,1.0,0.0,646.0,4.0,0.0,0.0,4.961,0
31.0,4.0,1.0,0.0,178.0,3.0,0.0,0.0,4.961,0
43.0,4.0,0.0,0.0,1317.0,4.0,0.0,0.0,4.961,1
53.0,4.0,1.0,0.0,201.0,4.0,0.0,0.0,4.961,0
32.0,4.0,0.0,0.0,135.0,1.0,0.0,0.0,4.961,0
46.0,5.0,1.0,0.0,387.0,5.0,0.0,0.0,4.961,0
56.0,1.0,0.0,0.0,76.0,1.0,0.0,0.0,4.961,0
59.0,1.0,1.0,0.0,85.0,5.0,0.0,0.0,4.961,0
31.0,3.0,0.0,0.0,280.0,6.0,0.0,0.0,4.961,0
37.0,5.0,1.0,1.0,177.0,1.0,0.0,0.0,4.961,0
40.0,4.0,1.0,0.0,193.0,6.0,0.0,0.0,4.961,0
49.0,1.0,1.0,0.0,792.0,4.0,0.0,0.0,4.961,0
32.0,,0.0,0.0,981.0,1.0,0.0,0.0,4.961,1
51.0,5.0,1.0,0.0,408.0,4.0,0.0,0.0,4.961,0
57.0,2.0,1.0,1.0,329.0,6.0,0.0,0.0,4.961,0
50.0,5.0,0.0,0.0,306.0,14.0,0.0,0.0,4.961,0
30.0,1.0,1.0,0.0,68.0,8.0,0.0,0.0,4.961,0
43.0,6.0,1.0,0.0,347.0,4.0,0.0,0.0,4.961,0
32.0,,1.0,1.0,136.0,2.0,0.0,0.0,4.961,0
35.0,3.0,1.0,0.0,120.0,6.0,0.0,0.0,4.961,0
48.0,3.0,1.0,0.0,84.0,5.0,0.0,0.0,4.961,0
35.0,6.0,,,78.0,4.0,0.0,0.0,4.961,0
35.0,6.0,1.0,0.0,462.0,4.0,0.0,0.0,4.961,0
50.0,6.0,1.0,0.0,216.0,7.0,0.0,0.0,4.961,0
46.0,6.0,0.0,1.0,142.0,3.0,0.0,0.0,4.961,0
28.0,4.0,1.0,0.0,166.0,6.0,0.0,0.0,4.961,0
58.0,1.0,0.0,0.0,520.0,3.0,0.0,0.0,4.961,0
55.0,1.0,0.0,1.0,599.0,4.0,0.0,0.0,4.961,0
40.0,4.0,0.0,1.0,270.0,5.0,0.0,0.0,4.961,0
39.0,2.0,1.0,0.0,59.0,5.0,0.0,0.0,4.961,0
48.0,6.0,1.0,0.0,812.0,3.0,0.0,0.0,4.961,0
48.0,3.0,1.0,0.0,97.0,5.0,0.0,0.0,4.961,0
36.0,1.0,1.0,0.0,87.0,8.0,0.0,0.0,4.961,0
37.0,2.0,1.0,0.0,208.0,8.0,0.0,0.0,4.957,0
56.0,4.0,1.0,0.0,298.0,2.0,0.0,0.0,4.957,0
58.0,6.0,1.0,0.0,174.0,5.0,0.0,0.0,4.957,0
33.0,,0.0,1.0,186.0,4.0,0.0,0.0,4.957,0
34.0,1.0,0.0,0.0,52.0,7.0,0.0,0.0,4.957,0
27.0,5.0,,,46.0,8.0,0.0,0.0,4.957,0
33.0,3.0,1.0,1.0,464.0,3.0,0.0,0.0,4.957,0
24.0,4.0,0.0,0.0,220.0,5.0,0.0,0.0,4.957,0
26.0,5.0,,,578.0,1.0,0.0,0.0,4.957,1
31.0,6.0,1.0,1.0,154.0,2.0,0.0,0.0,4.957,0
33.0,3.0,0.0,0.0,155.0,2.0,0.0,0.0,4.957,0
55.0,1.0,0.0,0.0,525.0,2.0,0.0,0.0,4.957,0
43.0,2.0,1.0,1.0,1806.0,4.0,0.0,0.0,4.957,1
49.0,,0.0,0.0,92.0,1.0,0.0,0.0,4.957,0
27.0,4.0,0.0,0.0,151.0,4.0,0.0,0.0,4.957,0
31.0,3.0,0.0,0.0,56.0,1.0,0.0,0.0,4.957,0
50.0,3.0,1.0,0.0,153.0,1.0,0.0,0.0,4.957,0
34.0,5.0,1.0,0.0,401.0,1.0,0.0,0.0,4.957,0
52.0,6.0,0.0,0.0,272.0,1.0,0.0,0.0,4.957,0
49.0,4.0,1.0,0.0,122.0,1.0,0.0,0.0,4.957,0
39.0,,1.0,0.0,94.0,1.0,0.0,0.0,4.957,0
29.0,4.0,0.0,0.0,191.0,1.0,0.0,0.0,4.957,0
45.0,,1.0,1.0,496.0,1.0,0.0,0.0,4.957,1
34.0,2.0,1.0,1.0,195.0,1.0,0.0,0.0,4.957,0
45.0,4.0,0.0,0.0,94.0,3.0,0.0,0.0,4.957,0
34.0,4.0,1.0,1.0,29.0,8.0,0.0,0.0,4.957,0
26.0,5.0,0.0,0.0,83.0,2.0,0.0,0.0,4.957,0
49.0,,1.0,0.0,206.0,2.0,0.0,0.0,4.957,0
26.0,3.0,1.0,0.0,294.0,2.0,0.0,0.0,4.957,0
31.0,3.0,0.0,0.0,155.0,2.0,0.0,0.0,4.957,0
24.0,4.0,1.0,0.0,57.0,2.0,0.0,0.0,4.957,0
47.0,3.0,1.0,0.0,318.0,1.0,0.0,0.0,4.957,0
25.0,4.0,1.0,0.0,202.0,1.0,0.0,0.0,4.957,0
50.0,1.0,0.0,0.0,1222.0,1.0,0.0,0.0,4.957,1
42.0,4.0,1.0,0.0,197.0,1.0,0.0,0.0,4.957,0
47.0,5.0,1.0,0.0,226.0,1.0,0.0,0.0,4.957,0
28.0,4.0,1.0,1.0,177.0,1.0,0.0,0.0,4.957,0
35.0,4.0,1.0,1.0,652.0,1.0,0.0,0.0,4.957,1
28.0,4.0,1.0,0.0,350.0,1.0,0.0,0.0,4.957,0
28.0,4.0,0.0,0.0,359.0,1.0,0.0,0.0,4.957,0
25.0,4.0,1.0,0.0,158.0,1.0,0.0,0.0,4.957,0
33.0,3.0,1.0,0.0,1019.0,11.0,0.0,0.0,4.957,1
43.0,2.0,0.0,0.0,93.0,3.0,0.0,0.0,4.957,0
48.0,2.0,1.0,0.0,709.0,2.0,0.0,0.0,4.957,1
40.0,4.0,1.0,0.0,254.0,2.0,0.0,0.0,4.957,0
59.0,6.0,1.0,1.0,87.0,16.0,0.0,0.0,4.957,0
27.0,4.0,0.0,0.0,293.0,2.0,0.0,0.0,4.957,0
29.0,5.0,0.0,0.0,378.0,2.0,0.0,0.0,4.957,0
45.0,2.0,0.0,0.0,91.0,3.0,0.0,0.0,4.957,0
34.0,2.0,,,254.0,3.0,0.0,0.0,4.957,0
34.0,1.0,0.0,0.0,285.0,5.0,0.0,0.0,4.957,0
35.0,3.0,0.0,0.0,156.0,6.0,0.0,0.0,4.957,0
36.0,6.0,1.0,0.0,118.0,5.0,0.0,0.0,4.957,0
28.0,3.0,0.0,1.0,278.0,2.0,0.0,0.0,4.957,0
29.0,6.0,1.0,0.0,77.0,6.0,0.0,0.0,4.957,0
37.0,2.0,1.0,0.0,345.0,10.0,0.0,0.0,4.957,0
34.0,6.0,0.0,0.0,781.0,2.0,0.0,0.0,4.957,1
46.0,1.0,0.0,0.0,201.0,5.0,0.0,0.0,4.957,0
24.0,3.0,0.0,0.0,127.0,11.0,0.0,0.0,4.957,0
29.0,6.0,0.0,0.0,319.0,5.0,0.0,0.0,4.957,0
35.0,3.0,0.0,1.0,204.0,2.0,0.0,0.0,4.957,0
24.0,3.0,0.0,0.0,255.0,2.0,0.0,0.0,4.957,0
25.0,4.0,0.0,0.0,298.0,1.0,0.0,0.0,4.958,0
30.0,2.0,1.0,0.0,397.0,1.0,0.0,0.0,4.958,0
38.0,3.0,0.0,0.0,69.0,1.0,0.0,0.0,4.958,0
29.0,4.0,0.0,0.0,48.0,7.0,0.0,0.0,4.958,0
28.0,3.0,0.0,0.0,72.0,3.0,0.0,0.0,4.958,0
32.0,2.0,1.0,0.0,317.0,1.0,0.0,0.0,4.958,0
54.0,3.0,1.0,0.0,102.0,1.0,0.0,0.0,4.958,0
35.0,6.0,1.0,0.0,50.0,1.0,0.0,0.0,4.958,0
24.0,4.0,0.0,0.0,20.0,3.0,0.0,0.0,4.958,0
35.0,6.0,1.0,0.0,628.0,1.0,0.0,0.0,4.958,0
30.0,3.0,1.0,0.0,17.0,3.0,0.0,0.0,4.958,0
31.0,6.0,0.0,0.0,84.0,1.0,0.0,0.0,4.958,0
47.0,3.0,1.0,0.0,504.0,2.0,0.0,0.0,4.958,0
32.0,3.0,1.0,0.0,430.0,2.0,0.0,0.0,4.958,0
27.0,3.0,1.0,0.0,818.0,1.0,0.0,0.0,4.958,0
27.0,4.0,1.0,0.0,284.0,1.0,0.0,0.0,4.958,0
41.0,5.0,1.0,0.0,156.0,1.0,0.0,0.0,4.958,0
49.0,6.0,1.0,0.0,167.0,1.0,0.0,0.0,4.958,0
42.0,3.0,1.0,0.0,410.0,1.0,0.0,0.0,4.958,0
50.0,,0.0,0.0,1275.0,1.0,0.0,0.0,4.958,1
58.0,1.0,1.0,0.0,158.0,1.0,0.0,0.0,4.958,0
31.0,6.0,1.0,1.0,120.0,3.0,0.0,0.0,4.958,0
47.0,1.0,0.0,0.0,136.0,2.0,0.0,0.0,4.958,0
50.0,,0.0,0.0,114.0,1.0,0.0,0.0,4.958,0
39.0,3.0,1.0,0.0,105.0,1.0,0.0,0.0,4.958,0
23.0,6.0,1.0,0.0,134.0,1.0,0.0,0.0,4.958,0
38.0,6.0,1.0,1.0,68.0,2.0,0.0,0.0,4.958,0
35.0,3.0,1.0,0.0,225.0,3.0,0.0,0.0,4.958,0
34.0,6.0,1.0,0.0,243.0,1.0,0.0,0.0,4.958,0
24.0,4.0,1.0,0.0,470.0,1.0,0.0,0.0,4.958,0
35.0,6.0,0.0,0.0,109.0,3.0,0.0,0.0,4.958,0
27.0,3.0,0.0,1.0,655.0,1.0,0.0,0.0,4.958,0
25.0,5.0,1.0,0.0,312.0,5.0,0.0,0.0,4.958,0
23.0,4.0,0.0,0.0,796.0,2.0,0.0,0.0,4.958,0
33.0,4.0,1.0,0.0,127.0,3.0,0.0,0.0,4.958,0
41.0,4.0,1.0,0.0,168.0,6.0,0.0,0.0,4.958,0
29.0,3.0,0.0,0.0,504.0,1.0,0.0,0.0,4.958,0
26.0,3.0,1.0,0.0,275.0,17.0,0.0,0.0,4.958,0
35.0,5.0,1.0,1.0,54.0,3.0,0.0,0.0,4.958,0
26.0,1.0,0.0,0.0,695.0,1.0,0.0,0.0,4.958,0
40.0,4.0,0.0,1.0,265.0,2.0,0.0,0.0,4.958,0
28.0,3.0,0.0,0.0,171.0,8.0,0.0,0.0,4.958,0
25.0,6.0,1.0,0.0,271.0,5.0,0.0,0.0,4.958,0
35.0,4.0,1.0,0.0,197.0,3.0,0.0,0.0,4.958,0
31.0,3.0,0.0,1.0,1319.0,5.0,0.0,0.0,4.958,1
50.0,1.0,0.0,0.0,235.0,2.0,0.0,0.0,4.958,0
24.0,3.0,1.0,0.0,199.0,1.0,0.0,0.0,4.958,0
39.0,4.0,0.0,0.0,210.0,2.0,0.0,0.0,4.958,0
37.0,1.0,0.0,0.0,147.0,2.0,0.0,0.0,4.958,0
25.0,2.0,1.0,0.0,59.0,3.0,0.0,0.0,4.958,0
32.0,4.0,0.0,0.0,147.0,3.0,0.0,0.0,4.958,0
25.0,6.0,1.0,0.0,174.0,2.0,0.0,0.0,4.958,0
33.0,6.0,0.0,0.0,1018.0,1.0,0.0,0.0,4.958,0
32.0,6.0,0.0,0.0,654.0,1.0,0.0,0.0,4.958,0
42.0,1.0,1.0,0.0,124.0,2.0,0.0,0.0,4.958,0
42.0,5.0,1.0,0.0,171.0,3.0,0.0,0.0,4.958,0
27.0,6.0,1.0,0.0,170.0,4.0,0.0,0.0,4.958,0
26.0,4.0,0.0,0.0,770.0,2.0,0.0,0.0,4.958,0
52.0,5.0,1.0,0.0,57.0,4.0,0.0,0.0,4.958,0
28.0,,0.0,0.0,82.0,2.0,0.0,0.0,4.958,0
24.0,2.0,0.0,0.0,207.0,10.0,0.0,0.0,4.958,0
48.0,1.0,1.0,0.0,172.0,3.0,0.0,0.0,4.958,0
24.0,2.0,0.0,0.0,75.0,3.0,0.0,0.0,4.958,0
42.0,4.0,0.0,0.0,1153.0,4.0,0.0,0.0,4.958,1
27.0,,0.0,0.0,193.0,2.0,0.0,0.0,4.958,0
25.0,4.0,1.0,0.0,172.0,2.0,0.0,0.0,4.957,0
41.0,1.0,1.0,0.0,138.0,3.0,0.0,0.0,4.957,0
37.0,6.0,0.0,1.0,69.0,7.0,0.0,0.0,4.957,0
30.0,2.0,1.0,0.0,50.0,4.0,0.0,0.0,4.957,0
46.0,6.0,0.0,0.0,142.0,10.0,0.0,0.0,4.957,0
42.0,6.0,0.0,0.0,400.0,6.0,0.0,0.0,4.957,0
51.0,4.0,1.0,1.0,454.0,1.0,0.0,0.0,4.957,0
38.0,5.0,0.0,0.0,59.0,4.0,0.0,0.0,4.957,0
31.0,6.0,0.0,0.0,85.0,1.0,0.0,0.0,4.957,0
57.0,4.0,0.0,0.0,558.0,1.0,0.0,0.0,4.957,1
57.0,4.0,1.0,0.0,572.0,1.0,0.0,0.0,4.957,1
42.0,2.0,0.0,0.0,304.0,3.0,0.0,0.0,4.957,0
35.0,6.0,1.0,0.0,199.0,1.0,0.0,0.0,4.957,0
27.0,4.0,1.0,0.0,41.0,1.0,0.0,0.0,4.957,0
29.0,4.0,1.0,0.0,90.0,1.0,0.0,0.0,4.957,0
29.0,4.0,0.0,0.0,33.0,1.0,0.0,0.0,4.957,0
43.0,3.0,0.0,0.0,377.0,1.0,0.0,0.0,4.957,0
46.0,1.0,0.0,0.0,113.0,1.0,0.0,0.0,4.957,0
36.0,3.0,1.0,0.0,225.0,1.0,0.0,0.0,4.957,0
53.0,1.0,1.0,1.0,131.0,7.0,0.0,0.0,4.957,0
33.0,4.0,1.0,0.0,516.0,1.0,0.0,0.0,4.957,1
30.0,4.0,0.0,0.0,167.0,3.0,0.0,0.0,4.957,0
22.0,3.0,0.0,0.0,106.0,1.0,0.0,0.0,4.957,0
56.0,6.0,,,41.0,1.0,0.0,0.0,4.957,0
41.0,3.0,0.0,0.0,119.0,4.0,0.0,0.0,4.957,0
29.0,6.0,1.0,0.0,337.0,1.0,0.0,0.0,4.957,0
33.0,2.0,1.0,0.0,63.0,2.0,0.0,0.0,4.957,0
30.0,6.0,0.0,0.0,483.0,1.0,0.0,0.0,4.957,0
28.0,6.0,0.0,0.0,292.0,3.0,0.0,0.0,4.957,0
45.0,6.0,0.0,0.0,508.0,1.0,0.0,0.0,4.957,0
25.0,3.0,1.0,0.0,263.0,1.0,0.0,0.0,4.957,0
53.0,3.0,1.0,0.0,503.0,2.0,0.0,0.0,4.957,0
49.0,2.0,0.0,0.0,744.0,4.0,0.0,0.0,4.957,0
35.0,6.0,0.0,0.0,642.0,1.0,0.0,0.0,4.957,0
32.0,1.0,1.0,0.0,141.0,1.0,0.0,0.0,4.957,0
33.0,3.0,1.0,0.0,169.0,2.0,0.0,0.0,4.957,0
56.0,1.0,1.0,0.0,641.0,1.0,0.0,0.0,4.957,1
25.0,6.0,0.0,0.0,835.0,1.0,0.0,0.0,4.957,0
43.0,6.0,1.0,0.0,54.0,7.0,0.0,0.0,4.957,0
26.0,4.0,1.0,0.0,34.0,3.0,0.0,0.0,4.957,0
47.0,6.0,0.0,1.0,183.0,9.0,0.0,0.0,4.957,0
33.0,2.0,1.0,0.0,168.0,7.0,0.0,0.0,4.957,0
38.0,3.0,0.0,1.0,129.0,4.0,0.0,0.0,4.957,0
25.0,6.0,0.0,0.0,216.0,2.0,0.0,0.0,4.957,0
56.0,6.0,0.0,0.0,55.0,9.0,0.0,0.0,4.957,0
37.0,5.0,1.0,0.0,252.0,6.0,0.0,0.0,4.957,0
30.0,5.0,1.0,0.0,570.0,2.0,0.0,0.0,4.957,0
28.0,6.0,1.0,0.0,112.0,2.0,0.0,0.0,4.957,0
56.0,6.0,1.0,0.0,177.0,5.0,0.0,0.0,4.957,0
36.0,1.0,0.0,0.0,184.0,3.0,0.0,0.0,4.957,0
24.0,3.0,0.0,0.0,191.0,3.0,0.0,0.0,4.957,0
41.0,3.0,0.0,0.0,46.0,8.0,0.0,0.0,4.957,0
39.0,1.0,0.0,0.0,470.0,24.0,0.0,0.0,4.957,0
34.0,3.0,1.0,0.0,913.0,4.0,0.0,0.0,4.957,1
37.0,5.0,0.0,0.0,127.0,3.0,0.0,0.0,4.957,0
29.0,6.0,1.0,0.0,212.0,7.0,0.0,0.0,4.96,0
37.0,5.0,0.0,0.0,280.0,3.0,0.0,0.0,4.96,0
30.0,6.0,1.0,0.0,124.0,3.0,0.0,0.0,4.96,0
39.0,5.0,1.0,0.0,241.0,3.0,0.0,0.0,4.96,0
54.0,3.0,1.0,0.0,144.0,2.0,0.0,0.0,4.96,0
24.0,3.0,1.0,0.0,192.0,3.0,0.0,0.0,4.96,0
25.0,4.0,1.0,0.0,75.0,2.0,0.0,0.0,4.96,0
39.0,3.0,1.0,0.0,123.0,3.0,0.0,0.0,4.96,0
48.0,4.0,1.0,0.0,72.0,2.0,0.0,0.0,4.96,0
30.0,6.0,1.0,0.0,218.0,2.0,0.0,0.0,4.96,0
28.0,3.0,0.0,1.0,145.0,3.0,0.0,0.0,4.96,0
48.0,4.0,0.0,1.0,118.0,7.0,0.0,0.0,4.96,0
36.0,6.0,0.0,0.0,84.0,1.0,0.0,0.0,4.96,0
50.0,3.0,0.0,0.0,394.0,2.0,0.0,0.0,4.96,0
28.0,3.0,1.0,0.0,236.0,2.0,0.0,0.0,4.96,0
48.0,4.0,0.0,1.0,88.0,4.0,0.0,0.0,4.96,0
27.0,4.0,0.0,0.0,1105.0,2.0,0.0,0.0,4.96,1
30.0,6.0,1.0,0.0,96.0,1.0,0.0,0.0,4.96,0
46.0,3.0,0.0,0.0,76.0,3.0,0.0,0.0,4.96,0
49.0,6.0,1.0,0.0,184.0,1.0,0.0,0.0,4.96,0
30.0,6.0,1.0,1.0,126.0,4.0,0.0,0.0,4.96,0
46.0,3.0,1.0,0.0,124.0,1.0,0.0,0.0,4.96,0
27.0,3.0,0.0,0.0,316.0,1.0,0.0,0.0,4.96,0
27.0,3.0,1.0,0.0,405.0,1.0,0.0,0.0,4.96,0
49.0,6.0,1.0,0.0,37.0,1.0,0.0,0.0,4.96,0
26.0,4.0,0.0,0.0,455.0,4.0,0.0,0.0,4.96,0
35.0,6.0,1.0,0.0,156.0,1.0,0.0,0.0,4.96,0
36.0,1.0,0.0,0.0,854.0,1.0,0.0,0.0,4.96,1
35.0,4.0,0.0,1.0,97.0,2.0,0.0,0.0,4.96,0
46.0,4.0,1.0,0.0,170.0,3.0,0.0,0.0,4.96,0
55.0,6.0,0.0,0.0,118.0,3.0,0.0,0.0,4.96,0
34.0,2.0,1.0,1.0,218.0,1.0,0.0,0.0,4.96,0
47.0,3.0,0.0,0.0,678.0,1.0,0.0,0.0,4.96,0
41.0,4.0,1.0,0.0,521.0,1.0,0.0,0.0,4.96,0
38.0,5.0,1.0,0.0,356.0,2.0,0.0,0.0,4.96,0
43.0,4.0,0.0,1.0,111.0,1.0,0.0,0.0,4.96,0
40.0,4.0,0.0,0.0,353.0,2.0,0.0,0.0,4.96,0
43.0,4.0,1.0,0.0,119.0,1.0,0.0,0.0,4.96,0
43.0,4.0,1.0,1.0,1212.0,1.0,0.0,0.0,4.96,1
19.0,3.0,1.0,0.0,87.0,4.0,0.0,0.0,4.96,0
48.0,4.0,0.0,0.0,137.0,3.0,0.0,0.0,4.96,0
59.0,6.0,0.0,0.0,251.0,5.0,0.0,0.0,4.96,0
32.0,6.0,0.0,0.0,691.0,10.0,0.0,0.0,4.96,1
49.0,6.0,1.0,0.0,18.0,1.0,0.0,0.0,4.96,0
24.0,3.0,0.0,0.0,171.0,1.0,0.0,0.0,4.96,0
24.0,3.0,1.0,0.0,46.0,1.0,0.0,0.0,4.96,0
33.0,2.0,1.0,0.0,299.0,1.0,0.0,0.0,4.96,0
48.0,2.0,1.0,1.0,250.0,1.0,0.0,0.0,4.96,0
25.0,5.0,1.0,0.0,292.0,2.0,0.0,0.0,4.96,0
27.0,4.0,1.0,0.0,407.0,11.0,0.0,0.0,4.96,0
41.0,,0.0,0.0,250.0,1.0,0.0,0.0,4.96,0
42.0,1.0,1.0,0.0,71.0,9.0,0.0,0.0,4.96,0
32.0,3.0,1.0,0.0,91.0,9.0,0.0,0.0,4.96,0
28.0,4.0,1.0,0.0,392.0,1.0,0.0,0.0,4.96,0
56.0,,1.0,1.0,210.0,1.0,0.0,0.0,4.96,0
42.0,1.0,0.0,0.0,378.0,1.0,0.0,0.0,4.96,0
26.0,6.0,1.0,0.0,71.0,9.0,0.0,0.0,4.96,0
27.0,4.0,0.0,0.0,510.0,6.0,0.0,0.0,4.96,0
29.0,4.0,0.0,0.0,363.0,1.0,0.0,0.0,4.96,0
37.0,4.0,1.0,0.0,87.0,1.0,0.0,0.0,4.96,0
48.0,6.0,0.0,1.0,564.0,5.0,0.0,0.0,4.96,0
46.0,4.0,1.0,0.0,181.0,2.0,0.0,0.0,4.96,0
28.0,5.0,1.0,0.0,1002.0,3.0,0.0,0.0,4.96,1
30.0,6.0,0.0,1.0,833.0,5.0,0.0,0.0,4.96,0
35.0,4.0,1.0,0.0,274.0,3.0,0.0,0.0,4.96,0
46.0,6.0,0.0,0.0,338.0,3.0,0.0,0.0,4.96,0
30.0,3.0,0.0,1.0,985.0,11.0,0.0,0.0,4.96,1
33.0,,0.0,0.0,91.0,4.0,0.0,0.0,4.96,0
49.0,6.0,0.0,0.0,86.0,4.0,0.0,0.0,4.96,0
26.0,,0.0,1.0,106.0,3.0,0.0,0.0,4.96,0
29.0,,0.0,0.0,251.0,3.0,0.0,0.0,4.96,0
55.0,5.0,0.0,0.0,240.0,2.0,0.0,0.0,4.96,0
39.0,6.0,1.0,0.0,908.0,3.0,0.0,0.0,4.96,1
46.0,1.0,1.0,0.0,31.0,20.0,0.0,0.0,4.96,0
28.0,3.0,1.0,0.0,105.0,2.0,0.0,0.0,4.96,0
32.0,1.0,0.0,0.0,193.0,5.0,0.0,0.0,4.96,0
43.0,4.0,1.0,0.0,24.0,28.0,0.0,0.0,4.96,0
30.0,6.0,0.0,1.0,100.0,11.0,0.0,0.0,4.96,0
33.0,6.0,0.0,0.0,145.0,2.0,0.0,0.0,4.96,0
33.0,2.0,0.0,1.0,111.0,2.0,0.0,0.0,4.96,0
29.0,1.0,0.0,0.0,314.0,7.0,0.0,0.0,4.96,0
25.0,4.0,0.0,0.0,322.0,2.0,0.0,0.0,4.96,0
41.0,4.0,0.0,0.0,126.0,3.0,0.0,0.0,4.961,0
37.0,,1.0,0.0,70.0,9.0,0.0,0.0,4.961,0
44.0,5.0,0.0,0.0,181.0,11.0,0.0,0.0,4.961,0
31.0,4.0,0.0,0.0,17.0,7.0,0.0,0.0,4.961,0
56.0,6.0,0.0,1.0,41.0,1.0,0.0,0.0,4.961,0
29.0,5.0,1.0,1.0,82.0,1.0,0.0,0.0,4.961,0
38.0,,1.0,0.0,438.0,3.0,0.0,0.0,4.961,0
37.0,4.0,0.0,1.0,135.0,1.0,0.0,0.0,4.961,0
33.0,2.0,0.0,0.0,1077.0,1.0,0.0,0.0,4.961,1
46.0,1.0,1.0,0.0,152.0,1.0,0.0,0.0,4.961,0
27.0,1.0,1.0,0.0,66.0,1.0,0.0,0.0,4.961,0
27.0,1.0,1.0,0.0,185.0,1.0,0.0,0.0,4.961,0
54.0,4.0,0.0,0.0,422.0,8.0,0.0,0.0,4.961,0
35.0,,1.0,0.0,527.0,1.0,0.0,0.0,4.961,0
40.0,6.0,0.0,0.0,490.0,1.0,0.0,0.0,4.961,0
35.0,4.0,0.0,0.0,65.0,1.0,0.0,0.0,4.961,0
35.0,4.0,1.0,1.0,47.0,1.0,0.0,0.0,4.961,0
37.0,4.0,0.0,0.0,108.0,1.0,0.0,0.0,4.961,0
24.0,5.0,0.0,0.0,273.0,4.0,0.0,0.0,4.961,0
38.0,1.0,1.0,0.0,71.0,2.0,0.0,0.0,4.961,0
55.0,,1.0,1.0,247.0,1.0,0.0,0.0,4.961,0
41.0,3.0,1.0,1.0,88.0,1.0,0.0,0.0,4.961,0
41.0,6.0,0.0,0.0,200.0,1.0,0.0,0.0,4.961,0
23.0,3.0,0.0,0.0,246.0,1.0,0.0,0.0,4.961,0
44.0,2.0,1.0,1.0,188.0,2.0,0.0,0.0,4.961,0
30.0,4.0,0.0,1.0,455.0,2.0,0.0,0.0,4.961,0
39.0,5.0,0.0,1.0,90.0,1.0,0.0,0.0,4.961,0
29.0,6.0,0.0,0.0,106.0,2.0,0.0,0.0,4.961,0
28.0,4.0,0.0,0.0,431.0,8.0,0.0,0.0,4.961,0
35.0,6.0,1.0,0.0,722.0,2.0,0.0,0.0,4.961,1
45.0,5.0,1.0,0.0,211.0,3.0,0.0,0.0,4.961,0
35.0,,1.0,0.0,1029.0,3.0,0.0,0.0,4.961,0
37.0,6.0,1.0,0.0,135.0,3.0,0.0,0.0,4.961,0
33.0,5.0,0.0,0.0,115.0,3.0,0.0,0.0,4.961,0
27.0,2.0,0.0,1.0,153.0,1.0,0.0,0.0,4.961,0
57.0,6.0,0.0,0.0,632.0,1.0,0.0,0.0,4.961,0
41.0,,1.0,1.0,97.0,3.0,0.0,0.0,4.961,0
29.0,4.0,1.0,0.0,966.0,2.0,0.0,0.0,4.961,1
48.0,1.0,1.0,0.0,264.0,1.0,0.0,0.0,4.961,0
58.0,1.0,0.0,0.0,165.0,2.0,0.0,0.0,4.961,0
31.0,1.0,1.0,0.0,160.0,1.0,0.0,0.0,4.961,0
41.0,3.0,1.0,0.0,60.0,2.0,0.0,0.0,4.961,0
27.0,6.0,1.0,0.0,226.0,1.0,0.0,0.0,4.961,0
27.0,6.0,1.0,0.0,261.0,1.0,0.0,0.0,4.961,0
40.0,6.0,1.0,0.0,90.0,2.0,0.0,0.0,4.961,0
42.0,6.0,1.0,0.0,370.0,2.0,0.0,0.0,4.961,0
26.0,4.0,1.0,0.0,514.0,11.0,0.0,0.0,4.961,0
24.0,4.0,,,176.0,4.0,0.0,0.0,4.961,0
43.0,,1.0,1.0,483.0,7.0,0.0,0.0,4.961,0
30.0,6.0,1.0,0.0,608.0,3.0,0.0,0.0,4.961,0
51.0,3.0,1.0,0.0,160.0,2.0,0.0,0.0,4.961,0
31.0,4.0,0.0,1.0,241.0,9.0,0.0,0.0,4.961,0
23.0,3.0,1.0,0.0,211.0,1.0,0.0,0.0,4.961,0
33.0,2.0,1.0,0.0,1206.0,2.0,0.0,0.0,4.961,0
37.0,5.0,0.0,0.0,107.0,2.0,0.0,0.0,4.961,0
37.0,4.0,0.0,1.0,96.0,2.0,0.0,0.0,4.961,0
47.0,,1.0,0.0,213.0,5.0,0.0,0.0,4.961,0
28.0,3.0,0.0,0.0,400.0,8.0,0.0,0.0,4.961,0
24.0,,0.0,0.0,62.0,3.0,0.0,0.0,4.961,0
44.0,2.0,0.0,0.0,199.0,2.0,0.0,0.0,4.961,0
34.0,2.0,1.0,0.0,126.0,4.0,0.0,0.0,4.961,0
51.0,3.0,0.0,0.0,209.0,3.0,0.0,0.0,4.961,0
41.0,4.0,1.0,0.0,249.0,3.0,0.0,0.0,4.961,0
31.0,4.0,1.0,0.0,162.0,3.0,0.0,0.0,4.961,0
20.0,4.0,1.0,1.0,136.0,4.0,0.0,0.0,4.961,0
29.0,3.0,1.0,0.0,262.0,1.0,0.0,0.0,4.961,0
30.0,6.0,0.0,0.0,84.0,2.0,0.0,0.0,4.963,0
59.0,3.0,1.0,0.0,85.0,13.0,0.0,0.0,4.963,0
32.0,2.0,1.0,0.0,97.0,2.0,0.0,0.0,4.963,0
49.0,3.0,1.0,0.0,364.0,2.0,0.0,0.0,4.963,0
43.0,6.0,1.0,1.0,73.0,1.0,0.0,0.0,4.963,0
23.0,5.0,0.0,0.0,187.0,1.0,0.0,0.0,4.963,0
31.0,1.0,1.0,0.0,106.0,1.0,0.0,0.0,4.963,0
24.0,3.0,1.0,0.0,74.0,1.0,0.0,0.0,4.963,0
35.0,4.0,0.0,0.0,223.0,1.0,0.0,0.0,4.963,0
24.0,3.0,1.0,0.0,108.0,2.0,0.0,0.0,4.963,0
25.0,6.0,1.0,0.0,105.0,1.0,0.0,0.0,4.963,0
49.0,1.0,1.0,0.0,495.0,1.0,0.0,0.0,4.963,0
21.0,3.0,0.0,0.0,160.0,1.0,0.0,0.0,4.963,0
34.0,5.0,1.0,0.0,84.0,1.0,0.0,0.0,4.963,0
40.0,2.0,1.0,0.0,167.0,1.0,0.0,0.0,4.963,0
37.0,3.0,1.0,1.0,633.0,1.0,0.0,0.0,4.963,1
39.0,3.0,0.0,0.0,55.0,1.0,0.0,0.0,4.963,0
39.0,,1.0,0.0,40.0,1.0,0.0,0.0,4.963,0
31.0,2.0,0.0,0.0,421.0,1.0,0.0,0.0,4.963,0
48.0,2.0,0.0,0.0,884.0,1.0,0.0,0.0,4.963,0
28.0,6.0,1.0,0.0,156.0,2.0,0.0,0.0,4.963,0
40.0,4.0,0.0,0.0,319.0,1.0,0.0,0.0,4.963,0
30.0,6.0,1.0,0.0,31.0,2.0,0.0,0.0,4.963,0
44.0,2.0,0.0,0.0,368.0,1.0,0.0,0.0,4.963,0
30.0,6.0,1.0,0.0,280.0,1.0,0.0,0.0,4.963,0
51.0,1.0,1.0,0.0,70.0,2.0,0.0,0.0,4.963,0
55.0,6.0,1.0,0.0,387.0,1.0,0.0,0.0,4.963,0
50.0,6.0,0.0,0.0,102.0,1.0,0.0,0.0,4.963,0
31.0,4.0,0.0,0.0,197.0,2.0,0.0,0.0,4.963,0
28.0,6.0,0.0,0.0,179.0,2.0,0.0,0.0,4.963,0
34.0,5.0,0.0,0.0,511.0,3.0,0.0,0.0,4.963,0
40.0,6.0,0.0,0.0,366.0,2.0,0.0,0.0,4.963,0
52.0,6.0,0.0,1.0,216.0,8.0,0.0,0.0,4.963,0
25.0,4.0,0.0,0.0,90.0,1.0,0.0,0.0,4.963,0
37.0,6.0,1.0,0.0,256.0,1.0,0.0,0.0,4.963,0
24.0,6.0,1.0,0.0,134.0,1.0,0.0,0.0,4.963,0
53.0,6.0,0.0,0.0,383.0,2.0,0.0,0.0,4.963,0
59.0,,0.0,0.0,413.0,2.0,0.0,0.0,4.963,0
24.0,3.0,1.0,0.0,73.0,4.0,0.0,0.0,4.963,0
34.0,5.0,1.0,0.0,100.0,2.0,0.0,0.0,4.963,0
27.0,6.0,,,288.0,9.0,0.0,0.0,4.963,0
39.0,,1.0,0.0,123.0,3.0,0.0,0.0,4.963,0
38.0,5.0,,,361.0,2.0,0.0,0.0,4.963,0
29.0,6.0,0.0,1.0,1118.0,3.0,0.0,0.0,4.963,0
30.0,6.0,1.0,1.0,229.0,4.0,0.0,0.0,4.963,0
25.0,3.0,1.0,0.0,497.0,5.0,0.0,0.0,4.963,0
23.0,5.0,0.0,1.0,206.0,3.0,0.0,0.0,4.963,0
25.0,3.0,0.0,0.0,350.0,2.0,0.0,0.0,4.963,0
32.0,3.0,0.0,0.0,68.0,2.0,0.0,0.0,4.963,0
44.0,,1.0,1.0,329.0,3.0,0.0,0.0,4.963,0
30.0,2.0,1.0,1.0,329.0,3.0,0.0,0.0,4.963,0
39.0,,1.0,1.0,1201.0,6.0,0.0,0.0,4.963,1
59.0,4.0,1.0,0.0,476.0,3.0,0.0,0.0,4.963,0
39.0,1.0,0.0,0.0,135.0,2.0,0.0,0.0,4.963,0
30.0,2.0,0.0,0.0,144.0,10.0,0.0,0.0,4.963,0
44.0,3.0,0.0,0.0,161.0,2.0,0.0,0.0,4.963,0
31.0,3.0,0.0,0.0,280.0,4.0,0.0,0.0,4.963,0
47.0,3.0,1.0,0.0,1359.0,6.0,0.0,0.0,4.963,1
43.0,6.0,1.0,0.0,122.0,4.0,0.0,0.0,4.963,0
60.0,6.0,1.0,0.0,416.0,4.0,0.0,0.0,4.963,1
40.0,6.0,0.0,0.0,279.0,3.0,0.0,0.0,4.963,0
24.0,6.0,1.0,1.0,84.0,13.0,0.0,0.0,4.963,0
49.0,4.0,0.0,0.0,63.0,4.0,0.0,0.0,4.962,0
27.0,4.0,1.0,0.0,46.0,1.0,0.0,0.0,4.962,0
38.0,2.0,,,226.0,1.0,0.0,0.0,4.962,0
50.0,5.0,0.0,0.0,162.0,1.0,0.0,0.0,4.962,0
31.0,4.0,0.0,1.0,205.0,1.0,0.0,0.0,4.962,0
35.0,6.0,1.0,0.0,211.0,1.0,0.0,0.0,4.962,0
41.0,4.0,1.0,0.0,70.0,1.0,0.0,0.0,4.962,0
25.0,3.0,1.0,1.0,212.0,2.0,0.0,0.0,4.962,0
37.0,3.0,1.0,0.0,194.0,1.0,0.0,0.0,4.962,0
54.0,4.0,0.0,1.0,338.0,1.0,0.0,0.0,4.962,0
50.0,5.0,0.0,1.0,168.0,1.0,0.0,0.0,4.962,0
40.0,3.0,0.0,0.0,63.0,1.0,0.0,0.0,4.962,0
47.0,4.0,1.0,0.0,43.0,3.0,0.0,0.0,4.962,0
23.0,3.0,1.0,0.0,523.0,2.0,0.0,0.0,4.962,0
53.0,6.0,1.0,0.0,302.0,1.0,0.0,0.0,4.962,0
59.0,1.0,1.0,0.0,137.0,1.0,0.0,0.0,4.962,0
45.0,4.0,0.0,0.0,77.0,1.0,0.0,0.0,4.962,0
39.0,4.0,0.0,0.0,151.0,2.0,0.0,0.0,4.962,0
44.0,3.0,0.0,0.0,128.0,2.0,0.0,0.0,4.962,0
52.0,4.0,0.0,0.0,200.0,1.0,0.0,0.0,4.962,0
41.0,2.0,0.0,0.0,225.0,1.0,0.0,0.0,4.962,0
52.0,4.0,1.0,1.0,379.0,1.0,0.0,0.0,4.962,0
46.0,4.0,1.0,0.0,497.0,2.0,0.0,0.0,4.962,0
46.0,,0.0,1.0,36.0,1.0,0.0,0.0,4.962,0
30.0,6.0,1.0,0.0,39.0,2.0,0.0,0.0,4.962,0
53.0,,1.0,0.0,250.0,1.0,0.0,0.0,4.962,0
38.0,5.0,1.0,0.0,72.0,1.0,0.0,0.0,4.962,0
42.0,4.0,0.0,0.0,204.0,1.0,0.0,0.0,4.962,0
48.0,1.0,0.0,0.0,107.0,2.0,0.0,0.0,4.962,0
45.0,4.0,0.0,0.0,537.0,5.0,0.0,0.0,4.962,0
53.0,3.0,1.0,1.0,58.0,2.0,0.0,0.0,4.962,0
29.0,6.0,1.0,0.0,122.0,12.0,0.0,0.0,4.962,0
30.0,6.0,1.0,0.0,873.0,8.0,0.0,0.0,4.962,1
34.0,,1.0,0.0,51.0,2.0,0.0,0.0,4.962,0
36.0,6.0,1.0,1.0,90.0,2.0,0.0,0.0,4.962,0
56.0,6.0,0.0,0.0,245.0,2.0,0.0,0.0,4.962,0
25.0,3.0,0.0,1.0,151.0,2.0,0.0,0.0,4.962,0
51.0,6.0,0.0,0.0,901.0,2.0,0.0,0.0,4.962,1
33.0,3.0,0.0,0.0,89.0,2.0,0.0,0.0,4.962,0
35.0,5.0,0.0,1.0,346.0,2.0,0.0,0.0,4.962,0
46.0,4.0,0.0,0.0,134.0,1.0,0.0,0.0,4.962,0
42.0,4.0,1.0,1.0,464.0,1.0,0.0,0.0,4.962,0
59.0,5.0,1.0,0.0,306.0,1.0,0.0,0.0,4.962,0
43.0,4.0,1.0,0.0,810.0,1.0,0.0,0.0,4.962,0
48.0,4.0,1.0,0.0,273.0,6.0,0.0,0.0,4.962,0
44.0,6.0,1.0,1.0,844.0,5.0,0.0,0.0,4.962,0
33.0,3.0,1.0,0.0,144.0,3.0,0.0,0.0,4.962,0
43.0,3.0,1.0,0.0,732.0,2.0,0.0,0.0,4.962,0
30.0,1.0,1.0,0.0,553.0,6.0,0.0,0.0,4.962,0
35.0,3.0,1.0,0.0,136.0,2.0,0.0,0.0,4.962,0
38.0,6.0,1.0,1.0,513.0,3.0,0.0,0.0,4.962,0
28.0,6.0,1.0,0.0,263.0,2.0,0.0,0.0,4.962,0
26.0,6.0,0.0,0.0,447.0,4.0,0.0,0.0,4.962,0
51.0,4.0,1.0,0.0,241.0,2.0,0.0,0.0,4.962,0
37.0,2.0,0.0,0.0,130.0,2.0,0.0,0.0,4.962,0
45.0,,0.0,0.0,64.0,2.0,0.0,0.0,4.962,0
43.0,6.0,0.0,1.0,210.0,2.0,0.0,0.0,4.962,0
46.0,5.0,1.0,0.0,13.0,9.0,0.0,0.0,4.962,0
31.0,4.0,0.0,1.0,186.0,2.0,0.0,0.0,4.962,0
56.0,4.0,1.0,1.0,65.0,4.0,0.0,0.0,4.962,0
36.0,4.0,1.0,0.0,303.0,3.0,0.0,0.0,4.962,0
49.0,6.0,0.0,0.0,44.0,2.0,0.0,0.0,4.962,0
42.0,6.0,0.0,0.0,591.0,3.0,0.0,0.0,4.962,0
53.0,6.0,1.0,0.0,136.0,5.0,0.0,0.0,4.962,0
55.0,,0.0,0.0,173.0,8.0,0.0,0.0,4.962,0
42.0,1.0,1.0,1.0,107.0,4.0,0.0,0.0,4.962,0
52.0,,0.0,1.0,137.0,11.0,0.0,0.0,4.962,0
44.0,,0.0,0.0,735.0,1.0,0.0,0.0,4.962,1
28.0,3.0,0.0,0.0,159.0,1.0,0.0,0.0,4.962,0
44.0,,0.0,0.0,18.0,2.0,0.0,0.0,4.962,0
38.0,,1.0,0.0,172.0,1.0,0.0,0.0,4.962,0
45.0,,0.0,0.0,134.0,1.0,0.0,0.0,4.962,0
40.0,6.0,1.0,0.0,198.0,1.0,0.0,0.0,4.962,0
40.0,6.0,0.0,0.0,241.0,1.0,0.0,0.0,4.962,0
40.0,5.0,0.0,0.0,234.0,1.0,0.0,0.0,4.962,0
27.0,,1.0,0.0,238.0,1.0,0.0,0.0,4.962,0
48.0,4.0,0.0,1.0,18.0,7.0,0.0,0.0,4.962,0
52.0,4.0,0.0,0.0,795.0,1.0,0.0,0.0,4.962,0
57.0,1.0,0.0,1.0,77.0,1.0,0.0,0.0,4.962,0
57.0,1.0,1.0,0.0,153.0,1.0,0.0,0.0,4.962,0
60.0,4.0,1.0,0.0,297.0,2.0,0.0,0.0,4.962,0
56.0,3.0,0.0,0.0,236.0,8.0,0.0,0.0,4.962,0
31.0,6.0,1.0,0.0,94.0,2.0,0.0,0.0,4.962,0
39.0,4.0,0.0,0.0,184.0,2.0,0.0,0.0,4.962,0
47.0,2.0,1.0,0.0,426.0,1.0,0.0,0.0,4.962,0
53.0,5.0,0.0,0.0,69.0,1.0,0.0,0.0,4.962,0
56.0,,1.0,0.0,177.0,1.0,0.0,0.0,4.962,0
54.0,5.0,1.0,0.0,149.0,1.0,0.0,0.0,4.962,0
41.0,3.0,1.0,0.0,471.0,2.0,0.0,0.0,4.962,0
58.0,5.0,1.0,1.0,605.0,1.0,0.0,0.0,4.962,0
54.0,4.0,1.0,0.0,83.0,2.0,0.0,0.0,4.962,0
28.0,,1.0,0.0,184.0,1.0,0.0,0.0,4.962,0
55.0,1.0,1.0,1.0,258.0,1.0,0.0,0.0,4.962,0
52.0,1.0,1.0,0.0,2015.0,1.0,0.0,0.0,4.962,1
56.0,6.0,0.0,0.0,98.0,1.0,0.0,0.0,4.962,0
53.0,6.0,1.0,0.0,199.0,1.0,0.0,0.0,4.962,0
26.0,4.0,1.0,0.0,442.0,12.0,0.0,0.0,4.962,0
50.0,1.0,,,356.0,9.0,0.0,0.0,4.962,0
58.0,4.0,0.0,0.0,134.0,1.0,0.0,0.0,4.962,0
52.0,4.0,0.0,0.0,87.0,5.0,0.0,0.0,4.962,0
51.0,2.0,1.0,0.0,92.0,15.0,0.0,0.0,4.962,0
48.0,4.0,0.0,0.0,135.0,2.0,0.0,0.0,4.962,0
52.0,6.0,0.0,1.0,171.0,1.0,0.0,0.0,4.962,0
35.0,3.0,0.0,0.0,936.0,1.0,0.0,0.0,4.962,0
43.0,6.0,0.0,1.0,250.0,3.0,0.0,0.0,4.962,0
52.0,1.0,1.0,1.0,85.0,3.0,0.0,0.0,4.962,0
56.0,6.0,0.0,1.0,188.0,9.0,0.0,0.0,4.962,0
58.0,4.0,0.0,0.0,195.0,6.0,0.0,0.0,4.962,0
25.0,6.0,1.0,1.0,114.0,5.0,0.0,0.0,4.962,0
45.0,1.0,0.0,0.0,144.0,2.0,0.0,0.0,4.962,0
28.0,3.0,0.0,0.0,1369.0,9.0,0.0,0.0,4.962,1
54.0,6.0,1.0,0.0,57.0,4.0,0.0,0.0,4.962,0
42.0,6.0,0.0,0.0,49.0,2.0,0.0,0.0,4.962,0
51.0,3.0,1.0,1.0,33.0,2.0,0.0,0.0,4.962,0
41.0,4.0,1.0,0.0,56.0,8.0,0.0,0.0,4.962,0
51.0,5.0,1.0,0.0,70.0,3.0,0.0,0.0,4.962,0
40.0,2.0,1.0,0.0,62.0,2.0,0.0,0.0,4.962,0
45.0,4.0,1.0,0.0,386.0,3.0,0.0,0.0,4.962,0
34.0,4.0,1.0,0.0,295.0,3.0,0.0,0.0,4.962,0
49.0,4.0,1.0,0.0,69.0,11.0,0.0,0.0,4.962,0
38.0,6.0,1.0,0.0,55.0,5.0,0.0,0.0,4.962,0
44.0,4.0,0.0,0.0,193.0,2.0,0.0,0.0,4.962,0
59.0,6.0,1.0,0.0,664.0,7.0,0.0,0.0,4.962,1
44.0,4.0,0.0,0.0,699.0,2.0,0.0,0.0,4.962,1
37.0,4.0,0.0,1.0,131.0,6.0,0.0,0.0,4.962,0
43.0,2.0,0.0,0.0,463.0,1.0,0.0,0.0,4.962,0
51.0,6.0,0.0,0.0,60.0,2.0,0.0,0.0,4.962,0
47.0,5.0,1.0,1.0,330.0,4.0,0.0,0.0,4.962,0
42.0,6.0,0.0,0.0,97.0,2.0,0.0,0.0,4.962,0
36.0,3.0,0.0,0.0,63.0,1.0,0.0,0.0,4.962,0
37.0,6.0,0.0,0.0,332.0,1.0,0.0,0.0,4.962,0
51.0,6.0,0.0,0.0,359.0,1.0,0.0,0.0,4.962,0
57.0,6.0,0.0,1.0,231.0,3.0,0.0,0.0,4.962,0
51.0,6.0,1.0,0.0,438.0,2.0,0.0,0.0,4.962,0
51.0,3.0,0.0,0.0,116.0,3.0,0.0,0.0,4.962,0
53.0,2.0,1.0,0.0,131.0,3.0,0.0,0.0,4.962,0
51.0,6.0,0.0,0.0,470.0,2.0,0.0,0.0,4.962,0
56.0,2.0,0.0,0.0,70.0,3.0,0.0,0.0,4.962,0
46.0,4.0,0.0,0.0,76.0,10.0,0.0,0.0,4.962,0
49.0,5.0,1.0,0.0,359.0,2.0,0.0,0.0,4.962,0
40.0,5.0,0.0,0.0,102.0,5.0,0.0,0.0,4.962,0
46.0,1.0,1.0,0.0,59.0,8.0,0.0,0.0,4.962,0
43.0,4.0,1.0,0.0,128.0,22.0,0.0,0.0,4.962,0
37.0,6.0,0.0,0.0,1009.0,5.0,0.0,0.0,4.962,1
54.0,6.0,1.0,0.0,121.0,2.0,0.0,0.0,4.962,0
40.0,,1.0,0.0,81.0,2.0,0.0,0.0,4.962,0
43.0,3.0,0.0,0.0,117.0,2.0,0.0,0.0,4.962,0
53.0,4.0,1.0,0.0,75.0,3.0,0.0,0.0,4.962,0
56.0,,0.0,0.0,42.0,3.0,0.0,0.0,4.962,0
48.0,6.0,1.0,1.0,141.0,7.0,0.0,0.0,4.962,0
41.0,4.0,0.0,0.0,339.0,8.0,0.0,0.0,4.962,0
44.0,6.0,1.0,1.0,239.0,4.0,0.0,0.0,4.962,0
39.0,4.0,1.0,0.0,58.0,5.0,0.0,0.0,4.962,0
46.0,4.0,1.0,0.0,149.0,11.0,0.0,0.0,4.962,0
58.0,6.0,1.0,0.0,71.0,6.0,0.0,0.0,4.962,0
56.0,2.0,0.0,0.0,1037.0,3.0,0.0,0.0,4.962,0
48.0,6.0,0.0,0.0,191.0,2.0,0.0,0.0,4.962,0
57.0,4.0,0.0,0.0,377.0,2.0,0.0,0.0,4.962,0
50.0,6.0,0.0,1.0,85.0,9.0,0.0,0.0,4.962,0
53.0,4.0,1.0,0.0,209.0,4.0,0.0,0.0,4.962,0
58.0,6.0,0.0,0.0,97.0,6.0,0.0,0.0,4.962,0
48.0,1.0,0.0,0.0,110.0,4.0,0.0,0.0,4.962,0
42.0,1.0,1.0,0.0,122.0,3.0,0.0,0.0,4.962,0
54.0,1.0,0.0,0.0,125.0,2.0,0.0,0.0,4.962,0
39.0,4.0,1.0,0.0,215.0,3.0,0.0,0.0,4.962,0
50.0,3.0,1.0,0.0,215.0,3.0,0.0,0.0,4.961,0
43.0,3.0,1.0,1.0,393.0,2.0,0.0,0.0,4.961,0
38.0,4.0,1.0,0.0,121.0,5.0,0.0,0.0,4.961,0
45.0,4.0,1.0,0.0,88.0,5.0,0.0,0.0,4.961,0
32.0,4.0,0.0,0.0,480.0,8.0,0.0,0.0,4.961,0
38.0,1.0,1.0,0.0,176.0,20.0,0.0,0.0,4.961,0
29.0,5.0,1.0,0.0,62.0,3.0,0.0,0.0,4.961,0
31.0,5.0,0.0,1.0,186.0,1.0,0.0,0.0,4.961,0
48.0,1.0,0.0,0.0,32.0,4.0,0.0,0.0,4.961,0
60.0,1.0,1.0,0.0,50.0,1.0,0.0,0.0,4.961,0
57.0,4.0,1.0,0.0,162.0,1.0,0.0,0.0,4.961,0
42.0,4.0,0.0,0.0,179.0,5.0,0.0,0.0,4.961,0
55.0,4.0,1.0,0.0,609.0,3.0,0.0,0.0,4.961,0
47.0,1.0,0.0,0.0,149.0,2.0,0.0,0.0,4.961,0
46.0,6.0,0.0,0.0,206.0,2.0,0.0,0.0,4.961,0
53.0,6.0,1.0,0.0,893.0,1.0,0.0,0.0,4.961,1
44.0,,1.0,0.0,299.0,4.0,0.0,0.0,4.961,0
34.0,6.0,0.0,0.0,132.0,1.0,0.0,0.0,4.961,0
35.0,5.0,0.0,0.0,214.0,1.0,0.0,0.0,4.961,0
50.0,6.0,0.0,0.0,86.0,2.0,0.0,0.0,4.961,0
48.0,1.0,1.0,1.0,72.0,3.0,0.0,0.0,4.961,0
56.0,6.0,0.0,0.0,361.0,3.0,0.0,0.0,4.961,0
52.0,6.0,0.0,1.0,137.0,1.0,0.0,0.0,4.961,0
47.0,2.0,0.0,0.0,100.0,2.0,0.0,0.0,4.961,0
54.0,4.0,0.0,0.0,28.0,2.0,0.0,0.0,4.961,0
26.0,6.0,1.0,1.0,65.0,1.0,0.0,0.0,4.961,0
54.0,5.0,1.0,1.0,797.0,14.0,0.0,0.0,4.961,0
58.0,1.0,1.0,0.0,92.0,1.0,0.0,0.0,4.961,0
37.0,4.0,1.0,0.0,538.0,5.0,0.0,0.0,4.961,0
34.0,6.0,0.0,0.0,283.0,1.0,0.0,0.0,4.961,0
24.0,4.0,1.0,0.0,153.0,1.0,0.0,0.0,4.961,0
57.0,5.0,1.0,0.0,60.0,4.0,0.0,0.0,4.961,0
60.0,5.0,0.0,0.0,454.0,5.0,0.0,0.0,4.961,1
38.0,1.0,0.0,0.0,195.0,1.0,0.0,0.0,4.961,0
46.0,5.0,0.0,0.0,328.0,2.0,0.0,0.0,4.961,0
56.0,6.0,1.0,0.0,86.0,3.0,0.0,0.0,4.961,0
38.0,1.0,0.0,0.0,1058.0,1.0,0.0,0.0,4.961,1
42.0,2.0,0.0,0.0,126.0,1.0,0.0,0.0,4.961,0
57.0,4.0,0.0,0.0,317.0,1.0,0.0,0.0,4.961,0
47.0,6.0,0.0,0.0,33.0,1.0,0.0,0.0,4.961,0
32.0,5.0,1.0,0.0,95.0,6.0,0.0,0.0,4.961,0
28.0,6.0,0.0,0.0,38.0,3.0,0.0,0.0,4.961,0
52.0,4.0,0.0,0.0,790.0,1.0,0.0,0.0,4.961,0
50.0,4.0,1.0,0.0,110.0,2.0,0.0,0.0,4.961,0
35.0,5.0,0.0,0.0,77.0,4.0,0.0,0.0,4.961,0
54.0,4.0,0.0,1.0,268.0,6.0,0.0,0.0,4.961,0
60.0,2.0,1.0,0.0,122.0,13.0,0.0,0.0,4.961,0
44.0,3.0,1.0,0.0,1127.0,11.0,0.0,0.0,4.961,1
43.0,3.0,1.0,0.0,284.0,3.0,0.0,0.0,4.961,0
30.0,6.0,1.0,0.0,399.0,9.0,0.0,0.0,4.961,0
47.0,1.0,0.0,0.0,637.0,2.0,0.0,0.0,4.961,0
44.0,4.0,0.0,0.0,153.0,3.0,0.0,0.0,4.961,0
55.0,1.0,1.0,0.0,481.0,2.0,0.0,0.0,4.961,0
30.0,5.0,0.0,0.0,333.0,19.0,0.0,0.0,4.961,0
34.0,4.0,1.0,0.0,101.0,4.0,0.0,0.0,4.961,0
47.0,6.0,0.0,0.0,863.0,10.0,0.0,0.0,4.961,0
27.0,3.0,1.0,1.0,88.0,6.0,0.0,0.0,4.961,0
31.0,5.0,1.0,0.0,825.0,13.0,0.0,0.0,4.961,0
28.0,6.0,1.0,1.0,329.0,4.0,0.0,0.0,4.963,0
40.0,4.0,1.0,0.0,353.0,5.0,0.0,0.0,4.963,0
45.0,1.0,1.0,0.0,458.0,2.0,0.0,0.0,4.963,0
29.0,4.0,1.0,1.0,70.0,2.0,0.0,0.0,4.963,0
32.0,3.0,1.0,0.0,31.0,20.0,0.0,0.0,4.963,0
58.0,3.0,1.0,0.0,528.0,1.0,0.0,0.0,4.963,0
46.0,6.0,1.0,1.0,129.0,1.0,0.0,0.0,4.963,0
25.0,4.0,0.0,0.0,273.0,2.0,0.0,0.0,4.963,0
34.0,5.0,1.0,0.0,409.0,2.0,0.0,0.0,4.963,0
31.0,4.0,1.0,0.0,166.0,1.0,0.0,0.0,4.963,0
30.0,6.0,1.0,1.0,192.0,4.0,0.0,0.0,4.963,0
55.0,,0.0,0.0,542.0,1.0,0.0,0.0,4.963,1
44.0,4.0,0.0,0.0,32.0,1.0,0.0,0.0,4.963,0
32.0,5.0,1.0,0.0,173.0,3.0,0.0,0.0,4.963,0
40.0,6.0,1.0,0.0,594.0,1.0,0.0,0.0,4.963,0
30.0,4.0,1.0,0.0,605.0,1.0,0.0,0.0,4.963,0
34.0,5.0,1.0,0.0,58.0,1.0,0.0,0.0,4.963,0
41.0,3.0,0.0,0.0,141.0,1.0,0.0,0.0,4.963,0
34.0,5.0,0.0,0.0,187.0,1.0,0.0,0.0,4.963,0
37.0,6.0,1.0,0.0,55.0,22.0,0.0,0.0,4.963,0
28.0,5.0,1.0,0.0,111.0,1.0,0.0,0.0,4.963,0
39.0,3.0,0.0,0.0,138.0,1.0,0.0,0.0,4.963,0
40.0,6.0,0.0,0.0,161.0,5.0,0.0,0.0,4.963,0
44.0,6.0,1.0,0.0,153.0,1.0,0.0,0.0,4.963,0
39.0,6.0,1.0,0.0,197.0,4.0,0.0,0.0,4.963,0
35.0,4.0,0.0,0.0,788.0,1.0,0.0,0.0,4.963,1
33.0,4.0,0.0,0.0,622.0,2.0,0.0,0.0,4.963,0
32.0,6.0,1.0,1.0,126.0,2.0,0.0,0.0,4.963,0
32.0,6.0,0.0,0.0,543.0,3.0,0.0,0.0,4.963,1
40.0,4.0,0.0,0.0,94.0,4.0,0.0,0.0,4.963,0
25.0,3.0,1.0,0.0,535.0,1.0,0.0,0.0,4.963,0
52.0,3.0,0.0,0.0,1171.0,2.0,0.0,0.0,4.963,1
41.0,4.0,0.0,1.0,72.0,2.0,0.0,0.0,4.963,0
25.0,3.0,1.0,0.0,509.0,1.0,0.0,0.0,4.963,1
40.0,6.0,1.0,0.0,340.0,1.0,0.0,0.0,4.963,0
31.0,4.0,1.0,0.0,106.0,2.0,0.0,0.0,4.963,0
34.0,6.0,1.0,0.0,359.0,1.0,0.0,0.0,4.963,0
38.0,,1.0,1.0,225.0,2.0,0.0,0.0,4.963,0
34.0,6.0,0.0,0.0,1211.0,1.0,0.0,0.0,4.963,1
40.0,6.0,1.0,0.0,225.0,5.0,0.0,0.0,4.963,0
29.0,4.0,1.0,0.0,112.0,3.0,0.0,0.0,4.963,0
39.0,6.0,0.0,0.0,31.0,1.0,0.0,0.0,4.963,0
33.0,6.0,1.0,0.0,107.0,10.0,0.0,0.0,4.963,0
45.0,6.0,1.0,0.0,103.0,4.0,0.0,0.0,4.963,0
36.0,5.0,,,153.0,3.0,0.0,0.0,4.963,0
33.0,4.0,,,57.0,17.0,0.0,0.0,4.963,0
46.0,4.0,1.0,1.0,149.0,10.0,0.0,0.0,4.963,0
29.0,6.0,1.0,0.0,115.0,5.0,0.0,0.0,4.963,0
42.0,6.0,0.0,0.0,155.0,3.0,0.0,0.0,4.963,0
37.0,5.0,1.0,0.0,242.0,4.0,0.0,0.0,4.963,0
36.0,6.0,1.0,1.0,123.0,1.0,0.0,0.0,4.963,0
36.0,6.0,1.0,1.0,103.0,1.0,0.0,0.0,4.963,0
36.0,6.0,0.0,1.0,50.0,2.0,0.0,0.0,4.963,0
30.0,3.0,1.0,0.0,22.0,3.0,0.0,0.0,4.963,0
35.0,6.0,0.0,0.0,695.0,2.0,0.0,0.0,4.963,1
44.0,4.0,1.0,0.0,269.0,17.0,0.0,0.0,4.963,0
30.0,4.0,0.0,0.0,251.0,3.0,0.0,0.0,4.963,0
43.0,4.0,0.0,0.0,764.0,4.0,0.0,0.0,4.963,1
40.0,6.0,1.0,0.0,1065.0,3.0,0.0,0.0,4.963,1
42.0,6.0,0.0,0.0,130.0,3.0,0.0,0.0,4.963,0
42.0,3.0,1.0,0.0,130.0,3.0,0.0,0.0,4.963,0
34.0,5.0,1.0,0.0,75.0,5.0,0.0,0.0,4.963,0
39.0,4.0,0.0,0.0,239.0,4.0,0.0,0.0,4.963,0
27.0,6.0,0.0,0.0,215.0,3.0,0.0,0.0,4.963,0
31.0,4.0,1.0,0.0,21.0,20.0,0.0,0.0,4.963,0
32.0,6.0,0.0,0.0,61.0,4.0,0.0,0.0,4.963,0
22.0,4.0,0.0,0.0,82.0,3.0,0.0,0.0,4.963,0
42.0,6.0,1.0,0.0,24.0,12.0,0.0,0.0,4.968,0
28.0,4.0,0.0,0.0,15.0,14.0,0.0,0.0,4.968,0
52.0,3.0,0.0,0.0,59.0,4.0,0.0,0.0,4.968,0
38.0,4.0,0.0,0.0,175.0,5.0,0.0,0.0,4.968,0
47.0,3.0,1.0,1.0,43.0,4.0,0.0,0.0,4.968,0
35.0,4.0,1.0,1.0,283.0,16.0,0.0,0.0,4.968,0
28.0,4.0,1.0,0.0,69.0,6.0,0.0,0.0,4.968,0
36.0,6.0,0.0,0.0,616.0,2.0,0.0,0.0,4.968,0
42.0,4.0,0.0,1.0,141.0,5.0,0.0,0.0,4.968,0
36.0,4.0,1.0,0.0,8.0,24.0,0.0,0.0,4.968,0
29.0,4.0,0.0,1.0,130.0,3.0,0.0,0.0,4.968,0
39.0,4.0,1.0,0.0,68.0,2.0,0.0,0.0,4.968,0
52.0,,0.0,0.0,394.0,1.0,0.0,0.0,4.968,0
31.0,4.0,1.0,0.0,107.0,3.0,0.0,0.0,4.968,0
35.0,5.0,0.0,1.0,15.0,23.0,0.0,0.0,4.968,0
29.0,6.0,1.0,0.0,543.0,1.0,0.0,0.0,4.968,0
44.0,2.0,1.0,0.0,130.0,2.0,0.0,0.0,4.968,0
45.0,6.0,1.0,0.0,102.0,1.0,0.0,0.0,4.968,0
45.0,6.0,0.0,0.0,291.0,1.0,0.0,0.0,4.968,0
50.0,6.0,0.0,0.0,118.0,1.0,0.0,0.0,4.968,0
50.0,6.0,1.0,0.0,30.0,1.0,0.0,0.0,4.968,0
38.0,4.0,0.0,1.0,74.0,1.0,0.0,0.0,4.968,0
32.0,5.0,0.0,0.0,35.0,1.0,0.0,0.0,4.968,0
40.0,5.0,1.0,1.0,203.0,6.0,0.0,0.0,4.968,0
32.0,5.0,1.0,0.0,128.0,1.0,0.0,0.0,4.968,0
32.0,5.0,0.0,0.0,119.0,1.0,0.0,0.0,4.968,0
25.0,4.0,0.0,0.0,27.0,16.0,0.0,0.0,4.968,0
37.0,6.0,1.0,0.0,47.0,1.0,0.0,0.0,4.968,0
32.0,6.0,0.0,0.0,46.0,4.0,0.0,0.0,4.968,0
47.0,1.0,,,175.0,1.0,0.0,0.0,4.968,0
38.0,4.0,1.0,0.0,120.0,1.0,0.0,0.0,4.968,0
38.0,4.0,0.0,0.0,127.0,1.0,0.0,0.0,4.968,0
56.0,6.0,1.0,0.0,22.0,1.0,0.0,0.0,4.968,0
53.0,1.0,0.0,1.0,36.0,1.0,0.0,0.0,4.968,0
32.0,5.0,1.0,0.0,81.0,2.0,0.0,0.0,4.968,0
56.0,6.0,1.0,0.0,122.0,1.0,0.0,0.0,4.968,0
37.0,4.0,,,56.0,3.0,0.0,0.0,4.968,0
34.0,4.0,,,94.0,1.0,0.0,0.0,4.968,0
49.0,5.0,1.0,0.0,219.0,12.0,0.0,0.0,4.968,0
44.0,5.0,1.0,0.0,168.0,1.0,0.0,0.0,4.968,0
43.0,1.0,1.0,1.0,119.0,8.0,0.0,0.0,4.968,0
36.0,6.0,1.0,0.0,107.0,13.0,0.0,0.0,4.968,0
34.0,5.0,0.0,0.0,46.0,2.0,0.0,0.0,4.968,0
38.0,4.0,0.0,0.0,145.0,2.0,0.0,0.0,4.968,0
57.0,6.0,0.0,0.0,38.0,15.0,0.0,0.0,4.968,0
29.0,6.0,1.0,1.0,166.0,1.0,0.0,0.0,4.968,0
27.0,1.0,0.0,1.0,83.0,1.0,0.0,0.0,4.968,0
38.0,4.0,0.0,0.0,857.0,2.0,0.0,0.0,4.968,1
37.0,5.0,1.0,0.0,255.0,1.0,0.0,0.0,4.968,0
28.0,6.0,0.0,0.0,829.0,2.0,0.0,0.0,4.968,1
42.0,3.0,1.0,0.0,367.0,2.0,0.0,0.0,4.968,0
34.0,4.0,0.0,0.0,284.0,2.0,0.0,0.0,4.968,0
31.0,6.0,0.0,0.0,128.0,1.0,0.0,0.0,4.968,0
46.0,6.0,0.0,0.0,124.0,3.0,0.0,0.0,4.968,0
39.0,4.0,1.0,0.0,1461.0,4.0,0.0,0.0,4.968,1
44.0,6.0,1.0,0.0,155.0,11.0,0.0,0.0,4.968,0
35.0,6.0,1.0,0.0,33.0,12.0,0.0,0.0,4.968,0
39.0,4.0,0.0,0.0,266.0,9.0,0.0,0.0,4.968,0
40.0,4.0,0.0,0.0,228.0,2.0,0.0,0.0,4.968,0
27.0,6.0,1.0,0.0,36.0,3.0,0.0,0.0,4.968,0
39.0,3.0,1.0,0.0,86.0,1.0,0.0,0.0,4.968,0
45.0,6.0,0.0,0.0,843.0,1.0,0.0,0.0,4.968,0
25.0,3.0,0.0,0.0,81.0,3.0,0.0,0.0,4.968,0
53.0,4.0,0.0,0.0,61.0,1.0,0.0,0.0,4.968,0
60.0,5.0,1.0,0.0,241.0,4.0,0.0,0.0,4.968,0
34.0,4.0,1.0,0.0,345.0,1.0,0.0,0.0,4.968,0
28.0,1.0,1.0,0.0,44.0,3.0,0.0,0.0,4.968,0
25.0,3.0,0.0,0.0,18.0,29.0,0.0,0.0,4.968,0
31.0,6.0,0.0,0.0,245.0,5.0,0.0,0.0,4.968,0
58.0,6.0,0.0,1.0,32.0,20.0,0.0,0.0,4.968,0
45.0,6.0,0.0,0.0,9.0,7.0,0.0,0.0,4.968,0
48.0,5.0,0.0,1.0,37.0,6.0,0.0,0.0,4.968,0
25.0,3.0,1.0,1.0,37.0,17.0,0.0,0.0,4.968,0
50.0,5.0,1.0,0.0,77.0,2.0,0.0,0.0,4.968,0
31.0,4.0,0.0,0.0,10.0,3.0,0.0,0.0,4.968,0
59.0,1.0,0.0,0.0,37.0,27.0,0.0,0.0,4.968,0
55.0,3.0,1.0,0.0,55.0,8.0,0.0,0.0,4.968,0
47.0,5.0,1.0,1.0,58.0,4.0,0.0,0.0,4.968,0
42.0,6.0,0.0,1.0,56.0,25.0,0.0,0.0,4.968,0
30.0,4.0,1.0,0.0,70.0,6.0,0.0,0.0,4.968,0
38.0,2.0,1.0,0.0,135.0,3.0,0.0,0.0,4.968,0
49.0,4.0,0.0,0.0,6.0,2.0,0.0,0.0,4.968,0
41.0,1.0,1.0,0.0,350.0,10.0,0.0,0.0,4.968,0
37.0,5.0,0.0,0.0,37.0,8.0,0.0,0.0,4.968,0
38.0,2.0,0.0,0.0,262.0,3.0,0.0,0.0,4.968,0
31.0,4.0,1.0,0.0,42.0,5.0,0.0,0.0,4.968,0
46.0,3.0,1.0,0.0,40.0,9.0,0.0,0.0,4.968,0
31.0,4.0,0.0,1.0,9.0,17.0,0.0,0.0,4.968,0
45.0,2.0,0.0,1.0,92.0,4.0,0.0,0.0,4.968,0
49.0,3.0,0.0,1.0,8.0,16.0,0.0,0.0,4.968,0
25.0,3.0,1.0,0.0,8.0,27.0,0.0,0.0,4.968,0
54.0,2.0,1.0,0.0,86.0,4.0,0.0,0.0,4.968,0
30.0,4.0,1.0,0.0,248.0,5.0,0.0,0.0,4.968,0
34.0,6.0,0.0,0.0,90.0,13.0,0.0,0.0,4.968,0
36.0,6.0,0.0,0.0,78.0,16.0,0.0,0.0,4.968,0
42.0,6.0,0.0,0.0,1142.0,5.0,0.0,0.0,4.968,1
29.0,6.0,1.0,1.0,22.0,8.0,0.0,0.0,4.968,0
33.0,6.0,1.0,0.0,76.0,4.0,0.0,0.0,4.968,0
53.0,5.0,1.0,0.0,9.0,31.0,0.0,0.0,4.968,0
47.0,,1.0,0.0,43.0,3.0,0.0,0.0,4.968,0
39.0,5.0,0.0,0.0,84.0,6.0,0.0,0.0,4.968,0
38.0,2.0,1.0,0.0,17.0,3.0,0.0,0.0,4.968,0
56.0,2.0,1.0,0.0,28.0,21.0,0.0,0.0,4.968,0
31.0,4.0,1.0,0.0,48.0,3.0,0.0,0.0,4.968,0
37.0,4.0,1.0,0.0,29.0,14.0,0.0,0.0,4.968,0
29.0,6.0,0.0,0.0,652.0,7.0,0.0,0.0,4.968,0
35.0,6.0,0.0,0.0,19.0,10.0,0.0,0.0,4.968,0
54.0,6.0,1.0,0.0,11.0,5.0,0.0,0.0,4.968,0
43.0,5.0,0.0,0.0,127.0,3.0,0.0,0.0,4.968,0
39.0,1.0,0.0,0.0,9.0,21.0,0.0,0.0,4.968,0
34.0,6.0,1.0,0.0,156.0,1.0,0.0,0.0,4.97,0
50.0,1.0,1.0,0.0,311.0,1.0,0.0,0.0,4.97,0
58.0,3.0,0.0,0.0,498.0,1.0,0.0,0.0,4.97,0
36.0,6.0,0.0,0.0,147.0,1.0,0.0,0.0,4.97,0
49.0,4.0,0.0,0.0,117.0,1.0,0.0,0.0,4.97,0
56.0,2.0,1.0,0.0,240.0,1.0,0.0,0.0,4.97,0
56.0,3.0,,,68.0,1.0,0.0,0.0,4.97,0
47.0,4.0,0.0,0.0,157.0,1.0,0.0,0.0,4.97,0
55.0,1.0,1.0,0.0,149.0,1.0,0.0,0.0,4.97,0
46.0,4.0,1.0,0.0,130.0,1.0,0.0,0.0,4.97,0
38.0,5.0,0.0,0.0,606.0,3.0,0.0,0.0,4.97,0
49.0,5.0,0.0,0.0,96.0,1.0,0.0,0.0,4.97,0
46.0,3.0,0.0,0.0,488.0,2.0,0.0,0.0,4.97,0
35.0,5.0,1.0,0.0,184.0,1.0,0.0,0.0,4.97,0
37.0,6.0,0.0,0.0,161.0,1.0,0.0,0.0,4.97,0
39.0,6.0,1.0,0.0,112.0,1.0,0.0,0.0,4.97,0
36.0,5.0,1.0,0.0,282.0,1.0,0.0,0.0,4.97,0
39.0,6.0,0.0,0.0,154.0,2.0,0.0,0.0,4.97,0
58.0,1.0,1.0,0.0,328.0,2.0,0.0,0.0,4.97,0
44.0,3.0,1.0,0.0,378.0,2.0,0.0,0.0,4.97,0
58.0,5.0,0.0,0.0,244.0,2.0,0.0,0.0,4.97,0
49.0,5.0,1.0,1.0,230.0,1.0,0.0,0.0,4.97,0
57.0,4.0,0.0,0.0,958.0,2.0,0.0,0.0,4.97,0
58.0,3.0,1.0,0.0,190.0,3.0,0.0,0.0,4.97,0
45.0,4.0,1.0,0.0,84.0,1.0,0.0,0.0,4.97,0
54.0,5.0,0.0,1.0,281.0,3.0,0.0,0.0,4.97,0
60.0,6.0,1.0,1.0,146.0,3.0,0.0,0.0,4.97,0
40.0,5.0,1.0,0.0,198.0,3.0,0.0,0.0,4.97,0
34.0,6.0,0.0,0.0,177.0,2.0,0.0,0.0,4.97,0
30.0,6.0,1.0,0.0,183.0,2.0,0.0,0.0,4.97,0
52.0,6.0,0.0,0.0,1488.0,2.0,0.0,0.0,4.97,1
45.0,4.0,1.0,0.0,413.0,2.0,0.0,0.0,4.97,0
47.0,5.0,0.0,0.0,428.0,2.0,0.0,0.0,4.97,0
56.0,6.0,1.0,0.0,377.0,3.0,0.0,0.0,4.968,0
58.0,4.0,1.0,0.0,553.0,1.0,0.0,0.0,4.968,1
52.0,,1.0,0.0,976.0,1.0,0.0,0.0,4.968,1
52.0,6.0,0.0,0.0,122.0,1.0,0.0,0.0,4.968,0
48.0,5.0,0.0,0.0,139.0,1.0,0.0,0.0,4.968,0
29.0,6.0,1.0,0.0,67.0,1.0,0.0,0.0,4.968,0
45.0,1.0,0.0,0.0,148.0,1.0,0.0,0.0,4.968,0
58.0,3.0,0.0,0.0,171.0,2.0,0.0,0.0,4.968,0
42.0,6.0,1.0,0.0,130.0,2.0,0.0,0.0,4.968,0
48.0,4.0,0.0,0.0,135.0,1.0,0.0,0.0,4.968,0
37.0,6.0,1.0,0.0,131.0,1.0,0.0,0.0,4.968,0
34.0,6.0,1.0,0.0,148.0,1.0,0.0,0.0,4.968,0
43.0,6.0,1.0,0.0,268.0,2.0,0.0,0.0,4.968,0
40.0,5.0,1.0,0.0,115.0,1.0,0.0,0.0,4.968,0
49.0,6.0,1.0,0.0,790.0,1.0,0.0,0.0,4.968,0
45.0,5.0,1.0,0.0,183.0,1.0,0.0,0.0,4.968,0
48.0,3.0,0.0,0.0,157.0,1.0,0.0,0.0,4.968,0
48.0,3.0,1.0,0.0,196.0,1.0,0.0,0.0,4.968,0
52.0,2.0,1.0,0.0,138.0,1.0,0.0,0.0,4.968,0
34.0,5.0,1.0,0.0,278.0,1.0,0.0,0.0,4.968,0
30.0,6.0,1.0,0.0,95.0,2.0,0.0,0.0,4.968,0
59.0,6.0,1.0,0.0,177.0,1.0,0.0,0.0,4.968,0
44.0,2.0,0.0,0.0,67.0,4.0,0.0,0.0,4.968,0
38.0,6.0,1.0,0.0,339.0,2.0,0.0,0.0,4.968,0
42.0,6.0,0.0,0.0,68.0,2.0,0.0,0.0,4.968,0
39.0,6.0,0.0,0.0,307.0,1.0,0.0,0.0,4.968,0
44.0,6.0,0.0,0.0,117.0,1.0,0.0,0.0,4.968,0
49.0,4.0,0.0,0.0,344.0,1.0,0.0,0.0,4.968,0
52.0,5.0,1.0,0.0,425.0,2.0,0.0,0.0,4.968,0
41.0,,1.0,0.0,214.0,3.0,0.0,0.0,4.968,0
30.0,6.0,0.0,1.0,129.0,4.0,0.0,0.0,4.968,0
37.0,6.0,1.0,1.0,211.0,2.0,0.0,0.0,4.968,0
32.0,6.0,1.0,0.0,419.0,3.0,0.0,0.0,4.968,1
34.0,5.0,0.0,1.0,150.0,4.0,0.0,0.0,4.968,0
36.0,6.0,1.0,0.0,223.0,4.0,0.0,0.0,4.968,0
46.0,1.0,1.0,0.0,1357.0,3.0,0.0,0.0,4.967,1
44.0,6.0,1.0,1.0,376.0,2.0,0.0,0.0,4.967,0
41.0,6.0,1.0,0.0,146.0,4.0,0.0,0.0,4.967,0
31.0,5.0,0.0,0.0,81.0,2.0,0.0,0.0,4.967,0
36.0,4.0,1.0,0.0,205.0,2.0,0.0,0.0,4.967,0
58.0,1.0,0.0,0.0,84.0,3.0,0.0,0.0,4.967,0
46.0,3.0,1.0,0.0,175.0,1.0,0.0,0.0,4.967,0
32.0,6.0,0.0,0.0,174.0,1.0,0.0,0.0,4.967,0
44.0,,1.0,0.0,140.0,2.0,0.0,0.0,4.967,0
46.0,4.0,,,251.0,1.0,0.0,0.0,4.967,0
31.0,4.0,0.0,0.0,71.0,1.0,0.0,0.0,4.967,0
39.0,6.0,1.0,0.0,224.0,1.0,0.0,0.0,4.967,0
32.0,5.0,1.0,0.0,499.0,1.0,0.0,0.0,4.967,0
41.0,4.0,1.0,0.0,159.0,1.0,0.0,0.0,4.967,0
40.0,6.0,0.0,1.0,71.0,1.0,0.0,0.0,4.967,0
50.0,4.0,0.0,0.0,64.0,1.0,0.0,0.0,4.967,0
50.0,4.0,0.0,1.0,359.0,1.0,0.0,0.0,4.967,0
41.0,4.0,0.0,0.0,91.0,2.0,0.0,0.0,4.967,0
33.0,6.0,0.0,0.0,123.0,1.0,0.0,0.0,4.967,0
31.0,6.0,1.0,1.0,649.0,2.0,0.0,0.0,4.967,1
34.0,6.0,0.0,0.0,165.0,1.0,0.0,0.0,4.967,0
48.0,5.0,1.0,0.0,119.0,1.0,0.0,0.0,4.967,0
38.0,4.0,0.0,0.0,181.0,1.0,0.0,0.0,4.967,0
48.0,,1.0,0.0,174.0,3.0,0.0,0.0,4.967,0
31.0,4.0,1.0,0.0,113.0,2.0,0.0,0.0,4.967,0
42.0,6.0,0.0,0.0,150.0,2.0,0.0,0.0,4.967,0
46.0,3.0,0.0,0.0,1044.0,2.0,0.0,0.0,4.967,1
33.0,5.0,1.0,0.0,290.0,1.0,0.0,0.0,4.967,0
47.0,3.0,1.0,0.0,384.0,1.0,0.0,0.0,4.967,0
33.0,5.0,0.0,0.0,732.0,1.0,0.0,0.0,4.967,0
31.0,6.0,0.0,0.0,118.0,1.0,0.0,0.0,4.967,0
31.0,6.0,,,184.0,1.0,0.0,0.0,4.967,0
43.0,6.0,1.0,0.0,120.0,1.0,0.0,0.0,4.967,0
48.0,5.0,0.0,0.0,265.0,1.0,0.0,0.0,4.967,0
59.0,5.0,0.0,0.0,378.0,4.0,0.0,0.0,4.967,0
45.0,5.0,0.0,0.0,851.0,4.0,0.0,0.0,4.967,0
31.0,6.0,1.0,0.0,224.0,2.0,0.0,0.0,4.967,0
60.0,1.0,1.0,0.0,165.0,1.0,0.0,0.0,4.967,0
42.0,4.0,0.0,0.0,588.0,3.0,0.0,0.0,4.967,0
47.0,6.0,1.0,0.0,101.0,1.0,0.0,0.0,4.967,0
46.0,1.0,1.0,0.0,269.0,3.0,0.0,0.0,4.967,0
37.0,6.0,1.0,0.0,54.0,1.0,0.0,0.0,4.967,0
37.0,6.0,1.0,0.0,160.0,1.0,0.0,0.0,4.967,0
46.0,4.0,0.0,0.0,322.0,5.0,0.0,0.0,4.967,0
58.0,5.0,1.0,0.0,406.0,3.0,0.0,0.0,4.967,0
57.0,2.0,0.0,0.0,433.0,3.0,0.0,0.0,4.967,0
59.0,4.0,0.0,0.0,292.0,2.0,0.0,0.0,4.967,0
37.0,6.0,0.0,0.0,426.0,3.0,0.0,0.0,4.967,0
43.0,6.0,0.0,1.0,1471.0,7.0,0.0,0.0,4.967,1
45.0,5.0,0.0,0.0,110.0,3.0,0.0,0.0,4.968,0
43.0,6.0,1.0,1.0,297.0,7.0,0.0,0.0,4.968,0
48.0,4.0,0.0,0.0,157.0,3.0,0.0,0.0,4.968,0
30.0,6.0,1.0,1.0,1288.0,3.0,0.0,0.0,4.968,1
33.0,6.0,1.0,0.0,59.0,1.0,0.0,0.0,4.968,0
47.0,5.0,1.0,0.0,117.0,1.0,0.0,0.0,4.968,0
39.0,5.0,0.0,0.0,122.0,1.0,0.0,0.0,4.968,0
39.0,5.0,1.0,0.0,91.0,1.0,0.0,0.0,4.968,0
32.0,6.0,0.0,0.0,64.0,1.0,0.0,0.0,4.968,0
47.0,1.0,1.0,0.0,267.0,1.0,0.0,0.0,4.968,0
30.0,6.0,1.0,0.0,78.0,1.0,0.0,0.0,4.968,0
30.0,6.0,1.0,0.0,123.0,1.0,0.0,0.0,4.968,0
30.0,6.0,0.0,0.0,132.0,1.0,0.0,0.0,4.968,0
39.0,6.0,1.0,0.0,292.0,1.0,0.0,0.0,4.968,0
36.0,6.0,1.0,1.0,22.0,1.0,0.0,0.0,4.968,0
36.0,6.0,1.0,0.0,131.0,1.0,0.0,0.0,4.968,0
35.0,6.0,1.0,0.0,111.0,1.0,0.0,0.0,4.968,0
31.0,6.0,1.0,1.0,1462.0,2.0,0.0,0.0,4.968,0
45.0,5.0,1.0,0.0,105.0,1.0,0.0,0.0,4.968,0
33.0,6.0,1.0,1.0,1834.0,1.0,0.0,0.0,4.968,0
45.0,5.0,0.0,0.0,398.0,1.0,0.0,0.0,4.968,0
33.0,6.0,0.0,0.0,148.0,1.0,0.0,0.0,4.968,0
58.0,5.0,1.0,1.0,173.0,1.0,0.0,0.0,4.968,0
52.0,6.0,1.0,1.0,118.0,1.0,0.0,0.0,4.968,0
32.0,6.0,0.0,0.0,155.0,1.0,0.0,0.0,4.968,0
48.0,1.0,1.0,0.0,137.0,1.0,0.0,0.0,4.968,0
39.0,4.0,,,125.0,1.0,0.0,0.0,4.968,0
49.0,3.0,0.0,1.0,86.0,3.0,0.0,0.0,4.968,0
33.0,5.0,0.0,0.0,14.0,1.0,0.0,0.0,4.968,0
48.0,3.0,0.0,0.0,106.0,2.0,0.0,0.0,4.968,0
34.0,4.0,1.0,0.0,112.0,5.0,0.0,0.0,4.968,0
39.0,4.0,0.0,1.0,216.0,2.0,0.0,0.0,4.968,0
56.0,4.0,1.0,0.0,252.0,2.0,0.0,0.0,4.968,0
33.0,6.0,1.0,1.0,259.0,2.0,0.0,0.0,4.968,0
56.0,3.0,1.0,0.0,89.0,2.0,0.0,0.0,4.968,0
45.0,3.0,1.0,0.0,84.0,5.0,0.0,0.0,4.968,0
48.0,1.0,0.0,1.0,187.0,2.0,0.0,0.0,4.968,0
29.0,4.0,1.0,0.0,643.0,3.0,0.0,0.0,4.968,0
42.0,6.0,1.0,0.0,109.0,5.0,0.0,0.0,4.968,0
29.0,6.0,1.0,0.0,228.0,3.0,0.0,0.0,4.968,0
45.0,1.0,1.0,1.0,797.0,1.0,0.0,0.0,4.968,1
44.0,5.0,0.0,0.0,105.0,2.0,0.0,0.0,4.968,0
50.0,5.0,0.0,0.0,139.0,2.0,0.0,0.0,4.968,0
56.0,1.0,0.0,0.0,163.0,2.0,0.0,0.0,4.968,0
30.0,6.0,1.0,0.0,108.0,2.0,0.0,0.0,4.968,0
57.0,6.0,1.0,0.0,74.0,1.0,0.0,0.0,4.968,0
53.0,1.0,1.0,0.0,446.0,1.0,0.0,0.0,4.968,0
50.0,1.0,1.0,0.0,198.0,4.0,0.0,0.0,4.968,0
48.0,1.0,0.0,1.0,180.0,3.0,0.0,0.0,4.968,0
51.0,5.0,1.0,0.0,291.0,1.0,0.0,0.0,4.968,0
35.0,5.0,0.0,0.0,72.0,2.0,0.0,0.0,4.968,0
31.0,1.0,1.0,0.0,248.0,1.0,0.0,0.0,4.968,0
52.0,5.0,1.0,0.0,365.0,5.0,0.0,0.0,4.968,0
39.0,4.0,0.0,0.0,82.0,4.0,0.0,0.0,4.968,0
48.0,1.0,0.0,0.0,90.0,3.0,0.0,0.0,4.968,0
48.0,1.0,0.0,1.0,37.0,3.0,0.0,0.0,4.968,0
55.0,,1.0,0.0,197.0,4.0,0.0,0.0,4.968,0
30.0,6.0,0.0,0.0,1336.0,4.0,0.0,0.0,4.968,1
38.0,2.0,1.0,0.0,256.0,3.0,0.0,0.0,4.968,0
34.0,6.0,1.0,0.0,259.0,3.0,0.0,0.0,4.968,0
36.0,4.0,1.0,1.0,163.0,5.0,0.0,0.0,4.968,0
30.0,5.0,1.0,0.0,93.0,4.0,0.0,0.0,4.968,0
59.0,5.0,0.0,0.0,82.0,3.0,0.0,0.0,4.968,0
30.0,4.0,0.0,0.0,390.0,3.0,0.0,0.0,4.968,0
46.0,5.0,1.0,0.0,721.0,5.0,0.0,0.0,4.968,0
47.0,4.0,1.0,0.0,152.0,5.0,0.0,0.0,4.966,0
51.0,1.0,0.0,0.0,153.0,1.0,0.0,0.0,4.966,0
31.0,6.0,1.0,0.0,138.0,1.0,0.0,0.0,4.966,0
50.0,5.0,1.0,0.0,1306.0,4.0,0.0,0.0,4.966,1
37.0,5.0,0.0,0.0,188.0,1.0,0.0,0.0,4.966,0
47.0,4.0,0.0,0.0,130.0,1.0,0.0,0.0,4.966,0
57.0,6.0,1.0,0.0,161.0,1.0,0.0,0.0,4.966,0
50.0,5.0,0.0,0.0,135.0,1.0,0.0,0.0,4.966,0
50.0,5.0,1.0,0.0,133.0,1.0,0.0,0.0,4.966,0
35.0,6.0,1.0,0.0,299.0,4.0,0.0,0.0,4.966,0
51.0,6.0,0.0,0.0,82.0,1.0,0.0,0.0,4.966,0
51.0,1.0,1.0,0.0,207.0,1.0,0.0,0.0,4.966,0
51.0,1.0,1.0,0.0,205.0,1.0,0.0,0.0,4.966,0
31.0,5.0,0.0,0.0,93.0,1.0,0.0,0.0,4.966,0
30.0,6.0,1.0,0.0,118.0,1.0,0.0,0.0,4.966,0
47.0,3.0,1.0,0.0,97.0,2.0,0.0,0.0,4.966,0
57.0,4.0,0.0,1.0,257.0,1.0,0.0,0.0,4.966,0
44.0,4.0,1.0,0.0,41.0,1.0,0.0,0.0,4.966,0
36.0,6.0,0.0,0.0,169.0,2.0,0.0,0.0,4.966,0
44.0,6.0,0.0,0.0,84.0,2.0,0.0,0.0,4.966,0
37.0,6.0,0.0,0.0,89.0,2.0,0.0,0.0,4.966,0
50.0,1.0,1.0,0.0,249.0,1.0,0.0,0.0,4.966,0
32.0,6.0,0.0,0.0,298.0,1.0,0.0,0.0,4.966,0
52.0,1.0,0.0,0.0,109.0,1.0,0.0,0.0,4.966,0
29.0,5.0,1.0,0.0,112.0,1.0,0.0,0.0,4.966,0
54.0,5.0,0.0,0.0,309.0,1.0,0.0,0.0,4.966,0
47.0,3.0,0.0,0.0,177.0,1.0,0.0,0.0,4.966,0
50.0,2.0,1.0,0.0,433.0,1.0,0.0,0.0,4.966,0
40.0,6.0,0.0,1.0,200.0,2.0,0.0,0.0,4.966,0
29.0,6.0,0.0,0.0,521.0,2.0,0.0,0.0,4.966,0
31.0,5.0,0.0,0.0,63.0,2.0,0.0,0.0,4.966,0
40.0,6.0,1.0,0.0,117.0,2.0,0.0,0.0,4.966,0
41.0,6.0,0.0,1.0,133.0,2.0,0.0,0.0,4.966,0
29.0,6.0,0.0,0.0,140.0,2.0,0.0,0.0,4.966,0
42.0,6.0,0.0,1.0,124.0,2.0,0.0,0.0,4.966,0
58.0,3.0,0.0,0.0,131.0,1.0,0.0,0.0,4.966,0
52.0,1.0,1.0,0.0,362.0,2.0,0.0,0.0,4.966,0
47.0,,1.0,0.0,310.0,3.0,0.0,0.0,4.966,0
30.0,6.0,0.0,0.0,255.0,1.0,0.0,0.0,4.966,0
34.0,6.0,0.0,0.0,147.0,1.0,0.0,0.0,4.966,0
29.0,6.0,0.0,0.0,97.0,2.0,0.0,0.0,4.966,0
33.0,3.0,0.0,0.0,116.0,1.0,0.0,0.0,4.966,0
45.0,6.0,1.0,0.0,156.0,4.0,0.0,0.0,4.966,0
41.0,6.0,0.0,0.0,519.0,1.0,0.0,0.0,4.966,1
51.0,6.0,0.0,0.0,88.0,1.0,0.0,0.0,4.966,0
58.0,4.0,0.0,0.0,528.0,1.0,0.0,0.0,4.966,0
38.0,5.0,0.0,0.0,93.0,1.0,0.0,0.0,4.966,0
34.0,5.0,0.0,0.0,72.0,4.0,0.0,0.0,4.966,0
58.0,6.0,1.0,0.0,173.0,3.0,0.0,0.0,4.966,0
58.0,6.0,0.0,0.0,1242.0,3.0,0.0,0.0,4.966,1
57.0,3.0,1.0,0.0,27.0,6.0,0.0,0.0,4.966,0
36.0,6.0,,,114.0,3.0,0.0,0.0,4.966,0
38.0,6.0,1.0,0.0,306.0,3.0,0.0,0.0,4.966,0
50.0,3.0,1.0,0.0,455.0,4.0,0.0,0.0,4.966,0
42.0,6.0,1.0,0.0,59.0,3.0,0.0,0.0,4.966,0
41.0,6.0,1.0,1.0,89.0,2.0,0.0,0.0,4.966,0
43.0,6.0,0.0,0.0,170.0,3.0,0.0,0.0,4.966,0
39.0,5.0,1.0,0.0,445.0,3.0,0.0,0.0,4.966,0
35.0,5.0,1.0,0.0,120.0,2.0,0.0,0.0,4.965,0
59.0,1.0,1.0,0.0,67.0,6.0,0.0,0.0,4.965,0
32.0,6.0,1.0,1.0,326.0,3.0,0.0,0.0,4.965,0
31.0,6.0,1.0,0.0,367.0,2.0,0.0,0.0,4.965,0
32.0,6.0,1.0,0.0,255.0,2.0,0.0,0.0,4.965,0
36.0,6.0,1.0,0.0,258.0,3.0,0.0,0.0,4.965,0
37.0,4.0,1.0,1.0,144.0,2.0,0.0,0.0,4.965,0
38.0,4.0,0.0,0.0,102.0,2.0,0.0,0.0,4.965,0
32.0,6.0,1.0,0.0,155.0,2.0,0.0,0.0,4.965,0
43.0,4.0,1.0,0.0,210.0,1.0,0.0,0.0,4.965,0
33.0,5.0,1.0,1.0,106.0,2.0,0.0,0.0,4.965,0
29.0,5.0,1.0,0.0,111.0,1.0,0.0,0.0,4.965,0
33.0,5.0,1.0,0.0,303.0,1.0,0.0,0.0,4.965,0
37.0,6.0,1.0,0.0,86.0,1.0,0.0,0.0,4.965,0
34.0,6.0,1.0,0.0,55.0,1.0,0.0,0.0,4.965,0
45.0,6.0,1.0,0.0,226.0,1.0,0.0,0.0,4.965,0
35.0,6.0,0.0,0.0,386.0,2.0,0.0,0.0,4.965,1
36.0,5.0,1.0,0.0,45.0,1.0,0.0,0.0,4.965,0
43.0,6.0,1.0,0.0,269.0,1.0,0.0,0.0,4.965,0
45.0,1.0,1.0,1.0,187.0,1.0,0.0,0.0,4.965,0
38.0,6.0,1.0,0.0,226.0,1.0,0.0,0.0,4.965,0
31.0,6.0,1.0,0.0,155.0,1.0,0.0,0.0,4.965,0
36.0,6.0,1.0,0.0,149.0,2.0,0.0,0.0,4.965,0
39.0,6.0,0.0,1.0,155.0,1.0,0.0,0.0,4.965,0
31.0,5.0,1.0,0.0,194.0,1.0,0.0,0.0,4.965,0
34.0,5.0,0.0,0.0,126.0,2.0,0.0,0.0,4.965,0
38.0,6.0,1.0,0.0,317.0,1.0,0.0,0.0,4.965,0
35.0,5.0,1.0,1.0,228.0,1.0,0.0,0.0,4.965,0
37.0,5.0,1.0,1.0,149.0,1.0,0.0,0.0,4.965,0
39.0,4.0,0.0,0.0,225.0,2.0,0.0,0.0,4.965,0
35.0,6.0,1.0,0.0,176.0,2.0,0.0,0.0,4.965,0
41.0,6.0,0.0,0.0,247.0,2.0,0.0,0.0,4.965,0
32.0,6.0,0.0,1.0,331.0,5.0,0.0,0.0,4.965,0
45.0,6.0,1.0,0.0,177.0,1.0,0.0,0.0,4.965,0
33.0,4.0,1.0,0.0,104.0,2.0,0.0,0.0,4.965,0
45.0,6.0,0.0,0.0,216.0,1.0,0.0,0.0,4.965,0
36.0,4.0,1.0,0.0,130.0,3.0,0.0,0.0,4.965,0
34.0,4.0,1.0,0.0,80.0,7.0,0.0,0.0,4.965,0
33.0,4.0,1.0,0.0,566.0,1.0,0.0,0.0,4.965,0
34.0,5.0,0.0,0.0,468.0,1.0,0.0,0.0,4.965,0
31.0,6.0,1.0,0.0,317.0,1.0,0.0,0.0,4.965,0
52.0,6.0,1.0,0.0,27.0,10.0,0.0,0.0,4.965,0
46.0,6.0,0.0,0.0,1141.0,2.0,0.0,0.0,4.965,1
36.0,6.0,1.0,1.0,92.0,3.0,0.0,0.0,4.965,0
31.0,6.0,1.0,0.0,55.0,3.0,0.0,0.0,4.965,0
49.0,2.0,0.0,0.0,383.0,3.0,0.0,0.0,4.965,0
49.0,6.0,0.0,0.0,76.0,5.0,0.0,0.0,4.965,0
32.0,5.0,1.0,0.0,187.0,3.0,0.0,0.0,4.965,0
30.0,6.0,0.0,0.0,107.0,1.0,0.0,0.0,4.965,0
30.0,6.0,1.0,1.0,71.0,2.0,0.0,0.0,4.965,0
55.0,5.0,0.0,1.0,190.0,1.0,0.0,0.0,4.965,0
60.0,1.0,0.0,0.0,221.0,3.0,0.0,0.0,4.965,0
34.0,6.0,1.0,0.0,118.0,3.0,0.0,0.0,4.965,0
38.0,6.0,0.0,0.0,240.0,5.0,0.0,0.0,4.965,0
30.0,2.0,1.0,0.0,249.0,5.0,0.0,0.0,4.965,0
30.0,6.0,1.0,0.0,104.0,3.0,0.0,0.0,4.965,0
39.0,4.0,1.0,0.0,124.0,6.0,0.0,0.0,4.965,0
40.0,6.0,0.0,0.0,94.0,3.0,0.0,0.0,4.965,0
51.0,5.0,1.0,0.0,236.0,3.0,0.0,0.0,4.965,0
36.0,5.0,0.0,0.0,444.0,3.0,0.0,0.0,4.965,1
31.0,5.0,0.0,0.0,231.0,5.0,0.0,0.0,4.965,0
31.0,6.0,0.0,0.0,154.0,4.0,0.0,0.0,4.965,0
32.0,6.0,0.0,0.0,247.0,1.0,0.0,0.0,4.965,0
35.0,6.0,1.0,0.0,217.0,1.0,0.0,0.0,4.965,0
38.0,6.0,1.0,1.0,1504.0,2.0,0.0,0.0,4.965,0
50.0,6.0,1.0,1.0,342.0,3.0,0.0,0.0,4.965,0
40.0,4.0,1.0,0.0,236.0,7.0,0.0,0.0,4.966,0
31.0,6.0,1.0,0.0,64.0,6.0,0.0,0.0,4.966,0
51.0,1.0,0.0,0.0,80.0,5.0,0.0,0.0,4.966,0
41.0,6.0,1.0,0.0,92.0,1.0,0.0,0.0,4.966,0
52.0,6.0,1.0,0.0,439.0,1.0,0.0,0.0,4.966,0
31.0,4.0,1.0,0.0,75.0,1.0,0.0,0.0,4.966,0
31.0,4.0,0.0,0.0,191.0,1.0,0.0,0.0,4.966,0
52.0,2.0,1.0,0.0,1134.0,1.0,0.0,0.0,4.966,1
47.0,5.0,1.0,0.0,256.0,1.0,0.0,0.0,4.966,0
34.0,5.0,1.0,0.0,110.0,2.0,0.0,0.0,4.966,0
52.0,6.0,1.0,0.0,250.0,1.0,0.0,0.0,4.966,0
35.0,4.0,1.0,0.0,126.0,1.0,0.0,0.0,4.966,0
51.0,1.0,0.0,0.0,148.0,2.0,0.0,0.0,4.966,0
31.0,6.0,0.0,0.0,138.0,1.0,0.0,0.0,4.966,0
32.0,6.0,1.0,0.0,105.0,1.0,0.0,0.0,4.966,0
51.0,3.0,1.0,0.0,107.0,1.0,0.0,0.0,4.966,0
36.0,6.0,0.0,0.0,73.0,1.0,0.0,0.0,4.966,0
36.0,6.0,0.0,0.0,61.0,1.0,0.0,0.0,4.966,0
47.0,2.0,0.0,0.0,56.0,1.0,0.0,0.0,4.966,0
48.0,3.0,1.0,0.0,84.0,1.0,0.0,0.0,4.966,0
31.0,6.0,0.0,0.0,201.0,2.0,0.0,0.0,4.966,0
37.0,6.0,1.0,0.0,191.0,5.0,0.0,0.0,4.966,0
48.0,3.0,1.0,0.0,1181.0,2.0,0.0,0.0,4.966,1
53.0,6.0,1.0,0.0,1133.0,3.0,0.0,0.0,4.966,1
43.0,6.0,0.0,0.0,111.0,2.0,0.0,0.0,4.966,0
45.0,6.0,0.0,0.0,632.0,3.0,0.0,0.0,4.966,0
35.0,4.0,0.0,0.0,112.0,1.0,0.0,0.0,4.966,0
35.0,4.0,0.0,1.0,306.0,1.0,0.0,0.0,4.966,0
59.0,3.0,1.0,0.0,464.0,2.0,0.0,0.0,4.966,0
32.0,6.0,1.0,0.0,645.0,4.0,0.0,0.0,4.966,1
41.0,5.0,0.0,0.0,174.0,1.0,0.0,0.0,4.966,0
41.0,5.0,1.0,0.0,127.0,1.0,0.0,0.0,4.966,0
53.0,1.0,1.0,0.0,178.0,1.0,0.0,0.0,4.966,0
32.0,6.0,0.0,0.0,588.0,3.0,0.0,0.0,4.966,0
54.0,3.0,1.0,0.0,439.0,3.0,0.0,0.0,4.966,0
49.0,3.0,0.0,0.0,474.0,2.0,0.0,0.0,4.966,0
36.0,6.0,0.0,1.0,459.0,4.0,0.0,0.0,4.966,0
45.0,6.0,1.0,0.0,1735.0,4.0,0.0,0.0,4.966,1
46.0,1.0,1.0,0.0,58.0,3.0,0.0,0.0,4.966,0
46.0,1.0,0.0,0.0,83.0,2.0,0.0,0.0,4.966,0
46.0,1.0,0.0,0.0,507.0,3.0,0.0,0.0,4.966,0
54.0,3.0,1.0,0.0,388.0,4.0,0.0,0.0,4.965,0
56.0,5.0,1.0,0.0,106.0,1.0,0.0,0.0,4.965,0
35.0,6.0,1.0,1.0,239.0,1.0,0.0,0.0,4.965,0
33.0,6.0,0.0,0.0,317.0,1.0,0.0,0.0,4.965,0
30.0,5.0,0.0,1.0,128.0,1.0,0.0,0.0,4.965,0
45.0,4.0,1.0,0.0,969.0,1.0,0.0,0.0,4.965,1
58.0,6.0,1.0,0.0,225.0,1.0,0.0,0.0,4.965,0
44.0,5.0,0.0,0.0,57.0,2.0,0.0,0.0,4.965,0
39.0,5.0,1.0,1.0,86.0,1.0,0.0,0.0,4.965,0
57.0,6.0,1.0,1.0,143.0,1.0,0.0,0.0,4.965,0
40.0,5.0,1.0,1.0,115.0,1.0,0.0,0.0,4.965,0
57.0,6.0,0.0,0.0,846.0,4.0,0.0,0.0,4.965,1
42.0,6.0,1.0,0.0,334.0,1.0,0.0,0.0,4.965,0
48.0,1.0,1.0,0.0,57.0,1.0,0.0,0.0,4.965,0
36.0,6.0,1.0,1.0,283.0,1.0,0.0,0.0,4.965,0
41.0,6.0,1.0,0.0,206.0,1.0,0.0,0.0,4.965,0
45.0,2.0,1.0,0.0,100.0,1.0,0.0,0.0,4.965,0
32.0,5.0,1.0,0.0,159.0,1.0,0.0,0.0,4.965,0
45.0,5.0,0.0,0.0,132.0,1.0,0.0,0.0,4.965,0
57.0,6.0,1.0,0.0,86.0,2.0,0.0,0.0,4.965,0
54.0,1.0,1.0,0.0,261.0,1.0,0.0,0.0,4.965,0
31.0,5.0,1.0,0.0,409.0,2.0,0.0,0.0,4.965,0
29.0,6.0,0.0,0.0,201.0,1.0,0.0,0.0,4.965,0
30.0,4.0,1.0,0.0,143.0,1.0,0.0,0.0,4.965,0
59.0,1.0,1.0,0.0,145.0,2.0,0.0,0.0,4.965,0
34.0,6.0,0.0,0.0,202.0,1.0,0.0,0.0,4.965,0
32.0,6.0,1.0,0.0,78.0,3.0,0.0,0.0,4.965,0
53.0,6.0,1.0,0.0,79.0,2.0,0.0,0.0,4.965,0
55.0,6.0,1.0,0.0,150.0,2.0,0.0,0.0,4.965,0
35.0,5.0,1.0,0.0,156.0,2.0,0.0,0.0,4.965,0
31.0,5.0,0.0,0.0,112.0,1.0,0.0,0.0,4.965,0
46.0,4.0,0.0,1.0,871.0,2.0,0.0,0.0,4.965,1
34.0,,1.0,0.0,98.0,1.0,0.0,0.0,4.965,0
34.0,,0.0,0.0,165.0,1.0,0.0,0.0,4.965,0
44.0,2.0,0.0,0.0,15.0,12.0,0.0,0.0,4.965,0
32.0,6.0,1.0,0.0,343.0,1.0,0.0,0.0,4.965,0
33.0,6.0,1.0,0.0,111.0,1.0,0.0,0.0,4.965,0
48.0,6.0,1.0,1.0,523.0,1.0,0.0,0.0,4.965,0
59.0,3.0,1.0,0.0,160.0,3.0,0.0,0.0,4.965,0
30.0,6.0,1.0,1.0,75.0,4.0,0.0,0.0,4.965,0
30.0,6.0,0.0,0.0,139.0,2.0,0.0,0.0,4.965,0
57.0,6.0,0.0,0.0,73.0,1.0,0.0,0.0,4.965,0
32.0,6.0,0.0,0.0,168.0,1.0,0.0,0.0,4.965,0
51.0,3.0,0.0,0.0,202.0,3.0,0.0,0.0,4.965,0
57.0,6.0,1.0,0.0,107.0,8.0,0.0,0.0,4.965,0
59.0,6.0,1.0,0.0,83.0,3.0,0.0,0.0,4.965,0
33.0,6.0,1.0,0.0,399.0,2.0,0.0,0.0,4.965,0
50.0,6.0,1.0,0.0,178.0,5.0,0.0,0.0,4.964,0
44.0,4.0,0.0,0.0,464.0,3.0,0.0,0.0,4.964,0
49.0,4.0,0.0,0.0,96.0,2.0,0.0,0.0,4.964,0
32.0,5.0,0.0,0.0,169.0,1.0,0.0,0.0,4.964,0
34.0,6.0,1.0,0.0,115.0,1.0,0.0,0.0,4.964,0
42.0,5.0,0.0,1.0,36.0,1.0,0.0,0.0,4.964,0
42.0,5.0,1.0,1.0,157.0,1.0,0.0,0.0,4.964,0
45.0,4.0,1.0,0.0,149.0,1.0,0.0,0.0,4.964,0
31.0,6.0,0.0,0.0,366.0,1.0,0.0,0.0,4.964,0
34.0,6.0,1.0,0.0,137.0,1.0,0.0,0.0,4.964,0
49.0,5.0,1.0,0.0,151.0,3.0,0.0,0.0,4.964,0
54.0,1.0,0.0,1.0,169.0,3.0,0.0,0.0,4.964,0
33.0,6.0,1.0,0.0,273.0,3.0,0.0,0.0,4.964,0
33.0,6.0,1.0,0.0,370.0,2.0,0.0,0.0,4.964,0
32.0,6.0,1.0,0.0,159.0,1.0,0.0,0.0,4.964,0
51.0,1.0,1.0,1.0,297.0,2.0,0.0,0.0,4.964,0
58.0,6.0,1.0,0.0,86.0,2.0,0.0,0.0,4.964,0
29.0,4.0,0.0,0.0,103.0,1.0,0.0,0.0,4.964,0
39.0,6.0,0.0,0.0,421.0,1.0,0.0,0.0,4.964,0
29.0,6.0,1.0,0.0,158.0,1.0,0.0,0.0,4.964,0
31.0,6.0,0.0,0.0,56.0,2.0,0.0,0.0,4.964,0
36.0,3.0,0.0,0.0,406.0,1.0,0.0,0.0,4.964,0
47.0,4.0,0.0,0.0,168.0,1.0,0.0,0.0,4.964,0
46.0,6.0,0.0,0.0,87.0,5.0,0.0,0.0,4.964,0
31.0,5.0,1.0,0.0,104.0,3.0,0.0,0.0,4.964,0
32.0,6.0,1.0,0.0,118.0,2.0,0.0,0.0,4.964,0
34.0,6.0,0.0,0.0,214.0,2.0,0.0,0.0,4.964,0
39.0,6.0,1.0,0.0,80.0,3.0,0.0,0.0,4.964,0
34.0,6.0,0.0,0.0,122.0,1.0,0.0,0.0,4.964,0
35.0,4.0,1.0,0.0,448.0,3.0,0.0,0.0,4.964,0
49.0,1.0,1.0,0.0,92.0,1.0,0.0,0.0,4.964,0
32.0,6.0,1.0,1.0,153.0,3.0,0.0,0.0,4.964,0
31.0,6.0,1.0,1.0,337.0,1.0,0.0,0.0,4.964,0
45.0,2.0,1.0,1.0,425.0,2.0,0.0,0.0,4.964,0
42.0,1.0,1.0,0.0,52.0,2.0,0.0,0.0,4.964,0
31.0,6.0,1.0,0.0,168.0,4.0,0.0,0.0,4.964,0
35.0,5.0,1.0,1.0,41.0,1.0,0.0,0.0,4.964,0
35.0,6.0,1.0,0.0,884.0,2.0,0.0,0.0,4.964,1
51.0,3.0,1.0,1.0,129.0,1.0,0.0,0.0,4.964,0
33.0,6.0,0.0,0.0,277.0,2.0,0.0,0.0,4.964,0
50.0,3.0,1.0,0.0,219.0,7.0,0.0,0.0,4.964,0
41.0,6.0,0.0,0.0,120.0,2.0,0.0,0.0,4.964,0
30.0,5.0,1.0,0.0,138.0,4.0,0.0,0.0,4.964,0
29.0,6.0,1.0,0.0,234.0,3.0,0.0,0.0,4.964,0
54.0,4.0,1.0,1.0,904.0,3.0,0.0,0.0,4.964,1
47.0,,1.0,0.0,227.0,3.0,0.0,0.0,4.964,0
54.0,4.0,1.0,0.0,136.0,3.0,0.0,0.0,4.964,0
38.0,6.0,1.0,0.0,109.0,2.0,0.0,0.0,4.964,0
54.0,1.0,1.0,0.0,86.0,3.0,0.0,0.0,4.964,0
45.0,2.0,1.0,0.0,671.0,2.0,0.0,0.0,4.963,1
41.0,5.0,0.0,0.0,203.0,2.0,0.0,0.0,4.963,0
39.0,6.0,1.0,0.0,114.0,3.0,0.0,0.0,4.963,0
59.0,6.0,1.0,0.0,113.0,2.0,0.0,0.0,4.963,0
30.0,6.0,0.0,0.0,313.0,2.0,0.0,0.0,4.963,0
34.0,6.0,1.0,0.0,452.0,2.0,0.0,0.0,4.963,0
31.0,6.0,0.0,0.0,34.0,11.0,0.0,0.0,4.963,0
38.0,6.0,0.0,0.0,172.0,2.0,0.0,0.0,4.963,0
37.0,5.0,1.0,0.0,89.0,2.0,0.0,0.0,4.963,0
35.0,6.0,1.0,1.0,100.0,3.0,0.0,0.0,4.963,0
30.0,6.0,1.0,0.0,75.0,4.0,0.0,0.0,4.963,0
52.0,1.0,0.0,0.0,498.0,2.0,0.0,0.0,4.963,0
31.0,6.0,1.0,1.0,203.0,2.0,0.0,0.0,4.963,0
31.0,6.0,1.0,0.0,96.0,7.0,0.0,0.0,4.963,0
52.0,1.0,0.0,0.0,585.0,2.0,0.0,0.0,4.963,0
44.0,6.0,1.0,0.0,240.0,2.0,0.0,0.0,4.963,0
43.0,6.0,1.0,0.0,134.0,4.0,0.0,0.0,4.963,0
29.0,4.0,1.0,1.0,36.0,3.0,0.0,0.0,4.963,0
33.0,6.0,1.0,0.0,702.0,1.0,0.0,0.0,4.963,0
44.0,1.0,1.0,0.0,79.0,1.0,0.0,0.0,4.963,0
38.0,6.0,0.0,0.0,102.0,5.0,0.0,0.0,4.963,0
41.0,6.0,0.0,0.0,173.0,2.0,0.0,0.0,4.963,0
52.0,6.0,0.0,0.0,91.0,2.0,0.0,0.0,4.963,0
38.0,6.0,0.0,0.0,280.0,10.0,0.0,0.0,4.963,0
34.0,6.0,0.0,1.0,103.0,3.0,0.0,0.0,4.963,0
53.0,5.0,0.0,0.0,119.0,3.0,0.0,0.0,4.963,0
55.0,5.0,1.0,1.0,199.0,4.0,0.0,0.0,4.963,0
30.0,6.0,0.0,0.0,514.0,7.0,0.0,0.0,4.963,0
31.0,6.0,1.0,1.0,85.0,1.0,0.0,0.0,4.963,0
30.0,6.0,0.0,0.0,180.0,1.0,0.0,0.0,4.963,0
36.0,6.0,1.0,1.0,134.0,1.0,0.0,0.0,4.963,0
41.0,5.0,1.0,0.0,984.0,1.0,0.0,0.0,4.963,0
34.0,4.0,1.0,0.0,48.0,5.0,0.0,0.0,4.963,0
54.0,6.0,1.0,0.0,261.0,4.0,0.0,0.0,4.963,0
29.0,6.0,1.0,0.0,155.0,2.0,0.0,0.0,4.963,0
32.0,6.0,1.0,1.0,128.0,2.0,0.0,0.0,4.963,0
34.0,6.0,1.0,0.0,103.0,4.0,0.0,0.0,4.963,0
52.0,1.0,0.0,0.0,149.0,3.0,0.0,0.0,4.963,0
31.0,6.0,0.0,1.0,35.0,10.0,0.0,0.0,4.963,0
55.0,1.0,1.0,1.0,213.0,3.0,0.0,0.0,4.963,0
49.0,4.0,1.0,0.0,194.0,2.0,0.0,0.0,4.963,1
33.0,6.0,1.0,1.0,174.0,4.0,0.0,0.0,4.963,0
30.0,6.0,0.0,0.0,123.0,4.0,0.0,0.0,4.963,0
37.0,6.0,1.0,0.0,395.0,3.0,0.0,0.0,4.963,0
48.0,3.0,1.0,0.0,243.0,7.0,0.0,0.0,4.963,0
50.0,1.0,0.0,0.0,159.0,5.0,0.0,0.0,4.963,0
29.0,6.0,0.0,1.0,119.0,6.0,0.0,0.0,4.963,0
48.0,4.0,1.0,0.0,241.0,4.0,0.0,0.0,4.963,0
31.0,6.0,1.0,0.0,314.0,3.0,0.0,0.0,4.963,0
33.0,6.0,1.0,0.0,153.0,7.0,0.0,0.0,4.963,0
35.0,5.0,1.0,0.0,189.0,5.0,0.0,0.0,4.963,0
32.0,6.0,0.0,0.0,195.0,7.0,0.0,0.0,4.963,0
52.0,4.0,1.0,0.0,575.0,2.0,0.0,0.0,4.963,0
33.0,6.0,0.0,0.0,247.0,9.0,0.0,0.0,4.963,0
27.0,6.0,0.0,0.0,97.0,4.0,0.0,0.0,4.963,0
37.0,6.0,0.0,0.0,208.0,1.0,0.0,0.0,4.963,0
40.0,6.0,0.0,0.0,203.0,1.0,0.0,0.0,4.963,0
35.0,5.0,0.0,0.0,255.0,1.0,0.0,0.0,4.963,0
32.0,6.0,0.0,0.0,56.0,5.0,0.0,0.0,4.963,0
44.0,3.0,0.0,0.0,787.0,1.0,0.0,0.0,4.963,0
34.0,6.0,1.0,0.0,87.0,1.0,0.0,0.0,4.963,0
49.0,5.0,0.0,0.0,432.0,9.0,0.0,0.0,4.963,0
56.0,6.0,0.0,0.0,331.0,1.0,0.0,0.0,4.963,0
33.0,6.0,1.0,0.0,55.0,2.0,0.0,0.0,4.963,0
42.0,4.0,1.0,0.0,173.0,1.0,0.0,0.0,4.963,0
32.0,5.0,0.0,0.0,215.0,1.0,0.0,0.0,4.963,0
46.0,5.0,0.0,0.0,235.0,2.0,0.0,0.0,4.963,0
32.0,5.0,,,151.0,7.0,0.0,0.0,4.963,0
31.0,5.0,0.0,0.0,51.0,1.0,0.0,0.0,4.963,0
36.0,6.0,0.0,0.0,504.0,2.0,0.0,0.0,4.963,0
36.0,6.0,1.0,0.0,121.0,2.0,0.0,0.0,4.963,0
32.0,6.0,1.0,0.0,125.0,10.0,0.0,0.0,4.963,0
54.0,1.0,1.0,0.0,133.0,2.0,0.0,0.0,4.963,0
58.0,4.0,0.0,0.0,290.0,1.0,0.0,0.0,4.963,0
47.0,1.0,0.0,1.0,41.0,1.0,0.0,0.0,4.963,0
36.0,6.0,1.0,0.0,139.0,1.0,0.0,0.0,4.963,0
36.0,6.0,0.0,0.0,97.0,3.0,0.0,0.0,4.963,0
29.0,6.0,0.0,0.0,391.0,3.0,0.0,0.0,4.963,0
35.0,6.0,1.0,1.0,398.0,1.0,0.0,0.0,4.963,0
33.0,5.0,1.0,0.0,276.0,1.0,0.0,0.0,4.963,0
33.0,5.0,1.0,0.0,452.0,1.0,0.0,0.0,4.963,0
40.0,6.0,0.0,0.0,73.0,1.0,0.0,0.0,4.963,0
33.0,4.0,1.0,0.0,195.0,1.0,0.0,0.0,4.963,0
30.0,6.0,1.0,0.0,176.0,2.0,0.0,0.0,4.963,0
34.0,4.0,0.0,0.0,188.0,2.0,0.0,0.0,4.963,0
36.0,6.0,0.0,1.0,35.0,2.0,0.0,0.0,4.963,0
36.0,6.0,1.0,0.0,74.0,1.0,0.0,0.0,4.963,0
47.0,4.0,1.0,0.0,292.0,1.0,0.0,0.0,4.963,0
44.0,,,,163.0,1.0,0.0,0.0,4.963,0
31.0,6.0,1.0,0.0,191.0,2.0,0.0,0.0,4.963,0
48.0,5.0,0.0,0.0,66.0,1.0,0.0,0.0,4.963,0
36.0,5.0,1.0,1.0,69.0,1.0,0.0,0.0,4.963,0
32.0,4.0,0.0,0.0,243.0,4.0,0.0,0.0,4.963,0
49.0,3.0,1.0,0.0,60.0,1.0,0.0,0.0,4.963,0
30.0,5.0,1.0,0.0,111.0,1.0,0.0,0.0,4.963,0
49.0,4.0,0.0,1.0,144.0,2.0,0.0,0.0,4.963,0
33.0,5.0,0.0,0.0,120.0,3.0,0.0,0.0,4.963,0
41.0,3.0,0.0,0.0,102.0,1.0,0.0,0.0,4.963,0
36.0,6.0,1.0,0.0,181.0,3.0,0.0,0.0,4.963,0
31.0,6.0,0.0,0.0,111.0,1.0,0.0,0.0,4.963,0
36.0,6.0,0.0,0.0,288.0,1.0,0.0,0.0,4.963,0
32.0,6.0,1.0,1.0,69.0,3.0,0.0,0.0,4.963,0
30.0,4.0,1.0,0.0,385.0,2.0,0.0,0.0,4.963,0
54.0,5.0,0.0,0.0,99.0,1.0,0.0,0.0,4.963,0
54.0,1.0,1.0,1.0,53.0,2.0,0.0,0.0,4.963,0
29.0,6.0,1.0,0.0,139.0,2.0,0.0,0.0,4.963,0
29.0,6.0,1.0,0.0,144.0,3.0,0.0,0.0,4.963,0
41.0,6.0,0.0,0.0,117.0,3.0,0.0,0.0,4.963,0
32.0,6.0,1.0,1.0,231.0,3.0,0.0,0.0,4.963,0
50.0,2.0,1.0,0.0,264.0,1.0,0.0,0.0,4.963,0
31.0,6.0,1.0,0.0,367.0,1.0,0.0,0.0,4.963,0
31.0,6.0,1.0,0.0,174.0,1.0,0.0,0.0,4.963,0
43.0,4.0,1.0,0.0,88.0,1.0,0.0,0.0,4.963,0
38.0,6.0,1.0,0.0,173.0,1.0,0.0,0.0,4.963,0
33.0,6.0,,,313.0,3.0,0.0,0.0,4.963,0
29.0,6.0,1.0,0.0,82.0,3.0,0.0,0.0,4.963,0
40.0,6.0,0.0,0.0,105.0,5.0,0.0,0.0,4.963,0
31.0,6.0,1.0,0.0,290.0,9.0,0.0,0.0,4.963,1
37.0,4.0,0.0,0.0,249.0,3.0,0.0,0.0,4.963,0
29.0,6.0,1.0,0.0,112.0,5.0,0.0,0.0,4.963,0
45.0,5.0,0.0,0.0,706.0,3.0,0.0,0.0,4.963,0
52.0,,0.0,0.0,228.0,5.0,0.0,0.0,4.963,0
58.0,2.0,1.0,0.0,166.0,3.0,0.0,0.0,4.963,0
31.0,4.0,1.0,1.0,242.0,3.0,0.0,0.0,4.963,0
38.0,6.0,1.0,1.0,235.0,5.0,0.0,0.0,4.963,0
60.0,1.0,1.0,1.0,595.0,8.0,0.0,0.0,4.963,0
51.0,1.0,,,480.0,1.0,0.0,0.0,4.963,1
38.0,6.0,1.0,1.0,131.0,5.0,0.0,0.0,4.964,0
42.0,4.0,0.0,0.0,113.0,3.0,0.0,0.0,4.964,0
59.0,6.0,1.0,0.0,264.0,3.0,0.0,0.0,4.964,0
33.0,6.0,0.0,0.0,154.0,1.0,0.0,0.0,4.964,0
33.0,6.0,1.0,0.0,81.0,3.0,0.0,0.0,4.964,0
53.0,6.0,0.0,0.0,50.0,2.0,0.0,0.0,4.964,0
33.0,6.0,1.0,0.0,134.0,1.0,0.0,0.0,4.964,0
49.0,6.0,0.0,0.0,64.0,1.0,0.0,0.0,4.964,0
32.0,4.0,0.0,0.0,55.0,1.0,0.0,0.0,4.964,0
43.0,6.0,0.0,0.0,104.0,2.0,0.0,0.0,4.964,0
29.0,6.0,0.0,0.0,256.0,2.0,0.0,0.0,4.964,0
40.0,4.0,1.0,1.0,18.0,4.0,0.0,0.0,4.964,0
42.0,4.0,1.0,0.0,138.0,1.0,0.0,0.0,4.964,0
33.0,6.0,0.0,0.0,88.0,1.0,0.0,0.0,4.964,0
36.0,5.0,1.0,0.0,157.0,1.0,0.0,0.0,4.964,0
40.0,5.0,1.0,0.0,84.0,1.0,0.0,0.0,4.964,0
40.0,5.0,0.0,0.0,113.0,1.0,0.0,0.0,4.964,0
29.0,6.0,0.0,0.0,53.0,1.0,0.0,0.0,4.964,0
29.0,6.0,1.0,0.0,195.0,1.0,0.0,0.0,4.964,0
44.0,4.0,0.0,0.0,70.0,1.0,0.0,0.0,4.964,0
42.0,5.0,1.0,0.0,543.0,1.0,0.0,0.0,4.964,1
45.0,4.0,0.0,0.0,110.0,2.0,0.0,0.0,4.964,0
31.0,6.0,1.0,1.0,90.0,3.0,0.0,0.0,4.964,0
54.0,5.0,1.0,0.0,104.0,1.0,0.0,0.0,4.964,0
37.0,6.0,0.0,0.0,193.0,2.0,0.0,0.0,4.964,0
56.0,6.0,0.0,0.0,552.0,3.0,0.0,0.0,4.964,1
31.0,6.0,0.0,0.0,60.0,1.0,0.0,0.0,4.964,0
37.0,6.0,0.0,1.0,162.0,2.0,0.0,0.0,4.964,0
29.0,6.0,1.0,0.0,875.0,2.0,0.0,0.0,4.964,1
49.0,6.0,1.0,0.0,552.0,2.0,0.0,0.0,4.964,0
47.0,5.0,1.0,0.0,185.0,2.0,0.0,0.0,4.964,0
30.0,3.0,0.0,0.0,219.0,1.0,0.0,0.0,4.964,0
40.0,5.0,0.0,0.0,113.0,2.0,0.0,0.0,4.964,0
31.0,6.0,0.0,0.0,196.0,1.0,0.0,0.0,4.964,0
43.0,6.0,1.0,0.0,118.0,1.0,0.0,0.0,4.964,0
44.0,5.0,1.0,0.0,112.0,1.0,0.0,0.0,4.964,0
53.0,6.0,0.0,0.0,103.0,1.0,0.0,0.0,4.964,0
53.0,6.0,1.0,1.0,277.0,1.0,0.0,0.0,4.964,0
30.0,6.0,1.0,0.0,215.0,1.0,0.0,0.0,4.964,0
57.0,4.0,0.0,0.0,71.0,1.0,0.0,0.0,4.964,0
31.0,6.0,1.0,0.0,87.0,1.0,0.0,0.0,4.964,0
29.0,5.0,0.0,0.0,111.0,1.0,0.0,0.0,4.964,0
31.0,6.0,1.0,0.0,763.0,9.0,0.0,0.0,4.964,1
36.0,6.0,,,889.0,2.0,0.0,0.0,4.964,0
31.0,6.0,0.0,0.0,195.0,1.0,0.0,0.0,4.964,0
29.0,6.0,0.0,0.0,210.0,1.0,0.0,0.0,4.964,0
30.0,6.0,1.0,1.0,112.0,6.0,0.0,0.0,4.964,0
35.0,5.0,1.0,0.0,75.0,6.0,0.0,0.0,4.964,0
53.0,6.0,0.0,0.0,184.0,3.0,0.0,0.0,4.964,0
37.0,6.0,1.0,0.0,194.0,3.0,0.0,0.0,4.964,0
43.0,6.0,0.0,0.0,398.0,2.0,0.0,0.0,4.964,0
36.0,5.0,1.0,0.0,90.0,1.0,0.0,0.0,4.964,0
29.0,6.0,1.0,0.0,718.0,1.0,0.0,0.0,4.964,1
35.0,6.0,0.0,1.0,174.0,1.0,0.0,0.0,4.964,0
43.0,6.0,0.0,1.0,380.0,3.0,0.0,0.0,4.964,0
32.0,6.0,0.0,0.0,327.0,3.0,0.0,0.0,4.964,0
48.0,3.0,0.0,0.0,627.0,2.0,0.0,0.0,4.964,1
46.0,6.0,0.0,0.0,696.0,3.0,0.0,0.0,4.964,0
32.0,4.0,1.0,0.0,304.0,3.0,0.0,0.0,4.964,0
33.0,4.0,1.0,0.0,129.0,1.0,0.0,0.0,4.964,0
48.0,4.0,1.0,0.0,132.0,1.0,0.0,0.0,4.964,0
39.0,1.0,0.0,0.0,975.0,2.0,0.0,0.0,4.964,0
41.0,5.0,1.0,0.0,89.0,4.0,0.0,0.0,4.964,0
31.0,6.0,0.0,0.0,147.0,3.0,0.0,0.0,4.964,0
33.0,6.0,1.0,0.0,50.0,3.0,0.0,0.0,4.964,0
36.0,6.0,1.0,0.0,134.0,3.0,0.0,0.0,4.964,0
34.0,4.0,1.0,0.0,99.0,3.0,0.0,0.0,4.964,0
37.0,5.0,1.0,0.0,181.0,3.0,0.0,0.0,4.964,0
30.0,6.0,1.0,0.0,195.0,7.0,0.0,0.0,4.964,0
29.0,5.0,1.0,1.0,162.0,3.0,0.0,0.0,4.964,0
48.0,4.0,1.0,0.0,310.0,1.0,0.0,0.0,4.963,0
35.0,5.0,0.0,1.0,66.0,1.0,0.0,0.0,4.963,0
42.0,4.0,1.0,0.0,140.0,7.0,0.0,0.0,4.963,0
53.0,6.0,1.0,0.0,238.0,1.0,0.0,0.0,4.963,0
44.0,1.0,1.0,0.0,164.0,1.0,0.0,0.0,4.963,0
52.0,5.0,0.0,0.0,351.0,3.0,0.0,0.0,4.963,0
35.0,6.0,0.0,0.0,246.0,1.0,0.0,0.0,4.963,0
47.0,6.0,0.0,0.0,429.0,1.0,0.0,0.0,4.963,0
30.0,6.0,0.0,0.0,101.0,1.0,0.0,0.0,4.963,0
37.0,5.0,1.0,0.0,115.0,1.0,0.0,0.0,4.963,0
35.0,5.0,1.0,0.0,234.0,2.0,0.0,0.0,4.963,0
48.0,4.0,1.0,1.0,101.0,1.0,0.0,0.0,4.963,0
30.0,5.0,1.0,0.0,121.0,1.0,0.0,0.0,4.963,0
32.0,6.0,0.0,0.0,97.0,1.0,0.0,0.0,4.963,0
58.0,6.0,1.0,1.0,299.0,2.0,0.0,0.0,4.963,0
46.0,3.0,1.0,0.0,64.0,1.0,0.0,0.0,4.963,0
47.0,4.0,0.0,0.0,819.0,6.0,0.0,0.0,4.963,1
29.0,6.0,1.0,1.0,91.0,1.0,0.0,0.0,4.963,0
45.0,6.0,0.0,0.0,545.0,3.0,0.0,0.0,4.963,0
37.0,6.0,0.0,1.0,1505.0,3.0,0.0,0.0,4.963,1
56.0,3.0,0.0,0.0,180.0,3.0,0.0,0.0,4.963,0
49.0,4.0,1.0,0.0,238.0,2.0,0.0,0.0,4.963,0
31.0,6.0,0.0,0.0,419.0,3.0,0.0,0.0,4.963,0
56.0,3.0,1.0,0.0,107.0,3.0,0.0,0.0,4.963,0
51.0,6.0,1.0,0.0,175.0,1.0,0.0,0.0,4.963,0
49.0,6.0,1.0,0.0,89.0,1.0,0.0,0.0,4.963,0
45.0,4.0,1.0,0.0,660.0,1.0,0.0,0.0,4.963,0
33.0,5.0,,,946.0,2.0,0.0,0.0,4.963,1
31.0,6.0,1.0,0.0,202.0,2.0,0.0,0.0,4.963,0
49.0,3.0,1.0,0.0,114.0,1.0,0.0,0.0,4.963,0
44.0,5.0,1.0,0.0,239.0,6.0,0.0,0.0,4.963,0
32.0,6.0,1.0,0.0,719.0,4.0,0.0,0.0,4.963,0
29.0,4.0,1.0,0.0,144.0,1.0,0.0,0.0,4.963,0
35.0,6.0,1.0,0.0,154.0,5.0,0.0,0.0,4.963,0
49.0,1.0,1.0,1.0,256.0,4.0,0.0,0.0,4.963,0
33.0,6.0,1.0,0.0,686.0,4.0,0.0,0.0,4.963,1
48.0,6.0,0.0,0.0,165.0,3.0,0.0,0.0,4.963,0
47.0,4.0,0.0,0.0,42.0,3.0,0.0,0.0,4.963,0
34.0,5.0,1.0,0.0,239.0,3.0,0.0,0.0,4.963,0
40.0,6.0,1.0,0.0,77.0,6.0,0.0,0.0,4.963,0
31.0,6.0,1.0,0.0,142.0,2.0,0.0,0.0,4.963,0
54.0,1.0,0.0,0.0,314.0,3.0,0.0,0.0,4.963,0
32.0,6.0,1.0,0.0,148.0,3.0,0.0,0.0,4.963,0
31.0,6.0,1.0,0.0,280.0,7.0,0.0,0.0,4.963,0
50.0,6.0,1.0,0.0,129.0,3.0,0.0,0.0,4.963,0
33.0,6.0,1.0,1.0,64.0,1.0,0.0,0.0,4.964,0
31.0,6.0,1.0,0.0,76.0,4.0,0.0,0.0,4.964,0
55.0,5.0,1.0,0.0,122.0,1.0,0.0,0.0,4.964,0
51.0,1.0,1.0,0.0,586.0,1.0,0.0,0.0,4.964,0
45.0,0.0,1.0,0.0,127.0,1.0,0.0,0.0,4.964,0
44.0,4.0,1.0,0.0,111.0,1.0,0.0,0.0,4.964,0
33.0,6.0,1.0,0.0,576.0,1.0,0.0,0.0,4.964,1
38.0,6.0,1.0,0.0,119.0,4.0,0.0,0.0,4.964,0
46.0,,0.0,0.0,739.0,1.0,0.0,0.0,4.964,1
39.0,5.0,0.0,0.0,158.0,1.0,0.0,0.0,4.964,0
51.0,2.0,0.0,0.0,393.0,1.0,0.0,0.0,4.964,0
30.0,4.0,1.0,0.0,90.0,1.0,0.0,0.0,4.964,0
56.0,,1.0,0.0,157.0,4.0,0.0,0.0,4.964,0
46.0,,0.0,0.0,229.0,1.0,0.0,0.0,4.964,0
47.0,6.0,0.0,0.0,215.0,1.0,0.0,0.0,4.964,0
34.0,4.0,1.0,0.0,107.0,1.0,0.0,0.0,4.964,0
49.0,4.0,0.0,0.0,125.0,2.0,0.0,0.0,4.964,0
37.0,6.0,1.0,0.0,177.0,1.0,0.0,0.0,4.964,0
34.0,6.0,0.0,1.0,944.0,7.0,0.0,0.0,4.964,0
37.0,4.0,1.0,0.0,125.0,1.0,0.0,0.0,4.964,0
35.0,4.0,0.0,0.0,1258.0,1.0,0.0,0.0,4.964,1
33.0,6.0,0.0,0.0,115.0,1.0,0.0,0.0,4.964,0
46.0,2.0,1.0,0.0,119.0,1.0,0.0,0.0,4.964,0
59.0,,1.0,1.0,79.0,1.0,0.0,0.0,4.964,0
59.0,,0.0,0.0,69.0,1.0,0.0,0.0,4.964,0
30.0,4.0,0.0,0.0,111.0,1.0,0.0,0.0,4.964,0
40.0,4.0,1.0,0.0,73.0,1.0,0.0,0.0,4.964,0
52.0,6.0,1.0,0.0,78.0,1.0,0.0,0.0,4.964,0
36.0,4.0,1.0,0.0,171.0,11.0,0.0,0.0,4.964,0
31.0,6.0,0.0,0.0,168.0,1.0,0.0,0.0,4.964,0
38.0,6.0,1.0,0.0,131.0,1.0,0.0,0.0,4.964,0
38.0,6.0,1.0,1.0,572.0,1.0,0.0,0.0,4.964,0
34.0,5.0,0.0,0.0,336.0,1.0,0.0,0.0,4.964,0
48.0,6.0,0.0,0.0,232.0,1.0,0.0,0.0,4.964,0
31.0,6.0,0.0,0.0,243.0,2.0,0.0,0.0,4.964,0
53.0,1.0,0.0,0.0,91.0,2.0,0.0,0.0,4.964,0
59.0,6.0,0.0,0.0,217.0,3.0,0.0,0.0,4.964,0
49.0,4.0,1.0,0.0,112.0,2.0,0.0,0.0,4.964,0
31.0,1.0,0.0,0.0,742.0,2.0,0.0,0.0,4.964,0
32.0,6.0,1.0,0.0,200.0,2.0,0.0,0.0,4.964,0
29.0,6.0,1.0,0.0,101.0,2.0,0.0,0.0,4.964,0
42.0,6.0,0.0,0.0,361.0,2.0,0.0,0.0,4.964,0
36.0,5.0,0.0,1.0,66.0,4.0,0.0,0.0,4.964,0
57.0,5.0,0.0,0.0,199.0,4.0,0.0,0.0,4.964,0
52.0,1.0,0.0,0.0,69.0,2.0,0.0,0.0,4.964,0
29.0,5.0,0.0,0.0,198.0,1.0,0.0,0.0,4.964,0
57.0,5.0,1.0,0.0,195.0,3.0,0.0,0.0,4.964,0
55.0,3.0,0.0,0.0,385.0,6.0,0.0,0.0,4.964,0
30.0,6.0,1.0,0.0,217.0,4.0,0.0,0.0,4.964,0
40.0,6.0,1.0,0.0,117.0,3.0,0.0,0.0,4.964,0
47.0,3.0,0.0,0.0,538.0,2.0,0.0,0.0,4.964,0
39.0,5.0,0.0,0.0,337.0,2.0,0.0,0.0,4.964,0
51.0,3.0,0.0,0.0,81.0,2.0,0.0,0.0,4.964,0
41.0,6.0,1.0,0.0,97.0,3.0,0.0,0.0,4.964,0
55.0,5.0,0.0,0.0,203.0,1.0,0.0,0.0,4.964,0
44.0,0.0,0.0,0.0,460.0,1.0,0.0,0.0,4.964,0
30.0,6.0,0.0,0.0,186.0,3.0,0.0,0.0,4.964,0
36.0,5.0,1.0,0.0,215.0,7.0,0.0,0.0,4.964,0
37.0,6.0,1.0,1.0,239.0,3.0,0.0,0.0,4.964,0
32.0,5.0,0.0,0.0,309.0,5.0,0.0,0.0,4.964,0
45.0,5.0,1.0,1.0,98.0,5.0,0.0,0.0,4.964,0
39.0,1.0,0.0,0.0,155.0,2.0,0.0,0.0,4.964,0
36.0,4.0,0.0,1.0,263.0,1.0,0.0,0.0,4.964,0
31.0,5.0,0.0,0.0,109.0,1.0,0.0,0.0,4.964,0
32.0,6.0,1.0,0.0,124.0,1.0,0.0,0.0,4.964,0
58.0,4.0,0.0,0.0,155.0,5.0,0.0,0.0,4.964,0
35.0,6.0,1.0,0.0,176.0,4.0,0.0,0.0,4.964,0
31.0,4.0,1.0,0.0,138.0,1.0,0.0,0.0,4.964,0
45.0,2.0,0.0,0.0,200.0,1.0,0.0,0.0,4.964,0
52.0,4.0,,,116.0,5.0,0.0,0.0,4.965,0
35.0,1.0,1.0,0.0,87.0,1.0,0.0,0.0,4.965,0
50.0,6.0,1.0,0.0,540.0,3.0,0.0,0.0,4.965,0
31.0,5.0,0.0,0.0,122.0,2.0,0.0,0.0,4.965,0
57.0,3.0,1.0,0.0,88.0,2.0,0.0,0.0,4.965,0
29.0,6.0,1.0,0.0,129.0,3.0,0.0,0.0,4.965,0
59.0,3.0,1.0,0.0,337.0,4.0,0.0,0.0,4.965,0
50.0,1.0,0.0,0.0,79.0,3.0,0.0,0.0,4.965,0
33.0,5.0,1.0,0.0,417.0,2.0,0.0,0.0,4.965,0
58.0,6.0,0.0,0.0,129.0,2.0,0.0,0.0,4.965,0
50.0,1.0,0.0,0.0,343.0,1.0,0.0,0.0,4.965,0
47.0,1.0,1.0,0.0,149.0,7.0,0.0,0.0,4.965,0
56.0,,0.0,0.0,160.0,3.0,0.0,0.0,4.965,0
35.0,5.0,0.0,0.0,90.0,2.0,0.0,0.0,4.965,0
37.0,6.0,1.0,0.0,108.0,2.0,0.0,0.0,4.965,0
32.0,6.0,1.0,0.0,143.0,5.0,0.0,0.0,4.965,0
45.0,1.0,0.0,0.0,463.0,14.0,0.0,0.0,4.965,0
53.0,6.0,1.0,0.0,343.0,2.0,0.0,0.0,4.965,0
37.0,6.0,0.0,0.0,102.0,2.0,0.0,0.0,4.965,0
42.0,5.0,1.0,0.0,72.0,2.0,0.0,0.0,4.965,0
29.0,6.0,0.0,1.0,146.0,2.0,0.0,0.0,4.965,0
48.0,4.0,1.0,1.0,72.0,1.0,0.0,0.0,4.965,0
33.0,6.0,0.0,0.0,177.0,2.0,0.0,0.0,4.965,0
59.0,3.0,1.0,0.0,93.0,6.0,0.0,0.0,4.965,0
40.0,5.0,0.0,0.0,94.0,3.0,0.0,0.0,4.965,0
57.0,3.0,1.0,0.0,154.0,2.0,0.0,0.0,4.965,0
56.0,,1.0,0.0,476.0,2.0,0.0,0.0,4.965,0
45.0,1.0,1.0,1.0,262.0,3.0,0.0,0.0,4.965,0
45.0,4.0,1.0,1.0,213.0,2.0,0.0,0.0,4.965,0
49.0,1.0,1.0,0.0,211.0,4.0,0.0,0.0,4.965,0
32.0,5.0,1.0,1.0,69.0,2.0,0.0,0.0,4.965,0
31.0,6.0,1.0,0.0,111.0,3.0,0.0,0.0,4.965,0
44.0,1.0,0.0,1.0,734.0,2.0,0.0,0.0,4.965,0
40.0,5.0,1.0,0.0,256.0,6.0,0.0,0.0,4.965,0
40.0,6.0,1.0,0.0,296.0,4.0,0.0,0.0,4.965,0
47.0,1.0,0.0,0.0,134.0,5.0,0.0,0.0,4.965,0
29.0,6.0,0.0,0.0,62.0,4.0,0.0,0.0,4.965,0
39.0,5.0,0.0,0.0,93.0,4.0,0.0,0.0,4.965,0
36.0,4.0,1.0,0.0,630.0,6.0,0.0,0.0,4.965,1
43.0,5.0,0.0,0.0,67.0,4.0,0.0,0.0,4.965,0
38.0,6.0,1.0,0.0,109.0,2.0,0.0,0.0,4.965,0
40.0,6.0,1.0,0.0,159.0,4.0,0.0,0.0,4.965,0
46.0,3.0,1.0,0.0,378.0,3.0,0.0,0.0,4.965,0
60.0,1.0,1.0,1.0,115.0,3.0,0.0,0.0,4.965,0
39.0,5.0,1.0,0.0,714.0,5.0,0.0,0.0,4.965,1
31.0,6.0,0.0,0.0,119.0,9.0,0.0,0.0,4.965,0
44.0,6.0,0.0,0.0,56.0,5.0,0.0,0.0,4.965,0
43.0,5.0,0.0,1.0,108.0,4.0,0.0,0.0,4.965,0
53.0,6.0,1.0,0.0,358.0,3.0,0.0,0.0,4.965,0
59.0,1.0,1.0,1.0,56.0,5.0,0.0,0.0,4.965,0
46.0,3.0,1.0,1.0,160.0,4.0,0.0,0.0,4.965,0
36.0,1.0,,,23.0,14.0,0.0,0.0,4.965,0
47.0,6.0,0.0,0.0,109.0,2.0,0.0,0.0,4.965,0
48.0,3.0,1.0,0.0,100.0,2.0,0.0,0.0,4.965,0
48.0,6.0,1.0,0.0,64.0,1.0,0.0,0.0,4.965,0
50.0,6.0,1.0,0.0,76.0,1.0,0.0,0.0,4.965,0
50.0,6.0,1.0,1.0,252.0,1.0,0.0,0.0,4.965,0
48.0,3.0,1.0,0.0,155.0,1.0,0.0,0.0,4.965,0
40.0,5.0,0.0,0.0,279.0,4.0,0.0,0.0,4.965,0
50.0,6.0,1.0,0.0,541.0,1.0,0.0,0.0,4.965,0
45.0,4.0,1.0,0.0,94.0,1.0,0.0,0.0,4.965,0
35.0,5.0,1.0,1.0,259.0,1.0,0.0,0.0,4.965,0
41.0,5.0,1.0,0.0,239.0,1.0,0.0,0.0,4.965,0
37.0,5.0,,,417.0,1.0,0.0,0.0,4.965,0
50.0,4.0,0.0,0.0,131.0,1.0,0.0,0.0,4.965,0
40.0,4.0,1.0,0.0,168.0,2.0,0.0,0.0,4.965,0
58.0,3.0,0.0,0.0,83.0,2.0,0.0,0.0,4.965,0
50.0,1.0,1.0,0.0,164.0,1.0,0.0,0.0,4.965,0
38.0,6.0,1.0,0.0,95.0,1.0,0.0,0.0,4.965,0
50.0,6.0,0.0,0.0,130.0,1.0,0.0,0.0,4.965,0
30.0,5.0,1.0,0.0,210.0,3.0,0.0,0.0,4.965,0
33.0,5.0,1.0,0.0,211.0,6.0,0.0,0.0,4.965,0
48.0,1.0,1.0,0.0,436.0,1.0,0.0,0.0,4.965,0
57.0,3.0,0.0,0.0,22.0,27.0,0.0,0.0,4.965,0
55.0,6.0,1.0,0.0,101.0,2.0,0.0,0.0,4.965,0
52.0,1.0,0.0,0.0,31.0,6.0,0.0,0.0,4.965,0
52.0,4.0,0.0,0.0,96.0,2.0,0.0,0.0,4.965,0
46.0,6.0,1.0,0.0,66.0,2.0,0.0,0.0,4.965,0
47.0,6.0,0.0,0.0,320.0,3.0,0.0,0.0,4.965,0
32.0,4.0,0.0,0.0,162.0,10.0,0.0,0.0,4.965,0
59.0,,1.0,0.0,72.0,2.0,0.0,0.0,4.965,0
53.0,,0.0,0.0,12.0,9.0,0.0,0.0,4.965,0
33.0,5.0,1.0,0.0,30.0,14.0,0.0,0.0,4.965,0
50.0,,0.0,0.0,287.0,3.0,0.0,0.0,4.965,0
54.0,6.0,1.0,0.0,120.0,3.0,0.0,0.0,4.965,0
60.0,6.0,1.0,0.0,11.0,8.0,0.0,0.0,4.965,0
43.0,6.0,0.0,0.0,175.0,3.0,0.0,0.0,4.965,0
47.0,1.0,0.0,0.0,110.0,2.0,0.0,0.0,4.965,0
42.0,6.0,0.0,0.0,77.0,3.0,0.0,0.0,4.965,0
57.0,6.0,1.0,1.0,61.0,4.0,0.0,0.0,4.965,0
46.0,4.0,1.0,0.0,183.0,3.0,0.0,0.0,4.965,0
57.0,5.0,1.0,1.0,218.0,4.0,0.0,0.0,4.965,0
31.0,6.0,1.0,0.0,57.0,6.0,0.0,0.0,4.965,0
55.0,3.0,1.0,0.0,209.0,4.0,0.0,0.0,4.965,0
38.0,4.0,0.0,0.0,89.0,2.0,0.0,0.0,4.965,0
29.0,5.0,1.0,0.0,2089.0,6.0,0.0,0.0,4.965,1
48.0,5.0,0.0,0.0,369.0,4.0,0.0,0.0,4.965,0
47.0,5.0,1.0,0.0,58.0,3.0,0.0,0.0,4.964,0
41.0,6.0,0.0,0.0,108.0,4.0,0.0,0.0,4.964,0
33.0,6.0,1.0,0.0,116.0,2.0,0.0,0.0,4.964,0
47.0,4.0,1.0,0.0,56.0,5.0,0.0,0.0,4.964,0
53.0,1.0,0.0,0.0,124.0,4.0,0.0,0.0,4.964,0
41.0,4.0,1.0,0.0,219.0,3.0,0.0,0.0,4.964,0
48.0,4.0,0.0,0.0,57.0,5.0,0.0,0.0,4.964,0
52.0,6.0,0.0,0.0,191.0,2.0,0.0,0.0,4.964,0
47.0,4.0,1.0,0.0,87.0,3.0,0.0,0.0,4.964,0
44.0,5.0,1.0,0.0,114.0,1.0,0.0,0.0,4.964,0
40.0,6.0,1.0,0.0,219.0,1.0,0.0,0.0,4.964,0
51.0,6.0,1.0,0.0,512.0,5.0,0.0,0.0,4.964,1
60.0,5.0,0.0,0.0,111.0,1.0,0.0,0.0,4.964,0
57.0,5.0,0.0,0.0,80.0,3.0,0.0,0.0,4.964,0
30.0,6.0,0.0,0.0,134.0,1.0,0.0,0.0,4.964,0
52.0,4.0,1.0,1.0,352.0,1.0,0.0,0.0,4.964,0
49.0,3.0,0.0,1.0,100.0,1.0,0.0,0.0,4.964,0
48.0,6.0,0.0,0.0,91.0,1.0,0.0,0.0,4.964,0
54.0,6.0,0.0,1.0,121.0,1.0,0.0,0.0,4.964,0
57.0,1.0,1.0,0.0,109.0,1.0,0.0,0.0,4.964,0
42.0,6.0,1.0,0.0,220.0,11.0,0.0,0.0,4.964,0
47.0,6.0,0.0,0.0,63.0,3.0,0.0,0.0,4.964,0
54.0,5.0,1.0,0.0,103.0,4.0,0.0,0.0,4.964,0
48.0,4.0,0.0,0.0,312.0,9.0,0.0,0.0,4.964,0
60.0,4.0,,,590.0,2.0,0.0,0.0,4.964,0
40.0,6.0,1.0,0.0,335.0,2.0,0.0,0.0,4.964,0
30.0,5.0,0.0,0.0,645.0,7.0,0.0,0.0,4.964,1
47.0,6.0,1.0,0.0,176.0,5.0,0.0,0.0,4.964,0
46.0,1.0,0.0,1.0,10.0,14.0,0.0,0.0,4.964,0
43.0,6.0,0.0,0.0,13.0,11.0,0.0,0.0,4.964,0
57.0,5.0,1.0,0.0,96.0,4.0,0.0,0.0,4.964,0
54.0,5.0,1.0,0.0,511.0,3.0,0.0,0.0,4.964,0
51.0,5.0,1.0,0.0,300.0,2.0,0.0,0.0,4.964,0
54.0,4.0,1.0,1.0,19.0,13.0,0.0,0.0,4.964,0
44.0,5.0,0.0,1.0,85.0,2.0,0.0,0.0,4.964,0
54.0,6.0,0.0,0.0,561.0,2.0,0.0,0.0,4.964,0
37.0,6.0,0.0,0.0,107.0,4.0,0.0,0.0,4.964,0
47.0,6.0,1.0,0.0,184.0,3.0,0.0,0.0,4.964,0
49.0,5.0,1.0,0.0,76.0,3.0,0.0,0.0,4.964,0
37.0,6.0,1.0,0.0,138.0,3.0,0.0,0.0,4.964,0
42.0,6.0,1.0,1.0,89.0,3.0,0.0,0.0,4.964,0
30.0,6.0,0.0,0.0,157.0,8.0,0.0,0.0,4.964,0
31.0,6.0,1.0,0.0,186.0,11.0,0.0,0.0,4.964,0
33.0,6.0,1.0,0.0,43.0,13.0,0.0,0.0,4.964,0
39.0,5.0,0.0,0.0,37.0,2.0,0.0,0.0,4.964,0
43.0,6.0,1.0,0.0,35.0,10.0,0.0,0.0,4.964,0
33.0,1.0,0.0,0.0,263.0,7.0,0.0,0.0,4.964,0
55.0,4.0,0.0,0.0,231.0,4.0,0.0,0.0,4.964,0
45.0,6.0,1.0,0.0,25.0,12.0,0.0,0.0,4.964,0
41.0,5.0,0.0,0.0,167.0,7.0,0.0,0.0,4.964,0
47.0,,0.0,1.0,111.0,5.0,0.0,0.0,4.964,0
31.0,6.0,0.0,0.0,95.0,5.0,0.0,0.0,4.964,0
38.0,6.0,0.0,0.0,70.0,9.0,0.0,0.0,4.964,0
40.0,6.0,0.0,0.0,183.0,3.0,0.0,0.0,4.964,0
33.0,6.0,1.0,0.0,62.0,4.0,0.0,0.0,4.964,0
41.0,5.0,1.0,0.0,112.0,8.0,0.0,0.0,4.964,0
51.0,5.0,1.0,0.0,118.0,2.0,0.0,0.0,4.964,0
41.0,4.0,0.0,0.0,82.0,2.0,0.0,0.0,4.962,0
33.0,6.0,1.0,0.0,131.0,11.0,0.0,0.0,4.962,0
46.0,5.0,1.0,0.0,81.0,6.0,0.0,0.0,4.962,0
43.0,6.0,1.0,0.0,74.0,4.0,0.0,0.0,4.962,0
41.0,6.0,0.0,0.0,67.0,13.0,0.0,0.0,4.962,0
36.0,6.0,1.0,0.0,107.0,3.0,0.0,0.0,4.962,0
41.0,5.0,1.0,1.0,100.0,2.0,0.0,0.0,4.962,0
31.0,6.0,0.0,0.0,180.0,2.0,0.0,0.0,4.962,0
33.0,6.0,1.0,0.0,198.0,3.0,0.0,0.0,4.962,0
40.0,6.0,0.0,0.0,262.0,4.0,0.0,0.0,4.962,0
31.0,6.0,1.0,0.0,80.0,1.0,0.0,0.0,4.962,0
33.0,5.0,1.0,1.0,331.0,1.0,0.0,0.0,4.962,0
46.0,6.0,1.0,0.0,13.0,14.0,0.0,0.0,4.962,0
46.0,6.0,0.0,0.0,16.0,18.0,0.0,0.0,4.962,0
48.0,6.0,1.0,0.0,44.0,1.0,0.0,0.0,4.962,0
46.0,4.0,,,180.0,2.0,0.0,0.0,4.962,0
40.0,6.0,0.0,1.0,14.0,5.0,0.0,0.0,4.962,0
36.0,6.0,0.0,0.0,63.0,1.0,0.0,0.0,4.962,0
32.0,6.0,1.0,0.0,151.0,2.0,0.0,0.0,4.962,0
40.0,5.0,0.0,1.0,49.0,22.0,0.0,0.0,4.962,0
54.0,6.0,1.0,1.0,121.0,11.0,0.0,0.0,4.962,0
53.0,5.0,1.0,0.0,70.0,4.0,0.0,0.0,4.962,0
46.0,3.0,0.0,0.0,70.0,6.0,0.0,0.0,4.962,0
50.0,6.0,1.0,0.0,203.0,2.0,0.0,0.0,4.962,0
53.0,1.0,1.0,0.0,51.0,7.0,0.0,0.0,4.962,0
46.0,4.0,0.0,0.0,16.0,17.0,0.0,0.0,4.962,0
42.0,6.0,1.0,1.0,2372.0,3.0,0.0,0.0,4.962,1
30.0,5.0,1.0,0.0,16.0,12.0,0.0,0.0,4.962,0
39.0,6.0,1.0,0.0,276.0,3.0,0.0,0.0,4.962,0
58.0,6.0,0.0,0.0,156.0,5.0,0.0,0.0,4.962,0
44.0,3.0,1.0,1.0,18.0,10.0,0.0,0.0,4.962,0
50.0,4.0,1.0,1.0,95.0,4.0,0.0,0.0,4.962,0
45.0,6.0,1.0,0.0,26.0,15.0,0.0,0.0,4.962,0
30.0,6.0,0.0,0.0,45.0,17.0,0.0,0.0,4.962,0
40.0,5.0,1.0,0.0,258.0,6.0,0.0,0.0,4.962,0
37.0,5.0,0.0,0.0,140.0,8.0,0.0,0.0,4.962,0
53.0,6.0,0.0,0.0,131.0,1.0,0.0,0.0,4.962,0
50.0,6.0,1.0,0.0,77.0,2.0,0.0,0.0,4.962,0
48.0,6.0,0.0,0.0,42.0,7.0,0.0,0.0,4.962,0
29.0,6.0,0.0,0.0,142.0,4.0,0.0,0.0,4.962,0
32.0,4.0,1.0,0.0,29.0,9.0,0.0,0.0,4.962,0
30.0,5.0,1.0,1.0,22.0,5.0,0.0,0.0,4.962,0
35.0,6.0,0.0,0.0,26.0,17.0,0.0,0.0,4.962,0
59.0,6.0,1.0,0.0,77.0,4.0,0.0,0.0,4.962,0
44.0,6.0,1.0,0.0,460.0,4.0,0.0,0.0,4.962,0
45.0,4.0,0.0,0.0,52.0,5.0,0.0,0.0,4.962,0
50.0,3.0,1.0,0.0,15.0,5.0,0.0,0.0,4.962,0
55.0,1.0,1.0,1.0,21.0,4.0,0.0,0.0,4.962,0
39.0,5.0,0.0,0.0,199.0,4.0,0.0,0.0,4.962,0
32.0,6.0,0.0,0.0,39.0,6.0,0.0,0.0,4.962,0
49.0,3.0,1.0,0.0,32.0,2.0,0.0,0.0,4.962,0
35.0,4.0,1.0,1.0,136.0,1.0,0.0,0.0,4.962,0
43.0,6.0,1.0,0.0,433.0,10.0,0.0,0.0,4.962,0
33.0,6.0,1.0,0.0,89.0,2.0,0.0,0.0,4.962,0
29.0,6.0,0.0,0.0,15.0,9.0,0.0,0.0,4.962,0
58.0,6.0,1.0,0.0,688.0,6.0,0.0,0.0,4.962,0
53.0,6.0,0.0,0.0,59.0,3.0,0.0,0.0,4.963,0
48.0,2.0,0.0,0.0,85.0,4.0,0.0,0.0,4.963,0
38.0,6.0,1.0,1.0,62.0,1.0,0.0,0.0,4.963,0
30.0,6.0,1.0,0.0,183.0,1.0,0.0,0.0,4.963,0
45.0,5.0,1.0,1.0,83.0,2.0,0.0,0.0,4.963,0
29.0,6.0,1.0,0.0,41.0,1.0,0.0,0.0,4.963,0
55.0,6.0,0.0,1.0,80.0,2.0,0.0,0.0,4.963,0
36.0,6.0,0.0,1.0,69.0,2.0,0.0,0.0,4.963,0
45.0,4.0,0.0,0.0,135.0,1.0,0.0,0.0,4.963,0
34.0,5.0,0.0,0.0,462.0,1.0,0.0,0.0,4.963,0
53.0,5.0,0.0,1.0,225.0,2.0,0.0,0.0,4.963,0
33.0,6.0,0.0,0.0,96.0,1.0,0.0,0.0,4.963,0
55.0,3.0,1.0,0.0,96.0,2.0,0.0,0.0,4.963,0
33.0,6.0,1.0,1.0,128.0,1.0,0.0,0.0,4.963,0
33.0,6.0,0.0,0.0,204.0,1.0,0.0,0.0,4.963,0
32.0,6.0,0.0,0.0,67.0,2.0,0.0,0.0,4.963,0
42.0,6.0,0.0,0.0,71.0,1.0,0.0,0.0,4.963,0
32.0,6.0,0.0,0.0,63.0,1.0,0.0,0.0,4.963,0
32.0,6.0,1.0,0.0,90.0,1.0,0.0,0.0,4.963,0
31.0,6.0,0.0,1.0,180.0,1.0,0.0,0.0,4.963,0
34.0,4.0,1.0,0.0,96.0,1.0,0.0,0.0,4.963,0
34.0,4.0,1.0,0.0,398.0,1.0,0.0,0.0,4.963,0
49.0,,0.0,0.0,104.0,1.0,0.0,0.0,4.963,0
29.0,6.0,1.0,0.0,59.0,1.0,0.0,0.0,4.963,0
32.0,6.0,0.0,0.0,133.0,2.0,0.0,0.0,4.963,0
33.0,5.0,1.0,0.0,436.0,2.0,0.0,0.0,4.963,0
50.0,3.0,,,49.0,9.0,0.0,0.0,4.963,0
38.0,5.0,1.0,0.0,64.0,2.0,0.0,0.0,4.963,0
31.0,6.0,1.0,0.0,961.0,2.0,0.0,0.0,4.963,0
33.0,6.0,0.0,0.0,69.0,14.0,0.0,0.0,4.963,0
30.0,6.0,1.0,0.0,77.0,9.0,0.0,0.0,4.963,0
55.0,1.0,0.0,0.0,94.0,1.0,0.0,0.0,4.963,0
40.0,6.0,0.0,0.0,81.0,3.0,0.0,0.0,4.963,0
39.0,6.0,,,116.0,2.0,0.0,0.0,4.963,0
35.0,4.0,1.0,0.0,129.0,1.0,0.0,0.0,4.963,0
48.0,4.0,0.0,0.0,88.0,1.0,0.0,0.0,4.963,0
51.0,6.0,0.0,0.0,86.0,1.0,0.0,0.0,4.963,0
34.0,6.0,1.0,0.0,168.0,1.0,0.0,0.0,4.963,0
29.0,5.0,0.0,1.0,370.0,2.0,0.0,0.0,4.963,0
35.0,6.0,1.0,0.0,93.0,4.0,0.0,0.0,4.963,0
30.0,6.0,1.0,1.0,201.0,1.0,0.0,0.0,4.963,0
52.0,3.0,0.0,0.0,85.0,8.0,0.0,0.0,4.963,0
45.0,6.0,0.0,0.0,27.0,2.0,0.0,0.0,4.963,0
38.0,6.0,1.0,0.0,20.0,1.0,0.0,0.0,4.963,0
35.0,4.0,1.0,0.0,117.0,1.0,0.0,0.0,4.963,0
45.0,5.0,0.0,1.0,46.0,5.0,0.0,0.0,4.963,0
45.0,5.0,0.0,0.0,17.0,10.0,0.0,0.0,4.963,0
41.0,6.0,1.0,0.0,63.0,9.0,0.0,0.0,4.963,0
51.0,4.0,1.0,0.0,8.0,6.0,0.0,0.0,4.963,0
39.0,6.0,0.0,1.0,2016.0,1.0,0.0,0.0,5.0,1
38.0,,1.0,0.0,39.0,1.0,1.0,1.0,4.968,0
59.0,6.0,0.0,0.0,85.0,1.0,0.0,0.0,4.968,1
33.0,4.0,0.0,0.0,37.0,1.0,0.0,0.0,4.968,1
32.0,4.0,0.0,0.0,101.0,1.0,0.0,0.0,4.968,1
59.0,5.0,0.0,0.0,19.0,1.0,0.0,0.0,4.968,0
35.0,3.0,1.0,0.0,4.0,1.0,0.0,0.0,4.968,0
41.0,4.0,0.0,0.0,49.0,1.0,0.0,0.0,4.968,0
56.0,5.0,0.0,0.0,73.0,1.0,0.0,0.0,4.936,0
48.0,6.0,0.0,0.0,98.0,1.0,0.0,0.0,4.936,1
39.0,5.0,0.0,0.0,171.0,1.0,0.0,0.0,4.921,1
38.0,4.0,1.0,0.0,97.0,1.0,0.0,0.0,4.918,1
46.0,6.0,0.0,0.0,376.0,1.0,0.0,0.0,4.912,1
27.0,5.0,1.0,0.0,3284.0,1.0,0.0,0.0,4.912,0
33.0,6.0,0.0,0.0,167.0,1.0,0.0,0.0,4.827,0
31.0,6.0,1.0,0.0,44.0,1.0,0.0,0.0,4.733,0
31.0,3.0,1.0,0.0,115.0,1.0,0.0,0.0,4.474,1
29.0,3.0,1.0,0.0,453.0,1.0,0.0,0.0,4.474,1
24.0,6.0,0.0,1.0,107.0,1.0,0.0,0.0,4.406,0
46.0,5.0,0.0,0.0,98.0,1.0,0.0,0.0,4.406,0
32.0,5.0,1.0,0.0,486.0,1.0,0.0,0.0,4.343,1
33.0,4.0,0.0,0.0,158.0,1.0,0.0,0.0,4.343,1
58.0,6.0,0.0,0.0,139.0,1.0,0.0,0.0,4.286,1
37.0,6.0,1.0,0.0,129.0,1.0,0.0,0.0,4.286,0
33.0,6.0,0.0,0.0,109.0,1.0,0.0,0.0,4.245,0
35.0,6.0,1.0,0.0,24.0,1.0,0.0,0.0,4.223,0
42.0,5.0,0.0,0.0,200.0,1.0,1.0,1.0,4.191,0
42.0,6.0,1.0,1.0,128.0,1.0,0.0,0.0,4.191,0
49.0,4.0,1.0,0.0,80.0,1.0,0.0,0.0,4.191,0
35.0,6.0,1.0,0.0,121.0,1.0,0.0,0.0,4.191,0
51.0,4.0,1.0,0.0,81.0,1.0,0.0,0.0,4.191,0
58.0,6.0,1.0,0.0,70.0,1.0,0.0,0.0,4.191,0
37.0,6.0,1.0,0.0,64.0,1.0,0.0,0.0,4.191,0
45.0,3.0,1.0,0.0,75.0,1.0,0.0,0.0,4.191,0
46.0,6.0,1.0,0.0,123.0,1.0,0.0,0.0,4.191,0
40.0,3.0,1.0,0.0,146.0,1.0,0.0,0.0,4.191,0
57.0,6.0,0.0,1.0,59.0,1.0,0.0,0.0,4.191,0
35.0,1.0,1.0,0.0,57.0,1.0,0.0,0.0,4.191,0
43.0,4.0,0.0,0.0,118.0,1.0,0.0,0.0,4.191,0
52.0,1.0,1.0,0.0,74.0,1.0,0.0,0.0,4.191,0
47.0,4.0,1.0,0.0,334.0,1.0,0.0,0.0,4.191,0
53.0,6.0,1.0,0.0,64.0,1.0,0.0,0.0,4.191,0
41.0,6.0,1.0,0.0,49.0,1.0,0.0,0.0,4.191,0
55.0,3.0,0.0,0.0,1077.0,1.0,0.0,0.0,4.191,1
48.0,5.0,0.0,0.0,564.0,1.0,0.0,0.0,4.191,1
39.0,3.0,1.0,0.0,125.0,1.0,0.0,0.0,4.191,0
40.0,6.0,0.0,0.0,121.0,1.0,0.0,0.0,4.191,0
41.0,6.0,0.0,0.0,57.0,1.0,0.0,0.0,4.191,0
39.0,3.0,1.0,0.0,63.0,1.0,0.0,0.0,4.191,0
51.0,6.0,0.0,0.0,81.0,1.0,0.0,0.0,4.191,0
41.0,6.0,1.0,0.0,479.0,1.0,0.0,0.0,4.191,0
55.0,5.0,1.0,1.0,120.0,1.0,0.0,0.0,4.191,0
47.0,1.0,,,70.0,1.0,0.0,0.0,4.191,0
34.0,6.0,0.0,0.0,110.0,2.0,0.0,0.0,4.191,0
36.0,4.0,1.0,0.0,206.0,1.0,0.0,0.0,4.191,0
42.0,6.0,1.0,0.0,85.0,1.0,0.0,0.0,4.191,0
36.0,6.0,1.0,0.0,292.0,1.0,0.0,0.0,4.191,0
57.0,1.0,0.0,0.0,40.0,1.0,0.0,0.0,4.191,0
50.0,6.0,0.0,0.0,58.0,1.0,0.0,0.0,4.191,0
46.0,3.0,1.0,0.0,119.0,1.0,1.0,1.0,4.191,0
44.0,6.0,1.0,0.0,124.0,1.0,0.0,0.0,4.191,0
51.0,1.0,0.0,0.0,96.0,2.0,0.0,0.0,4.191,0
38.0,6.0,1.0,0.0,99.0,1.0,0.0,0.0,4.191,0
49.0,6.0,1.0,0.0,118.0,1.0,0.0,0.0,4.191,0
48.0,6.0,1.0,0.0,434.0,2.0,0.0,0.0,4.191,1
42.0,4.0,1.0,0.0,164.0,2.0,1.0,1.0,4.191,0
53.0,6.0,1.0,0.0,125.0,1.0,0.0,0.0,4.191,0
46.0,5.0,1.0,0.0,78.0,1.0,0.0,0.0,4.191,0
47.0,3.0,0.0,0.0,53.0,1.0,0.0,0.0,4.191,0
37.0,5.0,1.0,0.0,70.0,1.0,0.0,0.0,4.191,0
52.0,6.0,0.0,0.0,578.0,1.0,0.0,0.0,4.191,0
52.0,6.0,1.0,0.0,534.0,1.0,0.0,0.0,4.191,0
54.0,1.0,1.0,0.0,310.0,1.0,0.0,0.0,4.191,0
30.0,4.0,0.0,0.0,104.0,2.0,0.0,0.0,4.191,0
37.0,6.0,1.0,0.0,386.0,2.0,0.0,0.0,4.191,0
38.0,1.0,1.0,0.0,64.0,1.0,0.0,0.0,4.191,0
43.0,5.0,1.0,0.0,190.0,1.0,1.0,1.0,4.191,0
52.0,6.0,1.0,0.0,89.0,2.0,1.0,1.0,4.191,0
42.0,4.0,0.0,0.0,651.0,2.0,1.0,1.0,4.191,1
43.0,1.0,1.0,0.0,42.0,2.0,1.0,1.0,4.191,0
45.0,3.0,1.0,0.0,73.0,1.0,0.0,0.0,4.191,0
42.0,,0.0,0.0,657.0,1.0,0.0,0.0,4.191,0
47.0,5.0,0.0,0.0,104.0,1.0,1.0,1.0,4.191,0
45.0,4.0,0.0,0.0,623.0,1.0,1.0,1.0,4.191,0
46.0,4.0,1.0,0.0,622.0,1.0,0.0,0.0,4.191,0
53.0,4.0,0.0,1.0,181.0,1.0,0.0,0.0,4.191,0
34.0,1.0,1.0,0.0,54.0,1.0,0.0,0.0,4.191,0
32.0,6.0,1.0,0.0,105.0,1.0,0.0,0.0,4.191,0
40.0,4.0,1.0,0.0,120.0,1.0,0.0,0.0,4.191,0
42.0,4.0,1.0,0.0,131.0,1.0,0.0,0.0,4.191,0
42.0,4.0,0.0,0.0,119.0,1.0,0.0,0.0,4.191,0
36.0,3.0,0.0,1.0,131.0,1.0,0.0,0.0,4.191,0
38.0,1.0,1.0,0.0,117.0,2.0,0.0,0.0,4.191,0
33.0,6.0,1.0,0.0,76.0,2.0,0.0,0.0,4.191,0
32.0,4.0,0.0,0.0,348.0,1.0,0.0,0.0,4.191,0
47.0,6.0,0.0,0.0,213.0,2.0,0.0,0.0,4.191,0
36.0,6.0,1.0,0.0,200.0,2.0,1.0,2.0,4.191,0
53.0,3.0,1.0,1.0,44.0,1.0,0.0,0.0,4.191,0
36.0,4.0,0.0,0.0,166.0,2.0,1.0,1.0,4.191,0
32.0,4.0,1.0,0.0,943.0,1.0,0.0,0.0,4.191,1
32.0,4.0,1.0,0.0,134.0,1.0,0.0,0.0,4.191,0
29.0,4.0,1.0,1.0,58.0,1.0,1.0,1.0,4.191,0
29.0,6.0,1.0,0.0,183.0,1.0,0.0,0.0,4.191,0
33.0,3.0,0.0,0.0,218.0,2.0,0.0,0.0,4.191,0
29.0,6.0,1.0,0.0,51.0,2.0,0.0,0.0,4.191,0
31.0,6.0,1.0,1.0,182.0,3.0,0.0,0.0,4.191,0
52.0,6.0,0.0,0.0,96.0,2.0,0.0,0.0,4.191,0
52.0,6.0,1.0,0.0,472.0,2.0,0.0,0.0,4.191,0
35.0,4.0,0.0,0.0,540.0,2.0,0.0,0.0,4.191,1
41.0,4.0,1.0,0.0,268.0,2.0,0.0,0.0,4.191,0
32.0,4.0,0.0,1.0,256.0,2.0,0.0,0.0,4.191,0
39.0,6.0,1.0,0.0,74.0,1.0,1.0,1.0,4.191,0
39.0,4.0,1.0,0.0,58.0,1.0,0.0,0.0,4.191,0
34.0,4.0,1.0,0.0,355.0,1.0,0.0,0.0,4.191,0
45.0,4.0,0.0,0.0,113.0,1.0,0.0,0.0,4.191,0
48.0,5.0,0.0,0.0,106.0,1.0,0.0,0.0,4.191,0
30.0,3.0,1.0,0.0,563.0,2.0,0.0,0.0,4.191,0
38.0,3.0,1.0,0.0,136.0,1.0,0.0,0.0,4.191,0
34.0,2.0,1.0,0.0,788.0,1.0,0.0,0.0,4.191,1
32.0,4.0,1.0,0.0,333.0,2.0,0.0,0.0,4.191,0
43.0,4.0,0.0,0.0,92.0,3.0,0.0,0.0,4.191,0
31.0,6.0,1.0,1.0,118.0,2.0,0.0,0.0,4.191,0
48.0,6.0,1.0,0.0,694.0,2.0,0.0,0.0,4.191,0
34.0,4.0,1.0,0.0,564.0,2.0,0.0,0.0,4.191,0
40.0,6.0,1.0,0.0,124.0,2.0,0.0,0.0,4.191,0
43.0,4.0,1.0,1.0,170.0,2.0,0.0,0.0,4.191,0
46.0,3.0,1.0,0.0,130.0,2.0,1.0,1.0,4.191,0
38.0,6.0,0.0,0.0,221.0,2.0,0.0,0.0,4.191,0
57.0,3.0,0.0,0.0,117.0,2.0,1.0,1.0,4.191,0
43.0,4.0,1.0,0.0,488.0,2.0,0.0,0.0,4.191,0
43.0,6.0,1.0,0.0,49.0,2.0,0.0,0.0,4.191,0
42.0,5.0,1.0,1.0,126.0,2.0,1.0,1.0,4.191,0
41.0,6.0,1.0,0.0,110.0,2.0,0.0,0.0,4.191,0
55.0,5.0,0.0,0.0,99.0,2.0,0.0,0.0,4.191,0
51.0,4.0,0.0,0.0,198.0,2.0,0.0,0.0,4.191,0
49.0,6.0,1.0,1.0,308.0,3.0,0.0,0.0,4.191,0
46.0,6.0,0.0,0.0,725.0,2.0,0.0,0.0,4.191,0
46.0,1.0,1.0,0.0,333.0,2.0,1.0,1.0,4.191,0
50.0,6.0,1.0,0.0,595.0,2.0,0.0,0.0,4.191,0
33.0,6.0,1.0,0.0,681.0,2.0,0.0,0.0,4.191,0
41.0,6.0,0.0,0.0,149.0,2.0,0.0,0.0,4.191,0
53.0,6.0,0.0,0.0,93.0,1.0,0.0,0.0,4.191,0
44.0,5.0,1.0,0.0,762.0,1.0,0.0,0.0,4.191,0
43.0,6.0,1.0,0.0,414.0,2.0,0.0,0.0,4.191,0
52.0,4.0,1.0,1.0,652.0,2.0,1.0,1.0,4.191,1
52.0,6.0,1.0,1.0,172.0,3.0,0.0,0.0,4.191,0
45.0,6.0,1.0,0.0,487.0,1.0,0.0,0.0,4.191,0
37.0,6.0,1.0,0.0,215.0,1.0,0.0,0.0,4.191,0
50.0,6.0,0.0,0.0,408.0,1.0,1.0,1.0,4.191,0
50.0,5.0,,,336.0,1.0,0.0,0.0,4.153,0
34.0,4.0,0.0,0.0,105.0,1.0,0.0,0.0,4.153,0
41.0,5.0,1.0,0.0,41.0,2.0,0.0,0.0,4.153,0
50.0,5.0,0.0,0.0,46.0,1.0,0.0,0.0,4.153,0
53.0,4.0,1.0,0.0,233.0,1.0,0.0,0.0,4.153,0
47.0,4.0,1.0,0.0,65.0,1.0,1.0,1.0,4.153,0
47.0,6.0,1.0,0.0,283.0,2.0,0.0,0.0,4.153,0
43.0,3.0,0.0,0.0,465.0,1.0,0.0,0.0,4.153,0
54.0,6.0,1.0,0.0,119.0,1.0,1.0,1.0,4.153,0
34.0,3.0,0.0,0.0,386.0,1.0,0.0,0.0,4.153,0
36.0,3.0,1.0,1.0,130.0,1.0,0.0,0.0,4.153,0
34.0,5.0,0.0,1.0,91.0,1.0,0.0,0.0,4.153,0
41.0,6.0,1.0,0.0,854.0,1.0,0.0,0.0,4.153,1
32.0,6.0,0.0,0.0,36.0,1.0,0.0,0.0,4.153,0
51.0,4.0,0.0,0.0,132.0,1.0,0.0,0.0,4.153,0
34.0,5.0,1.0,0.0,333.0,1.0,0.0,0.0,4.153,0
51.0,4.0,0.0,1.0,271.0,1.0,1.0,1.0,4.153,0
29.0,6.0,1.0,0.0,224.0,1.0,0.0,0.0,4.153,0
51.0,,0.0,0.0,144.0,1.0,0.0,0.0,4.153,0
58.0,,0.0,0.0,82.0,1.0,0.0,0.0,4.153,0
40.0,3.0,0.0,0.0,71.0,1.0,0.0,0.0,4.153,0
40.0,1.0,0.0,0.0,181.0,1.0,1.0,1.0,4.153,0
38.0,3.0,0.0,0.0,213.0,1.0,0.0,0.0,4.153,0
39.0,6.0,0.0,0.0,108.0,1.0,0.0,0.0,4.153,0
55.0,6.0,0.0,0.0,86.0,1.0,0.0,0.0,4.153,0
41.0,6.0,1.0,0.0,88.0,1.0,0.0,0.0,4.153,0
34.0,5.0,1.0,0.0,135.0,3.0,0.0,0.0,4.153,0
35.0,1.0,0.0,0.0,276.0,1.0,1.0,1.0,4.153,0
54.0,6.0,1.0,0.0,79.0,2.0,1.0,1.0,4.153,0
39.0,4.0,0.0,0.0,714.0,1.0,1.0,1.0,4.153,0
52.0,6.0,1.0,0.0,67.0,1.0,0.0,0.0,4.153,0
54.0,5.0,1.0,0.0,149.0,2.0,0.0,0.0,4.153,0
39.0,4.0,1.0,1.0,95.0,1.0,0.0,0.0,4.153,0
51.0,4.0,1.0,0.0,280.0,2.0,0.0,0.0,4.153,0
37.0,4.0,0.0,0.0,118.0,1.0,0.0,0.0,4.153,0
37.0,2.0,0.0,0.0,200.0,1.0,0.0,0.0,4.153,0
39.0,6.0,1.0,0.0,122.0,2.0,0.0,0.0,4.153,0
30.0,4.0,0.0,1.0,155.0,1.0,0.0,0.0,4.153,0
34.0,4.0,1.0,0.0,117.0,1.0,0.0,0.0,4.153,0
30.0,4.0,1.0,1.0,924.0,1.0,0.0,0.0,4.153,1
52.0,6.0,1.0,1.0,183.0,1.0,0.0,0.0,4.153,0
47.0,4.0,1.0,0.0,99.0,1.0,0.0,0.0,4.153,0
49.0,6.0,1.0,0.0,197.0,1.0,0.0,0.0,4.153,0
30.0,6.0,0.0,0.0,453.0,1.0,0.0,0.0,4.153,1
31.0,6.0,0.0,0.0,82.0,2.0,0.0,0.0,4.153,0
32.0,5.0,0.0,0.0,288.0,1.0,0.0,0.0,4.153,0
51.0,4.0,0.0,0.0,119.0,1.0,1.0,1.0,4.153,0
41.0,6.0,0.0,0.0,93.0,1.0,0.0,0.0,4.153,0
51.0,2.0,1.0,0.0,122.0,1.0,0.0,0.0,4.153,0
54.0,5.0,0.0,0.0,1855.0,1.0,0.0,0.0,4.153,1
50.0,1.0,1.0,0.0,389.0,1.0,1.0,1.0,4.153,0
50.0,3.0,0.0,0.0,2.0,1.0,0.0,0.0,4.153,0
38.0,4.0,1.0,0.0,90.0,1.0,0.0,0.0,4.153,0
45.0,4.0,1.0,0.0,79.0,1.0,0.0,0.0,4.153,0
41.0,6.0,0.0,0.0,349.0,1.0,0.0,0.0,4.153,0
33.0,3.0,0.0,0.0,117.0,1.0,0.0,0.0,4.153,0
33.0,4.0,1.0,0.0,215.0,1.0,0.0,0.0,4.153,0
29.0,6.0,0.0,0.0,232.0,1.0,1.0,1.0,4.153,0
41.0,4.0,0.0,0.0,143.0,3.0,1.0,1.0,4.153,0
58.0,6.0,1.0,0.0,90.0,1.0,0.0,0.0,4.153,0
41.0,4.0,1.0,0.0,120.0,2.0,0.0,0.0,4.153,0
33.0,4.0,0.0,0.0,102.0,1.0,0.0,0.0,4.153,0
45.0,6.0,0.0,0.0,69.0,1.0,0.0,0.0,4.153,0
35.0,3.0,0.0,0.0,281.0,1.0,0.0,0.0,4.153,0
40.0,6.0,0.0,0.0,72.0,2.0,0.0,0.0,4.153,0
36.0,5.0,1.0,0.0,201.0,2.0,0.0,0.0,4.153,0
35.0,3.0,1.0,0.0,134.0,1.0,0.0,0.0,4.153,0
44.0,3.0,1.0,1.0,182.0,1.0,0.0,0.0,4.153,0
45.0,6.0,0.0,0.0,401.0,2.0,0.0,0.0,4.153,0
51.0,1.0,0.0,0.0,103.0,1.0,0.0,0.0,4.153,0
39.0,4.0,1.0,0.0,68.0,3.0,0.0,0.0,4.153,0
47.0,4.0,0.0,0.0,107.0,1.0,0.0,0.0,4.153,0
47.0,4.0,1.0,0.0,164.0,1.0,0.0,0.0,4.153,0
38.0,6.0,0.0,0.0,131.0,1.0,1.0,1.0,4.153,0
48.0,1.0,1.0,0.0,84.0,1.0,0.0,0.0,4.153,0
32.0,6.0,0.0,0.0,73.0,3.0,0.0,0.0,4.153,0
46.0,1.0,1.0,0.0,262.0,2.0,0.0,0.0,4.153,0
35.0,5.0,1.0,0.0,114.0,2.0,0.0,0.0,4.153,0
38.0,4.0,1.0,1.0,65.0,2.0,0.0,0.0,4.153,0
51.0,3.0,0.0,1.0,110.0,5.0,0.0,0.0,4.153,0
46.0,2.0,0.0,1.0,97.0,2.0,0.0,0.0,4.153,0
39.0,6.0,0.0,0.0,123.0,2.0,0.0,0.0,4.153,0
48.0,6.0,1.0,0.0,82.0,2.0,0.0,0.0,4.153,0
39.0,3.0,1.0,0.0,219.0,3.0,0.0,0.0,4.153,0
44.0,5.0,0.0,0.0,214.0,2.0,0.0,0.0,4.153,0
46.0,4.0,1.0,0.0,107.0,3.0,0.0,0.0,4.153,0
53.0,3.0,1.0,0.0,146.0,2.0,1.0,1.0,4.153,0
32.0,6.0,1.0,0.0,203.0,2.0,0.0,0.0,4.153,0
35.0,2.0,0.0,0.0,86.0,2.0,1.0,1.0,4.153,0
50.0,4.0,0.0,0.0,87.0,3.0,0.0,0.0,4.153,0
54.0,6.0,1.0,1.0,355.0,2.0,0.0,0.0,4.153,0
47.0,6.0,0.0,0.0,141.0,3.0,0.0,0.0,4.153,0
36.0,3.0,1.0,0.0,67.0,2.0,1.0,1.0,4.153,0
50.0,6.0,0.0,0.0,175.0,2.0,0.0,0.0,4.153,0
56.0,5.0,1.0,0.0,116.0,6.0,0.0,0.0,4.153,0
45.0,5.0,0.0,0.0,191.0,2.0,0.0,0.0,4.153,0
50.0,1.0,0.0,0.0,878.0,2.0,0.0,0.0,4.153,0
32.0,6.0,0.0,0.0,138.0,2.0,0.0,0.0,4.153,0
51.0,6.0,1.0,0.0,275.0,2.0,0.0,0.0,4.153,0
31.0,6.0,0.0,0.0,110.0,1.0,1.0,1.0,4.153,0
32.0,4.0,0.0,0.0,115.0,1.0,1.0,1.0,4.153,0
31.0,6.0,0.0,0.0,259.0,1.0,1.0,1.0,4.153,0
34.0,1.0,1.0,0.0,87.0,1.0,0.0,0.0,4.153,0
35.0,2.0,1.0,0.0,372.0,2.0,0.0,0.0,4.153,0
33.0,6.0,1.0,1.0,86.0,1.0,0.0,0.0,4.153,0
48.0,3.0,,,373.0,1.0,0.0,0.0,4.153,0
39.0,6.0,0.0,0.0,115.0,2.0,0.0,0.0,4.153,0
31.0,6.0,1.0,0.0,174.0,3.0,0.0,0.0,4.153,0
40.0,4.0,1.0,0.0,139.0,2.0,0.0,0.0,4.153,0
52.0,1.0,0.0,0.0,173.0,7.0,0.0,0.0,4.153,0
42.0,1.0,1.0,0.0,100.0,2.0,1.0,1.0,4.153,0
58.0,1.0,1.0,0.0,185.0,4.0,0.0,0.0,4.153,0
30.0,3.0,1.0,0.0,108.0,5.0,0.0,0.0,4.153,0
34.0,6.0,0.0,0.0,140.0,2.0,1.0,1.0,4.153,0
29.0,4.0,1.0,0.0,920.0,2.0,0.0,0.0,4.153,0
40.0,5.0,1.0,0.0,33.0,4.0,0.0,0.0,4.153,0
32.0,2.0,1.0,0.0,203.0,3.0,0.0,0.0,4.153,0
52.0,5.0,1.0,1.0,285.0,2.0,1.0,1.0,4.153,0
34.0,4.0,1.0,0.0,581.0,4.0,0.0,0.0,4.153,0
33.0,4.0,0.0,0.0,188.0,2.0,0.0,0.0,4.153,0
42.0,5.0,1.0,0.0,491.0,2.0,0.0,0.0,4.153,0
58.0,3.0,1.0,0.0,80.0,1.0,0.0,0.0,4.153,0
36.0,2.0,0.0,0.0,111.0,1.0,0.0,0.0,4.153,0
39.0,3.0,0.0,0.0,149.0,1.0,1.0,1.0,4.153,0
43.0,3.0,0.0,0.0,173.0,1.0,0.0,0.0,4.153,0
45.0,4.0,0.0,0.0,75.0,5.0,0.0,0.0,4.153,0
37.0,5.0,1.0,0.0,252.0,2.0,0.0,0.0,4.153,0
37.0,5.0,0.0,0.0,372.0,1.0,1.0,1.0,4.153,0
30.0,1.0,1.0,0.0,77.0,2.0,0.0,0.0,4.12,0
31.0,3.0,1.0,0.0,167.0,3.0,0.0,0.0,4.12,0
35.0,5.0,0.0,0.0,427.0,3.0,0.0,0.0,4.12,0
30.0,3.0,0.0,0.0,308.0,5.0,0.0,0.0,4.12,0
43.0,1.0,0.0,1.0,206.0,5.0,0.0,0.0,4.12,0
29.0,6.0,0.0,0.0,62.0,1.0,0.0,0.0,4.12,0
29.0,6.0,0.0,0.0,209.0,1.0,1.0,1.0,4.12,0
31.0,4.0,1.0,0.0,180.0,3.0,0.0,0.0,4.12,0
33.0,4.0,1.0,0.0,100.0,1.0,1.0,1.0,4.12,0
34.0,4.0,0.0,0.0,347.0,1.0,0.0,0.0,4.12,0
34.0,4.0,0.0,0.0,740.0,1.0,0.0,0.0,4.12,0
30.0,4.0,0.0,0.0,706.0,1.0,1.0,1.0,4.12,0
38.0,4.0,1.0,0.0,137.0,4.0,1.0,1.0,4.12,0
31.0,6.0,0.0,0.0,187.0,1.0,0.0,0.0,4.12,0
32.0,4.0,0.0,0.0,194.0,1.0,0.0,0.0,4.12,0
31.0,6.0,1.0,0.0,162.0,1.0,0.0,0.0,4.12,0
33.0,6.0,0.0,0.0,143.0,1.0,1.0,1.0,4.12,0
35.0,6.0,1.0,0.0,114.0,1.0,0.0,0.0,4.12,0
44.0,4.0,0.0,0.0,289.0,1.0,0.0,0.0,4.12,0
34.0,6.0,1.0,0.0,36.0,1.0,0.0,0.0,4.12,0
34.0,6.0,0.0,0.0,145.0,1.0,0.0,0.0,4.12,0
58.0,6.0,0.0,0.0,418.0,1.0,1.0,2.0,4.12,1
33.0,3.0,1.0,0.0,244.0,1.0,0.0,0.0,4.12,0
29.0,3.0,0.0,1.0,224.0,1.0,0.0,0.0,4.12,0
29.0,1.0,0.0,1.0,441.0,1.0,0.0,0.0,4.12,0
50.0,1.0,1.0,0.0,139.0,1.0,1.0,1.0,4.12,0
42.0,6.0,1.0,0.0,61.0,1.0,0.0,0.0,4.12,0
29.0,3.0,1.0,0.0,336.0,1.0,0.0,0.0,4.12,0
48.0,6.0,1.0,0.0,473.0,1.0,0.0,0.0,4.12,0
36.0,2.0,1.0,0.0,169.0,1.0,0.0,0.0,4.12,0
31.0,4.0,0.0,0.0,436.0,1.0,0.0,0.0,4.12,0
32.0,6.0,1.0,0.0,86.0,1.0,0.0,0.0,4.12,0
47.0,4.0,1.0,0.0,311.0,1.0,0.0,0.0,4.12,0
33.0,4.0,0.0,0.0,578.0,1.0,0.0,0.0,4.12,0
50.0,1.0,1.0,0.0,53.0,1.0,0.0,0.0,4.12,0
35.0,6.0,0.0,0.0,630.0,1.0,0.0,0.0,4.12,0
43.0,4.0,0.0,0.0,466.0,1.0,0.0,0.0,4.12,0
33.0,4.0,1.0,0.0,222.0,1.0,0.0,0.0,4.12,0
32.0,6.0,0.0,0.0,154.0,3.0,1.0,1.0,4.12,0
33.0,4.0,1.0,0.0,210.0,2.0,0.0,0.0,4.12,0
45.0,3.0,0.0,0.0,137.0,1.0,0.0,0.0,4.12,0
43.0,4.0,0.0,0.0,1015.0,1.0,0.0,0.0,4.12,1
30.0,6.0,1.0,0.0,489.0,3.0,0.0,0.0,4.12,1
36.0,6.0,0.0,0.0,75.0,1.0,0.0,0.0,4.12,0
31.0,4.0,1.0,0.0,66.0,1.0,0.0,0.0,4.12,0
31.0,4.0,1.0,0.0,242.0,1.0,0.0,0.0,4.12,0
29.0,3.0,1.0,0.0,117.0,2.0,0.0,0.0,4.12,0
36.0,3.0,1.0,1.0,325.0,2.0,0.0,0.0,4.12,0
37.0,3.0,1.0,0.0,357.0,1.0,0.0,0.0,4.12,0
39.0,4.0,0.0,0.0,138.0,1.0,0.0,0.0,4.12,0
29.0,4.0,1.0,0.0,402.0,1.0,1.0,1.0,4.12,0
36.0,6.0,0.0,0.0,154.0,1.0,0.0,0.0,4.12,0
47.0,6.0,0.0,0.0,258.0,1.0,1.0,1.0,4.12,0
34.0,5.0,1.0,0.0,103.0,3.0,1.0,1.0,4.12,0
36.0,6.0,1.0,0.0,911.0,1.0,0.0,0.0,4.12,1
41.0,6.0,0.0,0.0,392.0,1.0,1.0,1.0,4.12,0
38.0,4.0,1.0,1.0,291.0,1.0,0.0,0.0,4.12,0
32.0,4.0,,,77.0,2.0,0.0,0.0,4.12,0
40.0,2.0,1.0,0.0,1057.0,1.0,0.0,0.0,4.12,1
34.0,6.0,1.0,0.0,96.0,1.0,0.0,0.0,4.12,0
49.0,6.0,0.0,1.0,187.0,5.0,1.0,1.0,4.12,0
32.0,6.0,1.0,0.0,135.0,1.0,0.0,0.0,4.12,0
53.0,3.0,1.0,0.0,205.0,2.0,1.0,1.0,4.12,0
52.0,,1.0,0.0,149.0,1.0,0.0,0.0,4.12,0
31.0,3.0,1.0,1.0,131.0,1.0,1.0,1.0,4.12,0
48.0,4.0,1.0,0.0,105.0,1.0,1.0,1.0,4.12,0
55.0,3.0,0.0,0.0,1548.0,1.0,0.0,0.0,4.12,0
31.0,3.0,0.0,0.0,96.0,1.0,0.0,0.0,4.12,0
30.0,6.0,0.0,0.0,72.0,5.0,0.0,0.0,4.12,0
30.0,5.0,1.0,0.0,482.0,3.0,1.0,1.0,4.12,0
40.0,3.0,0.0,0.0,198.0,1.0,0.0,0.0,4.12,0
31.0,4.0,0.0,0.0,190.0,1.0,1.0,1.0,4.12,0
44.0,4.0,1.0,0.0,116.0,5.0,0.0,0.0,4.12,0
40.0,5.0,1.0,0.0,1283.0,1.0,0.0,0.0,4.12,0
30.0,4.0,0.0,0.0,148.0,1.0,0.0,0.0,4.12,0
36.0,5.0,1.0,0.0,231.0,2.0,0.0,0.0,4.12,0
35.0,5.0,0.0,0.0,161.0,1.0,0.0,0.0,4.12,0
51.0,4.0,1.0,0.0,121.0,3.0,0.0,0.0,4.12,0
45.0,3.0,1.0,0.0,384.0,1.0,1.0,1.0,4.12,0
44.0,4.0,1.0,0.0,149.0,1.0,1.0,1.0,4.12,0
31.0,4.0,0.0,0.0,230.0,1.0,0.0,0.0,4.12,0
35.0,5.0,0.0,1.0,98.0,1.0,0.0,0.0,4.12,0
45.0,6.0,0.0,1.0,391.0,2.0,0.0,0.0,4.12,0
34.0,6.0,1.0,1.0,147.0,1.0,0.0,0.0,4.12,0
33.0,1.0,0.0,0.0,174.0,1.0,1.0,1.0,4.12,0
47.0,4.0,0.0,0.0,101.0,1.0,0.0,0.0,4.12,0
35.0,3.0,1.0,0.0,299.0,2.0,0.0,0.0,4.12,0
31.0,4.0,1.0,0.0,780.0,1.0,0.0,0.0,4.12,0
33.0,6.0,1.0,0.0,418.0,2.0,0.0,0.0,4.12,0
37.0,6.0,1.0,0.0,259.0,1.0,1.0,1.0,4.12,0
37.0,6.0,0.0,0.0,295.0,1.0,1.0,1.0,4.12,0
33.0,6.0,1.0,1.0,138.0,1.0,0.0,0.0,4.12,0
39.0,6.0,0.0,0.0,146.0,1.0,0.0,0.0,4.12,0
42.0,4.0,1.0,0.0,166.0,1.0,0.0,0.0,4.12,0
49.0,3.0,1.0,0.0,82.0,1.0,0.0,0.0,4.12,0
29.0,6.0,0.0,0.0,117.0,1.0,0.0,0.0,4.12,0
38.0,5.0,0.0,0.0,1049.0,1.0,0.0,0.0,4.12,1
46.0,3.0,1.0,0.0,187.0,1.0,1.0,1.0,4.12,0
38.0,3.0,1.0,0.0,71.0,5.0,0.0,0.0,4.12,0
49.0,2.0,1.0,0.0,772.0,2.0,0.0,0.0,4.12,0
30.0,3.0,1.0,0.0,175.0,1.0,1.0,1.0,4.12,0
53.0,6.0,1.0,0.0,137.0,2.0,0.0,0.0,4.12,0
32.0,6.0,0.0,1.0,49.0,2.0,1.0,1.0,4.12,0
41.0,6.0,1.0,1.0,385.0,1.0,0.0,0.0,4.12,0
42.0,1.0,1.0,1.0,20.0,4.0,0.0,0.0,4.12,0
30.0,4.0,0.0,0.0,1206.0,2.0,0.0,0.0,4.12,0
53.0,,1.0,0.0,21.0,10.0,0.0,0.0,4.12,0
38.0,3.0,0.0,0.0,559.0,1.0,1.0,1.0,4.12,0
48.0,6.0,1.0,0.0,50.0,2.0,0.0,0.0,4.12,0
35.0,6.0,1.0,1.0,1028.0,2.0,0.0,0.0,4.12,1
30.0,3.0,0.0,0.0,88.0,2.0,1.0,1.0,4.12,0
39.0,3.0,0.0,1.0,418.0,1.0,0.0,0.0,4.12,0
31.0,4.0,1.0,0.0,251.0,1.0,1.0,1.0,4.12,0
31.0,6.0,1.0,0.0,118.0,1.0,0.0,0.0,4.12,0
38.0,2.0,0.0,0.0,520.0,1.0,0.0,0.0,4.12,0
39.0,3.0,0.0,0.0,292.0,1.0,0.0,0.0,4.12,0
46.0,6.0,1.0,0.0,95.0,1.0,0.0,0.0,4.12,0
51.0,3.0,1.0,0.0,359.0,2.0,1.0,1.0,4.12,0
57.0,6.0,1.0,0.0,589.0,2.0,0.0,0.0,4.12,1
38.0,2.0,1.0,0.0,122.0,2.0,0.0,0.0,4.12,0
29.0,5.0,0.0,0.0,54.0,1.0,0.0,0.0,4.12,0
49.0,4.0,1.0,0.0,47.0,1.0,1.0,1.0,4.12,0
35.0,6.0,0.0,0.0,56.0,4.0,0.0,0.0,4.12,0
31.0,4.0,1.0,1.0,112.0,2.0,0.0,0.0,4.12,0
43.0,6.0,0.0,0.0,382.0,2.0,0.0,0.0,4.12,0
42.0,3.0,0.0,0.0,294.0,2.0,0.0,0.0,4.12,0
52.0,6.0,1.0,0.0,783.0,3.0,0.0,0.0,4.12,1
36.0,2.0,0.0,0.0,299.0,2.0,0.0,0.0,4.12,0
30.0,5.0,1.0,0.0,107.0,3.0,0.0,0.0,4.12,0
46.0,1.0,1.0,0.0,223.0,4.0,0.0,0.0,4.12,0
35.0,6.0,1.0,1.0,184.0,2.0,0.0,0.0,4.12,0
38.0,5.0,1.0,0.0,433.0,2.0,0.0,0.0,4.12,0
34.0,4.0,0.0,0.0,174.0,2.0,0.0,0.0,4.12,0
46.0,6.0,1.0,0.0,111.0,2.0,0.0,0.0,4.12,0
53.0,2.0,1.0,0.0,95.0,3.0,0.0,0.0,4.12,0
39.0,2.0,0.0,1.0,188.0,5.0,0.0,0.0,4.12,0
33.0,4.0,1.0,1.0,314.0,3.0,0.0,0.0,4.12,0
31.0,4.0,1.0,0.0,154.0,2.0,0.0,0.0,4.12,0
35.0,4.0,0.0,0.0,515.0,5.0,0.0,0.0,4.12,0
45.0,3.0,1.0,0.0,575.0,9.0,0.0,0.0,4.12,0
55.0,4.0,1.0,0.0,285.0,2.0,0.0,0.0,4.12,0
31.0,6.0,0.0,0.0,193.0,3.0,0.0,0.0,4.12,0
40.0,3.0,,,245.0,4.0,0.0,0.0,4.12,0
52.0,3.0,1.0,1.0,323.0,2.0,0.0,0.0,4.12,0
38.0,5.0,0.0,0.0,62.0,3.0,1.0,1.0,4.12,0
34.0,5.0,1.0,0.0,107.0,2.0,0.0,0.0,4.12,0
33.0,6.0,1.0,1.0,54.0,7.0,0.0,0.0,4.12,0
36.0,6.0,0.0,0.0,102.0,2.0,0.0,0.0,4.12,0
29.0,4.0,0.0,0.0,854.0,2.0,0.0,0.0,4.12,0
30.0,4.0,1.0,0.0,274.0,2.0,0.0,0.0,4.076,0
39.0,5.0,1.0,0.0,291.0,2.0,0.0,0.0,4.076,0
33.0,6.0,1.0,0.0,88.0,2.0,1.0,1.0,4.076,0
42.0,6.0,1.0,0.0,75.0,2.0,1.0,2.0,4.076,0
44.0,5.0,0.0,0.0,48.0,3.0,0.0,0.0,4.076,0
36.0,4.0,1.0,0.0,379.0,2.0,0.0,0.0,4.076,0
37.0,2.0,0.0,0.0,667.0,2.0,0.0,0.0,4.076,0
42.0,4.0,1.0,0.0,77.0,3.0,0.0,0.0,4.076,0
38.0,4.0,1.0,0.0,149.0,3.0,0.0,0.0,4.076,0
47.0,5.0,0.0,0.0,93.0,3.0,0.0,0.0,4.076,0
44.0,5.0,1.0,0.0,25.0,8.0,0.0,0.0,4.076,0
46.0,6.0,0.0,0.0,358.0,1.0,1.0,1.0,4.076,0
29.0,4.0,1.0,0.0,670.0,1.0,0.0,0.0,4.076,1
43.0,4.0,0.0,0.0,81.0,1.0,0.0,0.0,4.076,0
46.0,3.0,0.0,0.0,486.0,1.0,0.0,0.0,4.076,0
31.0,6.0,1.0,0.0,463.0,1.0,0.0,0.0,4.076,0
44.0,2.0,1.0,0.0,39.0,1.0,0.0,0.0,4.076,0
48.0,6.0,1.0,0.0,90.0,2.0,0.0,0.0,4.076,0
53.0,4.0,0.0,0.0,531.0,1.0,0.0,0.0,4.076,1
31.0,6.0,0.0,0.0,101.0,1.0,0.0,0.0,4.076,0
35.0,4.0,1.0,0.0,566.0,2.0,0.0,0.0,4.076,1
40.0,6.0,1.0,0.0,20.0,6.0,0.0,0.0,4.076,0
32.0,6.0,0.0,1.0,126.0,1.0,0.0,0.0,4.076,0
32.0,6.0,0.0,0.0,454.0,1.0,0.0,0.0,4.076,1
46.0,,1.0,0.0,121.0,1.0,0.0,0.0,4.076,0
32.0,4.0,1.0,0.0,728.0,1.0,0.0,0.0,4.076,1
30.0,4.0,1.0,0.0,175.0,1.0,0.0,0.0,4.076,0
30.0,6.0,1.0,0.0,478.0,1.0,0.0,0.0,4.076,1
52.0,6.0,1.0,0.0,202.0,1.0,0.0,0.0,4.076,0
30.0,6.0,1.0,0.0,171.0,1.0,1.0,1.0,4.076,0
36.0,4.0,1.0,0.0,74.0,1.0,0.0,0.0,4.076,0
34.0,3.0,1.0,0.0,500.0,1.0,0.0,0.0,4.076,0
37.0,6.0,0.0,0.0,174.0,1.0,0.0,0.0,4.076,0
50.0,4.0,0.0,0.0,520.0,2.0,0.0,0.0,4.076,0
36.0,4.0,1.0,0.0,371.0,1.0,0.0,0.0,4.076,0
58.0,3.0,0.0,0.0,178.0,1.0,0.0,0.0,4.076,0
58.0,5.0,0.0,0.0,321.0,2.0,0.0,0.0,4.076,0
33.0,6.0,1.0,0.0,77.0,1.0,0.0,0.0,4.076,0
39.0,4.0,0.0,0.0,19.0,1.0,0.0,0.0,4.076,0
38.0,6.0,1.0,0.0,83.0,1.0,0.0,0.0,4.076,0
32.0,6.0,0.0,0.0,40.0,1.0,0.0,0.0,4.076,0
35.0,3.0,1.0,0.0,371.0,1.0,0.0,0.0,4.076,0
33.0,6.0,0.0,0.0,757.0,2.0,0.0,0.0,4.076,0
31.0,4.0,0.0,0.0,149.0,1.0,1.0,1.0,4.076,0
36.0,3.0,1.0,0.0,164.0,4.0,0.0,0.0,4.076,0
31.0,4.0,1.0,1.0,232.0,1.0,0.0,0.0,4.076,0
34.0,6.0,0.0,0.0,244.0,1.0,0.0,0.0,4.076,0
55.0,5.0,1.0,0.0,45.0,2.0,1.0,1.0,4.076,0
34.0,6.0,0.0,1.0,116.0,1.0,0.0,0.0,4.076,0
34.0,1.0,1.0,0.0,80.0,1.0,0.0,0.0,4.076,0
30.0,6.0,1.0,0.0,531.0,1.0,1.0,1.0,4.076,1
45.0,4.0,0.0,0.0,71.0,2.0,1.0,1.0,4.076,0
30.0,6.0,1.0,0.0,857.0,3.0,0.0,0.0,4.076,1
43.0,3.0,1.0,0.0,340.0,1.0,0.0,0.0,4.076,0
43.0,3.0,1.0,0.0,352.0,1.0,1.0,1.0,4.076,0
32.0,2.0,0.0,0.0,322.0,4.0,0.0,0.0,4.076,0
43.0,4.0,0.0,1.0,274.0,2.0,0.0,0.0,4.076,0
32.0,4.0,1.0,0.0,356.0,1.0,0.0,0.0,4.076,0
56.0,6.0,1.0,0.0,487.0,1.0,0.0,0.0,4.076,0
32.0,5.0,0.0,0.0,147.0,2.0,0.0,0.0,4.076,0
47.0,3.0,0.0,0.0,187.0,2.0,0.0,0.0,4.076,0
31.0,6.0,0.0,0.0,282.0,1.0,0.0,0.0,4.076,0
31.0,6.0,1.0,0.0,95.0,1.0,0.0,0.0,4.076,0
43.0,6.0,1.0,0.0,197.0,2.0,0.0,0.0,4.076,0
40.0,1.0,1.0,0.0,377.0,3.0,0.0,0.0,4.076,0
47.0,3.0,0.0,0.0,128.0,1.0,0.0,0.0,4.076,0
43.0,4.0,0.0,0.0,329.0,1.0,0.0,0.0,4.076,0
52.0,5.0,0.0,1.0,139.0,1.0,0.0,0.0,4.076,0
29.0,4.0,1.0,0.0,278.0,4.0,0.0,0.0,4.076,0
51.0,5.0,1.0,0.0,123.0,1.0,0.0,0.0,4.076,0
51.0,3.0,1.0,1.0,244.0,1.0,0.0,0.0,4.076,0
45.0,5.0,1.0,1.0,705.0,1.0,0.0,0.0,4.076,1
51.0,3.0,1.0,0.0,259.0,1.0,0.0,0.0,4.076,0
52.0,3.0,1.0,0.0,339.0,1.0,0.0,0.0,4.076,0
30.0,2.0,1.0,1.0,195.0,1.0,1.0,1.0,4.076,0
31.0,2.0,1.0,0.0,51.0,8.0,1.0,1.0,4.076,0
31.0,6.0,1.0,0.0,188.0,2.0,0.0,0.0,4.076,0
30.0,6.0,1.0,0.0,597.0,2.0,0.0,0.0,4.076,0
29.0,5.0,1.0,1.0,895.0,1.0,1.0,1.0,4.076,0
32.0,1.0,0.0,0.0,113.0,1.0,0.0,0.0,4.076,0
31.0,3.0,0.0,0.0,277.0,1.0,0.0,0.0,4.076,0
34.0,4.0,,,72.0,2.0,1.0,1.0,4.076,0
32.0,6.0,0.0,0.0,151.0,2.0,0.0,0.0,4.076,0
29.0,5.0,1.0,0.0,239.0,1.0,0.0,0.0,4.076,0
41.0,1.0,0.0,0.0,136.0,1.0,0.0,0.0,4.076,0
43.0,3.0,0.0,0.0,72.0,2.0,0.0,0.0,4.076,0
37.0,3.0,1.0,0.0,130.0,2.0,0.0,0.0,4.076,0
32.0,3.0,1.0,0.0,1025.0,2.0,0.0,0.0,4.076,1
40.0,2.0,0.0,0.0,215.0,2.0,0.0,0.0,4.076,0
56.0,6.0,1.0,0.0,149.0,2.0,0.0,0.0,4.076,0
31.0,4.0,1.0,0.0,67.0,2.0,0.0,0.0,4.076,0
40.0,2.0,1.0,0.0,107.0,2.0,0.0,0.0,4.076,0
46.0,6.0,1.0,0.0,205.0,6.0,0.0,0.0,4.076,0
34.0,3.0,1.0,1.0,98.0,4.0,0.0,0.0,4.076,0
32.0,6.0,1.0,1.0,51.0,1.0,0.0,0.0,4.076,0
35.0,6.0,1.0,0.0,20.0,8.0,1.0,2.0,4.076,0
30.0,4.0,0.0,0.0,186.0,1.0,0.0,0.0,4.076,0
42.0,1.0,0.0,0.0,14.0,6.0,0.0,0.0,4.076,0
55.0,6.0,1.0,0.0,159.0,1.0,0.0,0.0,4.076,0
39.0,,0.0,0.0,352.0,1.0,0.0,0.0,4.076,0
30.0,3.0,1.0,1.0,539.0,1.0,0.0,0.0,4.076,0
31.0,6.0,1.0,0.0,230.0,1.0,0.0,0.0,4.076,0
29.0,3.0,1.0,1.0,142.0,1.0,0.0,0.0,4.076,0
30.0,3.0,1.0,0.0,326.0,1.0,0.0,0.0,4.076,0
33.0,6.0,1.0,0.0,73.0,1.0,0.0,0.0,4.076,0
31.0,5.0,1.0,0.0,144.0,2.0,0.0,0.0,4.076,0
29.0,6.0,1.0,1.0,265.0,3.0,0.0,0.0,4.076,0
49.0,1.0,0.0,0.0,106.0,2.0,1.0,1.0,4.076,0
38.0,6.0,1.0,0.0,106.0,3.0,1.0,1.0,4.076,0
51.0,6.0,1.0,0.0,101.0,2.0,0.0,0.0,4.076,0
31.0,5.0,0.0,0.0,627.0,3.0,0.0,0.0,4.076,0
38.0,6.0,1.0,0.0,262.0,3.0,0.0,0.0,4.076,0
29.0,6.0,1.0,1.0,43.0,4.0,1.0,1.0,4.076,0
57.0,5.0,1.0,0.0,224.0,2.0,1.0,1.0,4.076,0
33.0,6.0,,,470.0,2.0,0.0,0.0,4.076,0
52.0,2.0,1.0,0.0,283.0,2.0,0.0,0.0,4.076,0
56.0,4.0,0.0,0.0,871.0,3.0,0.0,0.0,4.076,1
45.0,3.0,1.0,0.0,165.0,3.0,1.0,1.0,4.076,0
58.0,6.0,,,279.0,2.0,0.0,0.0,4.076,0
36.0,5.0,,,156.0,4.0,0.0,0.0,4.076,0
38.0,6.0,1.0,0.0,1532.0,3.0,0.0,0.0,4.076,1
35.0,6.0,1.0,0.0,218.0,2.0,0.0,0.0,4.076,0
49.0,4.0,1.0,0.0,611.0,3.0,0.0,0.0,4.076,0
30.0,6.0,1.0,0.0,513.0,2.0,0.0,0.0,4.076,0
39.0,4.0,1.0,0.0,116.0,2.0,0.0,0.0,4.076,0
55.0,3.0,1.0,0.0,97.0,2.0,0.0,0.0,4.076,0
54.0,6.0,1.0,0.0,68.0,2.0,0.0,0.0,4.076,0
31.0,4.0,1.0,0.0,251.0,2.0,0.0,0.0,4.076,0
32.0,3.0,1.0,0.0,251.0,4.0,0.0,0.0,4.076,0
30.0,6.0,0.0,1.0,106.0,3.0,0.0,0.0,4.076,0
41.0,5.0,0.0,1.0,217.0,3.0,0.0,0.0,4.076,0
42.0,6.0,0.0,0.0,172.0,2.0,0.0,0.0,4.076,0
34.0,6.0,0.0,0.0,493.0,2.0,1.0,1.0,4.076,1
36.0,4.0,1.0,0.0,688.0,2.0,0.0,0.0,4.076,0
41.0,2.0,1.0,0.0,713.0,6.0,0.0,0.0,4.076,0
31.0,3.0,0.0,0.0,693.0,3.0,0.0,0.0,4.076,0
29.0,6.0,0.0,0.0,157.0,2.0,0.0,0.0,4.076,0
32.0,3.0,0.0,0.0,324.0,5.0,0.0,0.0,4.076,0
30.0,6.0,0.0,0.0,59.0,2.0,0.0,0.0,4.076,0
30.0,6.0,1.0,0.0,769.0,4.0,0.0,0.0,4.076,0
40.0,4.0,1.0,1.0,825.0,6.0,1.0,1.0,4.076,0
34.0,4.0,1.0,1.0,1329.0,2.0,0.0,0.0,4.076,0
33.0,6.0,0.0,0.0,139.0,3.0,0.0,0.0,4.076,0
33.0,6.0,0.0,0.0,489.0,2.0,0.0,0.0,4.076,0
42.0,5.0,0.0,0.0,21.0,6.0,0.0,0.0,4.021,0
29.0,6.0,0.0,0.0,83.0,4.0,0.0,0.0,4.021,0
42.0,5.0,1.0,0.0,91.0,2.0,0.0,0.0,4.021,0
46.0,4.0,1.0,1.0,116.0,2.0,1.0,1.0,4.021,0
50.0,6.0,1.0,0.0,21.0,11.0,0.0,0.0,4.021,0
38.0,3.0,0.0,0.0,271.0,1.0,0.0,0.0,4.021,0
47.0,6.0,1.0,0.0,322.0,1.0,0.0,0.0,4.021,0
57.0,6.0,1.0,0.0,108.0,1.0,0.0,0.0,4.021,0
57.0,1.0,1.0,1.0,75.0,1.0,1.0,1.0,4.021,0
45.0,3.0,0.0,0.0,179.0,4.0,0.0,0.0,4.021,0
29.0,4.0,1.0,0.0,104.0,1.0,1.0,1.0,4.021,0
37.0,4.0,1.0,0.0,63.0,2.0,0.0,0.0,4.021,0
55.0,5.0,0.0,0.0,348.0,2.0,0.0,0.0,4.021,0
31.0,2.0,0.0,0.0,588.0,2.0,1.0,1.0,4.021,0
37.0,5.0,0.0,0.0,73.0,4.0,1.0,1.0,4.021,0
45.0,4.0,0.0,1.0,567.0,1.0,0.0,0.0,4.021,0
30.0,6.0,1.0,0.0,13.0,3.0,0.0,0.0,4.021,0
47.0,6.0,0.0,0.0,107.0,2.0,0.0,0.0,4.021,0
36.0,,1.0,0.0,254.0,7.0,0.0,0.0,4.021,0
43.0,4.0,0.0,0.0,40.0,1.0,0.0,0.0,4.021,0
42.0,6.0,0.0,0.0,501.0,3.0,0.0,0.0,4.021,0
48.0,1.0,1.0,1.0,53.0,1.0,0.0,0.0,4.021,0
29.0,4.0,1.0,1.0,206.0,1.0,0.0,0.0,4.021,0
40.0,6.0,0.0,0.0,132.0,1.0,0.0,0.0,4.021,0
32.0,6.0,1.0,0.0,262.0,1.0,0.0,0.0,4.021,0
33.0,1.0,0.0,0.0,60.0,1.0,0.0,0.0,4.021,0
57.0,6.0,1.0,0.0,181.0,1.0,0.0,0.0,4.021,0
34.0,4.0,0.0,1.0,429.0,1.0,0.0,0.0,4.021,0
44.0,6.0,0.0,0.0,89.0,4.0,0.0,0.0,4.021,0
38.0,4.0,1.0,0.0,306.0,1.0,1.0,1.0,4.021,0
50.0,6.0,1.0,0.0,169.0,1.0,0.0,0.0,4.021,0
50.0,6.0,1.0,0.0,49.0,1.0,0.0,0.0,4.021,0
40.0,3.0,0.0,0.0,586.0,1.0,0.0,0.0,4.021,0
57.0,1.0,1.0,0.0,105.0,1.0,0.0,0.0,4.021,0
49.0,3.0,1.0,0.0,271.0,1.0,0.0,0.0,4.021,0
45.0,4.0,1.0,0.0,670.0,1.0,0.0,0.0,4.021,0
33.0,1.0,1.0,0.0,451.0,1.0,0.0,0.0,4.021,0
57.0,1.0,0.0,0.0,44.0,3.0,0.0,0.0,4.021,0
40.0,6.0,1.0,0.0,401.0,1.0,1.0,1.0,4.021,0
31.0,4.0,1.0,0.0,59.0,1.0,0.0,0.0,4.021,0
34.0,6.0,0.0,0.0,128.0,2.0,0.0,0.0,4.021,0
46.0,3.0,1.0,0.0,996.0,1.0,0.0,0.0,4.021,0
31.0,6.0,,,83.0,1.0,0.0,0.0,4.021,0
51.0,6.0,1.0,0.0,288.0,1.0,0.0,0.0,4.021,0
49.0,1.0,0.0,0.0,378.0,1.0,1.0,1.0,4.021,0
55.0,6.0,0.0,0.0,252.0,1.0,0.0,0.0,4.021,0
48.0,4.0,1.0,0.0,162.0,2.0,0.0,0.0,4.021,0
58.0,6.0,0.0,0.0,70.0,1.0,1.0,1.0,4.021,0
40.0,6.0,0.0,0.0,71.0,2.0,1.0,1.0,4.021,0
57.0,6.0,1.0,0.0,48.0,1.0,0.0,0.0,4.021,0
29.0,4.0,1.0,0.0,171.0,2.0,0.0,0.0,4.021,0
57.0,6.0,1.0,1.0,79.0,1.0,1.0,1.0,4.021,0
48.0,6.0,0.0,0.0,233.0,1.0,0.0,0.0,4.021,0
45.0,6.0,0.0,0.0,18.0,5.0,0.0,0.0,4.021,0
38.0,3.0,1.0,1.0,186.0,2.0,0.0,0.0,4.021,0
32.0,6.0,,,59.0,1.0,0.0,0.0,4.021,0
55.0,4.0,0.0,0.0,532.0,1.0,0.0,0.0,4.021,0
32.0,3.0,0.0,0.0,84.0,2.0,0.0,0.0,4.021,0
49.0,3.0,1.0,0.0,35.0,1.0,1.0,1.0,4.021,0
49.0,4.0,1.0,0.0,164.0,1.0,0.0,0.0,4.021,0
39.0,4.0,0.0,0.0,749.0,2.0,0.0,0.0,4.021,1
58.0,5.0,0.0,0.0,28.0,1.0,0.0,0.0,4.021,0
42.0,6.0,0.0,1.0,902.0,1.0,0.0,0.0,4.021,1
41.0,4.0,1.0,0.0,1074.0,1.0,0.0,0.0,4.021,1
33.0,6.0,1.0,0.0,82.0,3.0,0.0,0.0,4.021,0
49.0,2.0,1.0,0.0,118.0,1.0,1.0,1.0,4.021,0
42.0,4.0,0.0,0.0,218.0,6.0,0.0,0.0,4.021,0
29.0,5.0,0.0,0.0,232.0,2.0,0.0,0.0,4.021,0
29.0,6.0,1.0,0.0,190.0,1.0,0.0,0.0,4.021,0
31.0,3.0,1.0,0.0,232.0,2.0,0.0,0.0,4.021,0
48.0,5.0,1.0,1.0,148.0,1.0,0.0,0.0,4.021,0
55.0,6.0,1.0,0.0,16.0,9.0,0.0,0.0,4.021,0
54.0,6.0,0.0,0.0,298.0,2.0,0.0,0.0,4.021,0
37.0,3.0,1.0,0.0,224.0,3.0,0.0,0.0,4.021,0
35.0,6.0,0.0,0.0,207.0,1.0,0.0,0.0,4.021,0
56.0,3.0,1.0,1.0,62.0,2.0,1.0,1.0,4.021,0
50.0,5.0,1.0,0.0,58.0,1.0,1.0,1.0,4.021,0
33.0,6.0,0.0,0.0,162.0,1.0,0.0,0.0,4.021,0
55.0,6.0,0.0,0.0,1199.0,3.0,0.0,0.0,4.021,0
40.0,6.0,0.0,0.0,380.0,2.0,0.0,0.0,4.021,0
48.0,1.0,0.0,0.0,362.0,1.0,0.0,0.0,4.021,0
42.0,6.0,1.0,0.0,184.0,2.0,0.0,0.0,4.021,0
34.0,5.0,1.0,0.0,93.0,2.0,0.0,0.0,4.021,0
29.0,5.0,0.0,0.0,161.0,3.0,0.0,0.0,4.021,0
57.0,3.0,0.0,1.0,150.0,2.0,0.0,0.0,4.021,0
46.0,6.0,1.0,0.0,75.0,1.0,0.0,0.0,4.021,0
44.0,5.0,1.0,0.0,47.0,2.0,0.0,0.0,4.021,0
31.0,6.0,1.0,0.0,54.0,2.0,0.0,0.0,4.021,0
31.0,6.0,0.0,0.0,906.0,1.0,1.0,1.0,4.021,0
53.0,6.0,1.0,0.0,319.0,3.0,0.0,0.0,4.021,0
59.0,5.0,0.0,0.0,383.0,4.0,1.0,1.0,4.021,0
55.0,5.0,0.0,0.0,142.0,2.0,0.0,0.0,4.021,0
37.0,5.0,1.0,0.0,222.0,6.0,0.0,0.0,4.021,0
51.0,6.0,0.0,0.0,224.0,2.0,1.0,1.0,4.021,0
47.0,,1.0,0.0,57.0,2.0,1.0,1.0,4.021,0
36.0,6.0,1.0,0.0,85.0,1.0,1.0,1.0,4.021,0
53.0,6.0,1.0,1.0,106.0,1.0,0.0,0.0,4.021,0
56.0,3.0,1.0,0.0,757.0,2.0,0.0,0.0,4.021,0
46.0,1.0,0.0,0.0,366.0,3.0,1.0,2.0,4.021,0
51.0,6.0,1.0,0.0,289.0,3.0,0.0,0.0,4.021,0
50.0,5.0,0.0,0.0,402.0,4.0,1.0,1.0,4.021,0
34.0,5.0,1.0,1.0,379.0,2.0,0.0,0.0,4.021,0
38.0,5.0,0.0,0.0,519.0,1.0,0.0,0.0,4.021,0
37.0,6.0,0.0,0.0,39.0,9.0,0.0,0.0,4.021,0
35.0,6.0,0.0,0.0,360.0,2.0,0.0,0.0,4.021,0
31.0,6.0,1.0,0.0,36.0,2.0,0.0,0.0,4.021,0
56.0,6.0,1.0,0.0,11.0,5.0,0.0,0.0,4.021,0
47.0,3.0,1.0,0.0,64.0,3.0,0.0,0.0,4.021,0
43.0,5.0,0.0,0.0,14.0,9.0,0.0,0.0,4.021,0
44.0,5.0,1.0,0.0,18.0,4.0,0.0,0.0,4.021,0
59.0,6.0,0.0,0.0,140.0,2.0,1.0,1.0,4.021,0
52.0,3.0,0.0,0.0,13.0,2.0,0.0,0.0,4.021,0
51.0,3.0,0.0,0.0,1032.0,10.0,1.0,1.0,4.021,0
46.0,5.0,1.0,1.0,484.0,4.0,0.0,0.0,4.021,0
53.0,3.0,0.0,0.0,395.0,2.0,0.0,0.0,4.021,0
54.0,4.0,0.0,0.0,639.0,2.0,1.0,1.0,4.021,0
56.0,3.0,1.0,1.0,322.0,2.0,0.0,0.0,4.021,0
57.0,6.0,0.0,0.0,127.0,3.0,0.0,0.0,4.021,0
59.0,5.0,1.0,0.0,246.0,2.0,0.0,0.0,4.021,0
30.0,6.0,0.0,0.0,307.0,2.0,0.0,0.0,4.021,0
45.0,6.0,0.0,0.0,27.0,3.0,0.0,0.0,4.021,0
58.0,1.0,0.0,0.0,505.0,7.0,0.0,0.0,4.021,0
57.0,5.0,1.0,0.0,294.0,2.0,0.0,0.0,4.021,0
46.0,6.0,1.0,0.0,82.0,2.0,0.0,0.0,4.021,0
48.0,6.0,1.0,0.0,96.0,3.0,1.0,1.0,4.021,0
58.0,5.0,1.0,0.0,321.0,3.0,1.0,1.0,4.021,0
53.0,3.0,0.0,0.0,125.0,2.0,0.0,0.0,4.021,0
51.0,6.0,0.0,1.0,13.0,4.0,0.0,0.0,4.021,0
30.0,5.0,1.0,0.0,77.0,5.0,0.0,0.0,4.021,0
58.0,5.0,0.0,0.0,158.0,3.0,1.0,1.0,4.021,0
50.0,6.0,1.0,0.0,175.0,4.0,0.0,0.0,4.021,0
45.0,6.0,0.0,0.0,80.0,2.0,0.0,0.0,4.021,0
36.0,3.0,1.0,1.0,14.0,7.0,0.0,0.0,4.021,0
51.0,6.0,1.0,1.0,53.0,2.0,0.0,0.0,4.021,0
39.0,,1.0,0.0,79.0,4.0,0.0,0.0,4.021,0
42.0,6.0,1.0,0.0,10.0,3.0,0.0,0.0,4.021,0
48.0,6.0,0.0,0.0,71.0,9.0,0.0,0.0,4.021,0
51.0,4.0,0.0,0.0,11.0,4.0,0.0,0.0,4.021,0
41.0,6.0,1.0,1.0,38.0,2.0,0.0,0.0,4.021,0
38.0,5.0,1.0,1.0,49.0,1.0,0.0,0.0,3.901,0
46.0,5.0,1.0,0.0,8.0,1.0,0.0,0.0,3.879,0
27.0,4.0,1.0,0.0,24.0,1.0,0.0,0.0,3.853,0
41.0,5.0,0.0,1.0,18.0,1.0,0.0,0.0,3.669,0
26.0,3.0,0.0,0.0,42.0,4.0,0.0,0.0,1.811,0
26.0,3.0,1.0,0.0,169.0,4.0,0.0,0.0,1.811,0
26.0,3.0,1.0,1.0,78.0,4.0,1.0,1.0,1.811,0
38.0,6.0,1.0,0.0,69.0,1.0,0.0,0.0,1.811,0
44.0,5.0,0.0,0.0,239.0,1.0,0.0,0.0,1.811,1
28.0,6.0,1.0,1.0,54.0,1.0,0.0,0.0,1.811,0
26.0,6.0,1.0,0.0,175.0,5.0,0.0,0.0,1.811,1
28.0,6.0,1.0,0.0,131.0,12.0,0.0,0.0,1.811,0
26.0,3.0,0.0,0.0,212.0,1.0,0.0,0.0,1.799,0
24.0,,0.0,0.0,103.0,1.0,0.0,0.0,1.799,0
41.0,4.0,0.0,0.0,377.0,6.0,0.0,0.0,1.778,1
33.0,4.0,0.0,0.0,41.0,2.0,0.0,0.0,1.757,0
34.0,5.0,0.0,0.0,229.0,1.0,0.0,0.0,1.726,1
38.0,5.0,1.0,0.0,363.0,2.0,1.0,2.0,1.726,1
34.0,5.0,1.0,0.0,266.0,1.0,0.0,0.0,1.726,1
38.0,5.0,1.0,0.0,207.0,2.0,1.0,2.0,1.726,1
37.0,6.0,1.0,1.0,161.0,2.0,0.0,0.0,1.703,0
32.0,6.0,1.0,0.0,78.0,2.0,1.0,1.0,1.703,0
32.0,6.0,0.0,0.0,93.0,2.0,1.0,1.0,1.703,0
73.0,6.0,1.0,0.0,179.0,1.0,1.0,1.0,1.687,0
88.0,1.0,1.0,0.0,48.0,1.0,0.0,0.0,1.663,0
29.0,6.0,1.0,0.0,95.0,4.0,0.0,0.0,1.663,1
29.0,6.0,0.0,0.0,197.0,2.0,0.0,0.0,1.663,1
88.0,1.0,1.0,0.0,96.0,6.0,0.0,0.0,1.663,0
88.0,1.0,1.0,1.0,82.0,2.0,0.0,0.0,1.663,0
88.0,1.0,1.0,0.0,188.0,3.0,0.0,0.0,1.663,1
28.0,6.0,1.0,0.0,186.0,2.0,0.0,0.0,1.64,0
30.0,4.0,0.0,0.0,268.0,5.0,2.0,1.0,1.64,1
28.0,6.0,1.0,1.0,3076.0,1.0,0.0,0.0,1.64,1
50.0,6.0,0.0,0.0,166.0,2.0,0.0,0.0,1.64,0
70.0,1.0,1.0,0.0,61.0,6.0,1.0,1.0,1.629,0
50.0,6.0,1.0,0.0,74.0,1.0,0.0,0.0,1.614,0
46.0,5.0,0.0,0.0,163.0,2.0,0.0,0.0,1.614,0
21.0,4.0,0.0,0.0,220.0,1.0,0.0,0.0,1.614,1
77.0,,1.0,0.0,178.0,1.0,0.0,0.0,1.614,1
37.0,6.0,1.0,0.0,195.0,1.0,0.0,0.0,1.614,1
32.0,5.0,1.0,0.0,159.0,2.0,0.0,0.0,1.614,0
26.0,4.0,0.0,0.0,236.0,2.0,0.0,0.0,1.602,0
33.0,4.0,1.0,0.0,140.0,10.0,0.0,0.0,1.602,0
24.0,4.0,1.0,1.0,224.0,1.0,0.0,0.0,1.602,1
68.0,6.0,0.0,0.0,201.0,1.0,0.0,0.0,1.602,1
75.0,3.0,0.0,0.0,233.0,1.0,0.0,0.0,1.56,0
54.0,6.0,1.0,0.0,115.0,1.0,0.0,0.0,1.56,1
27.0,6.0,1.0,0.0,269.0,1.0,0.0,0.0,1.56,0
70.0,6.0,0.0,0.0,83.0,4.0,0.0,0.0,1.56,0
61.0,3.0,0.0,1.0,125.0,2.0,0.0,0.0,1.556,0
46.0,6.0,0.0,0.0,269.0,3.0,0.0,0.0,1.556,1
28.0,6.0,0.0,0.0,506.0,2.0,0.0,0.0,1.548,1
33.0,6.0,1.0,0.0,278.0,8.0,0.0,0.0,1.548,1
28.0,6.0,0.0,0.0,411.0,2.0,0.0,0.0,1.548,1
35.0,4.0,1.0,0.0,117.0,2.0,0.0,0.0,1.538,1
45.0,5.0,1.0,1.0,143.0,2.0,0.0,0.0,1.538,0
20.0,3.0,1.0,0.0,267.0,2.0,0.0,0.0,1.538,0
37.0,2.0,1.0,1.0,73.0,2.0,0.0,0.0,1.538,0
43.0,6.0,1.0,0.0,689.0,2.0,0.0,0.0,1.531,0
31.0,6.0,1.0,0.0,228.0,2.0,0.0,0.0,1.531,1
43.0,6.0,1.0,0.0,111.0,3.0,0.0,0.0,1.531,0
32.0,6.0,,,136.0,3.0,0.0,0.0,1.52,0
21.0,1.0,0.0,0.0,114.0,2.0,0.0,0.0,1.52,0
62.0,4.0,0.0,0.0,163.0,2.0,0.0,0.0,1.52,1
59.0,1.0,1.0,1.0,684.0,4.0,0.0,0.0,1.51,0
38.0,6.0,1.0,0.0,498.0,3.0,0.0,0.0,1.498,0
38.0,2.0,1.0,0.0,926.0,1.0,1.0,1.0,1.483,0
43.0,4.0,1.0,0.0,303.0,1.0,1.0,1.0,1.483,0
41.0,1.0,1.0,1.0,288.0,1.0,2.0,1.0,1.483,0
35.0,3.0,1.0,0.0,114.0,1.0,0.0,0.0,1.483,0
39.0,3.0,0.0,0.0,73.0,1.0,1.0,1.0,1.483,0
42.0,5.0,1.0,1.0,144.0,1.0,0.0,0.0,1.483,0
28.0,5.0,1.0,0.0,824.0,1.0,2.0,1.0,1.483,0
28.0,4.0,1.0,1.0,268.0,1.0,0.0,0.0,1.483,1
38.0,3.0,0.0,1.0,96.0,3.0,0.0,0.0,1.483,0
24.0,6.0,1.0,0.0,326.0,3.0,0.0,0.0,1.479,0
42.0,4.0,0.0,0.0,697.0,2.0,0.0,0.0,1.479,0
30.0,4.0,0.0,0.0,285.0,1.0,0.0,0.0,1.479,0
39.0,4.0,0.0,0.0,484.0,1.0,2.0,1.0,1.479,0
33.0,4.0,1.0,0.0,273.0,2.0,1.0,1.0,1.479,0
39.0,2.0,0.0,0.0,239.0,2.0,0.0,0.0,1.479,0
32.0,2.0,1.0,1.0,205.0,2.0,1.0,1.0,1.479,0
44.0,6.0,1.0,0.0,230.0,1.0,0.0,0.0,1.479,0
31.0,4.0,1.0,0.0,596.0,1.0,1.0,1.0,1.479,0
51.0,5.0,0.0,0.0,579.0,2.0,0.0,0.0,1.479,0
37.0,6.0,1.0,0.0,309.0,4.0,0.0,0.0,1.479,0
38.0,5.0,1.0,1.0,278.0,2.0,1.0,1.0,1.466,0
41.0,3.0,0.0,1.0,322.0,1.0,1.0,2.0,1.466,0
50.0,6.0,0.0,0.0,475.0,6.0,1.0,1.0,1.466,1
40.0,4.0,0.0,0.0,275.0,1.0,0.0,0.0,1.466,0
34.0,2.0,1.0,0.0,599.0,1.0,0.0,0.0,1.466,0
40.0,,0.0,0.0,294.0,1.0,1.0,1.0,1.466,0
45.0,3.0,1.0,0.0,173.0,1.0,0.0,0.0,1.466,0
26.0,4.0,0.0,0.0,190.0,1.0,0.0,0.0,1.466,0
32.0,3.0,0.0,0.0,41.0,2.0,0.0,0.0,1.466,0
57.0,4.0,1.0,1.0,2316.0,1.0,0.0,0.0,1.466,0
29.0,5.0,1.0,0.0,740.0,3.0,0.0,0.0,1.466,1
46.0,3.0,1.0,0.0,125.0,3.0,1.0,1.0,1.466,0
32.0,6.0,1.0,0.0,60.0,3.0,0.0,0.0,1.453,0
40.0,3.0,0.0,0.0,354.0,1.0,0.0,0.0,1.453,0
40.0,5.0,1.0,0.0,366.0,1.0,0.0,0.0,1.453,0
39.0,4.0,1.0,0.0,189.0,1.0,0.0,0.0,1.453,0
42.0,5.0,1.0,0.0,157.0,1.0,1.0,1.0,1.453,0
42.0,5.0,0.0,0.0,615.0,1.0,1.0,1.0,1.453,0
43.0,4.0,0.0,0.0,487.0,1.0,0.0,0.0,1.453,0
40.0,4.0,0.0,0.0,245.0,8.0,0.0,0.0,1.453,0
44.0,4.0,0.0,0.0,265.0,1.0,0.0,0.0,1.453,0
44.0,4.0,1.0,1.0,895.0,1.0,0.0,0.0,1.453,1
36.0,4.0,1.0,0.0,736.0,7.0,0.0,0.0,1.453,0
44.0,3.0,1.0,0.0,581.0,2.0,0.0,0.0,1.453,0
27.0,3.0,0.0,1.0,79.0,2.0,0.0,0.0,1.445,0
25.0,4.0,1.0,0.0,327.0,1.0,0.0,0.0,1.445,1
43.0,5.0,1.0,0.0,519.0,1.0,0.0,0.0,1.445,0
27.0,6.0,1.0,1.0,98.0,1.0,1.0,1.0,1.445,0
29.0,6.0,1.0,0.0,58.0,3.0,0.0,0.0,1.445,0
41.0,1.0,1.0,0.0,123.0,1.0,0.0,0.0,1.445,0
41.0,1.0,1.0,0.0,95.0,1.0,0.0,0.0,1.445,0
27.0,3.0,1.0,0.0,523.0,2.0,0.0,0.0,1.445,1
25.0,5.0,0.0,0.0,268.0,1.0,0.0,0.0,1.445,0
39.0,3.0,1.0,0.0,120.0,1.0,1.0,1.0,1.445,0
48.0,3.0,1.0,0.0,1032.0,3.0,2.0,1.0,1.445,1
63.0,,0.0,0.0,150.0,1.0,1.0,1.0,1.445,1
63.0,,1.0,0.0,236.0,1.0,0.0,0.0,1.445,1
51.0,6.0,1.0,1.0,233.0,1.0,0.0,0.0,1.445,0
25.0,5.0,1.0,0.0,114.0,1.0,0.0,0.0,1.445,1
36.0,6.0,0.0,1.0,180.0,2.0,0.0,0.0,1.445,0
46.0,4.0,1.0,0.0,201.0,2.0,0.0,0.0,1.445,0
35.0,6.0,1.0,0.0,58.0,1.0,0.0,0.0,1.445,0
35.0,4.0,1.0,0.0,1190.0,1.0,0.0,0.0,1.445,1
35.0,5.0,1.0,0.0,229.0,1.0,1.0,1.0,1.445,0
34.0,4.0,1.0,1.0,303.0,1.0,1.0,1.0,1.445,0
34.0,4.0,1.0,0.0,281.0,3.0,0.0,0.0,1.445,0
33.0,6.0,0.0,0.0,171.0,2.0,0.0,0.0,1.445,0
20.0,4.0,1.0,0.0,162.0,4.0,1.0,1.0,1.435,0
37.0,3.0,1.0,0.0,435.0,2.0,1.0,1.0,1.435,0
35.0,3.0,1.0,0.0,150.0,1.0,0.0,0.0,1.435,0
32.0,6.0,0.0,0.0,394.0,1.0,0.0,0.0,1.435,1
37.0,5.0,1.0,0.0,241.0,1.0,1.0,1.0,1.435,0
67.0,6.0,1.0,0.0,126.0,4.0,0.0,0.0,1.435,0
30.0,6.0,0.0,0.0,184.0,1.0,0.0,0.0,1.435,0
30.0,6.0,0.0,0.0,188.0,1.0,0.0,0.0,1.435,0
37.0,5.0,1.0,0.0,464.0,1.0,0.0,0.0,1.435,0
46.0,3.0,0.0,0.0,221.0,2.0,1.0,1.0,1.435,0
48.0,1.0,1.0,0.0,627.0,2.0,3.0,1.0,1.435,0
29.0,3.0,1.0,0.0,1042.0,2.0,0.0,0.0,1.435,1
33.0,4.0,1.0,0.0,236.0,1.0,1.0,1.0,1.435,0
41.0,5.0,1.0,0.0,466.0,5.0,1.0,1.0,1.423,1
37.0,6.0,0.0,0.0,283.0,3.0,0.0,0.0,1.423,0
45.0,3.0,1.0,0.0,427.0,4.0,1.0,1.0,1.423,0
38.0,3.0,0.0,0.0,110.0,1.0,1.0,1.0,1.423,0
34.0,6.0,1.0,0.0,145.0,1.0,0.0,0.0,1.423,0
34.0,6.0,0.0,0.0,344.0,1.0,1.0,1.0,1.423,1
24.0,4.0,1.0,0.0,104.0,1.0,1.0,1.0,1.423,0
34.0,6.0,0.0,0.0,94.0,5.0,0.0,0.0,1.423,0
55.0,4.0,1.0,0.0,461.0,2.0,1.0,1.0,1.423,0
42.0,6.0,0.0,0.0,133.0,2.0,0.0,0.0,1.423,1
26.0,6.0,1.0,0.0,62.0,1.0,0.0,0.0,1.423,0
44.0,2.0,0.0,0.0,314.0,1.0,0.0,0.0,1.423,0
30.0,6.0,1.0,1.0,178.0,1.0,0.0,0.0,1.423,0
30.0,6.0,1.0,0.0,496.0,1.0,0.0,0.0,1.423,1
31.0,,0.0,0.0,424.0,2.0,2.0,1.0,1.423,0
42.0,6.0,1.0,1.0,101.0,5.0,0.0,0.0,1.423,0
29.0,6.0,1.0,0.0,61.0,3.0,0.0,0.0,1.423,0
42.0,3.0,1.0,0.0,189.0,2.0,0.0,0.0,1.423,0
49.0,,1.0,1.0,61.0,3.0,0.0,0.0,1.415,0
39.0,5.0,1.0,0.0,226.0,2.0,0.0,0.0,1.415,0
37.0,3.0,1.0,0.0,343.0,2.0,1.0,1.0,1.415,0
34.0,5.0,1.0,0.0,139.0,2.0,0.0,0.0,1.415,0
43.0,2.0,0.0,0.0,945.0,1.0,1.0,1.0,1.415,1
45.0,4.0,1.0,0.0,651.0,4.0,0.0,0.0,1.415,0
41.0,5.0,1.0,0.0,103.0,2.0,0.0,0.0,1.415,0
44.0,5.0,1.0,0.0,75.0,1.0,1.0,1.0,1.415,0
41.0,4.0,0.0,0.0,134.0,1.0,0.0,0.0,1.415,0
40.0,,0.0,0.0,149.0,1.0,0.0,0.0,1.415,0
59.0,6.0,0.0,0.0,194.0,1.0,0.0,0.0,1.415,0
44.0,3.0,0.0,0.0,114.0,1.0,0.0,0.0,1.415,0
42.0,1.0,0.0,0.0,1217.0,3.0,0.0,0.0,1.415,1
66.0,1.0,1.0,0.0,512.0,11.0,0.0,0.0,1.415,1
32.0,4.0,1.0,1.0,120.0,1.0,0.0,0.0,1.415,0
27.0,5.0,0.0,0.0,72.0,1.0,0.0,0.0,1.415,0
31.0,6.0,0.0,0.0,85.0,2.0,0.0,0.0,1.415,0
55.0,4.0,1.0,0.0,140.0,3.0,1.0,1.0,1.415,0
41.0,4.0,1.0,1.0,264.0,2.0,0.0,0.0,1.415,1
33.0,3.0,1.0,0.0,827.0,1.0,1.0,1.0,1.41,0
45.0,6.0,0.0,0.0,82.0,1.0,0.0,0.0,1.41,0
27.0,6.0,1.0,0.0,297.0,1.0,0.0,0.0,1.41,0
27.0,6.0,1.0,0.0,384.0,1.0,0.0,0.0,1.41,0
45.0,1.0,1.0,0.0,479.0,1.0,1.0,1.0,1.41,0
27.0,1.0,1.0,0.0,240.0,1.0,0.0,0.0,1.41,0
43.0,4.0,0.0,0.0,60.0,1.0,1.0,1.0,1.41,0
32.0,3.0,0.0,0.0,583.0,1.0,1.0,2.0,1.41,1
24.0,6.0,1.0,0.0,91.0,1.0,0.0,0.0,1.41,0
54.0,1.0,1.0,0.0,743.0,1.0,0.0,0.0,1.41,0
40.0,3.0,1.0,0.0,283.0,1.0,0.0,0.0,1.41,0
44.0,5.0,1.0,0.0,172.0,2.0,0.0,0.0,1.41,0
31.0,1.0,1.0,0.0,39.0,1.0,1.0,1.0,1.41,0
29.0,4.0,1.0,0.0,275.0,1.0,0.0,0.0,1.41,0
32.0,6.0,1.0,0.0,361.0,1.0,1.0,1.0,1.41,0
54.0,6.0,0.0,0.0,339.0,1.0,0.0,0.0,1.41,0
35.0,5.0,0.0,1.0,34.0,1.0,0.0,0.0,1.41,0
27.0,1.0,1.0,0.0,191.0,2.0,1.0,1.0,1.41,0
36.0,,0.0,0.0,1174.0,1.0,0.0,0.0,1.41,1
47.0,6.0,1.0,0.0,150.0,1.0,0.0,0.0,1.41,0
37.0,5.0,1.0,0.0,1087.0,2.0,1.0,1.0,1.41,0
37.0,5.0,1.0,0.0,62.0,1.0,1.0,1.0,1.41,0
41.0,4.0,1.0,0.0,60.0,2.0,0.0,0.0,1.41,0
33.0,6.0,1.0,0.0,308.0,1.0,0.0,0.0,1.41,0
34.0,1.0,1.0,0.0,249.0,2.0,0.0,0.0,1.41,0
56.0,4.0,1.0,0.0,144.0,2.0,0.0,0.0,1.41,0
29.0,4.0,1.0,1.0,123.0,3.0,1.0,2.0,1.41,0
46.0,3.0,1.0,0.0,453.0,2.0,0.0,0.0,1.41,0
31.0,3.0,1.0,0.0,176.0,3.0,0.0,0.0,1.41,0
39.0,4.0,1.0,1.0,433.0,2.0,0.0,0.0,1.41,0
42.0,3.0,0.0,1.0,127.0,2.0,0.0,0.0,1.41,0
41.0,1.0,1.0,0.0,256.0,3.0,1.0,1.0,1.41,0
36.0,6.0,0.0,0.0,211.0,2.0,0.0,0.0,1.41,0
27.0,4.0,0.0,0.0,198.0,3.0,0.0,0.0,1.41,0
50.0,3.0,1.0,0.0,1285.0,2.0,1.0,1.0,1.41,0
55.0,6.0,1.0,0.0,211.0,3.0,0.0,0.0,1.41,0
28.0,3.0,0.0,0.0,263.0,1.0,0.0,0.0,1.41,0
28.0,3.0,0.0,0.0,442.0,1.0,0.0,0.0,1.41,0
25.0,6.0,1.0,1.0,127.0,7.0,0.0,0.0,1.41,0
59.0,3.0,0.0,0.0,332.0,2.0,1.0,1.0,1.41,0
45.0,,1.0,1.0,614.0,1.0,1.0,1.0,1.41,0
42.0,6.0,0.0,0.0,46.0,4.0,0.0,0.0,1.405,0
37.0,1.0,0.0,1.0,125.0,4.0,0.0,0.0,1.405,0
39.0,4.0,1.0,0.0,222.0,1.0,1.0,1.0,1.405,0
25.0,6.0,0.0,0.0,118.0,1.0,0.0,0.0,1.405,0
41.0,6.0,1.0,1.0,249.0,1.0,0.0,0.0,1.405,0
36.0,4.0,1.0,1.0,294.0,1.0,1.0,1.0,1.405,0
31.0,4.0,0.0,0.0,238.0,1.0,1.0,1.0,1.405,0
59.0,6.0,1.0,0.0,416.0,1.0,1.0,1.0,1.405,0
34.0,4.0,1.0,1.0,329.0,1.0,0.0,0.0,1.405,0
36.0,6.0,1.0,0.0,486.0,2.0,0.0,0.0,1.405,0
57.0,3.0,1.0,0.0,185.0,1.0,0.0,0.0,1.405,0
33.0,3.0,1.0,0.0,135.0,1.0,1.0,1.0,1.405,0
36.0,5.0,1.0,0.0,1095.0,1.0,1.0,1.0,1.405,1
34.0,5.0,1.0,0.0,172.0,1.0,0.0,0.0,1.405,0
19.0,,1.0,0.0,452.0,3.0,0.0,0.0,1.405,1
34.0,5.0,0.0,0.0,185.0,1.0,0.0,0.0,1.405,0
53.0,6.0,1.0,0.0,111.0,2.0,0.0,0.0,1.405,0
46.0,6.0,1.0,0.0,268.0,1.0,1.0,1.0,1.405,0
42.0,6.0,0.0,0.0,981.0,2.0,0.0,0.0,1.405,0
49.0,6.0,1.0,0.0,58.0,1.0,0.0,0.0,1.405,0
36.0,3.0,0.0,0.0,299.0,1.0,0.0,0.0,1.405,0
41.0,3.0,0.0,1.0,351.0,1.0,0.0,0.0,1.405,0
35.0,4.0,1.0,0.0,84.0,1.0,0.0,0.0,1.405,0
39.0,6.0,1.0,0.0,73.0,1.0,0.0,0.0,1.405,0
43.0,6.0,1.0,1.0,307.0,1.0,0.0,0.0,1.405,0
48.0,4.0,1.0,0.0,193.0,2.0,0.0,0.0,1.405,0
55.0,,0.0,0.0,386.0,2.0,0.0,0.0,1.405,0
34.0,3.0,1.0,0.0,71.0,1.0,1.0,1.0,1.405,0
47.0,4.0,,,234.0,1.0,1.0,1.0,1.405,0
30.0,4.0,1.0,0.0,218.0,1.0,1.0,1.0,1.405,0
29.0,2.0,0.0,1.0,754.0,1.0,0.0,0.0,1.405,0
41.0,6.0,1.0,0.0,212.0,1.0,0.0,0.0,1.405,0
41.0,5.0,1.0,0.0,51.0,6.0,0.0,0.0,1.405,0
27.0,6.0,1.0,0.0,156.0,2.0,0.0,0.0,1.405,1
19.0,,0.0,0.0,108.0,5.0,0.0,0.0,1.405,0
39.0,4.0,1.0,0.0,137.0,1.0,0.0,0.0,1.405,0
38.0,3.0,0.0,0.0,9.0,1.0,0.0,0.0,1.405,0
45.0,4.0,0.0,0.0,191.0,1.0,0.0,0.0,1.405,0
36.0,4.0,1.0,0.0,777.0,2.0,0.0,0.0,1.405,0
39.0,6.0,1.0,0.0,161.0,1.0,1.0,1.0,1.405,0
55.0,1.0,0.0,0.0,155.0,1.0,0.0,0.0,1.405,0
33.0,6.0,1.0,0.0,382.0,2.0,0.0,0.0,1.405,0
55.0,4.0,1.0,0.0,45.0,7.0,1.0,1.0,1.405,0
33.0,1.0,0.0,0.0,95.0,3.0,0.0,0.0,1.405,0
34.0,3.0,1.0,0.0,218.0,1.0,0.0,0.0,1.405,0
31.0,6.0,0.0,1.0,85.0,1.0,0.0,0.0,1.405,0
39.0,2.0,0.0,0.0,286.0,2.0,1.0,1.0,1.405,0
44.0,6.0,1.0,1.0,274.0,1.0,0.0,0.0,1.405,0
45.0,3.0,0.0,0.0,200.0,3.0,0.0,0.0,1.405,0
36.0,5.0,0.0,0.0,122.0,1.0,1.0,1.0,1.405,0
34.0,6.0,1.0,0.0,649.0,1.0,0.0,0.0,1.405,0
39.0,3.0,1.0,0.0,216.0,1.0,0.0,0.0,1.405,0
31.0,3.0,1.0,0.0,55.0,1.0,1.0,1.0,1.405,0
40.0,5.0,1.0,0.0,53.0,1.0,1.0,1.0,1.405,0
35.0,4.0,1.0,0.0,36.0,1.0,0.0,0.0,1.405,0
41.0,5.0,1.0,1.0,41.0,1.0,0.0,0.0,1.405,0
37.0,5.0,0.0,0.0,54.0,2.0,0.0,0.0,1.405,0
27.0,6.0,1.0,0.0,401.0,1.0,1.0,1.0,1.405,0
41.0,1.0,0.0,0.0,100.0,2.0,0.0,0.0,1.405,0
39.0,4.0,0.0,0.0,297.0,1.0,0.0,0.0,1.405,0
38.0,6.0,1.0,0.0,107.0,1.0,0.0,0.0,1.405,1
32.0,6.0,1.0,1.0,333.0,3.0,0.0,0.0,1.405,0
45.0,3.0,0.0,0.0,99.0,3.0,1.0,1.0,1.405,0
51.0,4.0,0.0,0.0,145.0,2.0,0.0,0.0,1.405,0
34.0,6.0,,,182.0,2.0,1.0,1.0,1.405,0
41.0,4.0,1.0,0.0,114.0,3.0,0.0,0.0,1.405,0
47.0,6.0,1.0,1.0,126.0,2.0,0.0,0.0,1.405,0
44.0,6.0,0.0,0.0,815.0,2.0,0.0,0.0,1.405,0
48.0,1.0,1.0,0.0,224.0,3.0,2.0,1.0,1.405,0
49.0,4.0,0.0,0.0,300.0,3.0,1.0,1.0,1.405,0
36.0,5.0,1.0,0.0,17.0,4.0,0.0,0.0,1.405,0
31.0,4.0,1.0,0.0,139.0,2.0,0.0,0.0,1.405,0
38.0,4.0,0.0,0.0,52.0,2.0,0.0,0.0,1.405,0
34.0,3.0,1.0,0.0,153.0,3.0,0.0,0.0,1.405,0
36.0,4.0,1.0,0.0,413.0,2.0,0.0,0.0,1.405,0
33.0,1.0,0.0,1.0,163.0,2.0,0.0,0.0,1.405,0
40.0,2.0,0.0,1.0,266.0,2.0,0.0,0.0,1.405,0
37.0,4.0,0.0,0.0,606.0,2.0,1.0,2.0,1.405,0
39.0,1.0,1.0,0.0,156.0,2.0,0.0,0.0,1.405,0
55.0,6.0,1.0,0.0,949.0,2.0,0.0,0.0,1.405,1
31.0,6.0,1.0,0.0,273.0,2.0,1.0,1.0,1.405,0
32.0,4.0,0.0,1.0,340.0,2.0,0.0,0.0,1.405,0
41.0,,1.0,0.0,464.0,2.0,0.0,0.0,1.405,0
43.0,2.0,0.0,0.0,335.0,2.0,0.0,0.0,1.405,0
34.0,5.0,1.0,0.0,140.0,2.0,0.0,0.0,1.405,0
40.0,2.0,0.0,0.0,174.0,2.0,0.0,0.0,1.405,0
28.0,6.0,0.0,0.0,394.0,2.0,0.0,0.0,1.405,1
22.0,4.0,1.0,0.0,14.0,3.0,0.0,0.0,1.405,0
26.0,5.0,1.0,0.0,100.0,2.0,0.0,0.0,1.405,0
29.0,3.0,1.0,0.0,321.0,2.0,0.0,0.0,1.405,0
44.0,3.0,1.0,0.0,225.0,3.0,2.0,1.0,1.405,0
38.0,6.0,0.0,1.0,131.0,2.0,0.0,0.0,1.405,0
34.0,5.0,1.0,0.0,171.0,2.0,0.0,0.0,1.405,0
50.0,2.0,0.0,0.0,324.0,4.0,0.0,0.0,1.405,0
29.0,6.0,1.0,0.0,660.0,3.0,0.0,0.0,1.405,0
33.0,4.0,1.0,0.0,114.0,2.0,0.0,0.0,1.405,0
37.0,4.0,1.0,0.0,196.0,2.0,1.0,1.0,1.405,0
58.0,5.0,1.0,0.0,483.0,2.0,0.0,0.0,1.405,0
40.0,4.0,0.0,0.0,1332.0,2.0,0.0,0.0,1.405,1
25.0,6.0,1.0,0.0,173.0,2.0,0.0,0.0,1.405,0
40.0,5.0,1.0,0.0,430.0,1.0,0.0,0.0,1.405,0
68.0,4.0,0.0,1.0,263.0,2.0,0.0,0.0,1.405,0
47.0,1.0,1.0,0.0,311.0,1.0,0.0,0.0,1.405,0
37.0,3.0,1.0,1.0,156.0,1.0,0.0,0.0,1.405,0
48.0,4.0,0.0,0.0,1112.0,3.0,0.0,0.0,1.405,1
24.0,4.0,1.0,0.0,390.0,1.0,0.0,0.0,1.405,0
34.0,2.0,1.0,0.0,249.0,1.0,0.0,0.0,1.405,0
41.0,4.0,0.0,0.0,239.0,1.0,0.0,0.0,1.405,0
38.0,4.0,0.0,0.0,121.0,4.0,0.0,0.0,1.405,0
34.0,3.0,0.0,1.0,96.0,1.0,0.0,0.0,1.405,0
51.0,3.0,1.0,0.0,143.0,2.0,0.0,0.0,1.405,0
39.0,4.0,0.0,0.0,159.0,2.0,0.0,0.0,1.405,0
37.0,5.0,1.0,0.0,304.0,1.0,1.0,1.0,1.405,0
48.0,4.0,1.0,0.0,365.0,1.0,0.0,0.0,1.405,0
73.0,1.0,1.0,0.0,158.0,1.0,1.0,2.0,1.405,0
54.0,4.0,1.0,0.0,178.0,5.0,0.0,0.0,1.405,0
31.0,3.0,0.0,0.0,65.0,5.0,0.0,0.0,1.405,0
37.0,6.0,0.0,0.0,352.0,1.0,0.0,0.0,1.405,0
37.0,6.0,0.0,0.0,401.0,1.0,0.0,0.0,1.405,0
40.0,5.0,1.0,1.0,314.0,1.0,0.0,0.0,1.405,0
26.0,4.0,1.0,0.0,190.0,1.0,0.0,0.0,1.405,1
41.0,4.0,1.0,0.0,111.0,1.0,0.0,0.0,1.405,0
38.0,5.0,0.0,0.0,277.0,1.0,0.0,0.0,1.405,0
57.0,6.0,0.0,1.0,7.0,4.0,0.0,0.0,1.405,0
57.0,6.0,0.0,0.0,322.0,2.0,0.0,0.0,1.405,0
42.0,6.0,0.0,1.0,144.0,1.0,0.0,0.0,1.405,0
36.0,4.0,1.0,1.0,42.0,1.0,0.0,0.0,1.405,0
59.0,5.0,1.0,0.0,274.0,5.0,0.0,0.0,1.405,0
33.0,4.0,0.0,0.0,164.0,1.0,0.0,0.0,1.405,0
42.0,4.0,1.0,0.0,274.0,1.0,0.0,0.0,1.405,0
42.0,1.0,1.0,0.0,257.0,1.0,0.0,0.0,1.405,0
43.0,6.0,1.0,1.0,21.0,5.0,0.0,0.0,1.405,0
30.0,6.0,0.0,0.0,96.0,1.0,0.0,0.0,1.405,0
35.0,4.0,0.0,0.0,63.0,1.0,0.0,0.0,1.405,0
36.0,4.0,1.0,0.0,508.0,1.0,0.0,0.0,1.405,0
49.0,2.0,0.0,0.0,68.0,5.0,1.0,1.0,1.405,0
26.0,4.0,0.0,0.0,216.0,2.0,0.0,0.0,1.405,1
36.0,4.0,0.0,1.0,76.0,5.0,0.0,0.0,1.405,0
43.0,6.0,0.0,0.0,205.0,1.0,0.0,0.0,1.405,0
19.0,,,,213.0,3.0,0.0,0.0,1.405,1
43.0,6.0,0.0,1.0,443.0,1.0,1.0,1.0,1.405,0
34.0,3.0,1.0,0.0,240.0,1.0,1.0,1.0,1.405,0
37.0,6.0,0.0,0.0,190.0,1.0,0.0,0.0,1.405,0
48.0,4.0,1.0,1.0,111.0,2.0,1.0,1.0,1.405,0
56.0,6.0,1.0,0.0,222.0,1.0,1.0,1.0,1.405,0
37.0,5.0,1.0,0.0,20.0,4.0,0.0,0.0,1.405,0
34.0,3.0,1.0,0.0,151.0,2.0,0.0,0.0,1.405,0
51.0,4.0,1.0,0.0,272.0,1.0,0.0,0.0,1.405,0
46.0,4.0,0.0,0.0,53.0,1.0,1.0,1.0,1.405,0
46.0,4.0,1.0,0.0,180.0,1.0,0.0,0.0,1.405,0
30.0,6.0,0.0,0.0,162.0,1.0,0.0,0.0,1.405,0
43.0,6.0,1.0,0.0,818.0,2.0,1.0,1.0,1.405,0
50.0,3.0,1.0,0.0,567.0,1.0,0.0,0.0,1.405,1
53.0,4.0,1.0,0.0,354.0,1.0,0.0,0.0,1.405,0
47.0,6.0,0.0,0.0,145.0,1.0,0.0,0.0,1.405,0
34.0,3.0,1.0,0.0,318.0,1.0,0.0,0.0,1.405,0
40.0,6.0,1.0,0.0,96.0,2.0,1.0,1.0,1.405,0
38.0,6.0,1.0,1.0,6.0,1.0,0.0,0.0,1.405,0
49.0,6.0,1.0,0.0,48.0,1.0,1.0,1.0,1.405,0
46.0,4.0,1.0,0.0,9.0,1.0,0.0,0.0,1.405,0
23.0,4.0,0.0,0.0,297.0,4.0,0.0,0.0,1.405,0
37.0,3.0,1.0,0.0,23.0,4.0,0.0,0.0,1.405,0
34.0,6.0,0.0,0.0,151.0,1.0,0.0,0.0,1.405,0
36.0,3.0,1.0,0.0,430.0,1.0,0.0,0.0,1.405,0
35.0,1.0,1.0,0.0,107.0,1.0,0.0,0.0,1.405,0
40.0,6.0,1.0,0.0,379.0,3.0,0.0,0.0,1.405,0
45.0,4.0,1.0,0.0,116.0,2.0,1.0,1.0,1.405,0
45.0,3.0,1.0,0.0,174.0,1.0,1.0,1.0,1.405,0
32.0,6.0,0.0,0.0,345.0,2.0,0.0,0.0,1.405,0
35.0,6.0,1.0,1.0,378.0,1.0,0.0,0.0,1.405,0
37.0,6.0,0.0,0.0,666.0,1.0,0.0,0.0,1.405,0
37.0,4.0,0.0,0.0,131.0,3.0,0.0,0.0,1.405,0
34.0,2.0,0.0,0.0,170.0,2.0,0.0,0.0,1.405,0
24.0,6.0,1.0,0.0,393.0,3.0,0.0,0.0,1.405,0
32.0,5.0,1.0,1.0,230.0,1.0,1.0,1.0,1.405,0
31.0,4.0,0.0,0.0,150.0,2.0,0.0,0.0,1.405,0
24.0,5.0,0.0,0.0,267.0,2.0,0.0,0.0,1.405,1
39.0,6.0,1.0,0.0,72.0,1.0,1.0,1.0,1.405,0
31.0,5.0,1.0,0.0,16.0,12.0,0.0,0.0,1.405,0
21.0,4.0,0.0,0.0,258.0,4.0,1.0,1.0,1.405,0
36.0,4.0,1.0,0.0,334.0,2.0,0.0,0.0,1.405,0
31.0,4.0,1.0,1.0,289.0,3.0,1.0,1.0,1.405,0
35.0,6.0,0.0,0.0,81.0,3.0,0.0,0.0,1.405,0
37.0,4.0,0.0,0.0,1010.0,3.0,0.0,0.0,1.405,0
37.0,1.0,1.0,1.0,17.0,6.0,1.0,1.0,1.405,0
46.0,4.0,1.0,0.0,81.0,2.0,1.0,1.0,1.405,0
33.0,1.0,1.0,0.0,108.0,2.0,0.0,0.0,1.405,0
34.0,6.0,1.0,0.0,81.0,4.0,0.0,0.0,1.405,0
33.0,3.0,0.0,0.0,10.0,6.0,0.0,0.0,1.405,0
45.0,2.0,1.0,0.0,132.0,2.0,0.0,0.0,1.405,0
27.0,3.0,1.0,0.0,294.0,2.0,0.0,0.0,1.405,0
44.0,3.0,1.0,0.0,81.0,3.0,0.0,0.0,1.405,0
33.0,5.0,0.0,0.0,69.0,3.0,0.0,0.0,1.405,0
46.0,4.0,0.0,0.0,124.0,4.0,0.0,0.0,1.405,0
60.0,1.0,0.0,0.0,198.0,3.0,1.0,1.0,1.405,0
57.0,6.0,0.0,0.0,72.0,2.0,0.0,0.0,1.405,0
31.0,5.0,1.0,0.0,280.0,4.0,0.0,0.0,1.405,0
49.0,6.0,0.0,1.0,281.0,2.0,0.0,0.0,1.405,0
35.0,6.0,1.0,0.0,20.0,4.0,0.0,0.0,1.405,0
28.0,4.0,0.0,0.0,1333.0,5.0,0.0,0.0,1.405,1
33.0,3.0,0.0,1.0,780.0,2.0,0.0,0.0,1.405,0
46.0,3.0,0.0,0.0,405.0,2.0,0.0,0.0,1.405,0
47.0,3.0,,,72.0,3.0,0.0,0.0,1.405,0
31.0,6.0,0.0,0.0,164.0,6.0,0.0,0.0,1.405,0
34.0,3.0,0.0,0.0,31.0,4.0,1.0,1.0,1.405,0
40.0,3.0,0.0,0.0,144.0,2.0,0.0,0.0,1.405,0
32.0,4.0,1.0,1.0,6.0,6.0,1.0,1.0,1.405,0
38.0,1.0,1.0,1.0,7.0,4.0,0.0,0.0,1.405,0
57.0,1.0,1.0,0.0,659.0,2.0,0.0,0.0,1.405,0
57.0,1.0,1.0,0.0,627.0,5.0,0.0,0.0,1.405,0
31.0,6.0,0.0,1.0,333.0,3.0,0.0,0.0,1.405,1
54.0,6.0,1.0,0.0,336.0,1.0,0.0,0.0,1.405,0
47.0,1.0,0.0,0.0,645.0,2.0,0.0,0.0,1.405,0
31.0,6.0,1.0,0.0,847.0,2.0,0.0,0.0,1.405,1
78.0,1.0,1.0,0.0,137.0,2.0,0.0,0.0,1.405,1
19.0,,1.0,1.0,278.0,3.0,0.0,0.0,1.405,1
31.0,6.0,0.0,0.0,126.0,4.0,0.0,0.0,1.405,0
46.0,6.0,1.0,0.0,94.0,7.0,0.0,0.0,1.405,0
23.0,6.0,1.0,0.0,71.0,7.0,0.0,0.0,1.405,0
30.0,6.0,1.0,0.0,400.0,1.0,0.0,0.0,1.405,1
52.0,1.0,1.0,0.0,315.0,1.0,0.0,0.0,1.405,1
23.0,6.0,0.0,0.0,314.0,1.0,1.0,1.0,1.405,1
64.0,1.0,1.0,0.0,104.0,1.0,2.0,1.0,1.405,1
65.0,6.0,0.0,0.0,124.0,2.0,0.0,0.0,1.405,1
52.0,1.0,1.0,0.0,229.0,5.0,0.0,0.0,1.405,1
60.0,5.0,1.0,0.0,545.0,1.0,0.0,0.0,1.405,1
19.0,1.0,0.0,1.0,371.0,2.0,0.0,0.0,1.405,1
25.0,6.0,1.0,0.0,229.0,2.0,0.0,0.0,1.406,1
34.0,1.0,1.0,1.0,94.0,1.0,0.0,0.0,1.406,0
29.0,4.0,0.0,0.0,86.0,1.0,0.0,0.0,1.406,0
85.0,1.0,1.0,0.0,117.0,2.0,0.0,0.0,1.4,0
80.0,4.0,0.0,0.0,105.0,6.0,3.0,1.0,1.4,0
64.0,4.0,1.0,0.0,693.0,2.0,0.0,0.0,1.4,1
33.0,4.0,1.0,0.0,44.0,3.0,0.0,0.0,1.392,0
28.0,3.0,0.0,0.0,107.0,1.0,0.0,0.0,1.392,0
53.0,4.0,1.0,0.0,167.0,1.0,0.0,0.0,1.392,0
38.0,6.0,0.0,0.0,360.0,1.0,0.0,0.0,1.392,1
38.0,6.0,0.0,0.0,62.0,1.0,0.0,0.0,1.392,0
85.0,1.0,0.0,0.0,81.0,1.0,0.0,0.0,1.392,0
27.0,6.0,1.0,0.0,151.0,3.0,0.0,0.0,1.384,0
85.0,1.0,0.0,0.0,165.0,3.0,0.0,0.0,1.384,0
61.0,6.0,1.0,0.0,118.0,2.0,0.0,0.0,1.384,0
38.0,4.0,0.0,0.0,186.0,2.0,0.0,0.0,1.384,0
51.0,2.0,1.0,0.0,89.0,2.0,0.0,0.0,1.372,0
47.0,4.0,1.0,0.0,636.0,2.0,0.0,0.0,1.372,1
33.0,4.0,1.0,0.0,961.0,2.0,1.0,1.0,1.372,1
30.0,6.0,1.0,0.0,169.0,8.0,0.0,0.0,1.372,0
31.0,6.0,1.0,0.0,211.0,1.0,0.0,0.0,1.365,0
30.0,6.0,0.0,0.0,224.0,1.0,0.0,0.0,1.365,1
53.0,6.0,0.0,0.0,494.0,1.0,1.0,2.0,1.365,1
60.0,4.0,,,208.0,1.0,1.0,2.0,1.365,1
51.0,2.0,0.0,0.0,407.0,1.0,1.0,2.0,1.365,1
45.0,6.0,1.0,0.0,220.0,1.0,0.0,0.0,1.365,0
48.0,6.0,1.0,0.0,62.0,1.0,1.0,2.0,1.365,0
54.0,6.0,1.0,0.0,85.0,1.0,0.0,0.0,1.365,0
48.0,6.0,0.0,0.0,619.0,1.0,0.0,0.0,1.365,1
49.0,6.0,1.0,0.0,387.0,1.0,0.0,0.0,1.365,1
24.0,5.0,1.0,0.0,413.0,1.0,0.0,0.0,1.365,1
41.0,5.0,,,347.0,1.0,0.0,0.0,1.365,1
54.0,4.0,1.0,0.0,41.0,1.0,0.0,0.0,1.365,0
36.0,5.0,1.0,0.0,218.0,1.0,2.0,2.0,1.365,1
35.0,6.0,0.0,0.0,375.0,1.0,0.0,0.0,1.365,1
35.0,6.0,1.0,0.0,584.0,1.0,0.0,0.0,1.365,0
20.0,4.0,1.0,0.0,195.0,2.0,0.0,0.0,1.365,0
81.0,5.0,1.0,0.0,99.0,2.0,0.0,0.0,1.365,0
31.0,5.0,1.0,0.0,160.0,1.0,0.0,0.0,1.365,0
35.0,5.0,0.0,0.0,337.0,2.0,1.0,2.0,1.365,1
55.0,,1.0,0.0,110.0,2.0,0.0,0.0,1.365,0
27.0,6.0,1.0,0.0,193.0,1.0,1.0,1.0,1.365,0
40.0,4.0,1.0,0.0,124.0,1.0,1.0,1.0,1.365,0
56.0,6.0,0.0,0.0,284.0,1.0,1.0,1.0,1.365,0
56.0,6.0,0.0,0.0,204.0,1.0,0.0,0.0,1.365,0
30.0,6.0,1.0,0.0,461.0,1.0,0.0,0.0,1.365,1
28.0,3.0,1.0,0.0,315.0,1.0,1.0,2.0,1.365,1
24.0,4.0,0.0,1.0,209.0,1.0,0.0,0.0,1.365,1
56.0,6.0,0.0,0.0,457.0,1.0,1.0,2.0,1.365,1
48.0,6.0,1.0,1.0,173.0,2.0,0.0,0.0,1.365,0
47.0,4.0,0.0,0.0,439.0,2.0,0.0,0.0,1.365,1
63.0,4.0,0.0,0.0,198.0,1.0,1.0,1.0,1.365,0
28.0,6.0,1.0,1.0,76.0,1.0,0.0,0.0,1.365,0
28.0,6.0,1.0,1.0,68.0,1.0,1.0,2.0,1.365,0
48.0,5.0,1.0,1.0,269.0,1.0,1.0,1.0,1.365,1
34.0,5.0,0.0,0.0,130.0,1.0,0.0,0.0,1.365,0
35.0,4.0,1.0,0.0,285.0,1.0,0.0,0.0,1.365,0
27.0,,1.0,0.0,458.0,1.0,0.0,0.0,1.365,1
60.0,5.0,1.0,0.0,473.0,1.0,1.0,1.0,1.365,1
55.0,6.0,0.0,0.0,260.0,1.0,0.0,0.0,1.365,1
40.0,5.0,1.0,0.0,580.0,2.0,1.0,2.0,1.365,1
43.0,6.0,1.0,0.0,114.0,2.0,0.0,0.0,1.365,0
35.0,6.0,1.0,1.0,435.0,1.0,0.0,0.0,1.365,1
25.0,6.0,0.0,1.0,71.0,2.0,0.0,0.0,1.365,0
47.0,,0.0,0.0,85.0,1.0,0.0,0.0,1.365,0
24.0,6.0,1.0,0.0,477.0,1.0,0.0,0.0,1.365,1
58.0,1.0,0.0,0.0,266.0,1.0,1.0,1.0,1.365,1
49.0,5.0,0.0,0.0,618.0,2.0,0.0,0.0,1.365,1
41.0,5.0,0.0,0.0,774.0,2.0,1.0,1.0,1.365,1
29.0,4.0,1.0,0.0,329.0,2.0,1.0,1.0,1.365,0
33.0,4.0,0.0,0.0,113.0,2.0,1.0,1.0,1.365,0
40.0,3.0,1.0,0.0,264.0,2.0,1.0,1.0,1.365,0
37.0,6.0,1.0,0.0,44.0,1.0,0.0,0.0,1.365,0
38.0,6.0,1.0,0.0,510.0,2.0,0.0,0.0,1.365,0
46.0,2.0,1.0,0.0,513.0,1.0,0.0,0.0,1.365,0
41.0,4.0,1.0,0.0,243.0,2.0,0.0,0.0,1.365,0
29.0,5.0,0.0,0.0,427.0,3.0,0.0,0.0,1.365,1
60.0,4.0,1.0,0.0,1260.0,2.0,1.0,2.0,1.365,1
32.0,5.0,1.0,0.0,652.0,2.0,0.0,0.0,1.365,1
35.0,4.0,0.0,0.0,1034.0,2.0,0.0,0.0,1.365,1
27.0,,1.0,0.0,35.0,1.0,0.0,0.0,1.365,0
39.0,6.0,1.0,0.0,369.0,1.0,0.0,0.0,1.365,0
32.0,4.0,0.0,0.0,567.0,2.0,0.0,0.0,1.365,1
42.0,4.0,1.0,0.0,501.0,1.0,0.0,0.0,1.365,1
57.0,6.0,1.0,0.0,374.0,1.0,1.0,2.0,1.365,0
25.0,6.0,1.0,0.0,712.0,2.0,0.0,0.0,1.365,1
27.0,5.0,1.0,1.0,117.0,3.0,0.0,0.0,1.365,0
49.0,6.0,1.0,0.0,347.0,3.0,0.0,0.0,1.365,0
38.0,6.0,0.0,0.0,208.0,3.0,0.0,0.0,1.354,0
59.0,5.0,0.0,0.0,675.0,2.0,0.0,0.0,1.354,1
46.0,4.0,0.0,0.0,60.0,5.0,1.0,2.0,1.354,0
36.0,6.0,0.0,0.0,410.0,4.0,0.0,0.0,1.354,1
30.0,6.0,1.0,0.0,160.0,4.0,1.0,1.0,1.354,0
44.0,5.0,0.0,0.0,74.0,1.0,0.0,0.0,1.354,0
35.0,2.0,0.0,0.0,392.0,2.0,2.0,2.0,1.354,1
49.0,6.0,1.0,1.0,16.0,1.0,0.0,0.0,1.354,0
39.0,4.0,0.0,0.0,597.0,1.0,0.0,0.0,1.354,1
30.0,4.0,0.0,0.0,417.0,1.0,1.0,2.0,1.354,1
35.0,2.0,1.0,0.0,136.0,1.0,1.0,1.0,1.354,0
28.0,6.0,1.0,0.0,643.0,1.0,0.0,0.0,1.354,1
34.0,5.0,1.0,1.0,275.0,3.0,0.0,0.0,1.354,0
50.0,2.0,1.0,0.0,293.0,3.0,1.0,2.0,1.354,1
28.0,2.0,0.0,0.0,364.0,2.0,0.0,0.0,1.354,0
27.0,4.0,0.0,0.0,64.0,2.0,1.0,1.0,1.354,0
27.0,6.0,1.0,0.0,77.0,2.0,0.0,0.0,1.354,0
66.0,6.0,0.0,0.0,98.0,4.0,1.0,2.0,1.354,0
35.0,4.0,0.0,0.0,297.0,4.0,0.0,0.0,1.354,0
53.0,4.0,1.0,0.0,383.0,2.0,1.0,1.0,1.354,0
31.0,4.0,0.0,0.0,619.0,6.0,0.0,0.0,1.354,1
41.0,4.0,1.0,0.0,306.0,3.0,1.0,1.0,1.354,0
27.0,6.0,1.0,0.0,90.0,4.0,1.0,1.0,1.354,0
51.0,1.0,1.0,0.0,601.0,3.0,0.0,0.0,1.354,1
28.0,6.0,0.0,0.0,497.0,3.0,0.0,0.0,1.354,0
28.0,4.0,1.0,0.0,134.0,3.0,1.0,1.0,1.354,0
34.0,5.0,1.0,0.0,72.0,5.0,0.0,0.0,1.354,0
45.0,6.0,1.0,0.0,254.0,4.0,0.0,0.0,1.354,0
43.0,4.0,1.0,0.0,76.0,4.0,1.0,2.0,1.354,0
57.0,3.0,1.0,0.0,429.0,4.0,1.0,1.0,1.354,1
59.0,,1.0,0.0,399.0,2.0,0.0,0.0,1.354,0
30.0,5.0,0.0,0.0,399.0,1.0,0.0,0.0,1.354,0
53.0,3.0,0.0,0.0,40.0,5.0,0.0,0.0,1.354,0
44.0,5.0,0.0,0.0,230.0,6.0,1.0,2.0,1.354,0
31.0,4.0,0.0,0.0,211.0,3.0,0.0,0.0,1.354,0
50.0,3.0,1.0,1.0,673.0,6.0,1.0,2.0,1.354,1
39.0,1.0,0.0,1.0,205.0,2.0,0.0,0.0,1.344,0
25.0,4.0,0.0,0.0,171.0,2.0,0.0,0.0,1.344,0
36.0,4.0,1.0,0.0,136.0,5.0,0.0,0.0,1.344,0
36.0,2.0,1.0,0.0,94.0,5.0,0.0,0.0,1.344,0
55.0,1.0,0.0,0.0,43.0,5.0,0.0,0.0,1.344,0
36.0,4.0,1.0,0.0,19.0,2.0,0.0,0.0,1.344,0
32.0,5.0,0.0,0.0,146.0,2.0,0.0,0.0,1.344,0
19.0,4.0,0.0,1.0,106.0,4.0,0.0,0.0,1.344,0
37.0,2.0,0.0,0.0,84.0,5.0,0.0,0.0,1.344,0
43.0,1.0,0.0,0.0,184.0,1.0,2.0,1.0,1.344,0
42.0,3.0,0.0,0.0,632.0,5.0,1.0,2.0,1.344,0
34.0,6.0,1.0,1.0,106.0,1.0,0.0,0.0,1.344,0
35.0,4.0,1.0,0.0,31.0,1.0,0.0,0.0,1.344,0
33.0,4.0,1.0,0.0,169.0,1.0,0.0,0.0,1.344,0
38.0,5.0,0.0,1.0,266.0,1.0,1.0,1.0,1.344,0
39.0,3.0,0.0,0.0,163.0,1.0,0.0,0.0,1.344,0
39.0,3.0,0.0,0.0,225.0,1.0,0.0,0.0,1.344,0
49.0,4.0,1.0,0.0,668.0,1.0,1.0,1.0,1.344,1
39.0,3.0,1.0,1.0,494.0,1.0,0.0,0.0,1.344,1
51.0,1.0,0.0,0.0,142.0,1.0,1.0,1.0,1.344,0
43.0,2.0,0.0,1.0,175.0,1.0,0.0,0.0,1.344,0
36.0,3.0,1.0,1.0,731.0,1.0,0.0,0.0,1.344,1
38.0,6.0,1.0,0.0,55.0,1.0,1.0,1.0,1.344,0
47.0,6.0,0.0,0.0,242.0,1.0,1.0,1.0,1.344,0
35.0,4.0,1.0,0.0,173.0,1.0,1.0,1.0,1.344,0
34.0,4.0,1.0,0.0,863.0,1.0,2.0,2.0,1.344,1
36.0,4.0,1.0,0.0,479.0,1.0,0.0,0.0,1.344,0
40.0,6.0,1.0,0.0,459.0,1.0,0.0,0.0,1.344,0
50.0,,0.0,0.0,95.0,1.0,0.0,0.0,1.344,0
55.0,3.0,1.0,0.0,604.0,1.0,0.0,0.0,1.344,0
41.0,3.0,0.0,0.0,381.0,1.0,1.0,1.0,1.344,0
39.0,2.0,1.0,0.0,103.0,1.0,2.0,1.0,1.344,0
35.0,2.0,1.0,0.0,136.0,2.0,0.0,0.0,1.344,0
30.0,3.0,0.0,1.0,143.0,1.0,1.0,1.0,1.344,0
32.0,4.0,1.0,0.0,323.0,2.0,0.0,0.0,1.344,0
49.0,4.0,0.0,0.0,141.0,1.0,0.0,0.0,1.344,0
58.0,4.0,0.0,0.0,127.0,1.0,1.0,1.0,1.344,0
47.0,,1.0,0.0,22.0,1.0,1.0,1.0,1.344,0
36.0,4.0,1.0,0.0,220.0,1.0,1.0,1.0,1.344,0
45.0,3.0,1.0,0.0,29.0,3.0,0.0,0.0,1.344,0
32.0,5.0,1.0,0.0,235.0,2.0,0.0,0.0,1.344,0
34.0,4.0,0.0,0.0,295.0,2.0,0.0,0.0,1.344,0
34.0,4.0,0.0,0.0,542.0,4.0,1.0,1.0,1.344,0
38.0,1.0,1.0,0.0,360.0,1.0,1.0,1.0,1.344,0
36.0,3.0,0.0,0.0,253.0,3.0,1.0,1.0,1.344,0
47.0,1.0,0.0,0.0,227.0,1.0,0.0,0.0,1.344,0
41.0,3.0,1.0,0.0,160.0,1.0,0.0,0.0,1.344,0
29.0,6.0,0.0,0.0,41.0,1.0,0.0,0.0,1.344,0
28.0,6.0,0.0,0.0,585.0,1.0,0.0,0.0,1.344,0
32.0,3.0,0.0,0.0,301.0,2.0,0.0,0.0,1.344,0
37.0,2.0,1.0,0.0,114.0,1.0,0.0,0.0,1.344,0
54.0,6.0,1.0,1.0,198.0,1.0,1.0,1.0,1.344,0
34.0,4.0,1.0,1.0,369.0,2.0,1.0,1.0,1.344,0
58.0,1.0,0.0,0.0,304.0,2.0,1.0,1.0,1.344,0
35.0,4.0,0.0,0.0,71.0,2.0,0.0,0.0,1.344,0
37.0,6.0,1.0,0.0,414.0,5.0,0.0,0.0,1.344,0
26.0,6.0,0.0,0.0,279.0,2.0,1.0,1.0,1.344,0
37.0,,1.0,0.0,147.0,2.0,1.0,1.0,1.344,0
55.0,4.0,0.0,0.0,306.0,2.0,0.0,0.0,1.344,0
32.0,5.0,1.0,0.0,81.0,9.0,0.0,0.0,1.344,0
37.0,4.0,0.0,0.0,378.0,3.0,0.0,0.0,1.344,0
36.0,2.0,1.0,1.0,333.0,2.0,0.0,0.0,1.344,0
34.0,6.0,1.0,0.0,122.0,2.0,1.0,1.0,1.344,0
31.0,3.0,1.0,0.0,180.0,3.0,2.0,1.0,1.344,0
35.0,2.0,0.0,0.0,178.0,2.0,1.0,1.0,1.344,0
44.0,6.0,1.0,0.0,203.0,2.0,0.0,0.0,1.344,0
47.0,6.0,1.0,0.0,469.0,2.0,1.0,1.0,1.344,0
34.0,3.0,0.0,0.0,52.0,3.0,0.0,0.0,1.344,0
39.0,3.0,0.0,0.0,233.0,2.0,0.0,0.0,1.344,0
46.0,4.0,1.0,0.0,368.0,1.0,0.0,0.0,1.344,0
34.0,4.0,0.0,0.0,104.0,2.0,1.0,1.0,1.334,0
33.0,4.0,0.0,0.0,105.0,4.0,1.0,1.0,1.334,0
36.0,3.0,1.0,1.0,438.0,1.0,0.0,0.0,1.334,0
46.0,3.0,1.0,0.0,113.0,1.0,0.0,0.0,1.334,0
38.0,6.0,1.0,0.0,814.0,1.0,0.0,0.0,1.334,0
35.0,3.0,1.0,0.0,248.0,1.0,0.0,0.0,1.334,0
29.0,6.0,1.0,0.0,215.0,3.0,1.0,1.0,1.334,0
41.0,1.0,1.0,0.0,26.0,1.0,0.0,0.0,1.334,0
36.0,5.0,1.0,0.0,731.0,1.0,1.0,2.0,1.334,1
48.0,2.0,0.0,0.0,14.0,11.0,0.0,0.0,1.334,0
39.0,3.0,0.0,1.0,343.0,3.0,1.0,1.0,1.334,0
45.0,6.0,0.0,0.0,139.0,6.0,0.0,0.0,1.334,0
34.0,3.0,0.0,1.0,439.0,1.0,0.0,0.0,1.334,0
34.0,6.0,1.0,0.0,36.0,1.0,1.0,1.0,1.334,0
57.0,4.0,0.0,0.0,644.0,1.0,1.0,1.0,1.334,0
46.0,2.0,0.0,0.0,19.0,1.0,0.0,0.0,1.334,0
39.0,1.0,0.0,0.0,272.0,1.0,1.0,1.0,1.334,0
31.0,4.0,1.0,0.0,291.0,1.0,0.0,0.0,1.334,0
28.0,6.0,0.0,1.0,223.0,1.0,0.0,0.0,1.334,0
37.0,6.0,0.0,0.0,208.0,1.0,1.0,1.0,1.334,0
43.0,1.0,0.0,1.0,153.0,1.0,2.0,1.0,1.334,0
27.0,6.0,0.0,0.0,274.0,1.0,0.0,0.0,1.334,0
44.0,2.0,1.0,0.0,278.0,1.0,0.0,0.0,1.334,0
25.0,6.0,0.0,0.0,101.0,1.0,0.0,0.0,1.334,0
35.0,5.0,1.0,1.0,137.0,1.0,1.0,1.0,1.334,0
39.0,4.0,1.0,0.0,305.0,1.0,1.0,1.0,1.334,0
36.0,5.0,0.0,0.0,340.0,1.0,0.0,0.0,1.334,0
48.0,1.0,0.0,0.0,109.0,1.0,1.0,2.0,1.334,0
48.0,1.0,0.0,1.0,170.0,1.0,0.0,0.0,1.334,0
35.0,5.0,0.0,0.0,339.0,1.0,1.0,1.0,1.334,0
57.0,3.0,1.0,0.0,236.0,1.0,0.0,0.0,1.334,0
20.0,4.0,1.0,0.0,159.0,1.0,0.0,0.0,1.334,0
34.0,,1.0,0.0,123.0,1.0,1.0,1.0,1.334,0
36.0,6.0,0.0,0.0,37.0,2.0,0.0,0.0,1.334,0
58.0,3.0,0.0,1.0,144.0,1.0,0.0,0.0,1.334,0
38.0,3.0,1.0,0.0,472.0,1.0,0.0,0.0,1.334,0
36.0,5.0,0.0,0.0,45.0,1.0,0.0,0.0,1.334,0
38.0,1.0,0.0,0.0,161.0,1.0,1.0,1.0,1.334,0
36.0,5.0,0.0,0.0,199.0,1.0,1.0,1.0,1.334,0
38.0,6.0,,,118.0,1.0,0.0,0.0,1.334,0
51.0,6.0,0.0,0.0,187.0,1.0,0.0,0.0,1.334,0
47.0,4.0,0.0,0.0,378.0,1.0,0.0,0.0,1.334,0
31.0,,1.0,0.0,84.0,1.0,1.0,1.0,1.334,0
54.0,6.0,1.0,1.0,39.0,1.0,1.0,1.0,1.334,0
35.0,5.0,0.0,0.0,66.0,2.0,0.0,0.0,1.334,0
46.0,4.0,0.0,0.0,124.0,1.0,0.0,0.0,1.334,0
29.0,3.0,0.0,1.0,837.0,1.0,0.0,0.0,1.334,1
33.0,5.0,1.0,0.0,221.0,1.0,0.0,0.0,1.334,0
33.0,5.0,1.0,0.0,318.0,1.0,1.0,1.0,1.334,0
34.0,,0.0,1.0,106.0,2.0,0.0,0.0,1.334,0
41.0,4.0,0.0,0.0,52.0,2.0,0.0,0.0,1.334,0
38.0,4.0,1.0,0.0,839.0,2.0,1.0,2.0,1.334,1
36.0,3.0,0.0,0.0,428.0,1.0,0.0,0.0,1.334,0
36.0,6.0,1.0,0.0,317.0,1.0,1.0,1.0,1.334,0
51.0,3.0,0.0,0.0,123.0,1.0,0.0,0.0,1.334,0
36.0,6.0,1.0,0.0,127.0,2.0,0.0,0.0,1.334,0
39.0,4.0,0.0,0.0,100.0,1.0,0.0,0.0,1.334,0
37.0,5.0,1.0,1.0,161.0,1.0,0.0,0.0,1.334,0
45.0,1.0,0.0,0.0,193.0,1.0,0.0,0.0,1.334,0
37.0,6.0,0.0,0.0,305.0,1.0,0.0,0.0,1.334,0
37.0,3.0,1.0,0.0,204.0,2.0,0.0,0.0,1.334,0
37.0,1.0,1.0,0.0,164.0,3.0,0.0,0.0,1.334,0
52.0,,0.0,0.0,321.0,1.0,0.0,0.0,1.334,0
34.0,4.0,0.0,0.0,191.0,1.0,0.0,0.0,1.334,0
48.0,1.0,0.0,0.0,79.0,2.0,1.0,1.0,1.334,0
37.0,3.0,0.0,0.0,138.0,1.0,0.0,0.0,1.334,0
29.0,6.0,0.0,0.0,198.0,2.0,2.0,1.0,1.334,0
33.0,4.0,1.0,1.0,323.0,2.0,1.0,1.0,1.334,0
39.0,3.0,1.0,0.0,222.0,2.0,1.0,1.0,1.334,0
37.0,2.0,0.0,0.0,322.0,2.0,1.0,1.0,1.334,0
32.0,5.0,1.0,0.0,97.0,2.0,0.0,0.0,1.334,0
30.0,4.0,1.0,0.0,62.0,4.0,1.0,1.0,1.334,0
48.0,3.0,0.0,0.0,487.0,2.0,0.0,0.0,1.334,0
33.0,6.0,1.0,0.0,96.0,2.0,1.0,1.0,1.334,0
51.0,3.0,1.0,0.0,90.0,2.0,0.0,0.0,1.334,0
46.0,4.0,0.0,0.0,765.0,1.0,1.0,1.0,1.334,1
40.0,,1.0,0.0,88.0,1.0,1.0,1.0,1.334,0
52.0,,0.0,1.0,346.0,3.0,0.0,0.0,1.334,0
54.0,6.0,1.0,1.0,265.0,2.0,1.0,1.0,1.334,0
54.0,6.0,1.0,0.0,57.0,2.0,1.0,1.0,1.334,0
40.0,4.0,0.0,0.0,246.0,4.0,1.0,1.0,1.334,0
41.0,1.0,0.0,1.0,17.0,3.0,2.0,1.0,1.334,0
34.0,4.0,0.0,0.0,215.0,2.0,2.0,1.0,1.334,0
50.0,6.0,1.0,0.0,335.0,3.0,0.0,0.0,1.334,0
28.0,3.0,0.0,0.0,77.0,3.0,0.0,0.0,1.334,0
45.0,6.0,1.0,0.0,1074.0,4.0,1.0,1.0,1.334,1
37.0,3.0,0.0,0.0,97.0,2.0,0.0,0.0,1.334,0
34.0,3.0,1.0,0.0,157.0,3.0,1.0,1.0,1.334,0
38.0,6.0,0.0,0.0,219.0,2.0,0.0,0.0,1.327,0
35.0,4.0,1.0,0.0,187.0,1.0,0.0,0.0,1.327,0
31.0,4.0,1.0,0.0,633.0,1.0,0.0,0.0,1.327,0
30.0,1.0,0.0,0.0,205.0,1.0,0.0,0.0,1.327,0
40.0,3.0,1.0,1.0,549.0,1.0,0.0,0.0,1.327,0
42.0,3.0,0.0,0.0,183.0,4.0,0.0,0.0,1.327,0
29.0,3.0,0.0,0.0,113.0,1.0,0.0,0.0,1.327,0
29.0,4.0,1.0,0.0,556.0,1.0,0.0,0.0,1.327,0
26.0,5.0,1.0,0.0,176.0,1.0,0.0,0.0,1.327,0
50.0,3.0,1.0,0.0,429.0,1.0,1.0,1.0,1.327,0
60.0,6.0,1.0,1.0,107.0,1.0,1.0,1.0,1.327,0
60.0,6.0,0.0,0.0,87.0,1.0,0.0,0.0,1.327,0
52.0,4.0,1.0,0.0,198.0,1.0,1.0,1.0,1.327,0
33.0,4.0,0.0,0.0,63.0,1.0,1.0,1.0,1.327,0
43.0,3.0,1.0,0.0,83.0,1.0,0.0,0.0,1.327,0
36.0,5.0,0.0,0.0,229.0,2.0,0.0,0.0,1.327,0
32.0,5.0,1.0,1.0,1046.0,1.0,0.0,0.0,1.327,1
28.0,6.0,1.0,0.0,1148.0,1.0,0.0,0.0,1.327,1
40.0,5.0,1.0,0.0,609.0,1.0,0.0,0.0,1.327,0
25.0,3.0,1.0,0.0,133.0,1.0,0.0,0.0,1.327,0
25.0,3.0,1.0,0.0,162.0,1.0,0.0,0.0,1.327,0
40.0,2.0,1.0,0.0,123.0,1.0,0.0,0.0,1.327,0
35.0,3.0,0.0,0.0,234.0,1.0,1.0,1.0,1.327,0
57.0,2.0,0.0,1.0,93.0,1.0,1.0,1.0,1.327,0
57.0,2.0,1.0,0.0,189.0,1.0,2.0,2.0,1.327,0
29.0,3.0,1.0,0.0,302.0,1.0,1.0,1.0,1.327,0
26.0,6.0,1.0,0.0,223.0,1.0,0.0,0.0,1.327,0
26.0,6.0,1.0,0.0,551.0,1.0,1.0,1.0,1.327,0
38.0,4.0,0.0,0.0,192.0,1.0,1.0,1.0,1.327,0
34.0,1.0,1.0,0.0,60.0,4.0,0.0,0.0,1.327,0
37.0,3.0,1.0,1.0,356.0,1.0,0.0,0.0,1.327,0
36.0,4.0,1.0,0.0,208.0,1.0,1.0,1.0,1.327,0
51.0,2.0,0.0,1.0,122.0,1.0,1.0,1.0,1.327,0
42.0,1.0,0.0,0.0,128.0,1.0,0.0,0.0,1.327,0
49.0,4.0,1.0,0.0,168.0,3.0,1.0,1.0,1.327,0
47.0,6.0,1.0,0.0,72.0,1.0,0.0,0.0,1.327,0
36.0,3.0,1.0,1.0,314.0,2.0,0.0,0.0,1.327,0
30.0,6.0,0.0,0.0,199.0,1.0,0.0,0.0,1.327,0
47.0,4.0,0.0,0.0,176.0,1.0,0.0,0.0,1.327,0
35.0,,0.0,0.0,446.0,1.0,1.0,1.0,1.327,0
41.0,2.0,1.0,1.0,65.0,1.0,0.0,0.0,1.327,0
26.0,1.0,0.0,1.0,54.0,1.0,1.0,1.0,1.327,0
43.0,4.0,0.0,0.0,57.0,2.0,2.0,1.0,1.327,0
37.0,3.0,0.0,1.0,447.0,2.0,1.0,1.0,1.327,0
43.0,4.0,1.0,0.0,304.0,1.0,0.0,0.0,1.327,0
31.0,6.0,0.0,1.0,130.0,2.0,2.0,1.0,1.327,0
34.0,6.0,1.0,0.0,141.0,1.0,0.0,0.0,1.327,0
37.0,4.0,1.0,0.0,290.0,1.0,1.0,1.0,1.327,0
29.0,2.0,0.0,0.0,481.0,2.0,0.0,0.0,1.327,1
34.0,4.0,1.0,0.0,230.0,1.0,0.0,0.0,1.327,0
37.0,6.0,0.0,0.0,51.0,1.0,0.0,0.0,1.327,0
45.0,4.0,1.0,0.0,174.0,1.0,1.0,1.0,1.327,0
32.0,4.0,0.0,0.0,213.0,2.0,0.0,0.0,1.327,0
27.0,3.0,1.0,0.0,135.0,1.0,0.0,0.0,1.327,0
37.0,6.0,0.0,0.0,159.0,2.0,1.0,1.0,1.327,0
45.0,4.0,1.0,0.0,121.0,2.0,0.0,0.0,1.327,0
27.0,4.0,1.0,0.0,193.0,1.0,0.0,0.0,1.327,0
52.0,5.0,0.0,0.0,94.0,1.0,0.0,0.0,1.327,0
27.0,4.0,1.0,1.0,356.0,2.0,1.0,1.0,1.327,0
41.0,4.0,1.0,0.0,360.0,2.0,0.0,0.0,1.327,0
33.0,3.0,0.0,0.0,225.0,3.0,1.0,1.0,1.327,0
37.0,6.0,1.0,0.0,166.0,2.0,0.0,0.0,1.327,0
33.0,6.0,1.0,1.0,589.0,2.0,0.0,0.0,1.327,0
32.0,6.0,1.0,1.0,178.0,1.0,0.0,0.0,1.327,0
32.0,6.0,1.0,0.0,100.0,4.0,1.0,1.0,1.327,0
31.0,4.0,0.0,0.0,45.0,1.0,1.0,1.0,1.327,0
39.0,5.0,1.0,0.0,1254.0,3.0,1.0,1.0,1.327,0
28.0,3.0,1.0,1.0,65.0,3.0,1.0,1.0,1.327,0
29.0,4.0,0.0,0.0,325.0,1.0,0.0,0.0,1.327,0
36.0,3.0,0.0,0.0,115.0,3.0,0.0,0.0,1.327,0
33.0,5.0,0.0,0.0,153.0,2.0,0.0,0.0,1.327,0
26.0,3.0,1.0,0.0,33.0,3.0,1.0,1.0,1.327,0
46.0,6.0,1.0,0.0,247.0,2.0,1.0,1.0,1.327,0
36.0,4.0,0.0,0.0,227.0,2.0,0.0,0.0,1.327,0
59.0,1.0,0.0,0.0,190.0,2.0,1.0,1.0,1.327,0
46.0,6.0,0.0,0.0,227.0,2.0,0.0,0.0,1.327,0
31.0,6.0,0.0,0.0,245.0,3.0,0.0,0.0,1.327,0
40.0,3.0,1.0,1.0,227.0,2.0,0.0,0.0,1.327,0
28.0,3.0,0.0,0.0,11.0,2.0,0.0,0.0,1.327,0
26.0,3.0,1.0,1.0,217.0,2.0,1.0,1.0,1.327,0
36.0,3.0,1.0,0.0,246.0,2.0,0.0,0.0,1.327,0
35.0,4.0,0.0,1.0,195.0,2.0,1.0,1.0,1.327,0
44.0,5.0,1.0,0.0,245.0,3.0,0.0,0.0,1.327,0
46.0,4.0,0.0,0.0,79.0,2.0,0.0,0.0,1.327,0
46.0,3.0,1.0,0.0,364.0,3.0,0.0,0.0,1.327,0
29.0,5.0,1.0,0.0,109.0,2.0,0.0,0.0,1.327,0
30.0,1.0,1.0,0.0,219.0,2.0,0.0,0.0,1.327,0
24.0,4.0,1.0,0.0,263.0,2.0,1.0,2.0,1.327,0
36.0,,0.0,0.0,156.0,2.0,0.0,0.0,1.327,0
49.0,3.0,0.0,0.0,589.0,2.0,0.0,0.0,1.327,0
46.0,6.0,1.0,1.0,84.0,3.0,1.0,1.0,1.327,0
37.0,4.0,1.0,0.0,113.0,2.0,0.0,0.0,1.327,0
31.0,6.0,1.0,0.0,239.0,2.0,0.0,0.0,1.327,0
39.0,5.0,0.0,0.0,20.0,8.0,0.0,0.0,1.327,0
46.0,,0.0,0.0,162.0,7.0,0.0,0.0,1.327,0
39.0,2.0,1.0,0.0,123.0,3.0,0.0,0.0,1.327,0
43.0,3.0,0.0,0.0,1297.0,2.0,0.0,0.0,1.327,0
28.0,6.0,1.0,0.0,201.0,1.0,0.0,0.0,1.327,0
41.0,,0.0,1.0,373.0,2.0,1.0,1.0,1.327,0
25.0,4.0,0.0,0.0,128.0,8.0,0.0,0.0,1.313,0
39.0,3.0,,,143.0,4.0,0.0,0.0,1.313,0
31.0,6.0,0.0,0.0,145.0,1.0,0.0,0.0,1.313,0
31.0,6.0,1.0,1.0,440.0,1.0,0.0,0.0,1.313,0
48.0,3.0,0.0,0.0,253.0,3.0,0.0,0.0,1.313,0
49.0,6.0,1.0,0.0,164.0,1.0,1.0,1.0,1.313,0
44.0,4.0,0.0,0.0,127.0,1.0,1.0,1.0,1.313,0
31.0,4.0,0.0,0.0,98.0,2.0,0.0,0.0,1.313,0
39.0,2.0,0.0,0.0,138.0,1.0,0.0,0.0,1.313,0
32.0,4.0,1.0,0.0,76.0,1.0,0.0,0.0,1.313,0
60.0,1.0,0.0,0.0,65.0,2.0,0.0,0.0,1.313,0
41.0,4.0,1.0,0.0,380.0,4.0,1.0,1.0,1.313,0
39.0,5.0,1.0,0.0,264.0,1.0,0.0,0.0,1.313,0
31.0,4.0,1.0,0.0,364.0,5.0,0.0,0.0,1.313,0
42.0,5.0,1.0,0.0,108.0,1.0,0.0,0.0,1.313,0
43.0,3.0,1.0,0.0,105.0,1.0,0.0,0.0,1.313,0
33.0,4.0,1.0,0.0,26.0,1.0,0.0,0.0,1.313,0
39.0,6.0,1.0,0.0,53.0,1.0,0.0,0.0,1.313,0
35.0,4.0,1.0,1.0,94.0,1.0,0.0,0.0,1.313,0
32.0,1.0,1.0,0.0,240.0,1.0,0.0,0.0,1.313,0
32.0,1.0,1.0,1.0,340.0,1.0,0.0,0.0,1.313,0
31.0,3.0,1.0,0.0,122.0,1.0,1.0,1.0,1.313,0
33.0,4.0,1.0,0.0,557.0,1.0,1.0,1.0,1.313,0
31.0,4.0,0.0,0.0,77.0,2.0,0.0,0.0,1.313,0
40.0,,0.0,0.0,265.0,1.0,1.0,1.0,1.313,0
57.0,6.0,0.0,0.0,208.0,1.0,0.0,0.0,1.313,0
42.0,4.0,1.0,0.0,163.0,1.0,1.0,1.0,1.313,0
38.0,4.0,0.0,0.0,240.0,1.0,0.0,0.0,1.313,0
29.0,5.0,1.0,0.0,14.0,5.0,1.0,1.0,1.313,0
25.0,4.0,1.0,1.0,137.0,4.0,0.0,0.0,1.313,0
33.0,2.0,,,295.0,1.0,0.0,0.0,1.313,0
47.0,4.0,0.0,1.0,168.0,2.0,0.0,0.0,1.313,0
32.0,3.0,1.0,0.0,144.0,2.0,1.0,1.0,1.313,0
45.0,6.0,0.0,0.0,763.0,1.0,0.0,0.0,1.313,0
42.0,4.0,1.0,0.0,128.0,1.0,0.0,0.0,1.313,0
29.0,3.0,0.0,0.0,111.0,4.0,0.0,0.0,1.313,0
37.0,3.0,0.0,0.0,301.0,1.0,0.0,0.0,1.313,0
46.0,3.0,0.0,0.0,175.0,2.0,1.0,1.0,1.313,0
38.0,3.0,1.0,0.0,98.0,1.0,0.0,0.0,1.313,0
49.0,3.0,1.0,0.0,86.0,1.0,1.0,1.0,1.313,0
57.0,,0.0,0.0,144.0,4.0,0.0,0.0,1.313,0
34.0,4.0,1.0,0.0,310.0,2.0,2.0,1.0,1.313,0
38.0,6.0,0.0,0.0,525.0,1.0,0.0,0.0,1.313,0
45.0,4.0,1.0,0.0,127.0,2.0,0.0,0.0,1.313,0
36.0,3.0,1.0,0.0,501.0,2.0,0.0,0.0,1.313,1
35.0,3.0,0.0,0.0,414.0,2.0,1.0,1.0,1.313,0
32.0,6.0,1.0,0.0,374.0,2.0,0.0,0.0,1.313,0
34.0,6.0,0.0,0.0,51.0,1.0,0.0,0.0,1.313,0
31.0,4.0,1.0,0.0,197.0,1.0,1.0,1.0,1.313,0
35.0,4.0,,,55.0,1.0,0.0,0.0,1.313,0
35.0,4.0,1.0,0.0,478.0,1.0,0.0,0.0,1.313,0
34.0,6.0,0.0,1.0,398.0,2.0,0.0,0.0,1.313,0
24.0,3.0,0.0,0.0,87.0,3.0,0.0,0.0,1.313,0
28.0,3.0,0.0,0.0,137.0,3.0,1.0,1.0,1.313,0
38.0,4.0,1.0,1.0,159.0,1.0,0.0,0.0,1.313,0
41.0,2.0,1.0,0.0,261.0,1.0,1.0,1.0,1.313,0
43.0,3.0,1.0,0.0,66.0,1.0,1.0,1.0,1.313,0
55.0,,0.0,0.0,9.0,2.0,2.0,1.0,1.313,0
35.0,6.0,1.0,0.0,662.0,1.0,1.0,2.0,1.313,1
39.0,4.0,0.0,1.0,248.0,1.0,1.0,1.0,1.313,0
37.0,3.0,1.0,0.0,82.0,2.0,1.0,1.0,1.313,0
34.0,4.0,0.0,0.0,131.0,2.0,0.0,0.0,1.313,0
41.0,3.0,1.0,1.0,198.0,1.0,0.0,0.0,1.313,0
57.0,4.0,1.0,0.0,129.0,2.0,1.0,1.0,1.313,0
33.0,3.0,1.0,1.0,99.0,1.0,0.0,0.0,1.313,0
44.0,6.0,1.0,0.0,69.0,1.0,1.0,1.0,1.313,0
33.0,4.0,1.0,0.0,435.0,2.0,1.0,1.0,1.313,0
45.0,6.0,0.0,0.0,272.0,1.0,1.0,1.0,1.313,0
33.0,6.0,0.0,0.0,89.0,6.0,0.0,0.0,1.313,0
34.0,6.0,1.0,1.0,183.0,1.0,0.0,0.0,1.313,0
47.0,4.0,0.0,1.0,196.0,1.0,0.0,0.0,1.313,0
34.0,6.0,0.0,0.0,247.0,1.0,1.0,1.0,1.313,0
29.0,1.0,1.0,0.0,206.0,1.0,0.0,0.0,1.313,0
37.0,5.0,0.0,0.0,462.0,1.0,1.0,1.0,1.313,0
25.0,4.0,1.0,0.0,238.0,6.0,2.0,1.0,1.313,0
34.0,5.0,1.0,0.0,81.0,2.0,0.0,0.0,1.313,0
41.0,4.0,0.0,0.0,1642.0,2.0,0.0,0.0,1.313,0
39.0,3.0,0.0,0.0,69.0,4.0,0.0,0.0,1.313,0
40.0,2.0,1.0,0.0,356.0,4.0,0.0,0.0,1.313,0
35.0,5.0,1.0,0.0,226.0,5.0,0.0,0.0,1.313,0
32.0,4.0,0.0,0.0,428.0,3.0,0.0,0.0,1.313,0
40.0,4.0,0.0,1.0,326.0,4.0,0.0,0.0,1.313,0
38.0,4.0,0.0,0.0,217.0,2.0,0.0,0.0,1.313,0
37.0,4.0,1.0,0.0,503.0,1.0,0.0,0.0,1.313,0
42.0,5.0,1.0,0.0,262.0,2.0,0.0,0.0,1.313,0
34.0,5.0,0.0,0.0,83.0,2.0,1.0,1.0,1.313,0
29.0,3.0,0.0,1.0,274.0,2.0,0.0,0.0,1.313,0
35.0,4.0,1.0,0.0,104.0,4.0,1.0,1.0,1.313,0
34.0,4.0,0.0,0.0,267.0,2.0,0.0,0.0,1.313,0
38.0,4.0,,,295.0,2.0,0.0,0.0,1.313,0
52.0,4.0,0.0,1.0,38.0,2.0,0.0,0.0,1.313,0
37.0,1.0,1.0,1.0,456.0,2.0,0.0,0.0,1.313,0
54.0,6.0,0.0,0.0,217.0,7.0,0.0,0.0,1.313,0
35.0,6.0,1.0,1.0,152.0,2.0,1.0,1.0,1.313,0
43.0,1.0,0.0,0.0,518.0,3.0,0.0,0.0,1.313,0
30.0,6.0,1.0,0.0,129.0,2.0,1.0,1.0,1.313,0
45.0,6.0,0.0,0.0,311.0,3.0,0.0,0.0,1.313,0
28.0,4.0,0.0,0.0,1049.0,2.0,0.0,0.0,1.313,0
34.0,3.0,1.0,0.0,152.0,1.0,0.0,0.0,1.313,0
29.0,4.0,1.0,0.0,548.0,1.0,0.0,0.0,1.313,0
34.0,3.0,,,248.0,1.0,1.0,1.0,1.313,0
34.0,3.0,1.0,1.0,142.0,4.0,0.0,0.0,1.299,0
26.0,2.0,0.0,0.0,84.0,7.0,0.0,0.0,1.299,0
29.0,4.0,1.0,0.0,62.0,3.0,1.0,1.0,1.299,0
32.0,4.0,0.0,0.0,80.0,1.0,0.0,0.0,1.299,0
31.0,4.0,1.0,0.0,206.0,1.0,0.0,0.0,1.299,0
25.0,4.0,1.0,0.0,23.0,1.0,0.0,0.0,1.299,0
40.0,5.0,1.0,0.0,94.0,1.0,0.0,0.0,1.299,0
33.0,3.0,1.0,0.0,194.0,1.0,1.0,1.0,1.299,0
34.0,4.0,1.0,0.0,577.0,1.0,0.0,0.0,1.299,0
33.0,3.0,1.0,0.0,457.0,1.0,0.0,0.0,1.299,0
37.0,4.0,0.0,0.0,547.0,1.0,0.0,0.0,1.299,0
53.0,1.0,1.0,0.0,267.0,1.0,0.0,0.0,1.299,0
42.0,4.0,1.0,0.0,7.0,5.0,2.0,1.0,1.299,0
34.0,4.0,1.0,1.0,528.0,1.0,0.0,0.0,1.299,0
40.0,1.0,0.0,0.0,84.0,2.0,0.0,0.0,1.299,0
27.0,6.0,0.0,1.0,117.0,1.0,1.0,1.0,1.299,0
23.0,3.0,1.0,0.0,58.0,1.0,0.0,0.0,1.299,0
37.0,3.0,1.0,0.0,346.0,1.0,2.0,1.0,1.299,0
37.0,4.0,0.0,0.0,42.0,1.0,0.0,0.0,1.299,0
30.0,6.0,1.0,0.0,67.0,1.0,0.0,0.0,1.299,0
30.0,6.0,1.0,0.0,188.0,1.0,0.0,0.0,1.299,0
54.0,4.0,1.0,0.0,254.0,2.0,1.0,1.0,1.299,0
39.0,3.0,1.0,1.0,75.0,1.0,1.0,1.0,1.299,0
27.0,6.0,1.0,1.0,80.0,1.0,1.0,1.0,1.299,0
30.0,5.0,1.0,0.0,308.0,1.0,0.0,0.0,1.299,0
51.0,5.0,0.0,0.0,59.0,1.0,0.0,0.0,1.299,0
41.0,5.0,0.0,0.0,686.0,1.0,0.0,0.0,1.299,0
32.0,4.0,0.0,0.0,28.0,1.0,0.0,0.0,1.299,0
51.0,5.0,0.0,0.0,256.0,1.0,0.0,0.0,1.299,0
51.0,5.0,0.0,0.0,295.0,1.0,1.0,1.0,1.299,0
38.0,4.0,1.0,0.0,306.0,1.0,0.0,0.0,1.299,0
47.0,1.0,1.0,0.0,115.0,1.0,1.0,1.0,1.299,0
34.0,6.0,0.0,1.0,14.0,5.0,0.0,0.0,1.299,0
34.0,3.0,0.0,0.0,239.0,5.0,1.0,1.0,1.299,0
36.0,2.0,1.0,0.0,102.0,6.0,1.0,1.0,1.299,0
34.0,2.0,0.0,0.0,204.0,2.0,0.0,0.0,1.299,0
36.0,6.0,1.0,0.0,105.0,1.0,1.0,1.0,1.299,0
35.0,6.0,0.0,0.0,386.0,1.0,0.0,0.0,1.299,0
34.0,4.0,1.0,0.0,225.0,1.0,1.0,1.0,1.299,0
38.0,4.0,0.0,0.0,627.0,2.0,0.0,0.0,1.299,0
27.0,4.0,1.0,1.0,628.0,1.0,0.0,0.0,1.299,0
30.0,4.0,0.0,0.0,133.0,1.0,0.0,0.0,1.299,0
37.0,6.0,0.0,1.0,553.0,1.0,1.0,1.0,1.299,0
31.0,2.0,0.0,0.0,225.0,1.0,0.0,0.0,1.299,0
36.0,5.0,1.0,0.0,59.0,1.0,0.0,0.0,1.299,0
43.0,2.0,0.0,0.0,99.0,2.0,1.0,1.0,1.299,0
49.0,4.0,1.0,0.0,165.0,1.0,1.0,1.0,1.299,0
27.0,3.0,0.0,0.0,653.0,1.0,0.0,0.0,1.299,1
31.0,6.0,1.0,1.0,68.0,1.0,0.0,0.0,1.299,0
35.0,6.0,1.0,0.0,42.0,3.0,0.0,0.0,1.299,0
29.0,3.0,0.0,0.0,79.0,2.0,0.0,0.0,1.299,0
36.0,6.0,1.0,0.0,85.0,1.0,1.0,1.0,1.299,0
32.0,4.0,1.0,0.0,329.0,3.0,0.0,0.0,1.299,0
26.0,4.0,0.0,0.0,610.0,2.0,0.0,0.0,1.299,1
35.0,6.0,1.0,0.0,75.0,1.0,1.0,1.0,1.299,0
34.0,6.0,1.0,1.0,56.0,1.0,1.0,1.0,1.299,0
39.0,3.0,0.0,0.0,583.0,2.0,0.0,0.0,1.299,1
35.0,5.0,,,146.0,2.0,0.0,0.0,1.299,0
39.0,3.0,1.0,0.0,313.0,1.0,1.0,1.0,1.299,0
47.0,4.0,0.0,0.0,1114.0,2.0,0.0,0.0,1.299,0
31.0,4.0,0.0,0.0,552.0,2.0,1.0,1.0,1.299,0
29.0,1.0,0.0,0.0,494.0,3.0,0.0,0.0,1.299,0
28.0,2.0,0.0,0.0,146.0,3.0,0.0,0.0,1.299,0
31.0,6.0,0.0,0.0,239.0,3.0,1.0,1.0,1.299,0
31.0,6.0,1.0,0.0,580.0,1.0,0.0,0.0,1.299,0
55.0,6.0,1.0,0.0,90.0,1.0,1.0,1.0,1.299,0
57.0,4.0,1.0,0.0,74.0,1.0,0.0,0.0,1.299,0
32.0,3.0,1.0,1.0,93.0,2.0,0.0,0.0,1.299,0
57.0,4.0,0.0,1.0,161.0,1.0,0.0,0.0,1.299,0
35.0,6.0,1.0,0.0,215.0,1.0,0.0,0.0,1.299,0
57.0,4.0,1.0,0.0,758.0,1.0,1.0,1.0,1.299,0
30.0,3.0,1.0,0.0,242.0,3.0,0.0,0.0,1.299,0
30.0,2.0,1.0,0.0,77.0,1.0,1.0,1.0,1.299,0
35.0,1.0,1.0,0.0,386.0,1.0,0.0,0.0,1.299,0
34.0,3.0,1.0,0.0,35.0,2.0,0.0,0.0,1.299,0
28.0,5.0,1.0,0.0,240.0,1.0,0.0,0.0,1.299,0
30.0,3.0,1.0,0.0,112.0,1.0,0.0,0.0,1.299,0
28.0,5.0,1.0,0.0,77.0,1.0,1.0,1.0,1.299,0
32.0,6.0,1.0,0.0,188.0,2.0,0.0,0.0,1.299,0
30.0,6.0,1.0,0.0,232.0,2.0,1.0,1.0,1.299,0
57.0,4.0,1.0,0.0,228.0,1.0,0.0,0.0,1.299,0
38.0,4.0,0.0,0.0,171.0,2.0,0.0,0.0,1.299,0
36.0,4.0,1.0,1.0,102.0,1.0,0.0,0.0,1.299,0
33.0,6.0,0.0,1.0,69.0,1.0,0.0,0.0,1.299,0
30.0,6.0,0.0,0.0,155.0,2.0,1.0,1.0,1.299,0
42.0,1.0,0.0,0.0,120.0,2.0,1.0,1.0,1.299,0
54.0,4.0,0.0,0.0,194.0,2.0,1.0,1.0,1.299,0
30.0,1.0,1.0,0.0,243.0,2.0,0.0,0.0,1.299,0
40.0,4.0,1.0,0.0,182.0,5.0,0.0,0.0,1.299,0
29.0,3.0,1.0,0.0,135.0,2.0,2.0,1.0,1.299,0
31.0,6.0,1.0,0.0,50.0,3.0,1.0,1.0,1.299,0
35.0,2.0,1.0,0.0,214.0,2.0,0.0,0.0,1.299,0
35.0,4.0,1.0,1.0,82.0,2.0,1.0,1.0,1.299,0
41.0,2.0,1.0,0.0,133.0,2.0,0.0,0.0,1.299,0
28.0,4.0,,,48.0,3.0,1.0,1.0,1.291,0
27.0,4.0,0.0,0.0,81.0,4.0,0.0,0.0,1.291,0
32.0,3.0,0.0,0.0,214.0,2.0,0.0,0.0,1.291,0
23.0,2.0,0.0,0.0,8.0,8.0,0.0,0.0,1.291,0
39.0,4.0,1.0,0.0,34.0,12.0,0.0,0.0,1.291,0
36.0,6.0,1.0,1.0,106.0,2.0,0.0,0.0,1.291,0
30.0,3.0,0.0,0.0,52.0,3.0,0.0,0.0,1.291,0
49.0,4.0,0.0,0.0,97.0,3.0,1.0,1.0,1.291,0
45.0,4.0,,,7.0,12.0,0.0,0.0,1.291,0
33.0,2.0,0.0,0.0,117.0,6.0,0.0,0.0,1.291,0
38.0,4.0,1.0,0.0,114.0,6.0,0.0,0.0,1.291,0
34.0,4.0,1.0,0.0,109.0,3.0,0.0,0.0,1.291,0
42.0,1.0,1.0,0.0,63.0,1.0,0.0,0.0,1.291,0
38.0,4.0,1.0,0.0,100.0,4.0,0.0,0.0,1.291,0
28.0,4.0,1.0,1.0,52.0,1.0,0.0,0.0,1.291,0
40.0,4.0,0.0,0.0,49.0,1.0,0.0,0.0,1.291,0
35.0,4.0,1.0,0.0,25.0,1.0,1.0,1.0,1.291,0
44.0,4.0,0.0,0.0,214.0,1.0,0.0,0.0,1.291,0
49.0,2.0,1.0,0.0,85.0,4.0,1.0,1.0,1.291,0
45.0,1.0,1.0,0.0,187.0,1.0,0.0,0.0,1.291,0
38.0,3.0,1.0,0.0,69.0,1.0,1.0,1.0,1.291,0
29.0,1.0,0.0,0.0,658.0,1.0,1.0,1.0,1.291,1
43.0,6.0,1.0,0.0,305.0,1.0,1.0,1.0,1.291,0
27.0,1.0,0.0,0.0,176.0,2.0,1.0,1.0,1.291,0
39.0,6.0,1.0,0.0,103.0,1.0,1.0,1.0,1.291,0
59.0,3.0,1.0,1.0,242.0,1.0,0.0,0.0,1.291,0
37.0,4.0,0.0,0.0,124.0,1.0,1.0,1.0,1.291,0
34.0,4.0,1.0,1.0,179.0,3.0,0.0,0.0,1.291,0
57.0,3.0,1.0,0.0,69.0,3.0,1.0,1.0,1.291,0
36.0,4.0,1.0,0.0,300.0,5.0,0.0,0.0,1.291,0
26.0,3.0,1.0,0.0,256.0,1.0,0.0,0.0,1.291,0
36.0,6.0,0.0,0.0,7.0,5.0,0.0,0.0,1.291,0
34.0,5.0,1.0,1.0,429.0,2.0,0.0,0.0,1.291,0
31.0,3.0,1.0,0.0,17.0,7.0,0.0,0.0,1.291,0
36.0,1.0,0.0,0.0,245.0,1.0,1.0,1.0,1.291,0
32.0,4.0,,,198.0,1.0,0.0,0.0,1.291,0
26.0,1.0,0.0,0.0,232.0,1.0,0.0,0.0,1.291,0
37.0,4.0,0.0,0.0,212.0,1.0,0.0,0.0,1.291,0
27.0,4.0,1.0,0.0,58.0,3.0,1.0,1.0,1.291,0
27.0,4.0,1.0,0.0,41.0,1.0,0.0,0.0,1.291,0
21.0,4.0,0.0,0.0,68.0,1.0,1.0,1.0,1.291,0
53.0,3.0,0.0,0.0,205.0,2.0,1.0,1.0,1.291,0
33.0,4.0,0.0,0.0,141.0,1.0,0.0,0.0,1.291,0
51.0,2.0,1.0,0.0,155.0,2.0,0.0,0.0,1.291,0
34.0,6.0,1.0,0.0,25.0,4.0,0.0,0.0,1.291,0
32.0,6.0,1.0,0.0,79.0,1.0,1.0,1.0,1.291,0
43.0,6.0,,,426.0,1.0,1.0,1.0,1.291,1
53.0,5.0,0.0,0.0,196.0,2.0,1.0,1.0,1.291,0
32.0,6.0,1.0,0.0,366.0,1.0,0.0,0.0,1.291,0
51.0,2.0,1.0,0.0,211.0,1.0,1.0,1.0,1.291,0
47.0,4.0,1.0,0.0,816.0,1.0,1.0,1.0,1.291,0
41.0,2.0,0.0,0.0,131.0,1.0,0.0,0.0,1.291,0
35.0,3.0,1.0,0.0,74.0,3.0,0.0,0.0,1.291,0
43.0,1.0,1.0,1.0,279.0,1.0,1.0,1.0,1.291,0
32.0,6.0,0.0,1.0,542.0,3.0,1.0,1.0,1.291,0
50.0,6.0,0.0,0.0,116.0,1.0,0.0,0.0,1.291,0
43.0,6.0,0.0,1.0,1100.0,2.0,0.0,0.0,1.291,0
33.0,1.0,1.0,0.0,184.0,1.0,0.0,0.0,1.291,0
33.0,1.0,0.0,0.0,209.0,1.0,0.0,0.0,1.291,0
55.0,3.0,0.0,0.0,183.0,5.0,0.0,0.0,1.291,0
32.0,3.0,1.0,0.0,286.0,1.0,0.0,0.0,1.291,0
48.0,3.0,1.0,0.0,725.0,1.0,0.0,0.0,1.291,1
29.0,3.0,1.0,0.0,396.0,1.0,1.0,1.0,1.291,0
30.0,3.0,0.0,0.0,17.0,1.0,0.0,0.0,1.291,0
34.0,4.0,0.0,0.0,148.0,2.0,0.0,0.0,1.291,0
23.0,3.0,1.0,0.0,119.0,1.0,1.0,1.0,1.291,0
43.0,2.0,1.0,0.0,463.0,1.0,0.0,0.0,1.291,0
29.0,4.0,1.0,0.0,57.0,1.0,1.0,1.0,1.291,0
32.0,6.0,1.0,0.0,211.0,2.0,1.0,1.0,1.291,0
37.0,6.0,0.0,1.0,246.0,1.0,0.0,0.0,1.291,0
27.0,6.0,1.0,0.0,240.0,1.0,0.0,0.0,1.291,0
31.0,6.0,1.0,0.0,374.0,2.0,1.0,1.0,1.291,0
33.0,2.0,1.0,1.0,95.0,4.0,1.0,1.0,1.291,0
28.0,4.0,1.0,0.0,106.0,4.0,0.0,0.0,1.291,0
31.0,3.0,,,88.0,2.0,0.0,0.0,1.291,0
35.0,6.0,1.0,0.0,536.0,1.0,1.0,1.0,1.291,0
28.0,5.0,0.0,0.0,240.0,1.0,1.0,1.0,1.291,0
27.0,5.0,0.0,0.0,209.0,2.0,0.0,0.0,1.291,0
37.0,6.0,0.0,0.0,289.0,2.0,0.0,0.0,1.291,0
31.0,5.0,1.0,0.0,32.0,1.0,0.0,0.0,1.291,0
32.0,3.0,0.0,0.0,548.0,2.0,0.0,0.0,1.291,1
40.0,4.0,1.0,0.0,208.0,6.0,1.0,1.0,1.291,0
33.0,5.0,1.0,1.0,668.0,4.0,0.0,0.0,1.291,0
43.0,1.0,1.0,1.0,317.0,2.0,0.0,0.0,1.291,0
34.0,4.0,1.0,0.0,106.0,3.0,0.0,0.0,1.291,0
49.0,5.0,1.0,0.0,130.0,3.0,0.0,0.0,1.291,0
34.0,4.0,0.0,0.0,351.0,7.0,1.0,1.0,1.291,0
59.0,2.0,1.0,0.0,216.0,2.0,0.0,0.0,1.291,0
36.0,6.0,1.0,0.0,85.0,2.0,1.0,1.0,1.291,0
27.0,2.0,0.0,0.0,142.0,2.0,1.0,1.0,1.291,0
57.0,3.0,1.0,0.0,149.0,5.0,1.0,1.0,1.291,0
36.0,3.0,0.0,0.0,191.0,3.0,0.0,0.0,1.291,0
32.0,5.0,0.0,0.0,343.0,6.0,1.0,1.0,1.291,0
33.0,4.0,1.0,0.0,210.0,2.0,0.0,0.0,1.291,0
46.0,3.0,0.0,0.0,349.0,2.0,1.0,1.0,1.291,0
41.0,5.0,1.0,0.0,175.0,2.0,1.0,1.0,1.291,0
33.0,1.0,0.0,0.0,93.0,5.0,0.0,0.0,1.291,0
42.0,1.0,1.0,0.0,89.0,2.0,0.0,0.0,1.291,0
33.0,2.0,1.0,0.0,235.0,2.0,1.0,1.0,1.291,0
32.0,6.0,0.0,0.0,144.0,5.0,1.0,1.0,1.291,0
49.0,4.0,1.0,0.0,177.0,2.0,0.0,0.0,1.291,0
31.0,4.0,0.0,0.0,295.0,3.0,0.0,0.0,1.291,0
30.0,6.0,0.0,0.0,285.0,3.0,1.0,1.0,1.291,0
34.0,4.0,0.0,0.0,166.0,5.0,1.0,1.0,1.291,0
33.0,3.0,1.0,0.0,220.0,3.0,0.0,0.0,1.291,0
43.0,2.0,0.0,0.0,150.0,7.0,0.0,0.0,1.291,0
37.0,6.0,1.0,0.0,31.0,7.0,1.0,1.0,1.281,0
25.0,4.0,1.0,0.0,152.0,4.0,1.0,1.0,1.281,0
26.0,4.0,1.0,1.0,61.0,4.0,1.0,1.0,1.281,0
55.0,1.0,1.0,1.0,1108.0,3.0,0.0,0.0,1.281,0
38.0,3.0,1.0,1.0,197.0,3.0,0.0,0.0,1.281,0
53.0,4.0,1.0,0.0,413.0,6.0,0.0,0.0,1.281,0
47.0,1.0,1.0,0.0,5.0,7.0,1.0,1.0,1.281,0
34.0,2.0,,,136.0,2.0,0.0,0.0,1.281,0
53.0,,1.0,0.0,320.0,4.0,0.0,0.0,1.281,0
36.0,3.0,1.0,0.0,38.0,1.0,1.0,1.0,1.281,0
37.0,3.0,0.0,0.0,49.0,3.0,1.0,1.0,1.281,0
29.0,3.0,1.0,0.0,15.0,7.0,0.0,0.0,1.281,0
35.0,5.0,0.0,0.0,44.0,9.0,0.0,0.0,1.281,0
36.0,2.0,1.0,0.0,217.0,1.0,1.0,1.0,1.281,0
33.0,6.0,0.0,0.0,32.0,1.0,1.0,1.0,1.281,0
58.0,1.0,1.0,1.0,173.0,1.0,0.0,0.0,1.281,0
51.0,3.0,0.0,1.0,29.0,6.0,0.0,0.0,1.281,0
35.0,4.0,1.0,0.0,95.0,1.0,1.0,1.0,1.281,0
27.0,3.0,1.0,0.0,84.0,1.0,0.0,0.0,1.281,0
34.0,4.0,1.0,1.0,87.0,1.0,0.0,0.0,1.281,0
53.0,4.0,1.0,0.0,9.0,9.0,0.0,0.0,1.281,0
44.0,5.0,1.0,1.0,267.0,1.0,0.0,0.0,1.281,0
53.0,6.0,1.0,0.0,17.0,13.0,1.0,1.0,1.281,0
33.0,6.0,1.0,0.0,47.0,1.0,0.0,0.0,1.281,0
31.0,3.0,0.0,0.0,570.0,1.0,0.0,0.0,1.281,1
27.0,4.0,1.0,1.0,177.0,4.0,0.0,0.0,1.281,0
36.0,3.0,0.0,0.0,61.0,1.0,0.0,0.0,1.281,0
43.0,6.0,1.0,0.0,12.0,7.0,0.0,0.0,1.281,0
29.0,6.0,0.0,0.0,142.0,3.0,0.0,0.0,1.281,0
34.0,4.0,0.0,0.0,391.0,1.0,0.0,0.0,1.281,1
41.0,3.0,1.0,0.0,256.0,2.0,1.0,1.0,1.281,0
33.0,2.0,0.0,0.0,74.0,3.0,0.0,0.0,1.281,0
41.0,4.0,1.0,0.0,67.0,2.0,0.0,0.0,1.281,0
29.0,4.0,0.0,0.0,131.0,1.0,1.0,1.0,1.281,0
29.0,4.0,1.0,0.0,149.0,1.0,1.0,1.0,1.281,0
25.0,4.0,1.0,0.0,262.0,1.0,1.0,1.0,1.281,0
36.0,6.0,1.0,0.0,7.0,6.0,0.0,0.0,1.281,0
28.0,4.0,1.0,0.0,529.0,1.0,0.0,0.0,1.281,0
41.0,6.0,1.0,0.0,276.0,1.0,1.0,2.0,1.281,0
30.0,3.0,0.0,0.0,115.0,1.0,0.0,0.0,1.281,0
37.0,5.0,0.0,0.0,329.0,1.0,0.0,0.0,1.281,0
31.0,6.0,0.0,0.0,82.0,2.0,0.0,0.0,1.281,0
30.0,4.0,1.0,0.0,155.0,6.0,0.0,0.0,1.281,0
29.0,3.0,1.0,0.0,528.0,1.0,1.0,1.0,1.281,0
41.0,1.0,0.0,0.0,296.0,1.0,1.0,1.0,1.281,0
31.0,2.0,1.0,0.0,734.0,2.0,0.0,0.0,1.281,1
31.0,3.0,0.0,0.0,80.0,1.0,1.0,1.0,1.281,0
47.0,2.0,0.0,0.0,87.0,1.0,0.0,0.0,1.281,0
28.0,3.0,1.0,0.0,294.0,1.0,0.0,0.0,1.281,0
47.0,5.0,1.0,0.0,137.0,3.0,0.0,0.0,1.281,0
36.0,3.0,1.0,1.0,55.0,1.0,1.0,1.0,1.281,0
30.0,,1.0,1.0,324.0,2.0,0.0,0.0,1.281,0
51.0,3.0,0.0,0.0,64.0,5.0,0.0,0.0,1.281,0
51.0,3.0,1.0,0.0,337.0,3.0,0.0,0.0,1.281,0
31.0,4.0,1.0,0.0,476.0,1.0,0.0,0.0,1.281,1
29.0,6.0,1.0,0.0,152.0,1.0,1.0,1.0,1.281,0
28.0,5.0,1.0,0.0,573.0,7.0,1.0,1.0,1.281,0
58.0,1.0,1.0,1.0,184.0,1.0,1.0,1.0,1.281,0
45.0,3.0,0.0,0.0,96.0,2.0,1.0,1.0,1.281,0
32.0,4.0,1.0,0.0,53.0,1.0,1.0,1.0,1.281,0
35.0,4.0,1.0,0.0,43.0,1.0,0.0,0.0,1.281,0
32.0,3.0,1.0,0.0,53.0,1.0,0.0,0.0,1.281,0
31.0,4.0,1.0,0.0,14.0,1.0,0.0,0.0,1.281,0
47.0,1.0,1.0,0.0,177.0,1.0,1.0,1.0,1.281,0
34.0,6.0,1.0,1.0,253.0,1.0,0.0,0.0,1.281,0
29.0,4.0,1.0,1.0,146.0,1.0,0.0,0.0,1.281,0
32.0,3.0,1.0,1.0,179.0,1.0,0.0,0.0,1.281,0
38.0,6.0,1.0,0.0,541.0,1.0,1.0,1.0,1.281,0
29.0,4.0,0.0,0.0,54.0,1.0,1.0,1.0,1.281,0
34.0,5.0,1.0,0.0,404.0,2.0,0.0,0.0,1.281,0
35.0,1.0,1.0,0.0,130.0,3.0,1.0,1.0,1.281,0
29.0,3.0,0.0,0.0,366.0,3.0,1.0,1.0,1.281,1
33.0,1.0,0.0,0.0,86.0,3.0,0.0,0.0,1.281,0
36.0,3.0,1.0,0.0,180.0,2.0,2.0,1.0,1.281,0
34.0,4.0,0.0,0.0,103.0,1.0,0.0,0.0,1.281,0
34.0,4.0,1.0,0.0,239.0,1.0,1.0,1.0,1.281,0
35.0,4.0,0.0,0.0,234.0,3.0,0.0,0.0,1.281,0
42.0,5.0,0.0,0.0,194.0,4.0,0.0,0.0,1.281,0
58.0,6.0,0.0,0.0,109.0,1.0,1.0,1.0,1.281,0
27.0,6.0,0.0,1.0,131.0,1.0,0.0,0.0,1.281,0
45.0,1.0,1.0,0.0,161.0,2.0,0.0,0.0,1.281,0
42.0,2.0,1.0,0.0,172.0,1.0,0.0,0.0,1.281,0
36.0,5.0,0.0,0.0,127.0,1.0,0.0,0.0,1.281,0
34.0,2.0,1.0,0.0,298.0,2.0,0.0,0.0,1.281,0
41.0,4.0,1.0,0.0,314.0,2.0,0.0,0.0,1.281,1
42.0,1.0,1.0,0.0,361.0,1.0,1.0,1.0,1.281,0
41.0,4.0,1.0,0.0,58.0,2.0,0.0,0.0,1.281,0
39.0,2.0,1.0,0.0,466.0,1.0,0.0,0.0,1.281,0
31.0,4.0,1.0,0.0,829.0,1.0,1.0,1.0,1.281,1
33.0,6.0,1.0,0.0,484.0,3.0,0.0,0.0,1.281,0
35.0,6.0,1.0,0.0,204.0,3.0,0.0,0.0,1.281,0
24.0,4.0,1.0,0.0,437.0,2.0,0.0,0.0,1.281,0
29.0,4.0,0.0,0.0,230.0,4.0,0.0,0.0,1.281,0
35.0,4.0,1.0,0.0,163.0,2.0,1.0,1.0,1.281,0
32.0,4.0,0.0,1.0,358.0,2.0,1.0,1.0,1.281,0
34.0,4.0,1.0,0.0,195.0,2.0,1.0,1.0,1.281,0
42.0,1.0,0.0,0.0,276.0,2.0,0.0,0.0,1.281,0
38.0,6.0,1.0,0.0,172.0,3.0,0.0,0.0,1.281,0
33.0,6.0,1.0,1.0,74.0,3.0,1.0,1.0,1.281,0
38.0,3.0,1.0,0.0,1975.0,5.0,0.0,0.0,1.281,1
29.0,3.0,1.0,1.0,98.0,2.0,1.0,1.0,1.281,0
40.0,3.0,1.0,1.0,325.0,4.0,0.0,0.0,1.281,0
49.0,4.0,1.0,1.0,65.0,2.0,0.0,0.0,1.281,0
32.0,4.0,0.0,0.0,402.0,2.0,1.0,1.0,1.281,0
30.0,3.0,,,107.0,3.0,0.0,0.0,1.281,0
27.0,4.0,1.0,0.0,308.0,3.0,0.0,0.0,1.281,0
28.0,5.0,1.0,0.0,562.0,2.0,1.0,2.0,1.281,0
39.0,3.0,1.0,0.0,419.0,2.0,0.0,0.0,1.281,0
39.0,6.0,1.0,0.0,173.0,9.0,0.0,0.0,1.281,0
57.0,4.0,1.0,0.0,76.0,7.0,2.0,2.0,1.281,0
27.0,4.0,,,805.0,2.0,0.0,0.0,1.281,0
40.0,3.0,1.0,1.0,777.0,2.0,0.0,0.0,1.281,0
38.0,3.0,0.0,0.0,654.0,2.0,1.0,1.0,1.281,1
42.0,5.0,1.0,0.0,367.0,2.0,0.0,0.0,1.281,0
29.0,6.0,0.0,0.0,12.0,5.0,0.0,0.0,1.281,0
33.0,2.0,0.0,0.0,139.0,2.0,0.0,0.0,1.281,0
45.0,2.0,,,135.0,3.0,0.0,0.0,1.281,0
29.0,4.0,1.0,0.0,177.0,5.0,0.0,0.0,1.281,0
42.0,4.0,0.0,0.0,406.0,5.0,0.0,0.0,1.281,0
42.0,5.0,0.0,0.0,531.0,2.0,0.0,0.0,1.281,1
49.0,1.0,1.0,0.0,217.0,2.0,0.0,0.0,1.281,0
33.0,6.0,0.0,0.0,134.0,2.0,0.0,0.0,1.281,0
40.0,5.0,1.0,0.0,32.0,5.0,0.0,0.0,1.281,0
27.0,3.0,1.0,0.0,285.0,2.0,0.0,0.0,1.281,0
29.0,6.0,1.0,0.0,51.0,3.0,0.0,0.0,1.281,0
33.0,4.0,1.0,0.0,446.0,3.0,0.0,0.0,1.281,0
33.0,3.0,0.0,0.0,245.0,4.0,0.0,0.0,1.281,0
51.0,1.0,1.0,0.0,440.0,2.0,0.0,0.0,1.281,1
58.0,1.0,0.0,0.0,689.0,2.0,0.0,0.0,1.281,1
37.0,6.0,1.0,0.0,302.0,4.0,0.0,0.0,1.281,0
28.0,4.0,0.0,0.0,182.0,4.0,0.0,0.0,1.281,0
33.0,3.0,0.0,0.0,1309.0,2.0,0.0,0.0,1.281,0
32.0,6.0,1.0,1.0,36.0,9.0,1.0,1.0,1.281,0
45.0,4.0,1.0,0.0,25.0,7.0,0.0,0.0,1.281,0
32.0,2.0,0.0,0.0,630.0,3.0,1.0,1.0,1.281,0
29.0,4.0,1.0,0.0,164.0,3.0,0.0,0.0,1.266,0
48.0,1.0,1.0,0.0,33.0,3.0,0.0,0.0,1.266,0
33.0,5.0,0.0,0.0,119.0,2.0,1.0,1.0,1.266,0
26.0,4.0,1.0,1.0,181.0,5.0,0.0,0.0,1.266,0
29.0,2.0,0.0,0.0,16.0,7.0,0.0,0.0,1.266,0
36.0,6.0,1.0,0.0,19.0,8.0,1.0,1.0,1.266,0
33.0,3.0,0.0,1.0,18.0,6.0,1.0,1.0,1.266,0
24.0,3.0,1.0,1.0,17.0,7.0,0.0,0.0,1.266,0
35.0,2.0,1.0,1.0,263.0,1.0,1.0,1.0,1.266,0
33.0,5.0,0.0,1.0,178.0,8.0,1.0,1.0,1.266,0
34.0,3.0,1.0,0.0,6.0,6.0,1.0,1.0,1.266,0
30.0,2.0,0.0,0.0,25.0,1.0,0.0,0.0,1.266,0
27.0,6.0,0.0,0.0,9.0,5.0,1.0,1.0,1.266,0
29.0,3.0,0.0,0.0,12.0,8.0,0.0,0.0,1.266,0
20.0,3.0,1.0,0.0,42.0,7.0,0.0,0.0,1.266,0
23.0,1.0,0.0,0.0,720.0,1.0,1.0,1.0,1.266,0
29.0,4.0,1.0,1.0,10.0,10.0,0.0,0.0,1.266,0
32.0,3.0,1.0,0.0,83.0,2.0,0.0,0.0,1.266,0
29.0,3.0,0.0,0.0,141.0,1.0,0.0,0.0,1.266,0
50.0,3.0,0.0,0.0,287.0,1.0,0.0,0.0,1.266,0
44.0,3.0,1.0,1.0,414.0,1.0,1.0,1.0,1.266,0
33.0,4.0,1.0,0.0,201.0,1.0,1.0,1.0,1.266,0
22.0,3.0,1.0,0.0,23.0,1.0,0.0,0.0,1.266,0
27.0,4.0,1.0,1.0,201.0,1.0,0.0,0.0,1.266,0
24.0,3.0,0.0,1.0,51.0,1.0,1.0,1.0,1.266,0
27.0,4.0,0.0,1.0,603.0,1.0,0.0,0.0,1.266,0
24.0,5.0,1.0,1.0,428.0,3.0,0.0,0.0,1.266,0
32.0,5.0,0.0,0.0,561.0,3.0,0.0,0.0,1.266,1
35.0,5.0,1.0,0.0,590.0,5.0,0.0,0.0,1.266,1
23.0,4.0,0.0,1.0,7.0,5.0,1.0,1.0,1.266,0
25.0,4.0,0.0,0.0,646.0,5.0,0.0,0.0,1.266,1
29.0,6.0,1.0,0.0,133.0,1.0,1.0,1.0,1.266,0
31.0,2.0,0.0,0.0,263.0,1.0,0.0,0.0,1.266,0
49.0,4.0,1.0,0.0,152.0,1.0,0.0,0.0,1.266,0
25.0,4.0,0.0,0.0,12.0,7.0,0.0,0.0,1.266,0
32.0,6.0,1.0,0.0,62.0,7.0,0.0,0.0,1.266,0
44.0,4.0,0.0,1.0,786.0,1.0,0.0,0.0,1.266,1
46.0,4.0,0.0,0.0,107.0,4.0,1.0,1.0,1.266,0
24.0,4.0,0.0,0.0,47.0,1.0,1.0,1.0,1.266,0
31.0,3.0,1.0,0.0,42.0,1.0,0.0,0.0,1.266,0
37.0,6.0,0.0,1.0,123.0,1.0,0.0,0.0,1.266,0
27.0,4.0,0.0,0.0,137.0,3.0,0.0,0.0,1.266,0
42.0,4.0,1.0,1.0,874.0,1.0,1.0,1.0,1.266,1
21.0,4.0,0.0,0.0,24.0,1.0,1.0,1.0,1.266,0
30.0,2.0,1.0,0.0,83.0,1.0,0.0,0.0,1.266,0
33.0,4.0,1.0,0.0,30.0,1.0,0.0,0.0,1.266,0
30.0,2.0,0.0,0.0,586.0,1.0,1.0,1.0,1.266,0
21.0,4.0,0.0,1.0,240.0,1.0,0.0,0.0,1.266,0
34.0,5.0,1.0,0.0,703.0,4.0,0.0,0.0,1.266,0
24.0,6.0,1.0,0.0,151.0,2.0,0.0,0.0,1.266,0
48.0,3.0,0.0,0.0,506.0,1.0,0.0,0.0,1.266,0
28.0,1.0,0.0,0.0,282.0,1.0,1.0,1.0,1.266,0
46.0,3.0,1.0,0.0,386.0,3.0,0.0,0.0,1.266,0
30.0,4.0,1.0,0.0,74.0,1.0,1.0,1.0,1.266,0
28.0,3.0,0.0,0.0,156.0,1.0,0.0,0.0,1.266,0
44.0,5.0,1.0,1.0,246.0,2.0,0.0,0.0,1.266,0
37.0,4.0,1.0,0.0,30.0,6.0,0.0,0.0,1.266,0
52.0,2.0,1.0,0.0,7.0,7.0,1.0,1.0,1.266,0
23.0,4.0,0.0,0.0,22.0,6.0,0.0,0.0,1.266,0
28.0,4.0,,,430.0,4.0,0.0,0.0,1.266,0
28.0,4.0,,,97.0,2.0,0.0,0.0,1.266,0
28.0,3.0,1.0,0.0,334.0,1.0,0.0,0.0,1.266,0
28.0,3.0,1.0,0.0,166.0,1.0,0.0,0.0,1.266,0
24.0,1.0,1.0,1.0,109.0,1.0,1.0,1.0,1.266,0
33.0,6.0,1.0,1.0,444.0,1.0,0.0,0.0,1.266,0
48.0,4.0,1.0,0.0,265.0,1.0,0.0,0.0,1.266,0
28.0,2.0,1.0,0.0,933.0,4.0,0.0,0.0,1.266,1
54.0,3.0,0.0,0.0,423.0,3.0,0.0,0.0,1.266,0
33.0,3.0,0.0,0.0,65.0,1.0,0.0,0.0,1.266,0
33.0,3.0,,,551.0,2.0,0.0,0.0,1.266,0
29.0,2.0,1.0,0.0,108.0,4.0,0.0,0.0,1.266,0
35.0,4.0,1.0,0.0,170.0,1.0,0.0,0.0,1.266,0
57.0,1.0,0.0,0.0,161.0,6.0,0.0,0.0,1.266,0
26.0,5.0,0.0,0.0,1071.0,2.0,0.0,0.0,1.266,1
33.0,6.0,,,213.0,1.0,0.0,0.0,1.266,0
39.0,3.0,1.0,0.0,76.0,3.0,0.0,0.0,1.266,0
29.0,4.0,1.0,0.0,332.0,2.0,1.0,1.0,1.266,0
34.0,3.0,1.0,0.0,218.0,4.0,0.0,0.0,1.266,0
32.0,6.0,0.0,0.0,366.0,2.0,0.0,0.0,1.266,0
51.0,5.0,,,1462.0,2.0,1.0,1.0,1.266,0
45.0,6.0,1.0,0.0,171.0,4.0,0.0,0.0,1.266,0
31.0,5.0,1.0,0.0,60.0,5.0,1.0,1.0,1.266,0
28.0,3.0,1.0,0.0,176.0,2.0,0.0,0.0,1.266,0
26.0,5.0,1.0,0.0,649.0,2.0,0.0,0.0,1.266,0
30.0,6.0,0.0,0.0,72.0,7.0,0.0,0.0,1.266,0
33.0,2.0,1.0,0.0,337.0,4.0,0.0,0.0,1.266,0
31.0,3.0,0.0,0.0,267.0,4.0,0.0,0.0,1.266,0
35.0,4.0,1.0,0.0,406.0,2.0,0.0,0.0,1.266,0
31.0,4.0,1.0,0.0,1094.0,2.0,0.0,0.0,1.266,1
23.0,4.0,0.0,0.0,198.0,2.0,1.0,1.0,1.266,0
45.0,6.0,1.0,1.0,72.0,2.0,0.0,0.0,1.266,0
24.0,4.0,1.0,0.0,118.0,4.0,1.0,1.0,1.266,0
40.0,6.0,0.0,0.0,190.0,2.0,0.0,0.0,1.266,0
31.0,6.0,1.0,1.0,172.0,2.0,1.0,1.0,1.266,0
32.0,1.0,0.0,1.0,80.0,4.0,0.0,0.0,1.266,0
33.0,4.0,1.0,0.0,90.0,5.0,0.0,0.0,1.266,0
24.0,6.0,0.0,0.0,28.0,5.0,0.0,0.0,1.266,0
48.0,1.0,1.0,1.0,306.0,2.0,0.0,0.0,1.266,0
28.0,4.0,0.0,1.0,386.0,4.0,0.0,0.0,1.266,0
36.0,3.0,1.0,1.0,114.0,2.0,0.0,0.0,1.266,0
43.0,1.0,1.0,0.0,493.0,5.0,0.0,0.0,1.266,0
33.0,4.0,1.0,1.0,33.0,7.0,1.0,1.0,1.266,0
23.0,4.0,0.0,0.0,67.0,3.0,0.0,0.0,1.266,0
24.0,4.0,0.0,0.0,10.0,5.0,0.0,0.0,1.266,0
21.0,4.0,1.0,0.0,142.0,3.0,1.0,1.0,1.266,0
34.0,6.0,1.0,1.0,384.0,7.0,0.0,0.0,1.266,0
33.0,2.0,0.0,0.0,100.0,2.0,0.0,0.0,1.266,0
30.0,3.0,1.0,0.0,340.0,3.0,1.0,1.0,1.266,0
38.0,1.0,0.0,0.0,197.0,4.0,0.0,0.0,1.266,0
26.0,,1.0,1.0,140.0,3.0,1.0,1.0,1.25,0
32.0,,1.0,0.0,235.0,2.0,1.0,1.0,1.25,0
32.0,4.0,1.0,0.0,133.0,4.0,0.0,0.0,1.25,0
26.0,4.0,0.0,0.0,49.0,3.0,0.0,0.0,1.25,0
21.0,4.0,0.0,0.0,103.0,6.0,0.0,0.0,1.25,0
42.0,4.0,1.0,0.0,9.0,9.0,0.0,0.0,1.25,0
29.0,1.0,0.0,0.0,667.0,3.0,0.0,0.0,1.25,1
29.0,,1.0,0.0,61.0,1.0,1.0,1.0,1.25,0
34.0,6.0,1.0,0.0,103.0,3.0,0.0,0.0,1.25,0
33.0,2.0,1.0,1.0,306.0,4.0,1.0,1.0,1.25,0
32.0,4.0,0.0,0.0,1181.0,9.0,0.0,0.0,1.25,0
29.0,2.0,1.0,0.0,16.0,6.0,1.0,1.0,1.25,0
53.0,6.0,0.0,0.0,136.0,1.0,1.0,1.0,1.25,0
35.0,1.0,1.0,0.0,196.0,1.0,0.0,0.0,1.25,0
31.0,6.0,1.0,0.0,33.0,1.0,1.0,1.0,1.25,0
28.0,4.0,0.0,0.0,35.0,3.0,1.0,1.0,1.25,0
30.0,6.0,1.0,1.0,191.0,1.0,0.0,0.0,1.25,0
54.0,6.0,1.0,1.0,85.0,1.0,0.0,0.0,1.25,0
30.0,6.0,0.0,0.0,67.0,1.0,1.0,1.0,1.25,0
44.0,4.0,1.0,0.0,198.0,1.0,0.0,0.0,1.25,0
46.0,4.0,1.0,0.0,6.0,1.0,1.0,1.0,1.25,0
41.0,,0.0,0.0,64.0,1.0,0.0,0.0,1.25,0
34.0,4.0,1.0,0.0,49.0,1.0,1.0,1.0,1.25,0
41.0,,1.0,0.0,317.0,1.0,0.0,0.0,1.25,0
24.0,3.0,0.0,0.0,7.0,4.0,1.0,1.0,1.25,0
25.0,3.0,0.0,0.0,72.0,2.0,1.0,1.0,1.25,0
34.0,6.0,0.0,0.0,377.0,1.0,0.0,0.0,1.25,0
34.0,5.0,0.0,0.0,64.0,4.0,0.0,0.0,1.25,0
56.0,4.0,1.0,0.0,373.0,1.0,0.0,0.0,1.25,0
43.0,2.0,1.0,0.0,68.0,1.0,0.0,0.0,1.25,0
56.0,3.0,1.0,0.0,520.0,1.0,1.0,1.0,1.25,0
53.0,2.0,0.0,0.0,101.0,1.0,1.0,1.0,1.25,0
29.0,2.0,,,8.0,7.0,0.0,0.0,1.25,0
28.0,5.0,1.0,0.0,8.0,9.0,0.0,0.0,1.25,0
32.0,6.0,0.0,0.0,24.0,7.0,0.0,0.0,1.25,0
52.0,3.0,1.0,0.0,283.0,3.0,0.0,0.0,1.25,0
55.0,2.0,1.0,0.0,127.0,1.0,0.0,0.0,1.25,0
33.0,4.0,1.0,0.0,82.0,3.0,0.0,0.0,1.25,0
32.0,6.0,1.0,0.0,18.0,8.0,1.0,1.0,1.25,0
44.0,6.0,0.0,0.0,262.0,2.0,0.0,0.0,1.25,0
23.0,1.0,1.0,0.0,523.0,2.0,0.0,0.0,1.25,1
48.0,3.0,0.0,1.0,56.0,1.0,1.0,1.0,1.25,0
35.0,3.0,1.0,0.0,134.0,2.0,0.0,0.0,1.25,0
39.0,,1.0,1.0,256.0,1.0,1.0,2.0,1.25,0
57.0,1.0,1.0,0.0,10.0,5.0,1.0,1.0,1.25,0
33.0,4.0,0.0,0.0,16.0,9.0,1.0,1.0,1.25,0
37.0,4.0,1.0,0.0,22.0,6.0,0.0,0.0,1.25,0
33.0,4.0,1.0,0.0,178.0,1.0,0.0,0.0,1.25,0
36.0,6.0,,,423.0,1.0,0.0,0.0,1.25,0
33.0,5.0,1.0,0.0,669.0,1.0,1.0,1.0,1.25,1
53.0,4.0,0.0,0.0,456.0,1.0,0.0,0.0,1.25,0
26.0,4.0,0.0,1.0,676.0,3.0,0.0,0.0,1.25,0
54.0,1.0,0.0,0.0,87.0,1.0,1.0,1.0,1.25,0
36.0,3.0,1.0,0.0,251.0,1.0,0.0,0.0,1.25,0
30.0,4.0,0.0,0.0,13.0,11.0,0.0,0.0,1.25,0
44.0,6.0,1.0,0.0,210.0,2.0,0.0,0.0,1.25,0
37.0,4.0,1.0,0.0,81.0,2.0,1.0,1.0,1.25,0
34.0,4.0,1.0,1.0,562.0,2.0,0.0,0.0,1.25,1
39.0,4.0,0.0,1.0,172.0,2.0,1.0,1.0,1.25,0
34.0,6.0,0.0,0.0,16.0,7.0,0.0,0.0,1.25,0
45.0,6.0,1.0,0.0,116.0,1.0,0.0,0.0,1.25,0
42.0,6.0,1.0,0.0,95.0,1.0,0.0,0.0,1.25,0
23.0,5.0,0.0,0.0,564.0,3.0,0.0,0.0,1.25,0
53.0,5.0,1.0,0.0,188.0,1.0,1.0,1.0,1.25,0
40.0,6.0,0.0,0.0,342.0,2.0,0.0,0.0,1.25,0
31.0,4.0,0.0,0.0,80.0,4.0,0.0,0.0,1.25,0
36.0,4.0,1.0,1.0,659.0,1.0,0.0,0.0,1.25,1
39.0,6.0,1.0,0.0,837.0,1.0,0.0,0.0,1.25,1
44.0,6.0,0.0,0.0,1380.0,1.0,0.0,0.0,1.25,0
31.0,3.0,1.0,0.0,201.0,3.0,1.0,2.0,1.25,0
37.0,2.0,1.0,0.0,679.0,1.0,1.0,1.0,1.25,1
54.0,1.0,0.0,1.0,139.0,2.0,0.0,0.0,1.25,0
44.0,1.0,0.0,0.0,82.0,2.0,1.0,1.0,1.25,0
51.0,3.0,0.0,0.0,830.0,1.0,1.0,1.0,1.25,1
30.0,4.0,1.0,1.0,86.0,2.0,1.0,1.0,1.25,0
31.0,6.0,0.0,0.0,229.0,2.0,0.0,0.0,1.25,0
41.0,6.0,1.0,0.0,13.0,2.0,0.0,0.0,1.25,0
26.0,5.0,1.0,0.0,11.0,7.0,0.0,0.0,1.25,0
29.0,4.0,0.0,0.0,167.0,4.0,0.0,0.0,1.25,0
30.0,6.0,0.0,0.0,173.0,4.0,0.0,0.0,1.25,0
34.0,5.0,1.0,0.0,406.0,4.0,1.0,1.0,1.25,0
34.0,4.0,1.0,0.0,320.0,3.0,1.0,1.0,1.25,0
58.0,6.0,1.0,0.0,109.0,2.0,1.0,2.0,1.25,0
41.0,4.0,0.0,0.0,270.0,3.0,0.0,0.0,1.25,0
35.0,6.0,0.0,0.0,296.0,2.0,0.0,0.0,1.25,0
26.0,4.0,1.0,0.0,140.0,9.0,1.0,1.0,1.25,0
49.0,6.0,0.0,0.0,20.0,6.0,0.0,0.0,1.25,0
26.0,3.0,1.0,1.0,245.0,9.0,1.0,1.0,1.25,0
34.0,5.0,1.0,0.0,8.0,2.0,1.0,1.0,1.25,0
44.0,4.0,0.0,0.0,14.0,3.0,0.0,0.0,1.25,0
27.0,2.0,1.0,0.0,195.0,4.0,0.0,0.0,1.25,0
49.0,4.0,0.0,0.0,309.0,3.0,0.0,0.0,1.25,0
37.0,1.0,0.0,0.0,167.0,3.0,0.0,0.0,1.25,0
23.0,4.0,1.0,0.0,16.0,5.0,1.0,1.0,1.25,0
43.0,4.0,0.0,0.0,880.0,4.0,0.0,0.0,1.25,1
41.0,3.0,0.0,0.0,102.0,2.0,1.0,1.0,1.25,0
34.0,6.0,0.0,0.0,101.0,4.0,1.0,1.0,1.25,0
32.0,6.0,0.0,0.0,800.0,5.0,0.0,0.0,1.25,0
26.0,5.0,0.0,0.0,75.0,10.0,2.0,1.0,1.25,0
32.0,5.0,0.0,0.0,53.0,3.0,0.0,0.0,1.25,0
34.0,6.0,0.0,0.0,162.0,2.0,1.0,1.0,1.25,0
32.0,3.0,1.0,0.0,34.0,11.0,0.0,0.0,1.25,0
49.0,3.0,0.0,0.0,172.0,2.0,2.0,1.0,1.25,0
43.0,3.0,1.0,1.0,25.0,5.0,1.0,1.0,1.25,0
23.0,1.0,1.0,0.0,28.0,8.0,0.0,0.0,1.25,0
25.0,4.0,0.0,0.0,1068.0,3.0,0.0,0.0,1.25,1
34.0,1.0,0.0,0.0,149.0,7.0,0.0,0.0,1.25,0
22.0,3.0,1.0,1.0,34.0,10.0,0.0,0.0,1.25,0
32.0,,1.0,1.0,157.0,2.0,1.0,1.0,1.25,0
32.0,,1.0,1.0,38.0,7.0,1.0,1.0,1.25,0
45.0,6.0,0.0,0.0,462.0,4.0,0.0,0.0,1.25,1
32.0,5.0,1.0,1.0,73.0,4.0,0.0,0.0,1.25,0
26.0,4.0,1.0,0.0,104.0,3.0,0.0,0.0,1.25,0
41.0,,1.0,0.0,163.0,5.0,1.0,1.0,1.25,0
25.0,6.0,1.0,0.0,11.0,7.0,1.0,1.0,1.25,0
50.0,4.0,0.0,1.0,623.0,8.0,0.0,0.0,1.25,1
33.0,4.0,0.0,0.0,57.0,11.0,0.0,0.0,1.25,0
48.0,6.0,0.0,0.0,17.0,5.0,1.0,1.0,1.244,0
44.0,3.0,1.0,0.0,536.0,2.0,1.0,1.0,1.244,1
49.0,5.0,0.0,0.0,17.0,8.0,1.0,1.0,1.244,0
39.0,4.0,0.0,0.0,11.0,8.0,0.0,0.0,1.244,0
41.0,3.0,0.0,0.0,157.0,5.0,0.0,0.0,1.244,0
36.0,,1.0,0.0,222.0,6.0,0.0,0.0,1.244,0
44.0,4.0,1.0,0.0,144.0,3.0,0.0,0.0,1.244,0
38.0,5.0,1.0,1.0,15.0,9.0,0.0,0.0,1.244,0
33.0,6.0,1.0,0.0,259.0,2.0,0.0,0.0,1.244,0
30.0,6.0,1.0,0.0,90.0,1.0,0.0,0.0,1.244,0
27.0,4.0,1.0,0.0,10.0,4.0,0.0,0.0,1.244,0
44.0,6.0,0.0,0.0,30.0,5.0,0.0,0.0,1.244,0
31.0,6.0,1.0,1.0,173.0,1.0,0.0,0.0,1.244,0
28.0,6.0,0.0,0.0,55.0,1.0,0.0,0.0,1.244,0
46.0,3.0,1.0,0.0,410.0,1.0,0.0,0.0,1.244,0
37.0,4.0,0.0,0.0,161.0,1.0,0.0,0.0,1.244,0
41.0,4.0,0.0,0.0,97.0,1.0,2.0,1.0,1.244,0
36.0,4.0,0.0,0.0,288.0,1.0,0.0,0.0,1.244,0
52.0,4.0,1.0,0.0,17.0,1.0,0.0,0.0,1.244,0
24.0,6.0,0.0,0.0,220.0,1.0,1.0,1.0,1.244,0
35.0,4.0,1.0,0.0,88.0,1.0,1.0,1.0,1.244,0
44.0,4.0,0.0,0.0,903.0,4.0,0.0,0.0,1.244,1
37.0,5.0,0.0,0.0,114.0,1.0,0.0,0.0,1.244,0
34.0,4.0,0.0,0.0,186.0,1.0,0.0,0.0,1.244,0
29.0,5.0,1.0,0.0,245.0,1.0,0.0,0.0,1.244,0
41.0,4.0,1.0,0.0,108.0,2.0,1.0,1.0,1.244,0
21.0,3.0,1.0,0.0,250.0,1.0,0.0,0.0,1.244,0
32.0,6.0,0.0,1.0,119.0,1.0,0.0,0.0,1.244,0
37.0,6.0,0.0,0.0,493.0,1.0,0.0,0.0,1.244,1
27.0,6.0,1.0,1.0,33.0,5.0,0.0,0.0,1.244,0
58.0,4.0,0.0,0.0,176.0,1.0,0.0,0.0,1.244,0
31.0,4.0,0.0,0.0,41.0,1.0,0.0,0.0,1.244,0
43.0,4.0,1.0,0.0,55.0,1.0,0.0,0.0,1.244,0
30.0,6.0,1.0,0.0,134.0,1.0,0.0,0.0,1.244,0
46.0,2.0,1.0,0.0,18.0,5.0,0.0,0.0,1.244,0
30.0,6.0,1.0,0.0,632.0,1.0,0.0,0.0,1.244,0
32.0,6.0,0.0,1.0,133.0,2.0,1.0,1.0,1.244,0
28.0,6.0,1.0,0.0,434.0,1.0,0.0,0.0,1.244,0
42.0,1.0,1.0,0.0,119.0,4.0,0.0,0.0,1.244,0
27.0,6.0,0.0,0.0,82.0,6.0,0.0,0.0,1.244,0
44.0,6.0,0.0,0.0,79.0,3.0,1.0,1.0,1.244,0
41.0,4.0,0.0,0.0,435.0,7.0,1.0,2.0,1.244,0
46.0,6.0,0.0,0.0,143.0,1.0,0.0,0.0,1.244,0
44.0,4.0,0.0,0.0,233.0,1.0,0.0,0.0,1.244,0
30.0,5.0,1.0,1.0,144.0,1.0,0.0,0.0,1.244,0
30.0,4.0,0.0,0.0,700.0,3.0,0.0,0.0,1.244,1
42.0,6.0,1.0,0.0,78.0,2.0,0.0,0.0,1.244,0
32.0,4.0,1.0,0.0,169.0,1.0,0.0,0.0,1.244,0
41.0,3.0,1.0,1.0,105.0,1.0,1.0,1.0,1.244,0
39.0,6.0,1.0,0.0,612.0,1.0,0.0,0.0,1.244,1
34.0,6.0,0.0,1.0,73.0,2.0,0.0,0.0,1.244,0
43.0,5.0,1.0,0.0,618.0,1.0,1.0,1.0,1.244,1
55.0,4.0,0.0,0.0,336.0,1.0,1.0,1.0,1.244,0
53.0,5.0,1.0,0.0,82.0,4.0,0.0,0.0,1.244,0
41.0,4.0,1.0,0.0,180.0,2.0,0.0,0.0,1.244,0
57.0,6.0,0.0,0.0,46.0,6.0,1.0,1.0,1.244,0
43.0,1.0,0.0,0.0,465.0,2.0,0.0,0.0,1.244,0
25.0,4.0,1.0,0.0,15.0,8.0,0.0,0.0,1.244,0
26.0,3.0,0.0,0.0,18.0,4.0,0.0,0.0,1.244,0
40.0,4.0,1.0,1.0,104.0,2.0,0.0,0.0,1.244,0
46.0,3.0,1.0,0.0,98.0,2.0,1.0,1.0,1.244,0
45.0,6.0,1.0,0.0,197.0,2.0,0.0,0.0,1.244,0
42.0,4.0,1.0,0.0,36.0,2.0,0.0,0.0,1.244,0
25.0,4.0,0.0,0.0,16.0,4.0,0.0,0.0,1.244,0
46.0,6.0,0.0,0.0,8.0,4.0,0.0,0.0,1.244,0
33.0,4.0,,,630.0,2.0,0.0,0.0,1.244,0
25.0,4.0,1.0,1.0,412.0,5.0,0.0,0.0,1.244,0
48.0,1.0,1.0,0.0,92.0,3.0,0.0,0.0,1.244,0
49.0,4.0,0.0,0.0,222.0,4.0,1.0,1.0,1.244,0
41.0,4.0,0.0,0.0,466.0,2.0,0.0,0.0,1.244,0
32.0,4.0,1.0,0.0,536.0,2.0,0.0,0.0,1.244,1
31.0,4.0,1.0,0.0,32.0,2.0,0.0,0.0,1.244,0
41.0,4.0,1.0,0.0,54.0,4.0,0.0,0.0,1.244,0
36.0,4.0,1.0,0.0,4.0,2.0,0.0,0.0,1.244,0
25.0,5.0,,,30.0,2.0,0.0,0.0,1.244,0
29.0,4.0,1.0,0.0,27.0,10.0,0.0,0.0,1.244,0
23.0,4.0,0.0,0.0,16.0,5.0,0.0,0.0,1.244,0
24.0,5.0,1.0,0.0,342.0,4.0,0.0,0.0,1.244,0
38.0,3.0,1.0,0.0,29.0,5.0,0.0,0.0,1.244,0
23.0,3.0,1.0,0.0,20.0,6.0,0.0,0.0,1.244,0
52.0,4.0,1.0,1.0,80.0,2.0,0.0,0.0,1.244,0
46.0,6.0,0.0,1.0,11.0,6.0,0.0,0.0,1.244,0
46.0,5.0,1.0,0.0,214.0,2.0,0.0,0.0,1.244,0
32.0,4.0,1.0,0.0,171.0,2.0,0.0,0.0,1.244,0
58.0,6.0,1.0,0.0,1359.0,3.0,1.0,1.0,1.244,1
43.0,,0.0,0.0,715.0,6.0,0.0,0.0,1.244,0
55.0,6.0,1.0,0.0,8.0,2.0,0.0,0.0,1.244,0
38.0,4.0,1.0,0.0,324.0,1.0,1.0,1.0,1.259,1
81.0,,1.0,1.0,176.0,1.0,0.0,0.0,1.259,1
39.0,6.0,1.0,0.0,150.0,1.0,0.0,0.0,1.259,0
27.0,6.0,1.0,0.0,120.0,1.0,0.0,0.0,1.259,0
19.0,3.0,1.0,0.0,491.0,1.0,0.0,0.0,1.259,1
30.0,6.0,1.0,0.0,158.0,1.0,1.0,1.0,1.259,0
27.0,6.0,1.0,0.0,431.0,1.0,0.0,0.0,1.259,1
49.0,6.0,1.0,0.0,168.0,1.0,0.0,0.0,1.259,0
37.0,6.0,1.0,1.0,239.0,1.0,0.0,0.0,1.259,0
40.0,5.0,1.0,0.0,320.0,1.0,0.0,0.0,1.259,0
46.0,,1.0,1.0,136.0,1.0,0.0,0.0,1.259,0
48.0,6.0,1.0,0.0,316.0,2.0,0.0,0.0,1.259,1
62.0,5.0,1.0,0.0,181.0,2.0,1.0,1.0,1.259,0
46.0,6.0,0.0,0.0,566.0,7.0,0.0,0.0,1.259,0
27.0,4.0,1.0,0.0,137.0,2.0,0.0,0.0,1.259,0
49.0,6.0,1.0,0.0,105.0,2.0,0.0,0.0,1.259,0
45.0,5.0,1.0,0.0,157.0,3.0,0.0,0.0,1.259,0
30.0,6.0,1.0,1.0,449.0,4.0,0.0,0.0,1.259,1
59.0,5.0,1.0,0.0,43.0,1.0,0.0,0.0,1.259,0
37.0,6.0,0.0,0.0,288.0,2.0,0.0,0.0,1.259,1
48.0,4.0,0.0,0.0,97.0,3.0,2.0,1.0,1.264,0
34.0,6.0,1.0,1.0,582.0,1.0,0.0,0.0,1.264,0
32.0,6.0,0.0,0.0,112.0,1.0,0.0,0.0,1.264,0
44.0,4.0,1.0,1.0,283.0,1.0,1.0,1.0,1.264,1
33.0,3.0,1.0,1.0,70.0,1.0,0.0,0.0,1.264,0
58.0,1.0,0.0,0.0,91.0,1.0,0.0,0.0,1.264,0
46.0,6.0,0.0,1.0,195.0,1.0,0.0,0.0,1.264,0
54.0,6.0,1.0,0.0,485.0,1.0,0.0,0.0,1.264,0
34.0,6.0,1.0,0.0,185.0,1.0,1.0,2.0,1.264,0
36.0,6.0,0.0,1.0,305.0,1.0,0.0,0.0,1.264,0
36.0,6.0,1.0,0.0,1064.0,1.0,0.0,0.0,1.264,1
43.0,5.0,1.0,0.0,143.0,1.0,0.0,0.0,1.264,0
55.0,6.0,1.0,0.0,123.0,2.0,0.0,0.0,1.264,0
41.0,4.0,1.0,1.0,217.0,1.0,0.0,0.0,1.264,0
46.0,6.0,1.0,0.0,243.0,4.0,0.0,0.0,1.264,0
47.0,4.0,1.0,0.0,142.0,4.0,1.0,1.0,1.264,0
28.0,4.0,1.0,0.0,100.0,3.0,0.0,0.0,1.264,0
44.0,5.0,1.0,1.0,133.0,2.0,1.0,1.0,1.266,0
31.0,5.0,0.0,0.0,314.0,2.0,0.0,0.0,1.266,0
31.0,4.0,1.0,0.0,78.0,1.0,1.0,1.0,1.266,0
30.0,4.0,1.0,0.0,84.0,1.0,0.0,0.0,1.266,0
39.0,4.0,0.0,0.0,109.0,1.0,0.0,0.0,1.266,0
39.0,4.0,1.0,0.0,71.0,5.0,1.0,1.0,1.266,0
36.0,6.0,1.0,0.0,260.0,2.0,0.0,0.0,1.266,0
24.0,5.0,0.0,0.0,240.0,4.0,0.0,0.0,1.266,0
45.0,6.0,1.0,0.0,351.0,1.0,0.0,0.0,1.266,0
28.0,4.0,0.0,1.0,58.0,1.0,1.0,2.0,1.266,0
59.0,1.0,0.0,0.0,128.0,1.0,0.0,0.0,1.266,0
22.0,4.0,1.0,1.0,131.0,2.0,0.0,0.0,1.266,1
27.0,6.0,1.0,0.0,139.0,1.0,1.0,2.0,1.266,0
36.0,4.0,1.0,0.0,161.0,2.0,0.0,0.0,1.266,0
39.0,3.0,1.0,0.0,136.0,1.0,0.0,0.0,1.266,0
34.0,6.0,0.0,0.0,197.0,2.0,0.0,0.0,1.266,0
25.0,6.0,0.0,0.0,80.0,1.0,1.0,1.0,1.266,0
22.0,,0.0,0.0,192.0,1.0,1.0,2.0,1.266,1
42.0,4.0,1.0,1.0,103.0,2.0,0.0,0.0,1.266,0
49.0,6.0,0.0,0.0,362.0,1.0,1.0,1.0,1.266,0
26.0,,1.0,0.0,189.0,2.0,1.0,1.0,1.266,0
27.0,6.0,0.0,0.0,752.0,2.0,1.0,2.0,1.266,0
29.0,4.0,0.0,1.0,185.0,1.0,0.0,0.0,1.266,1
32.0,6.0,,,129.0,2.0,0.0,0.0,1.266,0
42.0,5.0,0.0,0.0,82.0,2.0,0.0,0.0,1.27,0
25.0,5.0,1.0,0.0,483.0,2.0,0.0,0.0,1.27,0
31.0,1.0,0.0,0.0,116.0,1.0,0.0,0.0,1.27,1
54.0,3.0,0.0,0.0,108.0,1.0,0.0,0.0,1.27,0
30.0,6.0,0.0,0.0,283.0,1.0,0.0,0.0,1.27,0
26.0,4.0,0.0,0.0,119.0,2.0,0.0,0.0,1.27,0
56.0,1.0,0.0,0.0,776.0,3.0,1.0,2.0,1.27,1
24.0,6.0,1.0,0.0,140.0,2.0,0.0,0.0,1.27,0
29.0,6.0,1.0,0.0,281.0,4.0,1.0,1.0,1.27,1
38.0,6.0,0.0,0.0,123.0,2.0,0.0,0.0,1.27,0
25.0,6.0,0.0,0.0,114.0,1.0,0.0,0.0,1.27,0
61.0,1.0,0.0,0.0,62.0,1.0,0.0,0.0,1.27,0
34.0,6.0,0.0,0.0,1576.0,1.0,0.0,0.0,1.27,0
41.0,3.0,1.0,1.0,107.0,2.0,0.0,0.0,1.27,0
40.0,6.0,0.0,0.0,146.0,1.0,0.0,0.0,1.27,0
32.0,6.0,1.0,0.0,412.0,1.0,0.0,0.0,1.27,1
26.0,6.0,0.0,0.0,161.0,1.0,1.0,2.0,1.27,0
37.0,3.0,0.0,0.0,73.0,2.0,0.0,0.0,1.27,0
43.0,6.0,1.0,0.0,110.0,3.0,0.0,0.0,1.27,0
35.0,3.0,1.0,0.0,123.0,2.0,0.0,0.0,1.27,0
35.0,6.0,0.0,0.0,76.0,2.0,0.0,0.0,1.27,0
24.0,6.0,1.0,0.0,513.0,9.0,0.0,0.0,1.27,1
27.0,6.0,1.0,0.0,568.0,8.0,0.0,0.0,1.27,0
23.0,4.0,1.0,0.0,77.0,1.0,1.0,1.0,1.27,0
52.0,6.0,1.0,1.0,414.0,3.0,0.0,0.0,1.27,0
28.0,6.0,0.0,0.0,68.0,2.0,0.0,0.0,1.27,0
41.0,6.0,0.0,0.0,142.0,3.0,0.0,0.0,1.27,0
28.0,4.0,0.0,0.0,32.0,2.0,0.0,0.0,1.27,0
35.0,5.0,0.0,0.0,71.0,1.0,0.0,0.0,1.266,0
46.0,6.0,1.0,0.0,110.0,1.0,0.0,0.0,1.266,0
53.0,4.0,1.0,0.0,70.0,1.0,1.0,1.0,1.266,0
33.0,6.0,1.0,0.0,346.0,1.0,0.0,0.0,1.266,0
29.0,4.0,1.0,0.0,263.0,1.0,0.0,0.0,1.266,1
36.0,6.0,1.0,0.0,192.0,1.0,0.0,0.0,1.266,1
45.0,3.0,1.0,0.0,129.0,1.0,1.0,1.0,1.266,0
29.0,6.0,1.0,0.0,154.0,1.0,0.0,0.0,1.266,0
25.0,6.0,0.0,0.0,67.0,1.0,1.0,1.0,1.266,0
47.0,6.0,0.0,0.0,210.0,1.0,0.0,0.0,1.266,0
39.0,6.0,0.0,0.0,165.0,1.0,0.0,0.0,1.266,0
24.0,6.0,0.0,0.0,223.0,1.0,0.0,0.0,1.266,0
33.0,4.0,0.0,0.0,144.0,1.0,1.0,1.0,1.266,0
49.0,6.0,1.0,0.0,153.0,1.0,0.0,0.0,1.266,0
36.0,6.0,,,192.0,1.0,0.0,0.0,1.266,0
43.0,4.0,1.0,0.0,153.0,1.0,0.0,0.0,1.266,0
29.0,6.0,0.0,0.0,114.0,1.0,0.0,0.0,1.266,1
49.0,6.0,0.0,0.0,215.0,2.0,0.0,0.0,1.266,1
45.0,3.0,0.0,0.0,232.0,2.0,0.0,0.0,1.266,1
49.0,6.0,1.0,0.0,336.0,2.0,0.0,0.0,1.266,0
37.0,4.0,1.0,0.0,195.0,3.0,0.0,0.0,1.266,0
28.0,6.0,0.0,0.0,373.0,2.0,0.0,0.0,1.266,0
34.0,4.0,1.0,0.0,78.0,2.0,0.0,0.0,1.266,0
31.0,6.0,1.0,0.0,55.0,2.0,0.0,0.0,1.266,0
28.0,6.0,1.0,1.0,187.0,2.0,0.0,0.0,1.266,0
43.0,3.0,1.0,0.0,395.0,1.0,0.0,0.0,1.262,1
27.0,3.0,1.0,1.0,107.0,1.0,0.0,0.0,1.262,1
39.0,5.0,1.0,1.0,145.0,1.0,0.0,0.0,1.262,0
31.0,6.0,1.0,0.0,282.0,2.0,1.0,2.0,1.262,1
48.0,4.0,1.0,0.0,115.0,1.0,0.0,0.0,1.262,0
33.0,6.0,1.0,0.0,690.0,1.0,0.0,0.0,1.262,1
37.0,6.0,0.0,0.0,654.0,1.0,1.0,1.0,1.262,1
49.0,6.0,1.0,0.0,144.0,1.0,0.0,0.0,1.262,0
52.0,5.0,1.0,0.0,50.0,2.0,0.0,0.0,1.262,0
33.0,4.0,1.0,0.0,167.0,1.0,0.0,0.0,1.262,0
24.0,4.0,0.0,0.0,225.0,1.0,1.0,2.0,1.262,0
25.0,6.0,0.0,0.0,417.0,1.0,0.0,0.0,1.262,1
41.0,5.0,0.0,0.0,160.0,2.0,0.0,0.0,1.262,1
32.0,6.0,1.0,1.0,82.0,1.0,0.0,0.0,1.262,1
23.0,4.0,0.0,0.0,108.0,4.0,0.0,0.0,1.262,0
43.0,6.0,0.0,1.0,310.0,1.0,0.0,0.0,1.262,0
28.0,4.0,1.0,0.0,359.0,1.0,2.0,1.0,1.262,1
59.0,,0.0,0.0,245.0,1.0,0.0,0.0,1.262,1
35.0,4.0,1.0,1.0,444.0,1.0,1.0,1.0,1.262,0
33.0,6.0,1.0,0.0,251.0,1.0,0.0,0.0,1.262,1
24.0,6.0,0.0,0.0,119.0,1.0,2.0,2.0,1.262,1
46.0,3.0,1.0,1.0,1210.0,4.0,1.0,1.0,1.262,1
30.0,6.0,1.0,0.0,224.0,1.0,0.0,0.0,1.262,0
44.0,6.0,1.0,1.0,130.0,1.0,0.0,0.0,1.262,0
28.0,5.0,1.0,0.0,318.0,1.0,0.0,0.0,1.262,1
34.0,4.0,0.0,0.0,306.0,2.0,0.0,0.0,1.262,0
47.0,3.0,1.0,0.0,181.0,3.0,1.0,1.0,1.262,1
36.0,6.0,1.0,1.0,308.0,1.0,1.0,2.0,1.262,0
24.0,5.0,0.0,0.0,122.0,2.0,1.0,1.0,1.262,0
55.0,1.0,0.0,0.0,130.0,2.0,0.0,0.0,1.262,0
25.0,5.0,1.0,0.0,179.0,2.0,1.0,2.0,1.262,1
31.0,6.0,1.0,0.0,305.0,1.0,0.0,0.0,1.262,1
24.0,3.0,1.0,0.0,406.0,2.0,0.0,0.0,1.26,1
30.0,6.0,1.0,0.0,244.0,2.0,0.0,0.0,1.26,1
33.0,6.0,1.0,0.0,313.0,2.0,0.0,0.0,1.26,1
31.0,4.0,0.0,0.0,137.0,3.0,0.0,0.0,1.26,0
40.0,6.0,1.0,0.0,117.0,1.0,0.0,0.0,1.26,1
20.0,,1.0,0.0,213.0,1.0,0.0,0.0,1.26,1
29.0,4.0,1.0,0.0,37.0,1.0,1.0,1.0,1.26,0
29.0,6.0,1.0,0.0,138.0,1.0,0.0,0.0,1.26,0
48.0,6.0,1.0,0.0,95.0,1.0,0.0,0.0,1.26,0
39.0,6.0,0.0,0.0,2219.0,1.0,1.0,1.0,1.26,0
38.0,4.0,0.0,0.0,65.0,1.0,1.0,1.0,1.26,0
33.0,6.0,0.0,0.0,254.0,1.0,2.0,1.0,1.26,0
29.0,4.0,0.0,0.0,136.0,6.0,1.0,2.0,1.26,0
42.0,6.0,1.0,0.0,436.0,1.0,1.0,2.0,1.26,1
25.0,6.0,1.0,1.0,124.0,1.0,1.0,1.0,1.26,0
54.0,6.0,0.0,0.0,77.0,2.0,0.0,0.0,1.26,0
30.0,6.0,1.0,0.0,617.0,2.0,0.0,0.0,1.26,1
31.0,4.0,0.0,0.0,161.0,1.0,1.0,2.0,1.26,0
52.0,6.0,1.0,1.0,247.0,2.0,0.0,0.0,1.26,1
26.0,6.0,0.0,0.0,78.0,2.0,1.0,1.0,1.26,0
56.0,6.0,1.0,0.0,218.0,5.0,0.0,0.0,1.26,0
42.0,6.0,0.0,0.0,160.0,1.0,0.0,0.0,1.26,1
24.0,4.0,0.0,0.0,352.0,2.0,1.0,1.0,1.26,1
26.0,5.0,1.0,0.0,77.0,2.0,0.0,0.0,1.26,0
30.0,5.0,0.0,0.0,137.0,1.0,0.0,0.0,1.26,1
28.0,6.0,1.0,0.0,1161.0,1.0,1.0,2.0,1.26,1
42.0,6.0,1.0,0.0,156.0,2.0,0.0,0.0,1.26,0
28.0,6.0,1.0,0.0,66.0,1.0,1.0,1.0,1.26,0
32.0,4.0,1.0,1.0,119.0,2.0,0.0,0.0,1.26,0
35.0,6.0,0.0,1.0,125.0,5.0,0.0,0.0,1.26,0
50.0,3.0,1.0,0.0,117.0,1.0,0.0,0.0,1.26,0
31.0,4.0,,,105.0,1.0,0.0,0.0,1.26,0
34.0,4.0,0.0,1.0,207.0,1.0,0.0,0.0,1.26,0
44.0,6.0,1.0,0.0,133.0,1.0,0.0,0.0,1.268,0
49.0,4.0,1.0,0.0,169.0,1.0,0.0,0.0,1.268,0
32.0,6.0,0.0,0.0,255.0,1.0,0.0,0.0,1.268,1
32.0,6.0,0.0,0.0,462.0,1.0,0.0,0.0,1.268,1
50.0,3.0,0.0,0.0,227.0,1.0,0.0,0.0,1.268,0
51.0,3.0,0.0,0.0,302.0,1.0,0.0,0.0,1.268,1
21.0,6.0,0.0,0.0,493.0,2.0,0.0,0.0,1.268,1
51.0,6.0,0.0,0.0,657.0,1.0,0.0,0.0,1.268,1
28.0,6.0,1.0,0.0,188.0,1.0,1.0,1.0,1.268,0
37.0,6.0,1.0,0.0,145.0,1.0,0.0,0.0,1.268,0
54.0,4.0,0.0,0.0,455.0,3.0,0.0,0.0,1.268,0
25.0,3.0,1.0,0.0,103.0,2.0,0.0,0.0,1.268,1
35.0,5.0,1.0,0.0,366.0,1.0,0.0,0.0,1.268,1
45.0,,0.0,0.0,438.0,2.0,0.0,0.0,1.268,1
53.0,6.0,1.0,0.0,304.0,2.0,1.0,2.0,1.268,1
25.0,3.0,0.0,0.0,800.0,2.0,0.0,0.0,1.268,0
29.0,6.0,1.0,0.0,97.0,4.0,0.0,0.0,1.281,0
36.0,3.0,0.0,0.0,86.0,1.0,0.0,0.0,1.281,0
31.0,6.0,0.0,0.0,127.0,3.0,1.0,1.0,1.281,0
43.0,2.0,1.0,0.0,458.0,6.0,0.0,0.0,1.281,1
29.0,4.0,1.0,1.0,100.0,2.0,0.0,0.0,1.286,0
48.0,4.0,1.0,1.0,217.0,3.0,0.0,0.0,1.286,0
25.0,6.0,0.0,0.0,529.0,2.0,0.0,0.0,1.286,1
25.0,6.0,1.0,0.0,382.0,5.0,0.0,0.0,1.268,0
50.0,6.0,1.0,0.0,95.0,7.0,1.0,1.0,1.268,1
25.0,6.0,0.0,0.0,94.0,2.0,0.0,0.0,1.26,0
40.0,3.0,0.0,0.0,143.0,3.0,1.0,1.0,1.26,0
52.0,5.0,1.0,0.0,268.0,1.0,0.0,0.0,1.26,0
23.0,4.0,0.0,0.0,92.0,1.0,1.0,1.0,1.26,0
31.0,6.0,1.0,0.0,382.0,2.0,0.0,0.0,1.26,1
74.0,1.0,1.0,0.0,257.0,1.0,0.0,0.0,1.26,1
24.0,,1.0,0.0,220.0,1.0,0.0,0.0,1.26,1
26.0,5.0,0.0,0.0,175.0,1.0,1.0,1.0,1.26,0
32.0,6.0,0.0,0.0,60.0,1.0,0.0,0.0,1.26,0
34.0,1.0,1.0,0.0,75.0,2.0,0.0,0.0,1.26,0
46.0,6.0,0.0,0.0,119.0,1.0,0.0,0.0,1.252,0
44.0,1.0,0.0,0.0,276.0,2.0,0.0,0.0,1.252,0
31.0,5.0,1.0,0.0,404.0,3.0,2.0,1.0,1.252,0
40.0,6.0,0.0,1.0,54.0,4.0,0.0,0.0,1.244,0
29.0,1.0,0.0,1.0,243.0,3.0,2.0,2.0,1.244,1
29.0,6.0,0.0,1.0,813.0,4.0,0.0,0.0,1.235,1
56.0,6.0,1.0,0.0,88.0,3.0,0.0,0.0,1.235,0
32.0,4.0,0.0,1.0,112.0,4.0,1.0,1.0,1.224,0
48.0,6.0,1.0,0.0,136.0,1.0,1.0,1.0,1.215,0
55.0,3.0,0.0,0.0,271.0,2.0,0.0,0.0,1.215,0
50.0,6.0,0.0,0.0,269.0,1.0,1.0,2.0,1.215,1
32.0,5.0,0.0,0.0,524.0,1.0,0.0,0.0,1.215,0
39.0,6.0,0.0,0.0,208.0,1.0,0.0,0.0,1.215,0
30.0,,0.0,0.0,205.0,3.0,0.0,0.0,1.206,0
37.0,6.0,1.0,0.0,108.0,1.0,0.0,0.0,1.099,0
38.0,6.0,0.0,0.0,103.0,1.0,0.0,0.0,1.099,0
38.0,6.0,1.0,0.0,42.0,1.0,0.0,0.0,1.099,0
36.0,1.0,0.0,0.0,166.0,1.0,0.0,0.0,1.099,0
33.0,6.0,0.0,0.0,224.0,1.0,0.0,0.0,1.099,1
51.0,1.0,0.0,0.0,1057.0,1.0,1.0,2.0,1.085,0
59.0,6.0,1.0,1.0,92.0,1.0,0.0,0.0,1.085,0
55.0,6.0,0.0,1.0,260.0,2.0,1.0,2.0,1.085,1
51.0,4.0,1.0,0.0,372.0,1.0,0.0,0.0,1.085,1
24.0,,0.0,1.0,342.0,2.0,0.0,0.0,1.072,1
45.0,6.0,0.0,0.0,252.0,1.0,0.0,0.0,1.072,1
59.0,1.0,1.0,0.0,218.0,1.0,0.0,0.0,1.072,1
51.0,5.0,0.0,0.0,566.0,1.0,1.0,2.0,1.072,1
56.0,,1.0,0.0,129.0,1.0,0.0,0.0,1.072,0
60.0,1.0,1.0,0.0,229.0,1.0,0.0,0.0,1.072,0
51.0,5.0,1.0,0.0,135.0,2.0,1.0,1.0,1.072,1
36.0,4.0,1.0,0.0,122.0,1.0,1.0,1.0,1.059,0
29.0,6.0,0.0,0.0,1007.0,6.0,0.0,0.0,1.059,1
53.0,4.0,1.0,0.0,531.0,3.0,0.0,0.0,1.059,0
29.0,6.0,1.0,0.0,473.0,1.0,0.0,0.0,1.059,0
56.0,4.0,1.0,1.0,308.0,2.0,0.0,0.0,1.059,1
23.0,4.0,0.0,0.0,270.0,3.0,0.0,0.0,1.048,1
37.0,6.0,1.0,0.0,227.0,2.0,0.0,0.0,1.048,1
38.0,6.0,1.0,0.0,422.0,1.0,0.0,0.0,1.044,0
37.0,4.0,0.0,0.0,106.0,1.0,0.0,0.0,1.044,0
50.0,4.0,1.0,0.0,98.0,2.0,1.0,1.0,1.044,0
26.0,4.0,1.0,0.0,98.0,1.0,0.0,0.0,1.044,0
31.0,6.0,0.0,0.0,404.0,1.0,0.0,0.0,1.044,0
26.0,4.0,1.0,0.0,432.0,1.0,0.0,0.0,1.044,0
25.0,,0.0,0.0,170.0,1.0,0.0,0.0,1.044,0
44.0,5.0,1.0,0.0,112.0,2.0,0.0,0.0,1.044,0
42.0,6.0,0.0,0.0,361.0,1.0,1.0,1.0,1.029,1
50.0,5.0,0.0,0.0,87.0,1.0,0.0,0.0,1.029,0
20.0,4.0,0.0,0.0,74.0,1.0,0.0,0.0,1.029,0
27.0,4.0,0.0,1.0,537.0,2.0,1.0,1.0,1.029,0
59.0,4.0,1.0,0.0,286.0,2.0,0.0,0.0,1.029,0
40.0,4.0,1.0,0.0,475.0,3.0,1.0,2.0,1.029,0
32.0,6.0,1.0,0.0,97.0,3.0,0.0,0.0,1.029,1
51.0,6.0,1.0,0.0,219.0,2.0,0.0,0.0,0.979,0
45.0,6.0,1.0,0.0,58.0,3.0,0.0,0.0,0.969,0
33.0,6.0,0.0,1.0,106.0,3.0,0.0,0.0,0.927,0
50.0,,,,506.0,2.0,0.0,0.0,0.914,0
38.0,6.0,1.0,0.0,195.0,2.0,0.0,0.0,0.914,0
26.0,6.0,1.0,1.0,105.0,2.0,0.0,0.0,0.908,0
44.0,4.0,0.0,1.0,132.0,4.0,0.0,0.0,0.908,0
23.0,3.0,0.0,0.0,73.0,6.0,0.0,0.0,0.908,0
54.0,6.0,0.0,1.0,822.0,6.0,1.0,2.0,0.908,1
34.0,6.0,0.0,1.0,51.0,4.0,1.0,1.0,0.908,0
38.0,6.0,0.0,0.0,486.0,5.0,0.0,0.0,0.908,1
54.0,6.0,1.0,1.0,141.0,2.0,0.0,0.0,0.899,0
32.0,4.0,0.0,0.0,205.0,1.0,0.0,0.0,0.884,0
61.0,4.0,0.0,0.0,92.0,1.0,0.0,0.0,0.884,0
36.0,4.0,1.0,0.0,320.0,1.0,0.0,0.0,0.884,0
18.0,3.0,1.0,0.0,642.0,1.0,0.0,0.0,0.884,1
52.0,6.0,0.0,0.0,600.0,1.0,0.0,0.0,0.884,1
26.0,6.0,1.0,0.0,204.0,2.0,1.0,1.0,0.884,0
51.0,6.0,1.0,0.0,249.0,1.0,0.0,0.0,0.884,1
46.0,4.0,0.0,0.0,231.0,2.0,0.0,0.0,0.884,1
43.0,2.0,1.0,0.0,813.0,2.0,0.0,0.0,0.884,0
37.0,5.0,0.0,0.0,157.0,3.0,2.0,2.0,0.884,1
37.0,3.0,1.0,1.0,161.0,1.0,0.0,0.0,0.883,0
28.0,,1.0,0.0,111.0,1.0,1.0,1.0,0.883,0
42.0,,1.0,1.0,250.0,4.0,2.0,2.0,0.883,1
60.0,,0.0,0.0,130.0,2.0,0.0,0.0,0.883,0
44.0,6.0,1.0,0.0,254.0,2.0,0.0,0.0,0.883,1
76.0,1.0,1.0,0.0,550.0,1.0,0.0,0.0,0.883,1
25.0,6.0,1.0,0.0,255.0,1.0,0.0,0.0,0.881,1
34.0,6.0,0.0,0.0,78.0,1.0,0.0,0.0,0.881,0
46.0,4.0,1.0,0.0,258.0,1.0,0.0,0.0,0.881,0
51.0,,0.0,0.0,273.0,1.0,1.0,1.0,0.881,1
41.0,6.0,1.0,0.0,142.0,1.0,2.0,2.0,0.881,1
48.0,3.0,0.0,0.0,173.0,2.0,0.0,0.0,0.881,0
36.0,3.0,1.0,0.0,215.0,1.0,1.0,1.0,0.881,1
27.0,4.0,0.0,0.0,192.0,1.0,1.0,2.0,0.881,1
46.0,5.0,0.0,0.0,255.0,3.0,0.0,0.0,0.884,0
36.0,6.0,0.0,0.0,1225.0,2.0,0.0,0.0,0.884,0
52.0,6.0,0.0,0.0,268.0,1.0,0.0,0.0,0.884,0
38.0,5.0,0.0,0.0,923.0,1.0,1.0,1.0,0.884,1
41.0,4.0,0.0,0.0,88.0,1.0,0.0,0.0,0.884,0
36.0,6.0,0.0,0.0,559.0,1.0,1.0,2.0,0.884,1
65.0,2.0,0.0,0.0,161.0,2.0,1.0,1.0,0.884,1
40.0,4.0,1.0,0.0,158.0,1.0,1.0,2.0,0.884,0
43.0,6.0,0.0,0.0,156.0,1.0,0.0,0.0,0.884,0
33.0,3.0,1.0,1.0,289.0,1.0,2.0,1.0,0.884,1
35.0,6.0,1.0,0.0,425.0,2.0,1.0,1.0,0.883,0
58.0,5.0,0.0,0.0,48.0,2.0,0.0,0.0,0.883,0
69.0,4.0,1.0,0.0,151.0,1.0,0.0,0.0,0.883,0
49.0,6.0,1.0,1.0,138.0,1.0,0.0,0.0,0.883,0
31.0,6.0,0.0,0.0,387.0,1.0,0.0,0.0,0.883,0
60.0,4.0,0.0,0.0,123.0,1.0,1.0,2.0,0.883,0
31.0,6.0,1.0,1.0,115.0,2.0,0.0,0.0,0.883,0
50.0,,1.0,0.0,1398.0,1.0,0.0,0.0,0.883,0
61.0,6.0,1.0,0.0,651.0,1.0,0.0,0.0,0.883,1
42.0,6.0,0.0,0.0,982.0,1.0,0.0,0.0,0.883,0
69.0,6.0,1.0,0.0,93.0,1.0,1.0,1.0,0.883,0
41.0,6.0,1.0,0.0,280.0,2.0,0.0,0.0,0.883,0
67.0,6.0,0.0,0.0,201.0,1.0,1.0,1.0,0.883,0
59.0,5.0,1.0,0.0,91.0,1.0,1.0,1.0,0.883,0
59.0,5.0,0.0,0.0,198.0,1.0,0.0,0.0,0.883,0
59.0,1.0,0.0,0.0,163.0,3.0,0.0,0.0,0.883,0
62.0,6.0,1.0,1.0,345.0,2.0,0.0,0.0,0.879,0
26.0,3.0,0.0,0.0,449.0,1.0,0.0,0.0,0.879,1
45.0,3.0,0.0,0.0,150.0,1.0,2.0,2.0,0.879,0
36.0,6.0,1.0,0.0,90.0,1.0,2.0,1.0,0.879,0
32.0,5.0,0.0,0.0,313.0,2.0,1.0,1.0,0.879,1
28.0,6.0,0.0,0.0,332.0,1.0,0.0,0.0,0.879,1
28.0,6.0,0.0,0.0,153.0,1.0,0.0,0.0,0.879,0
32.0,4.0,0.0,0.0,96.0,1.0,0.0,0.0,0.879,0
44.0,6.0,0.0,0.0,96.0,2.0,1.0,2.0,0.879,0
28.0,6.0,,,227.0,1.0,0.0,0.0,0.879,0
76.0,1.0,0.0,0.0,331.0,2.0,0.0,0.0,0.879,0
33.0,6.0,1.0,0.0,101.0,4.0,2.0,1.0,0.873,0
23.0,4.0,1.0,0.0,784.0,3.0,3.0,1.0,0.873,1
22.0,4.0,1.0,0.0,425.0,2.0,0.0,0.0,0.873,1
39.0,6.0,0.0,0.0,105.0,1.0,0.0,0.0,0.873,0
46.0,2.0,1.0,0.0,464.0,4.0,0.0,0.0,0.873,1
81.0,2.0,0.0,0.0,189.0,2.0,1.0,2.0,0.873,0
36.0,4.0,1.0,1.0,227.0,2.0,1.0,1.0,0.873,1
46.0,6.0,1.0,0.0,213.0,1.0,0.0,0.0,0.873,0
64.0,,1.0,1.0,219.0,1.0,0.0,0.0,0.873,0
17.0,3.0,1.0,0.0,182.0,2.0,2.0,1.0,0.869,0
61.0,3.0,1.0,0.0,176.0,2.0,0.0,0.0,0.869,0
62.0,,0.0,0.0,172.0,4.0,0.0,0.0,0.869,1
24.0,4.0,1.0,0.0,319.0,1.0,1.0,1.0,0.869,0
55.0,1.0,1.0,0.0,137.0,1.0,1.0,2.0,0.869,1
28.0,5.0,0.0,0.0,276.0,2.0,0.0,0.0,0.869,1
29.0,2.0,0.0,0.0,260.0,3.0,0.0,0.0,0.869,1
31.0,6.0,1.0,0.0,211.0,3.0,0.0,0.0,0.869,1
35.0,6.0,0.0,0.0,224.0,3.0,0.0,0.0,0.869,0
20.0,4.0,0.0,0.0,159.0,2.0,2.0,2.0,0.869,0
68.0,1.0,0.0,0.0,110.0,1.0,2.0,1.0,0.861,0
67.0,5.0,1.0,1.0,186.0,1.0,0.0,0.0,0.861,1
60.0,6.0,0.0,0.0,133.0,1.0,0.0,0.0,0.861,0
25.0,6.0,1.0,0.0,163.0,1.0,1.0,2.0,0.861,1
74.0,3.0,1.0,0.0,156.0,1.0,1.0,1.0,0.861,1
46.0,4.0,1.0,0.0,109.0,1.0,0.0,0.0,0.861,0
29.0,6.0,1.0,0.0,33.0,2.0,0.0,0.0,0.859,0
67.0,2.0,0.0,0.0,460.0,2.0,0.0,0.0,0.859,1
31.0,4.0,1.0,0.0,243.0,2.0,0.0,0.0,0.859,0
61.0,6.0,0.0,0.0,249.0,2.0,1.0,2.0,0.859,1
47.0,6.0,1.0,0.0,161.0,1.0,1.0,1.0,0.859,1
32.0,6.0,1.0,1.0,96.0,1.0,0.0,0.0,0.859,0
59.0,6.0,1.0,0.0,210.0,2.0,1.0,1.0,0.859,0
34.0,6.0,1.0,0.0,360.0,1.0,0.0,0.0,0.859,0
34.0,5.0,0.0,0.0,193.0,1.0,1.0,2.0,0.859,1
56.0,6.0,1.0,0.0,370.0,2.0,0.0,0.0,0.859,1
35.0,6.0,1.0,0.0,768.0,2.0,2.0,1.0,0.854,1
26.0,4.0,1.0,0.0,170.0,1.0,0.0,0.0,0.854,0
33.0,6.0,1.0,0.0,67.0,1.0,1.0,2.0,0.854,0
40.0,4.0,1.0,0.0,262.0,2.0,1.0,1.0,0.851,0
37.0,6.0,0.0,0.0,329.0,3.0,1.0,2.0,0.851,1
35.0,4.0,0.0,0.0,151.0,1.0,1.0,2.0,0.851,1
62.0,6.0,0.0,0.0,68.0,1.0,1.0,1.0,0.851,0
74.0,3.0,0.0,0.0,188.0,2.0,1.0,1.0,0.851,0
25.0,6.0,0.0,0.0,184.0,1.0,0.0,0.0,0.851,1
38.0,5.0,0.0,0.0,201.0,2.0,0.0,0.0,0.851,0
28.0,5.0,1.0,0.0,78.0,3.0,0.0,0.0,0.851,1
64.0,,1.0,1.0,89.0,1.0,1.0,1.0,0.849,0
64.0,6.0,0.0,0.0,102.0,1.0,1.0,1.0,0.849,0
39.0,,1.0,0.0,104.0,2.0,0.0,0.0,0.849,0
24.0,4.0,1.0,0.0,200.0,1.0,4.0,1.0,0.849,0
34.0,5.0,0.0,0.0,531.0,2.0,1.0,2.0,0.849,1
62.0,6.0,1.0,0.0,116.0,1.0,0.0,0.0,0.849,1
38.0,4.0,1.0,0.0,712.0,2.0,0.0,0.0,0.843,1
69.0,1.0,0.0,0.0,420.0,4.0,0.0,0.0,0.843,0
40.0,6.0,1.0,0.0,55.0,1.0,2.0,1.0,0.843,0
64.0,3.0,1.0,0.0,79.0,2.0,1.0,2.0,0.843,0
63.0,1.0,0.0,0.0,511.0,1.0,1.0,1.0,0.838,1
64.0,,0.0,0.0,275.0,1.0,0.0,0.0,0.838,0
60.0,5.0,1.0,0.0,186.0,3.0,1.0,1.0,0.838,0
43.0,4.0,1.0,0.0,291.0,2.0,2.0,2.0,0.838,1
59.0,5.0,1.0,0.0,240.0,3.0,1.0,1.0,0.834,0
46.0,1.0,,,154.0,2.0,0.0,0.0,0.829,0
58.0,4.0,0.0,0.0,398.0,2.0,1.0,1.0,0.829,1
45.0,4.0,1.0,0.0,67.0,3.0,1.0,1.0,0.825,0
28.0,,1.0,0.0,268.0,3.0,0.0,0.0,0.825,0
25.0,,1.0,0.0,121.0,1.0,2.0,1.0,0.825,0
24.0,4.0,0.0,0.0,65.0,1.0,2.0,1.0,0.825,0
33.0,4.0,0.0,0.0,207.0,3.0,1.0,2.0,0.825,1
43.0,5.0,0.0,0.0,255.0,1.0,0.0,0.0,0.825,0
26.0,6.0,0.0,1.0,173.0,1.0,0.0,0.0,0.825,1
62.0,5.0,1.0,1.0,517.0,2.0,1.0,1.0,0.825,1
44.0,4.0,0.0,0.0,283.0,1.0,0.0,0.0,0.825,0
34.0,6.0,1.0,0.0,94.0,3.0,0.0,0.0,0.825,0
40.0,4.0,0.0,0.0,115.0,3.0,0.0,0.0,0.821,0
73.0,6.0,0.0,0.0,245.0,4.0,0.0,0.0,0.821,0
73.0,4.0,1.0,0.0,114.0,1.0,0.0,0.0,0.821,0
53.0,6.0,1.0,0.0,81.0,1.0,2.0,1.0,0.821,0
31.0,6.0,1.0,1.0,271.0,2.0,0.0,0.0,0.821,1
63.0,6.0,1.0,0.0,79.0,1.0,2.0,1.0,0.821,0
32.0,6.0,1.0,1.0,69.0,2.0,0.0,0.0,0.819,0
33.0,4.0,1.0,0.0,212.0,1.0,0.0,0.0,0.819,1
54.0,,1.0,0.0,82.0,1.0,0.0,0.0,0.819,1
45.0,6.0,,,55.0,6.0,1.0,1.0,0.819,0
40.0,6.0,1.0,1.0,172.0,4.0,0.0,0.0,0.813,0
34.0,5.0,1.0,1.0,121.0,3.0,0.0,0.0,0.813,1
71.0,1.0,1.0,0.0,2055.0,1.0,0.0,0.0,0.809,0
83.0,,1.0,0.0,369.0,1.0,0.0,0.0,0.803,0
40.0,4.0,1.0,0.0,101.0,1.0,0.0,0.0,0.803,0
32.0,6.0,1.0,0.0,205.0,2.0,0.0,0.0,0.803,0
76.0,,0.0,0.0,113.0,1.0,0.0,0.0,0.803,0
28.0,4.0,0.0,0.0,555.0,2.0,0.0,0.0,0.803,1
50.0,4.0,1.0,0.0,434.0,2.0,0.0,0.0,0.803,1
59.0,,1.0,1.0,281.0,3.0,1.0,2.0,0.797,1
41.0,6.0,1.0,0.0,182.0,1.0,0.0,0.0,0.797,0
41.0,6.0,0.0,0.0,133.0,3.0,0.0,0.0,0.797,0
54.0,5.0,1.0,0.0,289.0,1.0,0.0,0.0,0.797,0
39.0,6.0,0.0,0.0,57.0,2.0,0.0,0.0,0.797,0
71.0,1.0,0.0,0.0,76.0,1.0,0.0,0.0,0.788,0
53.0,,0.0,0.0,121.0,2.0,0.0,0.0,0.781,0
29.0,6.0,1.0,0.0,307.0,2.0,1.0,1.0,0.781,0
56.0,6.0,1.0,0.0,105.0,2.0,0.0,0.0,0.778,0
42.0,2.0,1.0,0.0,84.0,3.0,0.0,0.0,0.778,1
59.0,,1.0,0.0,107.0,1.0,0.0,0.0,0.778,0
31.0,5.0,1.0,0.0,90.0,4.0,0.0,0.0,0.773,0
69.0,4.0,0.0,0.0,346.0,3.0,0.0,0.0,0.773,1
76.0,6.0,1.0,0.0,336.0,1.0,1.0,1.0,0.773,0
28.0,6.0,1.0,0.0,91.0,1.0,3.0,2.0,0.773,1
73.0,1.0,1.0,0.0,158.0,2.0,0.0,0.0,0.773,0
38.0,4.0,1.0,0.0,113.0,1.0,1.0,1.0,0.773,0
69.0,4.0,0.0,0.0,240.0,1.0,0.0,0.0,0.773,0
71.0,,1.0,0.0,658.0,4.0,0.0,0.0,0.773,1
62.0,6.0,0.0,0.0,170.0,1.0,1.0,1.0,0.77,1
47.0,4.0,1.0,0.0,188.0,1.0,1.0,2.0,0.77,0
31.0,6.0,0.0,0.0,106.0,1.0,0.0,0.0,0.768,0
49.0,4.0,0.0,0.0,292.0,1.0,0.0,0.0,0.768,1
36.0,4.0,0.0,0.0,543.0,1.0,0.0,0.0,0.766,1
46.0,4.0,0.0,0.0,267.0,2.0,1.0,1.0,0.762,1
47.0,4.0,1.0,0.0,159.0,1.0,1.0,1.0,0.755,0
63.0,1.0,1.0,0.0,299.0,1.0,1.0,2.0,0.749,1
35.0,6.0,1.0,1.0,62.0,3.0,0.0,0.0,0.743,0
60.0,5.0,1.0,1.0,794.0,1.0,0.0,0.0,0.743,0
33.0,3.0,0.0,0.0,105.0,2.0,0.0,0.0,0.741,0
53.0,6.0,1.0,1.0,168.0,2.0,1.0,1.0,0.741,0
30.0,6.0,0.0,0.0,294.0,2.0,1.0,2.0,0.739,1
30.0,4.0,1.0,0.0,75.0,1.0,1.0,1.0,0.75,0
61.0,4.0,1.0,0.0,117.0,1.0,1.0,2.0,0.753,1
55.0,6.0,1.0,1.0,585.0,1.0,0.0,0.0,0.753,0
37.0,6.0,0.0,0.0,314.0,1.0,1.0,2.0,0.753,0
49.0,,0.0,0.0,56.0,1.0,2.0,1.0,0.754,0
49.0,,1.0,1.0,81.0,1.0,0.0,0.0,0.754,0
71.0,1.0,1.0,0.0,137.0,1.0,1.0,1.0,0.754,1
54.0,6.0,1.0,0.0,214.0,1.0,0.0,0.0,0.754,0
28.0,1.0,1.0,0.0,160.0,2.0,1.0,2.0,0.752,0
37.0,6.0,1.0,0.0,89.0,1.0,1.0,1.0,0.744,0
43.0,6.0,0.0,0.0,408.0,1.0,1.0,1.0,0.744,0
48.0,6.0,1.0,1.0,157.0,2.0,0.0,0.0,0.74,0
34.0,6.0,0.0,0.0,201.0,1.0,3.0,1.0,0.74,1
58.0,1.0,0.0,1.0,867.0,2.0,2.0,2.0,0.74,0
38.0,6.0,0.0,0.0,180.0,2.0,1.0,1.0,0.74,0
58.0,1.0,1.0,0.0,88.0,1.0,0.0,0.0,0.74,0
63.0,4.0,0.0,0.0,1386.0,1.0,0.0,0.0,0.74,0
48.0,4.0,0.0,0.0,113.0,1.0,0.0,0.0,0.741,0
42.0,,1.0,0.0,259.0,1.0,0.0,0.0,0.741,0
54.0,6.0,1.0,0.0,234.0,2.0,1.0,2.0,0.741,1
42.0,6.0,0.0,0.0,1106.0,2.0,0.0,0.0,0.743,1
59.0,6.0,0.0,0.0,268.0,1.0,1.0,1.0,0.743,0
59.0,6.0,1.0,0.0,511.0,3.0,1.0,1.0,0.743,1
29.0,4.0,0.0,0.0,92.0,1.0,0.0,0.0,0.743,0
71.0,6.0,,,98.0,1.0,0.0,0.0,0.742,0
35.0,6.0,1.0,0.0,79.0,2.0,0.0,0.0,0.742,1
55.0,5.0,0.0,0.0,285.0,1.0,0.0,0.0,0.742,0
33.0,4.0,1.0,1.0,301.0,2.0,0.0,0.0,0.742,1
48.0,2.0,1.0,0.0,115.0,2.0,2.0,2.0,0.742,0
44.0,5.0,0.0,0.0,123.0,2.0,0.0,0.0,0.742,0
71.0,6.0,0.0,0.0,120.0,1.0,0.0,0.0,0.742,0
28.0,4.0,0.0,0.0,958.0,1.0,0.0,0.0,0.742,1
38.0,4.0,1.0,0.0,108.0,1.0,0.0,0.0,0.742,0
37.0,2.0,1.0,0.0,262.0,4.0,0.0,0.0,0.74,0
44.0,4.0,0.0,0.0,634.0,1.0,0.0,0.0,0.74,0
37.0,2.0,1.0,0.0,68.0,1.0,0.0,0.0,0.74,0
74.0,3.0,1.0,0.0,134.0,2.0,1.0,2.0,0.74,1
37.0,2.0,0.0,0.0,246.0,5.0,0.0,0.0,0.74,0
33.0,6.0,1.0,0.0,166.0,3.0,2.0,2.0,0.74,1
25.0,6.0,1.0,1.0,227.0,1.0,0.0,0.0,0.74,0
83.0,3.0,0.0,0.0,138.0,2.0,0.0,0.0,0.739,0
32.0,5.0,0.0,1.0,55.0,2.0,0.0,0.0,0.739,0
25.0,6.0,,,1580.0,2.0,0.0,0.0,0.739,0
33.0,5.0,1.0,0.0,154.0,2.0,0.0,0.0,0.739,1
38.0,6.0,1.0,0.0,131.0,2.0,1.0,2.0,0.739,0
33.0,6.0,1.0,0.0,233.0,1.0,0.0,0.0,0.739,1
36.0,4.0,0.0,0.0,141.0,1.0,2.0,1.0,0.739,0
33.0,6.0,0.0,0.0,130.0,1.0,1.0,2.0,0.739,1
38.0,6.0,0.0,0.0,156.0,1.0,0.0,0.0,0.739,1
70.0,1.0,1.0,0.0,131.0,1.0,0.0,0.0,0.739,1
60.0,1.0,0.0,0.0,98.0,1.0,0.0,0.0,0.739,1
60.0,1.0,1.0,0.0,1020.0,1.0,0.0,0.0,0.739,0
30.0,4.0,0.0,0.0,120.0,1.0,0.0,0.0,0.739,0
55.0,5.0,1.0,0.0,323.0,2.0,0.0,0.0,0.739,0
65.0,,,,208.0,3.0,1.0,1.0,0.739,0
54.0,5.0,0.0,0.0,187.0,2.0,0.0,0.0,0.739,0
67.0,5.0,0.0,0.0,270.0,2.0,0.0,0.0,0.739,0
58.0,3.0,1.0,0.0,92.0,1.0,1.0,1.0,0.737,0
38.0,6.0,1.0,0.0,828.0,1.0,1.0,1.0,0.735,1
54.0,6.0,1.0,0.0,164.0,2.0,2.0,2.0,0.735,0
42.0,5.0,1.0,0.0,307.0,1.0,1.0,2.0,0.735,1
37.0,6.0,1.0,0.0,249.0,2.0,1.0,1.0,0.733,1
56.0,1.0,0.0,0.0,306.0,3.0,1.0,2.0,0.733,1
98.0,1.0,1.0,0.0,476.0,1.0,2.0,2.0,0.73,1
98.0,1.0,1.0,0.0,272.0,2.0,0.0,0.0,0.73,1
37.0,2.0,,,93.0,1.0,0.0,0.0,0.73,0
37.0,2.0,0.0,0.0,131.0,1.0,0.0,0.0,0.73,0
29.0,6.0,0.0,0.0,87.0,2.0,1.0,1.0,0.731,0
33.0,4.0,0.0,0.0,251.0,1.0,0.0,0.0,0.731,1
30.0,4.0,1.0,0.0,67.0,1.0,0.0,0.0,0.731,0
55.0,3.0,0.0,0.0,131.0,1.0,0.0,0.0,0.728,1
72.0,6.0,0.0,1.0,143.0,1.0,1.0,2.0,0.728,1
71.0,1.0,1.0,1.0,120.0,1.0,1.0,2.0,0.728,0
32.0,6.0,0.0,0.0,96.0,1.0,1.0,1.0,0.728,1
29.0,4.0,0.0,0.0,424.0,1.0,1.0,1.0,0.728,1
61.0,4.0,0.0,0.0,515.0,1.0,0.0,0.0,0.728,0
32.0,6.0,1.0,0.0,376.0,1.0,2.0,1.0,0.728,0
63.0,5.0,0.0,0.0,259.0,1.0,0.0,0.0,0.728,0
68.0,5.0,1.0,0.0,418.0,2.0,0.0,0.0,0.728,1
46.0,3.0,1.0,0.0,65.0,1.0,1.0,1.0,0.728,0
71.0,1.0,0.0,0.0,353.0,1.0,0.0,0.0,0.728,1
32.0,6.0,1.0,0.0,149.0,1.0,0.0,0.0,0.728,1
62.0,4.0,0.0,0.0,210.0,1.0,0.0,0.0,0.724,0
73.0,1.0,1.0,0.0,185.0,1.0,0.0,0.0,0.724,0
62.0,4.0,0.0,0.0,207.0,1.0,1.0,2.0,0.724,1
58.0,4.0,1.0,0.0,76.0,4.0,0.0,0.0,0.722,0
30.0,5.0,1.0,1.0,1707.0,2.0,0.0,0.0,0.722,1
32.0,6.0,1.0,1.0,679.0,1.0,0.0,0.0,0.722,0
67.0,1.0,0.0,0.0,299.0,2.0,2.0,2.0,0.722,1
55.0,1.0,0.0,0.0,250.0,1.0,2.0,1.0,0.722,0
60.0,1.0,1.0,0.0,133.0,6.0,2.0,1.0,0.722,0
78.0,2.0,0.0,0.0,631.0,2.0,2.0,1.0,0.72,0
37.0,6.0,1.0,0.0,62.0,3.0,0.0,0.0,0.72,0
24.0,3.0,1.0,0.0,160.0,1.0,0.0,0.0,0.72,0
37.0,6.0,1.0,0.0,183.0,2.0,0.0,0.0,0.72,0
41.0,4.0,0.0,0.0,131.0,2.0,1.0,1.0,0.722,0
34.0,4.0,1.0,0.0,121.0,2.0,1.0,1.0,0.722,1
50.0,6.0,1.0,0.0,91.0,2.0,0.0,0.0,0.722,0
37.0,4.0,0.0,0.0,235.0,4.0,0.0,0.0,0.722,0
37.0,5.0,1.0,1.0,1024.0,1.0,1.0,2.0,0.722,1
50.0,6.0,1.0,0.0,204.0,1.0,1.0,2.0,0.722,0
32.0,6.0,,,143.0,3.0,1.0,2.0,0.722,0
30.0,6.0,1.0,0.0,109.0,1.0,1.0,2.0,0.722,0
33.0,6.0,1.0,0.0,83.0,4.0,0.0,0.0,0.722,0
40.0,6.0,0.0,0.0,88.0,2.0,2.0,1.0,0.72,0
30.0,3.0,1.0,0.0,537.0,1.0,0.0,0.0,0.72,1
28.0,5.0,1.0,0.0,179.0,1.0,0.0,0.0,0.72,1
28.0,4.0,1.0,0.0,158.0,1.0,0.0,0.0,0.719,0
32.0,1.0,1.0,0.0,111.0,8.0,0.0,0.0,0.716,0
69.0,2.0,1.0,0.0,355.0,3.0,0.0,0.0,0.716,1
56.0,6.0,0.0,0.0,178.0,2.0,1.0,2.0,0.716,1
69.0,4.0,0.0,0.0,178.0,1.0,0.0,0.0,0.715,1
41.0,6.0,0.0,0.0,696.0,2.0,3.0,1.0,0.715,1
29.0,6.0,0.0,0.0,257.0,1.0,0.0,0.0,0.715,0
32.0,6.0,0.0,0.0,178.0,2.0,1.0,1.0,0.715,0
57.0,5.0,0.0,0.0,564.0,1.0,0.0,0.0,0.715,0
79.0,1.0,1.0,0.0,594.0,1.0,1.0,2.0,0.715,1
45.0,6.0,0.0,1.0,158.0,1.0,1.0,1.0,0.715,0
36.0,3.0,0.0,0.0,133.0,1.0,2.0,1.0,0.715,0
20.0,4.0,0.0,0.0,229.0,2.0,3.0,2.0,0.715,1
36.0,6.0,0.0,1.0,166.0,3.0,3.0,2.0,0.715,1
72.0,2.0,1.0,0.0,244.0,2.0,0.0,0.0,0.715,1
37.0,4.0,0.0,1.0,54.0,4.0,1.0,2.0,0.715,0
29.0,6.0,0.0,1.0,158.0,1.0,1.0,2.0,0.715,1
33.0,6.0,1.0,0.0,241.0,1.0,1.0,2.0,0.715,1
23.0,5.0,1.0,0.0,116.0,5.0,2.0,1.0,0.714,0
32.0,6.0,0.0,0.0,66.0,2.0,0.0,0.0,0.714,0
67.0,1.0,1.0,0.0,39.0,3.0,0.0,0.0,0.714,0
40.0,6.0,0.0,0.0,96.0,1.0,0.0,0.0,0.714,0
65.0,6.0,0.0,0.0,253.0,1.0,2.0,1.0,0.714,1
34.0,6.0,0.0,0.0,169.0,1.0,2.0,2.0,0.714,1
56.0,1.0,0.0,0.0,150.0,1.0,1.0,1.0,0.714,0
66.0,1.0,1.0,1.0,1127.0,1.0,0.0,0.0,0.714,1
32.0,6.0,0.0,0.0,707.0,2.0,2.0,2.0,0.714,1
29.0,4.0,1.0,0.0,176.0,2.0,2.0,2.0,0.714,1
26.0,6.0,0.0,0.0,181.0,1.0,1.0,2.0,0.714,1
29.0,6.0,0.0,0.0,122.0,1.0,2.0,2.0,0.714,1
63.0,,0.0,0.0,137.0,1.0,0.0,0.0,0.714,0
26.0,4.0,0.0,0.0,201.0,1.0,0.0,0.0,0.714,0
52.0,5.0,1.0,0.0,632.0,1.0,1.0,1.0,0.714,0
52.0,5.0,1.0,0.0,259.0,1.0,1.0,1.0,0.714,1
31.0,4.0,0.0,0.0,53.0,3.0,1.0,1.0,0.714,0
31.0,4.0,0.0,0.0,271.0,2.0,2.0,2.0,0.714,1
55.0,1.0,0.0,0.0,227.0,2.0,0.0,0.0,0.714,1
78.0,1.0,1.0,0.0,182.0,2.0,1.0,2.0,0.714,1
30.0,4.0,0.0,0.0,250.0,1.0,0.0,0.0,0.714,1
34.0,6.0,0.0,0.0,75.0,1.0,0.0,0.0,0.714,0
36.0,3.0,1.0,0.0,320.0,1.0,2.0,1.0,0.715,0
43.0,6.0,1.0,0.0,255.0,1.0,0.0,0.0,0.715,1
40.0,1.0,0.0,0.0,108.0,1.0,0.0,0.0,0.716,0
31.0,6.0,0.0,0.0,166.0,2.0,0.0,0.0,0.716,0
24.0,,1.0,0.0,285.0,2.0,3.0,2.0,0.716,1
32.0,4.0,0.0,0.0,421.0,1.0,0.0,0.0,0.716,0
22.0,,0.0,0.0,87.0,1.0,0.0,0.0,0.716,0
61.0,1.0,1.0,0.0,234.0,1.0,0.0,0.0,0.716,1
58.0,1.0,1.0,0.0,487.0,1.0,2.0,1.0,0.716,1
56.0,6.0,0.0,0.0,232.0,1.0,1.0,2.0,0.716,1
48.0,6.0,1.0,0.0,208.0,1.0,1.0,2.0,0.716,1
27.0,6.0,0.0,1.0,342.0,1.0,0.0,0.0,0.716,1
25.0,5.0,1.0,0.0,541.0,1.0,0.0,0.0,0.716,1
38.0,6.0,1.0,0.0,210.0,3.0,0.0,0.0,0.719,0
38.0,6.0,1.0,1.0,310.0,1.0,0.0,0.0,0.721,1
50.0,4.0,1.0,0.0,705.0,2.0,0.0,0.0,0.718,1
60.0,6.0,1.0,0.0,55.0,2.0,0.0,0.0,0.718,0
30.0,,0.0,0.0,69.0,1.0,1.0,1.0,0.717,0
50.0,4.0,1.0,0.0,229.0,1.0,1.0,1.0,0.717,1
47.0,6.0,1.0,1.0,67.0,5.0,0.0,0.0,0.717,0
54.0,6.0,0.0,0.0,288.0,7.0,2.0,2.0,0.715,1
42.0,6.0,0.0,0.0,179.0,1.0,1.0,2.0,0.715,1
32.0,4.0,1.0,0.0,87.0,5.0,0.0,0.0,0.715,0
56.0,1.0,0.0,0.0,429.0,1.0,0.0,0.0,0.714,1
64.0,1.0,0.0,1.0,501.0,1.0,1.0,2.0,0.714,0
81.0,1.0,1.0,0.0,166.0,3.0,0.0,0.0,0.714,1
57.0,4.0,0.0,0.0,388.0,1.0,2.0,2.0,0.715,0
54.0,5.0,1.0,0.0,352.0,1.0,1.0,2.0,0.715,0
63.0,,1.0,0.0,510.0,2.0,1.0,1.0,0.715,1
47.0,3.0,1.0,0.0,155.0,1.0,1.0,1.0,0.712,0
76.0,6.0,,,184.0,6.0,1.0,1.0,0.712,0
29.0,6.0,1.0,0.0,116.0,2.0,1.0,1.0,0.709,0
28.0,4.0,1.0,0.0,94.0,3.0,3.0,2.0,0.709,0
27.0,4.0,1.0,0.0,396.0,1.0,0.0,0.0,0.708,0
76.0,5.0,1.0,0.0,956.0,1.0,0.0,0.0,0.707,0
35.0,6.0,0.0,0.0,473.0,2.0,1.0,1.0,0.706,1
34.0,6.0,1.0,0.0,195.0,2.0,0.0,0.0,0.707,0
31.0,5.0,1.0,0.0,292.0,2.0,1.0,1.0,0.655,1
38.0,4.0,1.0,0.0,355.0,1.0,2.0,1.0,0.655,1
37.0,4.0,0.0,0.0,153.0,2.0,2.0,2.0,0.655,1
54.0,6.0,1.0,0.0,700.0,3.0,0.0,0.0,0.655,0
36.0,6.0,0.0,0.0,834.0,1.0,0.0,0.0,0.655,1
37.0,6.0,1.0,0.0,194.0,2.0,1.0,1.0,0.654,0
34.0,6.0,1.0,0.0,180.0,2.0,0.0,0.0,0.654,1
34.0,6.0,0.0,0.0,251.0,1.0,2.0,1.0,0.654,1
41.0,6.0,1.0,1.0,418.0,1.0,0.0,0.0,0.653,1
31.0,5.0,0.0,0.0,172.0,2.0,0.0,0.0,0.653,0
34.0,5.0,0.0,0.0,257.0,1.0,1.0,1.0,0.653,1
74.0,,0.0,1.0,607.0,2.0,0.0,0.0,0.653,1
50.0,6.0,1.0,0.0,809.0,1.0,0.0,0.0,0.653,1
38.0,4.0,1.0,0.0,292.0,2.0,0.0,0.0,0.653,1
29.0,6.0,1.0,0.0,154.0,2.0,1.0,1.0,0.652,0
49.0,3.0,0.0,0.0,157.0,3.0,2.0,2.0,0.652,0
34.0,6.0,0.0,1.0,236.0,1.0,0.0,0.0,0.652,1
55.0,6.0,0.0,0.0,212.0,3.0,3.0,2.0,0.652,1
29.0,5.0,0.0,1.0,207.0,2.0,1.0,1.0,0.652,1
27.0,6.0,1.0,0.0,129.0,4.0,1.0,1.0,0.65,0
39.0,6.0,1.0,0.0,93.0,1.0,1.0,2.0,0.65,0
33.0,6.0,0.0,0.0,121.0,2.0,1.0,1.0,0.649,0
33.0,6.0,0.0,0.0,119.0,2.0,3.0,1.0,0.649,0
53.0,5.0,0.0,0.0,261.0,4.0,0.0,0.0,0.646,0
29.0,4.0,1.0,1.0,257.0,1.0,0.0,0.0,0.646,1
62.0,,0.0,0.0,435.0,3.0,1.0,2.0,0.646,0
82.0,5.0,1.0,0.0,506.0,2.0,0.0,0.0,0.646,1
29.0,6.0,0.0,0.0,287.0,2.0,0.0,0.0,0.646,0
30.0,5.0,1.0,0.0,341.0,1.0,0.0,0.0,0.646,0
29.0,6.0,1.0,0.0,361.0,1.0,3.0,2.0,0.646,1
47.0,6.0,0.0,0.0,261.0,1.0,0.0,0.0,0.646,1
46.0,6.0,0.0,0.0,263.0,1.0,2.0,2.0,0.646,1
27.0,4.0,1.0,1.0,384.0,1.0,2.0,1.0,0.646,0
30.0,6.0,,,272.0,3.0,0.0,0.0,0.646,0
52.0,3.0,0.0,0.0,272.0,3.0,0.0,0.0,0.644,1
28.0,6.0,1.0,0.0,370.0,1.0,1.0,2.0,0.643,0
30.0,6.0,0.0,0.0,173.0,2.0,2.0,2.0,0.639,1
29.0,6.0,1.0,0.0,215.0,1.0,0.0,0.0,0.639,1
38.0,,0.0,1.0,248.0,1.0,4.0,2.0,0.639,1
38.0,,1.0,0.0,344.0,1.0,1.0,2.0,0.639,0
30.0,,0.0,1.0,255.0,1.0,2.0,2.0,0.637,1
27.0,6.0,0.0,0.0,273.0,1.0,0.0,0.0,0.637,1
30.0,,0.0,0.0,101.0,1.0,1.0,2.0,0.635,1
78.0,,0.0,0.0,272.0,1.0,2.0,2.0,0.635,1
51.0,6.0,1.0,1.0,201.0,3.0,1.0,1.0,0.636,0
58.0,4.0,0.0,0.0,135.0,1.0,2.0,1.0,0.635,0
68.0,1.0,1.0,0.0,277.0,2.0,1.0,2.0,0.635,1
59.0,6.0,1.0,0.0,236.0,1.0,0.0,0.0,0.635,1
56.0,1.0,0.0,0.0,577.0,1.0,0.0,0.0,0.634,1
60.0,1.0,1.0,1.0,149.0,1.0,1.0,2.0,0.635,1
41.0,4.0,0.0,0.0,558.0,2.0,0.0,0.0,0.635,1
46.0,5.0,0.0,1.0,189.0,1.0,2.0,2.0,0.638,1
53.0,6.0,1.0,1.0,126.0,6.0,0.0,0.0,0.64,0
33.0,6.0,0.0,0.0,339.0,1.0,2.0,1.0,0.642,0
58.0,5.0,0.0,0.0,147.0,1.0,1.0,2.0,0.642,0
35.0,6.0,1.0,0.0,176.0,1.0,0.0,0.0,0.642,1
48.0,6.0,1.0,1.0,200.0,1.0,2.0,2.0,0.644,1
37.0,6.0,1.0,1.0,214.0,1.0,0.0,0.0,0.644,1
58.0,5.0,1.0,0.0,98.0,4.0,2.0,1.0,0.644,0
50.0,6.0,1.0,0.0,634.0,1.0,0.0,0.0,0.644,1
29.0,6.0,1.0,0.0,237.0,4.0,0.0,0.0,0.643,0
49.0,4.0,0.0,0.0,381.0,2.0,0.0,0.0,0.642,0
66.0,1.0,1.0,0.0,476.0,1.0,0.0,0.0,0.642,1
58.0,3.0,1.0,0.0,229.0,1.0,1.0,2.0,0.644,1
59.0,4.0,1.0,0.0,247.0,2.0,1.0,1.0,0.644,0
44.0,4.0,1.0,0.0,292.0,4.0,0.0,0.0,0.644,0
62.0,,1.0,0.0,215.0,2.0,1.0,1.0,0.645,0
71.0,1.0,0.0,0.0,92.0,8.0,0.0,0.0,0.645,0
46.0,4.0,0.0,0.0,194.0,3.0,0.0,0.0,0.645,1
29.0,6.0,1.0,0.0,192.0,1.0,1.0,1.0,0.645,1
39.0,6.0,0.0,0.0,325.0,1.0,2.0,1.0,0.646,1
24.0,3.0,1.0,0.0,252.0,1.0,1.0,1.0,0.646,0
37.0,4.0,0.0,0.0,426.0,2.0,0.0,0.0,0.646,1
44.0,,0.0,0.0,473.0,2.0,1.0,1.0,0.646,1
52.0,,1.0,0.0,184.0,2.0,1.0,2.0,0.654,1
28.0,,1.0,0.0,545.0,2.0,4.0,2.0,0.654,1
52.0,,0.0,0.0,387.0,2.0,0.0,0.0,0.654,1
31.0,6.0,0.0,0.0,210.0,1.0,0.0,0.0,0.659,1
33.0,6.0,1.0,0.0,305.0,3.0,0.0,0.0,0.659,1
38.0,4.0,1.0,1.0,449.0,1.0,1.0,2.0,0.659,1
36.0,,0.0,0.0,315.0,1.0,1.0,2.0,0.663,1
52.0,6.0,0.0,0.0,131.0,1.0,2.0,2.0,0.668,0
29.0,6.0,0.0,0.0,85.0,1.0,2.0,1.0,0.668,0
48.0,3.0,1.0,0.0,268.0,1.0,3.0,2.0,0.668,1
37.0,6.0,1.0,0.0,100.0,1.0,0.0,0.0,0.672,0
29.0,6.0,0.0,0.0,720.0,1.0,2.0,1.0,0.672,0
27.0,4.0,1.0,0.0,54.0,1.0,0.0,0.0,0.672,0
46.0,3.0,1.0,0.0,16.0,1.0,0.0,0.0,0.672,0
52.0,6.0,0.0,0.0,195.0,1.0,0.0,0.0,0.677,1
42.0,1.0,1.0,1.0,116.0,3.0,0.0,0.0,0.682,0
33.0,2.0,0.0,0.0,165.0,1.0,0.0,0.0,0.682,0
82.0,4.0,1.0,0.0,135.0,3.0,0.0,0.0,0.682,0
22.0,,1.0,0.0,171.0,2.0,2.0,2.0,0.682,1
41.0,6.0,0.0,0.0,128.0,2.0,0.0,0.0,0.682,0
40.0,5.0,1.0,0.0,248.0,1.0,4.0,2.0,0.682,1
29.0,6.0,1.0,1.0,567.0,3.0,2.0,1.0,0.684,1
41.0,6.0,1.0,0.0,338.0,3.0,1.0,1.0,0.684,0
33.0,5.0,1.0,0.0,700.0,4.0,4.0,2.0,0.684,1
52.0,6.0,1.0,0.0,787.0,3.0,3.0,2.0,0.684,1
33.0,6.0,1.0,0.0,740.0,1.0,2.0,2.0,0.685,1
45.0,3.0,1.0,0.0,165.0,1.0,3.0,1.0,0.692,0
58.0,6.0,1.0,0.0,342.0,2.0,0.0,0.0,0.692,1
34.0,6.0,1.0,0.0,407.0,3.0,3.0,1.0,0.695,1
80.0,1.0,0.0,0.0,382.0,1.0,3.0,2.0,0.697,1
51.0,6.0,1.0,0.0,131.0,2.0,4.0,1.0,0.697,0
45.0,6.0,0.0,0.0,146.0,2.0,1.0,1.0,0.697,1
36.0,6.0,0.0,0.0,641.0,4.0,0.0,0.0,0.697,1
46.0,5.0,1.0,0.0,410.0,1.0,0.0,0.0,0.697,1
69.0,4.0,0.0,0.0,289.0,1.0,1.0,2.0,0.697,1
28.0,4.0,0.0,1.0,530.0,2.0,0.0,0.0,0.697,1
70.0,4.0,1.0,0.0,283.0,2.0,2.0,2.0,0.697,1
60.0,4.0,0.0,0.0,181.0,3.0,1.0,2.0,0.699,1
36.0,6.0,1.0,1.0,1178.0,1.0,2.0,2.0,0.699,1
40.0,3.0,1.0,0.0,57.0,1.0,0.0,0.0,0.699,0
43.0,4.0,0.0,1.0,137.0,1.0,0.0,0.0,0.699,0
34.0,5.0,1.0,0.0,24.0,1.0,0.0,0.0,0.699,0
22.0,4.0,1.0,1.0,214.0,2.0,1.0,2.0,0.699,1
35.0,4.0,1.0,0.0,43.0,1.0,2.0,1.0,0.699,0
32.0,6.0,0.0,1.0,473.0,3.0,0.0,0.0,0.699,1
29.0,5.0,0.0,0.0,538.0,2.0,2.0,1.0,0.699,1
42.0,4.0,1.0,0.0,113.0,1.0,0.0,0.0,0.701,0
29.0,3.0,0.0,0.0,1563.0,1.0,2.0,2.0,0.702,0
25.0,,1.0,0.0,318.0,1.0,0.0,0.0,0.702,1
25.0,,1.0,0.0,516.0,1.0,2.0,1.0,0.702,1
25.0,,1.0,0.0,154.0,2.0,3.0,2.0,0.702,1
29.0,6.0,0.0,1.0,347.0,3.0,1.0,2.0,0.702,1
59.0,5.0,0.0,0.0,8.0,1.0,1.0,1.0,0.702,0
30.0,5.0,0.0,0.0,8.0,1.0,0.0,0.0,0.702,0
34.0,3.0,0.0,0.0,7.0,1.0,0.0,0.0,0.702,0
29.0,6.0,1.0,0.0,147.0,1.0,2.0,1.0,0.704,0
32.0,3.0,1.0,0.0,29.0,1.0,0.0,0.0,0.713,0
35.0,5.0,0.0,0.0,149.0,1.0,0.0,0.0,0.713,0
33.0,6.0,0.0,0.0,206.0,1.0,1.0,2.0,0.715,1
28.0,4.0,0.0,1.0,479.0,2.0,2.0,2.0,0.715,1
59.0,1.0,1.0,0.0,614.0,1.0,2.0,2.0,0.72,1
35.0,6.0,0.0,0.0,516.0,1.0,0.0,0.0,0.72,0
31.0,5.0,1.0,0.0,619.0,2.0,1.0,2.0,0.723,1
56.0,2.0,1.0,0.0,910.0,1.0,2.0,2.0,0.723,1
37.0,6.0,1.0,0.0,126.0,3.0,2.0,2.0,0.723,0
39.0,6.0,1.0,0.0,58.0,1.0,0.0,0.0,0.727,0
24.0,4.0,1.0,1.0,344.0,1.0,0.0,0.0,0.729,0
34.0,6.0,1.0,0.0,100.0,1.0,0.0,0.0,0.733,0
27.0,4.0,1.0,0.0,193.0,1.0,1.0,1.0,0.739,0
36.0,6.0,1.0,1.0,1407.0,1.0,0.0,0.0,0.739,1
36.0,4.0,0.0,0.0,339.0,1.0,1.0,2.0,0.739,1
40.0,3.0,1.0,0.0,133.0,3.0,2.0,2.0,0.739,0
68.0,1.0,1.0,0.0,220.0,2.0,1.0,1.0,0.742,0
69.0,5.0,0.0,0.0,213.0,6.0,2.0,1.0,0.748,1
30.0,6.0,0.0,0.0,171.0,1.0,1.0,2.0,0.748,0
69.0,5.0,1.0,0.0,359.0,5.0,0.0,0.0,0.748,0
53.0,6.0,1.0,0.0,348.0,6.0,2.0,1.0,0.754,0
37.0,6.0,1.0,0.0,614.0,3.0,2.0,2.0,0.754,1
32.0,6.0,0.0,0.0,132.0,3.0,1.0,1.0,0.754,0
34.0,6.0,1.0,0.0,452.0,1.0,0.0,0.0,0.754,1
62.0,4.0,1.0,0.0,563.0,4.0,3.0,2.0,0.754,1
37.0,6.0,0.0,0.0,181.0,2.0,0.0,0.0,0.754,0
76.0,5.0,1.0,0.0,352.0,1.0,1.0,2.0,0.761,1
38.0,2.0,0.0,0.0,271.0,1.0,3.0,2.0,0.761,1
26.0,4.0,0.0,0.0,598.0,4.0,3.0,1.0,0.767,1
33.0,4.0,1.0,0.0,274.0,2.0,2.0,2.0,0.767,1
34.0,4.0,1.0,0.0,12.0,1.0,1.0,1.0,0.782,0
39.0,2.0,1.0,0.0,25.0,1.0,1.0,2.0,0.79,0
37.0,6.0,1.0,0.0,844.0,2.0,3.0,2.0,0.79,0
41.0,6.0,0.0,0.0,101.0,3.0,0.0,0.0,0.793,0
46.0,4.0,1.0,0.0,335.0,3.0,2.0,1.0,0.797,1
35.0,6.0,0.0,0.0,42.0,1.0,0.0,0.0,0.797,0
35.0,6.0,1.0,0.0,156.0,1.0,2.0,1.0,0.802,0
55.0,4.0,0.0,0.0,229.0,1.0,1.0,2.0,0.802,1
36.0,4.0,0.0,0.0,276.0,2.0,0.0,0.0,0.802,1
58.0,4.0,1.0,0.0,214.0,4.0,2.0,1.0,0.81,0
21.0,,1.0,0.0,968.0,1.0,2.0,1.0,0.81,1
39.0,5.0,1.0,0.0,202.0,1.0,1.0,1.0,0.81,0
25.0,4.0,0.0,0.0,449.0,2.0,0.0,0.0,0.81,1
21.0,,0.0,0.0,220.0,7.0,1.0,1.0,0.81,0
32.0,6.0,0.0,1.0,116.0,1.0,0.0,0.0,0.822,0
62.0,,0.0,1.0,123.0,2.0,1.0,2.0,0.827,0
35.0,5.0,0.0,0.0,562.0,4.0,0.0,0.0,0.827,1
62.0,,,,220.0,3.0,1.0,1.0,0.827,1
28.0,4.0,1.0,1.0,154.0,1.0,2.0,1.0,0.827,0
28.0,4.0,0.0,0.0,194.0,3.0,0.0,0.0,0.827,0
62.0,,1.0,0.0,248.0,1.0,2.0,1.0,0.827,1
27.0,6.0,0.0,0.0,200.0,6.0,0.0,0.0,0.827,0
22.0,5.0,0.0,0.0,363.0,1.0,1.0,1.0,0.835,1
66.0,4.0,0.0,0.0,475.0,1.0,0.0,0.0,0.835,1
66.0,4.0,1.0,0.0,317.0,1.0,0.0,0.0,0.835,1
29.0,6.0,,,311.0,1.0,1.0,2.0,0.835,1
31.0,6.0,1.0,0.0,309.0,1.0,3.0,2.0,0.835,1
73.0,1.0,1.0,1.0,538.0,2.0,0.0,0.0,0.835,0
29.0,2.0,1.0,0.0,151.0,1.0,0.0,0.0,0.835,0
30.0,5.0,1.0,0.0,334.0,4.0,2.0,1.0,0.84,1
34.0,3.0,1.0,1.0,86.0,3.0,1.0,1.0,0.84,0
44.0,1.0,0.0,0.0,71.0,1.0,0.0,0.0,0.84,0
23.0,3.0,1.0,0.0,268.0,5.0,1.0,1.0,0.846,1
28.0,4.0,1.0,0.0,957.0,1.0,1.0,2.0,0.846,1
70.0,1.0,0.0,0.0,390.0,2.0,2.0,2.0,0.846,1
23.0,3.0,0.0,0.0,250.0,4.0,1.0,1.0,0.846,1
38.0,5.0,0.0,0.0,561.0,2.0,0.0,0.0,0.846,0
54.0,1.0,1.0,0.0,392.0,4.0,0.0,0.0,0.846,0
32.0,6.0,0.0,0.0,184.0,1.0,3.0,1.0,0.861,0
43.0,,0.0,0.0,377.0,1.0,1.0,1.0,0.861,0
31.0,6.0,0.0,0.0,106.0,1.0,0.0,0.0,0.861,0
51.0,6.0,0.0,1.0,73.0,4.0,0.0,0.0,0.861,0
59.0,5.0,1.0,0.0,457.0,2.0,1.0,2.0,0.861,1
21.0,4.0,0.0,0.0,222.0,2.0,0.0,0.0,0.861,0
72.0,1.0,1.0,0.0,128.0,2.0,1.0,1.0,0.87,0
66.0,1.0,0.0,1.0,296.0,1.0,1.0,1.0,0.876,0
29.0,5.0,0.0,1.0,178.0,2.0,2.0,1.0,0.876,1
82.0,1.0,0.0,0.0,316.0,1.0,0.0,0.0,0.881,1
24.0,5.0,1.0,0.0,355.0,2.0,1.0,2.0,0.884,1
64.0,4.0,0.0,0.0,368.0,1.0,0.0,0.0,0.884,1
29.0,6.0,0.0,0.0,24.0,1.0,0.0,0.0,0.884,0
26.0,4.0,1.0,0.0,251.0,1.0,1.0,1.0,0.885,1
31.0,6.0,0.0,0.0,7.0,1.0,0.0,0.0,0.889,0
68.0,6.0,1.0,0.0,546.0,2.0,1.0,1.0,0.889,1
23.0,5.0,1.0,0.0,9.0,1.0,0.0,0.0,0.893,0
33.0,6.0,0.0,0.0,5.0,1.0,0.0,0.0,0.893,0
26.0,4.0,0.0,0.0,235.0,1.0,1.0,1.0,0.893,0
66.0,4.0,0.0,0.0,211.0,1.0,1.0,1.0,0.896,0
34.0,6.0,1.0,0.0,332.0,3.0,1.0,1.0,0.899,1
31.0,6.0,0.0,0.0,200.0,4.0,1.0,1.0,0.899,1
31.0,6.0,0.0,0.0,270.0,1.0,1.0,2.0,0.899,1
23.0,6.0,0.0,1.0,76.0,2.0,1.0,1.0,0.896,0
40.0,6.0,0.0,0.0,367.0,2.0,2.0,2.0,0.896,1
39.0,4.0,1.0,0.0,240.0,3.0,0.0,0.0,0.896,0
34.0,6.0,,,156.0,3.0,2.0,1.0,0.896,0
25.0,4.0,0.0,0.0,159.0,2.0,4.0,1.0,0.898,0
31.0,,0.0,0.0,397.0,2.0,1.0,1.0,0.898,0
25.0,4.0,1.0,0.0,100.0,8.0,1.0,2.0,0.898,0
38.0,6.0,0.0,0.0,135.0,7.0,0.0,0.0,0.898,0
31.0,,0.0,0.0,308.0,1.0,2.0,1.0,0.898,0
53.0,3.0,1.0,0.0,141.0,2.0,1.0,1.0,0.898,0
21.0,4.0,1.0,0.0,263.0,3.0,2.0,2.0,0.899,1
28.0,3.0,1.0,0.0,178.0,1.0,1.0,2.0,0.9,1
61.0,6.0,0.0,0.0,250.0,2.0,1.0,2.0,0.9,1
48.0,6.0,1.0,0.0,118.0,1.0,2.0,2.0,0.9,1
18.0,,1.0,1.0,297.0,1.0,0.0,0.0,0.9,0
46.0,4.0,0.0,0.0,510.0,2.0,1.0,2.0,0.904,0
46.0,4.0,0.0,0.0,329.0,2.0,4.0,1.0,0.904,0
26.0,6.0,1.0,0.0,508.0,3.0,2.0,2.0,0.904,1
26.0,6.0,1.0,0.0,203.0,1.0,3.0,2.0,0.904,1
47.0,4.0,0.0,0.0,374.0,2.0,1.0,2.0,0.904,1
31.0,,1.0,0.0,306.0,2.0,0.0,0.0,0.904,1
77.0,1.0,0.0,0.0,318.0,1.0,4.0,1.0,0.904,1
41.0,6.0,1.0,0.0,736.0,1.0,0.0,0.0,0.904,1
41.0,4.0,1.0,1.0,98.0,3.0,0.0,0.0,0.904,0
60.0,1.0,0.0,0.0,270.0,4.0,4.0,1.0,0.905,0
27.0,6.0,1.0,0.0,177.0,2.0,0.0,0.0,0.905,1
30.0,5.0,0.0,0.0,6.0,1.0,0.0,0.0,0.904,0
26.0,6.0,0.0,0.0,440.0,5.0,2.0,1.0,0.904,0
56.0,1.0,1.0,0.0,361.0,1.0,4.0,1.0,0.904,0
34.0,3.0,0.0,1.0,447.0,1.0,1.0,1.0,0.904,1
34.0,4.0,1.0,0.0,168.0,2.0,0.0,0.0,0.904,0
37.0,6.0,1.0,1.0,365.0,2.0,1.0,2.0,0.904,0
35.0,6.0,1.0,0.0,765.0,2.0,3.0,2.0,0.903,1
76.0,6.0,1.0,0.0,504.0,2.0,3.0,2.0,0.899,1
33.0,6.0,0.0,0.0,201.0,1.0,2.0,2.0,0.899,1
48.0,6.0,0.0,0.0,222.0,4.0,0.0,0.0,0.898,1
38.0,6.0,1.0,0.0,633.0,1.0,1.0,2.0,0.898,1
32.0,6.0,0.0,0.0,75.0,1.0,0.0,0.0,0.898,0
31.0,5.0,0.0,0.0,318.0,2.0,0.0,0.0,0.896,1
34.0,3.0,0.0,0.0,200.0,2.0,0.0,0.0,0.896,0
33.0,4.0,0.0,0.0,107.0,1.0,0.0,0.0,0.89,0
34.0,4.0,,,22.0,1.0,0.0,0.0,0.89,0
49.0,6.0,1.0,0.0,4.0,1.0,0.0,0.0,0.89,0
72.0,6.0,0.0,0.0,220.0,16.0,1.0,1.0,0.891,0
58.0,4.0,1.0,0.0,4.0,1.0,0.0,0.0,0.888,0
33.0,5.0,1.0,0.0,253.0,4.0,0.0,0.0,0.886,1
72.0,5.0,0.0,0.0,1.0,1.0,1.0,1.0,0.886,0
69.0,4.0,1.0,1.0,840.0,1.0,2.0,2.0,0.886,1
37.0,6.0,1.0,0.0,729.0,1.0,1.0,1.0,0.886,1
37.0,6.0,0.0,0.0,265.0,2.0,2.0,2.0,0.886,1
29.0,6.0,1.0,1.0,95.0,2.0,0.0,0.0,0.886,0
24.0,,1.0,0.0,367.0,1.0,2.0,1.0,0.886,0
22.0,4.0,0.0,0.0,369.0,3.0,1.0,2.0,0.886,1
33.0,5.0,0.0,0.0,425.0,1.0,0.0,0.0,0.886,0
55.0,6.0,1.0,0.0,1440.0,1.0,1.0,1.0,0.884,1
60.0,6.0,0.0,0.0,529.0,2.0,1.0,2.0,0.884,1
51.0,6.0,1.0,0.0,97.0,6.0,4.0,1.0,0.884,0
60.0,6.0,0.0,0.0,799.0,2.0,0.0,0.0,0.884,1
43.0,3.0,0.0,0.0,270.0,2.0,1.0,2.0,0.883,1
57.0,6.0,0.0,0.0,277.0,2.0,2.0,2.0,0.883,1
28.0,6.0,1.0,0.0,387.0,2.0,3.0,2.0,0.882,0
25.0,6.0,1.0,1.0,131.0,1.0,0.0,0.0,0.882,0
34.0,6.0,0.0,0.0,109.0,3.0,1.0,1.0,0.882,0
22.0,6.0,1.0,0.0,194.0,2.0,3.0,1.0,0.882,1
43.0,6.0,0.0,0.0,255.0,1.0,1.0,2.0,0.882,1
34.0,6.0,1.0,0.0,125.0,2.0,0.0,0.0,0.882,0
48.0,4.0,0.0,0.0,11.0,1.0,0.0,0.0,0.881,0
66.0,,1.0,0.0,1394.0,2.0,1.0,2.0,0.881,1
36.0,6.0,1.0,0.0,337.0,1.0,1.0,2.0,0.881,1
44.0,6.0,0.0,0.0,210.0,1.0,3.0,2.0,0.88,1
30.0,6.0,,,210.0,1.0,1.0,1.0,0.88,0
31.0,,,,708.0,2.0,2.0,2.0,0.88,1
45.0,4.0,0.0,0.0,1081.0,2.0,0.0,0.0,0.88,1
80.0,1.0,1.0,0.0,378.0,4.0,0.0,0.0,0.879,0
38.0,5.0,1.0,0.0,284.0,3.0,1.0,2.0,0.879,1
83.0,1.0,1.0,0.0,405.0,3.0,0.0,0.0,0.879,0
45.0,5.0,0.0,0.0,679.0,1.0,0.0,0.0,0.879,1
37.0,6.0,0.0,0.0,209.0,1.0,4.0,2.0,0.879,1
38.0,4.0,1.0,0.0,1.0,1.0,3.0,2.0,0.879,0
82.0,6.0,0.0,0.0,81.0,3.0,4.0,2.0,0.879,0
27.0,6.0,1.0,0.0,13.0,1.0,0.0,0.0,0.879,0
57.0,4.0,0.0,0.0,473.0,1.0,5.0,2.0,0.877,1
32.0,4.0,0.0,0.0,407.0,2.0,1.0,2.0,0.877,0
60.0,4.0,0.0,0.0,1640.0,1.0,0.0,0.0,0.876,1
19.0,1.0,1.0,0.0,396.0,2.0,3.0,2.0,0.876,1
36.0,6.0,,,331.0,1.0,4.0,1.0,0.876,1
39.0,5.0,0.0,0.0,511.0,3.0,1.0,2.0,0.876,1
24.0,6.0,0.0,0.0,303.0,1.0,1.0,1.0,0.879,1
56.0,3.0,1.0,1.0,319.0,1.0,0.0,0.0,0.879,1
38.0,6.0,0.0,0.0,79.0,2.0,0.0,0.0,0.879,0
29.0,4.0,1.0,0.0,147.0,3.0,0.0,0.0,0.879,0
41.0,6.0,0.0,0.0,164.0,5.0,3.0,2.0,0.879,1
31.0,4.0,1.0,0.0,336.0,2.0,1.0,2.0,0.879,1
25.0,4.0,0.0,0.0,185.0,1.0,0.0,0.0,0.876,1
38.0,4.0,1.0,0.0,263.0,1.0,3.0,2.0,0.879,1
50.0,6.0,0.0,0.0,718.0,4.0,3.0,1.0,0.878,0
26.0,6.0,1.0,0.0,318.0,1.0,4.0,2.0,0.878,0
31.0,6.0,0.0,0.0,261.0,1.0,0.0,0.0,0.878,0
22.0,5.0,1.0,0.0,84.0,1.0,2.0,1.0,0.878,0
33.0,6.0,1.0,0.0,272.0,2.0,0.0,0.0,0.878,1
54.0,6.0,1.0,0.0,112.0,1.0,2.0,1.0,0.878,0
21.0,,0.0,0.0,150.0,1.0,0.0,0.0,0.878,0
30.0,6.0,1.0,0.0,173.0,2.0,4.0,1.0,0.879,1
36.0,6.0,1.0,1.0,157.0,3.0,0.0,0.0,0.879,0
33.0,,1.0,0.0,224.0,2.0,1.0,1.0,0.879,1
26.0,5.0,1.0,0.0,249.0,1.0,3.0,2.0,0.879,1
25.0,,0.0,0.0,732.0,1.0,0.0,0.0,0.879,1
31.0,4.0,0.0,0.0,262.0,5.0,3.0,2.0,0.879,1
32.0,4.0,0.0,0.0,169.0,2.0,0.0,0.0,0.879,0
22.0,4.0,0.0,0.0,13.0,1.0,0.0,0.0,0.886,0
34.0,6.0,0.0,1.0,245.0,3.0,0.0,0.0,0.886,1
32.0,4.0,1.0,0.0,48.0,1.0,0.0,0.0,0.959,0
75.0,1.0,1.0,0.0,1020.0,3.0,3.0,1.0,0.959,0
65.0,1.0,1.0,0.0,138.0,4.0,0.0,0.0,0.965,0
32.0,6.0,1.0,0.0,375.0,2.0,2.0,1.0,0.972,0
48.0,5.0,1.0,1.0,450.0,1.0,1.0,2.0,0.977,1
27.0,6.0,0.0,0.0,278.0,1.0,0.0,0.0,0.977,1
29.0,6.0,0.0,0.0,123.0,2.0,2.0,1.0,0.977,0
33.0,6.0,0.0,0.0,110.0,2.0,0.0,0.0,0.977,0
65.0,1.0,1.0,1.0,165.0,1.0,1.0,2.0,0.977,1
60.0,1.0,1.0,0.0,357.0,2.0,1.0,1.0,0.985,0
81.0,1.0,1.0,0.0,192.0,2.0,2.0,2.0,0.987,0
61.0,5.0,1.0,0.0,246.0,2.0,0.0,0.0,0.987,1
54.0,6.0,1.0,0.0,317.0,6.0,1.0,2.0,0.987,0
37.0,4.0,0.0,0.0,301.0,1.0,1.0,2.0,0.987,1
41.0,4.0,0.0,0.0,786.0,2.0,0.0,0.0,0.987,0
29.0,6.0,1.0,0.0,526.0,1.0,0.0,0.0,1.0,1
24.0,5.0,0.0,1.0,133.0,3.0,2.0,1.0,1.008,0
81.0,1.0,1.0,0.0,621.0,1.0,2.0,1.0,1.016,1
34.0,6.0,1.0,0.0,5.0,1.0,0.0,0.0,1.016,0
37.0,6.0,0.0,0.0,178.0,2.0,2.0,2.0,1.025,1
29.0,4.0,0.0,0.0,330.0,2.0,1.0,2.0,1.025,1
31.0,4.0,1.0,0.0,716.0,3.0,0.0,0.0,1.029,1
29.0,4.0,1.0,0.0,168.0,2.0,0.0,0.0,1.029,0
65.0,4.0,1.0,1.0,344.0,2.0,1.0,2.0,1.029,1
37.0,4.0,1.0,1.0,608.0,2.0,2.0,1.0,1.029,1
33.0,4.0,1.0,0.0,182.0,1.0,1.0,2.0,1.032,1
33.0,6.0,1.0,0.0,297.0,5.0,0.0,0.0,1.032,1
62.0,4.0,0.0,0.0,318.0,1.0,3.0,2.0,1.037,1
30.0,4.0,1.0,0.0,196.0,1.0,2.0,1.0,1.037,0
25.0,4.0,1.0,0.0,17.0,1.0,0.0,0.0,1.037,0
21.0,4.0,0.0,0.0,701.0,2.0,0.0,0.0,1.037,1
60.0,5.0,0.0,1.0,170.0,2.0,1.0,1.0,1.043,0
31.0,6.0,1.0,0.0,188.0,1.0,0.0,0.0,1.05,1
48.0,6.0,1.0,0.0,159.0,1.0,3.0,2.0,1.05,1
37.0,6.0,0.0,0.0,119.0,1.0,3.0,1.0,1.05,0
18.0,,1.0,0.0,600.0,2.0,3.0,1.0,1.049,0
50.0,5.0,1.0,0.0,137.0,2.0,3.0,2.0,1.049,0
31.0,6.0,0.0,1.0,212.0,2.0,6.0,2.0,1.048,0
19.0,3.0,1.0,0.0,182.0,1.0,1.0,1.0,1.048,0
31.0,6.0,1.0,0.0,98.0,2.0,0.0,0.0,1.048,0
28.0,4.0,1.0,0.0,223.0,3.0,2.0,1.0,1.048,0
40.0,3.0,1.0,0.0,414.0,2.0,3.0,1.0,1.048,0
34.0,,1.0,0.0,138.0,1.0,4.0,2.0,1.046,0
46.0,6.0,1.0,0.0,1166.0,3.0,1.0,1.0,1.046,0
37.0,6.0,1.0,0.0,315.0,1.0,0.0,0.0,1.04,1
26.0,6.0,0.0,0.0,528.0,3.0,0.0,0.0,1.04,1
41.0,5.0,0.0,0.0,526.0,2.0,1.0,2.0,1.039,1
26.0,6.0,1.0,0.0,112.0,5.0,0.0,0.0,1.039,0
41.0,5.0,1.0,0.0,185.0,2.0,0.0,0.0,1.039,0
60.0,1.0,1.0,0.0,347.0,2.0,1.0,2.0,1.035,0
32.0,6.0,1.0,0.0,236.0,3.0,0.0,0.0,1.03,0
62.0,6.0,0.0,0.0,483.0,2.0,3.0,2.0,1.031,1
36.0,6.0,0.0,0.0,254.0,2.0,0.0,0.0,1.028,0
37.0,6.0,1.0,0.0,281.0,1.0,0.0,0.0,1.028,1
73.0,5.0,1.0,0.0,334.0,1.0,0.0,0.0,1.028,1
44.0,5.0,0.0,0.0,442.0,1.0,0.0,0.0,1.028,1
