unique_id,ds,y
SEN,2025-01-01 00:00:00,8621.598972910098
SEN,2025-01-01 01:00:00,8698.307637986902
SEN,2025-01-01 02:00:00,8732.930043099805
SEN,2025-01-01 03:00:00,8627.912736571097
SEN,2025-01-01 04:00:00,8463.307026367896
SEN,2025-01-01 05:00:00,8285.3775147084
SEN,2025-01-01 06:00:00,8233.333383112198
SEN,2025-01-01 07:00:00,7998.3511164788015
SEN,2025-01-01 08:00:00,8032.483516692702
SEN,2025-01-01 09:00:00,8248.02110299181
SEN,2025-01-01 10:00:00,8597.486050800499
SEN,2025-01-01 11:00:00,8872.722280911901
SEN,2025-01-01 12:00:00,8978.445922709694
SEN,2025-01-01 13:00:00,9005.840538164395
SEN,2025-01-01 14:00:00,9089.454075074309
SEN,2025-01-01 15:00:00,9014.568289511393
SEN,2025-01-01 16:00:00,8950.982109957602
SEN,2025-01-01 17:00:00,8984.998200172984
SEN,2025-01-01 18:00:00,9014.9561136667
SEN,2025-01-01 19:00:00,9131.795827781907
SEN,2025-01-01 20:00:00,9249.562292582112
SEN,2025-01-01 21:00:00,9374.5312326321
SEN,2025-01-01 22:00:00,9443.693567486198
SEN,2025-01-01 23:00:00,9110.924472359502
SEN,2025-01-02 00:00:00,8657.470001160997
SEN,2025-01-02 01:00:00,8256.980740406201
SEN,2025-01-02 02:00:00,8149.6720744143
SEN,2025-01-02 03:00:00,8162.810726403997
SEN,2025-01-02 04:00:00,8186.085098382202
SEN,2025-01-02 05:00:00,8292.2398026675
SEN,2025-01-02 06:00:00,8311.803495299007
SEN,2025-01-02 07:00:00,8982.262114336992
SEN,2025-01-02 08:00:00,9696.553086299697
SEN,2025-01-02 09:00:00,10467.89714699209
SEN,2025-01-02 10:00:00,10842.384044994298
SEN,2025-01-02 11:00:00,11140.557906765918
SEN,2025-01-02 12:00:00,11230.3814658327
SEN,2025-01-02 13:00:00,11202.1459494576
SEN,2025-01-02 14:00:00,11281.901002016693
SEN,2025-01-02 15:00:00,11306.212234887695
SEN,2025-01-02 16:00:00,11394.130582692405
SEN,2025-01-02 17:00:00,11119.69998762128
SEN,2025-01-02 18:00:00,10660.58649535511
SEN,2025-01-02 19:00:00,10427.126619080696
SEN,2025-01-02 20:00:00,10127.771599375481
SEN,2025-01-02 21:00:00,9998.035597629201
SEN,2025-01-02 22:00:00,9895.399149769402
SEN,2025-01-02 23:00:00,9500.212337308603
SEN,2025-01-03 00:00:00,9113.151310652198
SEN,2025-01-03 01:00:00,8938.584906074895
SEN,2025-01-03 02:00:00,8752.689725162802
SEN,2025-01-03 03:00:00,8689.754367087899
SEN,2025-01-03 04:00:00,8576.878045184001
SEN,2025-01-03 05:00:00,8508.267889493896
SEN,2025-01-03 06:00:00,8505.009052785306
SEN,2025-01-03 07:00:00,8998.734541341299
SEN,2025-01-03 08:00:00,9704.721405086395
SEN,2025-01-03 09:00:00,10384.085709131405
SEN,2025-01-03 10:00:00,10771.8061788367
SEN,2025-01-03 11:00:00,11017.573310941294
SEN,2025-01-03 12:00:00,11151.352819715692
SEN,2025-01-03 13:00:00,11276.422435425111
SEN,2025-01-03 14:00:00,11379.490800931895
SEN,2025-01-03 15:00:00,11283.615365001993
SEN,2025-01-03 16:00:00,10978.68052680751
SEN,2025-01-03 17:00:00,10650.910162500697
SEN,2025-01-03 18:00:00,10478.806549306411
SEN,2025-01-03 19:00:00,10387.2978420529
SEN,2025-01-03 20:00:00,9690.164510373806
SEN,2025-01-03 21:00:00,9742.313214200916
SEN,2025-01-03 22:00:00,9769.064507440897
SEN,2025-01-03 23:00:00,9457.157925239097
SEN,2025-01-04 00:00:00,9163.141790868596
SEN,2025-01-04 01:00:00,8853.614802882901
SEN,2025-01-04 02:00:00,8654.6651164402
SEN,2025-01-04 03:00:00,8458.729389157399
SEN,2025-01-04 04:00:00,8317.348101114503
SEN,2025-01-04 05:00:00,8281.522777880706
SEN,2025-01-04 06:00:00,8293.1526594408
SEN,2025-01-04 07:00:00,8272.994362680009
SEN,2025-01-04 08:00:00,8700.797830435991
SEN,2025-01-04 09:00:00,9461.477374399505
SEN,2025-01-04 10:00:00,9694.875356172517
SEN,2025-01-04 11:00:00,9877.3301131844
SEN,2025-01-04 12:00:00,10111.3926543709
SEN,2025-01-04 13:00:00,10166.604399818496
SEN,2025-01-04 14:00:00,10160.506172438394
SEN,2025-01-04 15:00:00,10063.752496883288
SEN,2025-01-04 16:00:00,9931.518419849082
SEN,2025-01-04 17:00:00,9798.617562032585
SEN,2025-01-04 18:00:00,9607.357855146998
SEN,2025-01-04 19:00:00,9603.168580449395
SEN,2025-01-04 20:00:00,9130.753810722488
SEN,2025-01-04 21:00:00,9042.115339710013
SEN,2025-01-04 22:00:00,9027.2843284318
SEN,2025-01-04 23:00:00,8870.703382402691
SEN,2025-01-05 00:00:00,8594.343686964203
SEN,2025-01-05 01:00:00,8402.239355774493
SEN,2025-01-05 02:00:00,8170.476517023202
SEN,2025-01-05 03:00:00,8011.584622061401
SEN,2025-01-05 04:00:00,7877.125281666397
SEN,2025-01-05 05:00:00,7816.967109282697
SEN,2025-01-05 06:00:00,7795.4280819731
SEN,2025-01-05 07:00:00,7698.600250069798
SEN,2025-01-05 08:00:00,8038.421422309602
SEN,2025-01-05 09:00:00,8565.376913196405
SEN,2025-01-05 10:00:00,9016.66389223979
SEN,2025-01-05 11:00:00,9341.06230361819
SEN,2025-01-05 12:00:00,9504.5396575777
SEN,2025-01-05 13:00:00,9735.002911563291
SEN,2025-01-05 14:00:00,9823.7479377553
SEN,2025-01-05 15:00:00,9764.534952373007
SEN,2025-01-05 16:00:00,9648.629470269098
SEN,2025-01-05 17:00:00,9547.8343254177
SEN,2025-01-05 18:00:00,9539.71610472208
SEN,2025-01-05 19:00:00,9672.832309653002
SEN,2025-01-05 20:00:00,9240.526009445806
SEN,2025-01-05 21:00:00,9416.658030348703
SEN,2025-01-05 22:00:00,9538.633259403403
SEN,2025-01-05 23:00:00,9407.5163683801
SEN,2025-01-06 00:00:00,9312.8369038201
SEN,2025-01-06 01:00:00,8996.391036397199
SEN,2025-01-06 02:00:00,8715.657918940396
SEN,2025-01-06 03:00:00,8545.637824007801
SEN,2025-01-06 04:00:00,8507.722916034101
SEN,2025-01-06 05:00:00,8550.652502545898
SEN,2025-01-06 06:00:00,8435.207548304104
SEN,2025-01-06 07:00:00,9001.876961240498
SEN,2025-01-06 08:00:00,9666.0685550878
SEN,2025-01-06 09:00:00,10581.814214281185
SEN,2025-01-06 10:00:00,11031.964033430395
SEN,2025-01-06 11:00:00,11159.861385413202
SEN,2025-01-06 12:00:00,11368.770777522199
SEN,2025-01-06 13:00:00,11537.27521869458
SEN,2025-01-06 14:00:00,11472.936566726112
SEN,2025-01-06 15:00:00,11331.739904735907
SEN,2025-01-06 16:00:00,11253.77156919941
SEN,2025-01-06 17:00:00,11039.201538983312
SEN,2025-01-06 18:00:00,10805.195041355508
SEN,2025-01-06 19:00:00,10757.582864293103
SEN,2025-01-06 20:00:00,9827.519092506105
SEN,2025-01-06 21:00:00,9943.001285134804
SEN,2025-01-06 22:00:00,9964.012122322107
SEN,2025-01-06 23:00:00,9773.581378509007
SEN,2025-01-07 00:00:00,9279.407152123902
SEN,2025-01-07 01:00:00,8884.798420573905
SEN,2025-01-07 02:00:00,8602.196551353507
SEN,2025-01-07 03:00:00,8470.732560487306
SEN,2025-01-07 04:00:00,8355.136124949802
SEN,2025-01-07 05:00:00,8281.1474485208
SEN,2025-01-07 06:00:00,8208.341078713907
SEN,2025-01-07 07:00:00,8639.339822680402
SEN,2025-01-07 08:00:00,9547.95483189241
SEN,2025-01-07 09:00:00,10341.412565927605
SEN,2025-01-07 10:00:00,10538.858835380304
SEN,2025-01-07 11:00:00,10338.0367936807
SEN,2025-01-07 12:00:00,10592.201242054596
SEN,2025-01-07 13:00:00,10937.644851406803
SEN,2025-01-07 14:00:00,10949.919399261804
SEN,2025-01-07 15:00:00,10860.629466964905
SEN,2025-01-07 16:00:00,10666.993339623701
SEN,2025-01-07 17:00:00,10547.102398314899
SEN,2025-01-07 18:00:00,10359.51689977941
SEN,2025-01-07 19:00:00,10111.378074204695
SEN,2025-01-07 20:00:00,9396.3264476755
SEN,2025-01-07 21:00:00,9566.084713348491
SEN,2025-01-07 22:00:00,9571.366413160004
SEN,2025-01-07 23:00:00,9261.528827773296
SEN,2025-01-08 00:00:00,8993.274517702
SEN,2025-01-08 01:00:00,8609.928141822698
SEN,2025-01-08 02:00:00,8388.908138471601
SEN,2025-01-08 03:00:00,8267.0106133338
SEN,2025-01-08 04:00:00,8181.359268124102
SEN,2025-01-08 05:00:00,8234.9684526728
SEN,2025-01-08 06:00:00,8301.913359074299
SEN,2025-01-08 07:00:00,8822.847477787987
SEN,2025-01-08 08:00:00,9721.983442638204
SEN,2025-01-08 09:00:00,10308.817688804793
SEN,2025-01-08 10:00:00,10493.713052101908
SEN,2025-01-08 11:00:00,10684.047168190793
SEN,2025-01-08 12:00:00,10750.5267786353
SEN,2025-01-08 13:00:00,10874.614908398898
SEN,2025-01-08 14:00:00,11020.525914859818
SEN,2025-01-08 15:00:00,11007.315866478599
SEN,2025-01-08 16:00:00,10959.055229844002
SEN,2025-01-08 17:00:00,10679.927149848
SEN,2025-01-08 18:00:00,10523.852115460804
SEN,2025-01-08 19:00:00,10394.992318542409
SEN,2025-01-08 20:00:00,10020.7103140063
SEN,2025-01-08 21:00:00,9963.1311703669
SEN,2025-01-08 22:00:00,9676.202026239494
SEN,2025-01-08 23:00:00,9346.933608552898
SEN,2025-01-09 00:00:00,9038.407522091698
SEN,2025-01-09 01:00:00,8846.818455005203
SEN,2025-01-09 02:00:00,8677.171409745395
SEN,2025-01-09 03:00:00,8624.198989103
SEN,2025-01-09 04:00:00,8553.760110023988
SEN,2025-01-09 05:00:00,8541.651314447196
SEN,2025-01-09 06:00:00,8507.751167334403
SEN,2025-01-09 07:00:00,8950.202285521289
SEN,2025-01-09 08:00:00,9594.859715254603
SEN,2025-01-09 09:00:00,10380.825783355403
SEN,2025-01-09 10:00:00,10644.102078150201
SEN,2025-01-09 11:00:00,10816.77476946828
SEN,2025-01-09 12:00:00,11021.199293688078
SEN,2025-01-09 13:00:00,11130.028367626892
SEN,2025-01-09 14:00:00,11282.624247336813
SEN,2025-01-09 15:00:00,11236.986027725894
SEN,2025-01-09 16:00:00,11176.759352466197
SEN,2025-01-09 17:00:00,10968.618734752508
SEN,2025-01-09 18:00:00,10711.61564928899
SEN,2025-01-09 19:00:00,10524.4686491622
SEN,2025-01-09 20:00:00,9923.904911076488
SEN,2025-01-09 21:00:00,9977.966835974787
SEN,2025-01-09 22:00:00,9897.490648203891
SEN,2025-01-09 23:00:00,9593.253753601697
SEN,2025-01-10 00:00:00,9472.0953336417
SEN,2025-01-10 01:00:00,9223.389692883995
SEN,2025-01-10 02:00:00,8902.937327558298
SEN,2025-01-10 03:00:00,8737.325868104997
SEN,2025-01-10 04:00:00,8682.839231837397
SEN,2025-01-10 05:00:00,8542.103829833899
SEN,2025-01-10 06:00:00,8467.753566150903
SEN,2025-01-10 07:00:00,9160.832835779624
SEN,2025-01-10 08:00:00,9772.406033053901
SEN,2025-01-10 09:00:00,10527.445388679416
SEN,2025-01-10 10:00:00,10952.617737219805
SEN,2025-01-10 11:00:00,11203.456506354101
SEN,2025-01-10 12:00:00,11523.166445070212
SEN,2025-01-10 13:00:00,11633.707388959212
SEN,2025-01-10 14:00:00,11657.74656109949
SEN,2025-01-10 15:00:00,11638.565570664292
SEN,2025-01-10 16:00:00,11375.176898297004
SEN,2025-01-10 17:00:00,11199.23732118801
SEN,2025-01-10 18:00:00,10985.978751589602
SEN,2025-01-10 19:00:00,10664.199933245214
SEN,2025-01-10 20:00:00,10372.938558637312
SEN,2025-01-10 21:00:00,10126.455180125797
SEN,2025-01-10 22:00:00,9999.230065682992
SEN,2025-01-10 23:00:00,9716.577937135698
SEN,2025-01-11 00:00:00,9249.045470117999
SEN,2025-01-11 01:00:00,9094.037233032
SEN,2025-01-11 02:00:00,8990.971242920805
SEN,2025-01-11 03:00:00,8820.874613695403
SEN,2025-01-11 04:00:00,8761.0085571776
SEN,2025-01-11 05:00:00,8788.725009409198
SEN,2025-01-11 06:00:00,8744.057532629595
SEN,2025-01-11 07:00:00,8873.215629521505
SEN,2025-01-11 08:00:00,9421.633389191791
SEN,2025-01-11 09:00:00,9992.728075829009
SEN,2025-01-11 10:00:00,10367.815009191607
SEN,2025-01-11 11:00:00,10564.32850934179
SEN,2025-01-11 12:00:00,10674.661221628683
SEN,2025-01-11 13:00:00,10852.3632940794
SEN,2025-01-11 14:00:00,10813.847476747695
SEN,2025-01-11 15:00:00,10647.866340998704
SEN,2025-01-11 16:00:00,10503.072318937586
SEN,2025-01-11 17:00:00,10385.134529849096
SEN,2025-01-11 18:00:00,10275.070845514792
SEN,2025-01-11 19:00:00,10195.7259051739
SEN,2025-01-11 20:00:00,9828.02277451231
SEN,2025-01-11 21:00:00,9742.658548614501
SEN,2025-01-11 22:00:00,9588.665137020993
SEN,2025-01-11 23:00:00,9349.571963908696
SEN,2025-01-12 00:00:00,9083.984838112898
SEN,2025-01-12 01:00:00,8847.163596238803
SEN,2025-01-12 02:00:00,8772.242603747405
SEN,2025-01-12 03:00:00,8550.429850897703
SEN,2025-01-12 04:00:00,8512.25983152891
SEN,2025-01-12 05:00:00,8431.549349129798
SEN,2025-01-12 06:00:00,8339.221376471898
SEN,2025-01-12 07:00:00,8240.045431913797
SEN,2025-01-12 08:00:00,8684.962606746694
SEN,2025-01-12 09:00:00,9058.731398240392
SEN,2025-01-12 10:00:00,9356.397505698898
SEN,2025-01-12 11:00:00,9584.202788847006
SEN,2025-01-12 12:00:00,9740.771957372797
SEN,2025-01-12 13:00:00,9844.055588905208
SEN,2025-01-12 14:00:00,9895.036958539706
SEN,2025-01-12 15:00:00,9770.216822844
SEN,2025-01-12 16:00:00,9628.431967492004
SEN,2025-01-12 17:00:00,9497.261911100704
SEN,2025-01-12 18:00:00,9518.719191175196
SEN,2025-01-12 19:00:00,9580.389835051701
SEN,2025-01-12 20:00:00,9493.587100236808
SEN,2025-01-12 21:00:00,9415.373340853299
SEN,2025-01-12 22:00:00,9337.8055331872
SEN,2025-01-12 23:00:00,9115.332044352297
SEN,2025-01-13 00:00:00,8921.642282538003
SEN,2025-01-13 01:00:00,8821.159020676701
SEN,2025-01-13 02:00:00,8623.0546262277
SEN,2025-01-13 03:00:00,8461.219927849199
SEN,2025-01-13 04:00:00,8446.335472263801
SEN,2025-01-13 05:00:00,8478.817532330608
SEN,2025-01-13 06:00:00,8471.438463352706
SEN,2025-01-13 07:00:00,9068.398695346512
SEN,2025-01-13 08:00:00,9985.079389977494
SEN,2025-01-13 09:00:00,10635.8833540122
SEN,2025-01-13 10:00:00,10927.244031204098
SEN,2025-01-13 11:00:00,11061.237063331097
SEN,2025-01-13 12:00:00,11107.921023148514
SEN,2025-01-13 13:00:00,11281.768831026693
SEN,2025-01-13 14:00:00,11493.504549185704
SEN,2025-01-13 15:00:00,11515.682722830497
SEN,2025-01-13 16:00:00,11383.135031698908
SEN,2025-01-13 17:00:00,11068.4988731537
SEN,2025-01-13 18:00:00,10768.78700640141
SEN,2025-01-13 19:00:00,10578.1408942476
SEN,2025-01-13 20:00:00,10163.782209530718
SEN,2025-01-13 21:00:00,10181.234683390603
SEN,2025-01-13 22:00:00,10050.119203794002
SEN,2025-01-13 23:00:00,9804.155602528694
SEN,2025-01-14 00:00:00,9535.114101868296
SEN,2025-01-14 01:00:00,9278.718597119994
SEN,2025-01-14 02:00:00,9033.399040732502
SEN,2025-01-14 03:00:00,8937.782108838293
SEN,2025-01-14 04:00:00,8879.931602058305
SEN,2025-01-14 05:00:00,8902.965275738097
SEN,2025-01-14 06:00:00,8872.14440173451
SEN,2025-01-14 07:00:00,9210.0186053765
SEN,2025-01-14 08:00:00,10159.873133580204
SEN,2025-01-14 09:00:00,10831.1559433328
SEN,2025-01-14 10:00:00,11107.994159302873
SEN,2025-01-14 11:00:00,11251.482090803302
SEN,2025-01-14 12:00:00,11359.922697501685
SEN,2025-01-14 13:00:00,11426.721175256893
SEN,2025-01-14 14:00:00,11550.755239665492
SEN,2025-01-14 15:00:00,11602.458444488992
SEN,2025-01-14 16:00:00,11543.996113871415
SEN,2025-01-14 17:00:00,11262.938464828496
SEN,2025-01-14 18:00:00,10930.240796308006
SEN,2025-01-14 19:00:00,10580.039707142805
SEN,2025-01-14 20:00:00,9819.820047214713
SEN,2025-01-14 21:00:00,9901.620824071002
SEN,2025-01-14 22:00:00,9773.016859628398
SEN,2025-01-14 23:00:00,9650.125877691198
SEN,2025-01-15 00:00:00,9498.896401445098
SEN,2025-01-15 01:00:00,9198.611564481103
SEN,2025-01-15 02:00:00,8913.715538196202
SEN,2025-01-15 03:00:00,8826.422689861603
SEN,2025-01-15 04:00:00,8683.1835435398
SEN,2025-01-15 05:00:00,8708.642958289793
SEN,2025-01-15 06:00:00,8627.493829856205
SEN,2025-01-15 07:00:00,9095.923282285823
SEN,2025-01-15 08:00:00,9918.564326464593
SEN,2025-01-15 09:00:00,10540.695650542395
SEN,2025-01-15 10:00:00,10766.184474620692
SEN,2025-01-15 11:00:00,10978.665345188105
SEN,2025-01-15 12:00:00,11244.535833778707
SEN,2025-01-15 13:00:00,11292.161914565288
SEN,2025-01-15 14:00:00,11413.19565578789
SEN,2025-01-15 15:00:00,11390.506623251393
SEN,2025-01-15 16:00:00,11316.940117814323
SEN,2025-01-15 17:00:00,11093.673095140197
SEN,2025-01-15 18:00:00,10848.505697848188
SEN,2025-01-15 19:00:00,10663.114849209103
SEN,2025-01-15 20:00:00,10390.657029565604
SEN,2025-01-15 21:00:00,10094.726718084014
SEN,2025-01-15 22:00:00,10000.338928209396
SEN,2025-01-15 23:00:00,9574.185566276201
SEN,2025-01-16 00:00:00,9373.353776601802
SEN,2025-01-16 01:00:00,8963.190320527698
SEN,2025-01-16 02:00:00,8821.6112180471
SEN,2025-01-16 03:00:00,8828.540248585203
SEN,2025-01-16 04:00:00,8762.530317076602
SEN,2025-01-16 05:00:00,8657.453147776401
SEN,2025-01-16 06:00:00,8751.241274239004
SEN,2025-01-16 07:00:00,9227.133248533788
SEN,2025-01-16 08:00:00,9960.770557177606
SEN,2025-01-16 09:00:00,10744.1505665425
SEN,2025-01-16 10:00:00,11030.799810025
SEN,2025-01-16 11:00:00,11255.694744326313
SEN,2025-01-16 12:00:00,11546.231339290302
SEN,2025-01-16 13:00:00,11606.433036798206
SEN,2025-01-16 14:00:00,11616.438453209994
SEN,2025-01-16 15:00:00,11626.576123266897
SEN,2025-01-16 16:00:00,11614.998673403787
SEN,2025-01-16 17:00:00,11427.709378630007
SEN,2025-01-16 18:00:00,11011.658771829712
SEN,2025-01-16 19:00:00,10816.449143285705
SEN,2025-01-16 20:00:00,10436.513573523389
SEN,2025-01-16 21:00:00,10276.129326986995
SEN,2025-01-16 22:00:00,10149.683192769604
SEN,2025-01-16 23:00:00,9741.511152769695
SEN,2025-01-17 00:00:00,9631.300889615999
SEN,2025-01-17 01:00:00,9234.559924350002
SEN,2025-01-17 02:00:00,8992.6650370863
SEN,2025-01-17 03:00:00,8862.668711102704
SEN,2025-01-17 04:00:00,8796.107626703697
SEN,2025-01-17 05:00:00,8524.392979812697
SEN,2025-01-17 06:00:00,8805.808411924903
SEN,2025-01-17 07:00:00,9225.83147785791
SEN,2025-01-17 08:00:00,9931.223985417288
SEN,2025-01-17 09:00:00,10610.481482957997
SEN,2025-01-17 10:00:00,11003.460816750408
SEN,2025-01-17 11:00:00,11111.43208436089
SEN,2025-01-17 12:00:00,11269.668970670187
SEN,2025-01-17 13:00:00,11441.91803030019
SEN,2025-01-17 14:00:00,11530.442730817493
SEN,2025-01-17 15:00:00,11327.865901833407
SEN,2025-01-17 16:00:00,11128.99447735842
SEN,2025-01-17 17:00:00,10934.168612147201
SEN,2025-01-17 18:00:00,10712.623728646206
SEN,2025-01-17 19:00:00,10588.88407326591
SEN,2025-01-17 20:00:00,10582.077497088405
SEN,2025-01-17 21:00:00,10527.274014643614
SEN,2025-01-17 22:00:00,10089.165079519296
SEN,2025-01-17 23:00:00,9631.146401338001
SEN,2025-01-18 00:00:00,9207.432982389895
SEN,2025-01-18 01:00:00,8804.7308635122
SEN,2025-01-18 02:00:00,8749.559567745095
SEN,2025-01-18 03:00:00,8856.331933063298
SEN,2025-01-18 04:00:00,8819.199800504897
SEN,2025-01-18 05:00:00,8836.057964751804
SEN,2025-01-18 06:00:00,8848.684456823405
SEN,2025-01-18 07:00:00,8776.009786179187
SEN,2025-01-18 08:00:00,9274.6231568632
SEN,2025-01-18 09:00:00,9833.775234452414
SEN,2025-01-18 10:00:00,10083.361408631703
SEN,2025-01-18 11:00:00,10193.85158626091
SEN,2025-01-18 12:00:00,10244.033741630994
SEN,2025-01-18 13:00:00,10335.617888910308
SEN,2025-01-18 14:00:00,10227.256458696498
SEN,2025-01-18 15:00:00,10057.279906854897
SEN,2025-01-18 16:00:00,10017.658993794597
SEN,2025-01-18 17:00:00,10010.727334139887
SEN,2025-01-18 18:00:00,9942.482911415002
SEN,2025-01-18 19:00:00,9837.3333370113
SEN,2025-01-18 20:00:00,9696.761045864605
SEN,2025-01-18 21:00:00,9727.422117159598
SEN,2025-01-18 22:00:00,9283.161979461902
SEN,2025-01-18 23:00:00,9014.191351218302
SEN,2025-01-19 00:00:00,8757.396516161602
SEN,2025-01-19 01:00:00,8485.8082233929
SEN,2025-01-19 02:00:00,8380.6100924059
SEN,2025-01-19 03:00:00,8310.8534889824
SEN,2025-01-19 04:00:00,8269.872830695098
SEN,2025-01-19 05:00:00,8298.340728520901
SEN,2025-01-19 06:00:00,8271.464748121305
SEN,2025-01-19 07:00:00,8080.010435714504
SEN,2025-01-19 08:00:00,8318.475771473306
SEN,2025-01-19 09:00:00,8983.86634981941
SEN,2025-01-19 10:00:00,9301.751980135406
SEN,2025-01-19 11:00:00,9428.520097841107
SEN,2025-01-19 12:00:00,9529.016669971892
SEN,2025-01-19 13:00:00,9710.801089713495
SEN,2025-01-19 14:00:00,9775.7446469788
SEN,2025-01-19 15:00:00,9653.539693457291
SEN,2025-01-19 16:00:00,9700.604447581201
SEN,2025-01-19 17:00:00,9641.819126781102
SEN,2025-01-19 18:00:00,9687.448431691406
SEN,2025-01-19 19:00:00,9682.275231763993
SEN,2025-01-19 20:00:00,9751.176776478796
SEN,2025-01-19 21:00:00,9787.324212390304
SEN,2025-01-19 22:00:00,9667.6701595814
SEN,2025-01-19 23:00:00,9460.9610683927
SEN,2025-01-20 00:00:00,8919.163356096296
SEN,2025-01-20 01:00:00,8596.317210924104
SEN,2025-01-20 02:00:00,8354.0744875337
SEN,2025-01-20 03:00:00,8159.1500935182
SEN,2025-01-20 04:00:00,8175.837693752898
SEN,2025-01-20 05:00:00,8233.971184063803
SEN,2025-01-20 06:00:00,8460.343684914998
SEN,2025-01-20 07:00:00,8933.70408945831
SEN,2025-01-20 08:00:00,9645.660297433207
SEN,2025-01-20 09:00:00,10521.126410090308
SEN,2025-01-20 10:00:00,10965.368646682997
SEN,2025-01-20 11:00:00,11072.110612204999
SEN,2025-01-20 12:00:00,11227.381797896389
SEN,2025-01-20 13:00:00,11505.795660727292
SEN,2025-01-20 14:00:00,11619.405596970893
SEN,2025-01-20 15:00:00,11529.470108230971
SEN,2025-01-20 16:00:00,11353.099710540602
SEN,2025-01-20 17:00:00,10994.269639716014
SEN,2025-01-20 18:00:00,10634.823311734706
SEN,2025-01-20 19:00:00,10507.921656147506
SEN,2025-01-20 20:00:00,10358.5499328204
SEN,2025-01-20 21:00:00,10321.222459468805
SEN,2025-01-20 22:00:00,10080.253219046393
SEN,2025-01-20 23:00:00,9282.6177045157
SEN,2025-01-21 00:00:00,9014.3310875043
SEN,2025-01-21 01:00:00,8891.450814649896
SEN,2025-01-21 02:00:00,8814.929950749694
SEN,2025-01-21 03:00:00,8707.129842368695
SEN,2025-01-21 04:00:00,8636.548258792594
SEN,2025-01-21 05:00:00,8544.5425966357
SEN,2025-01-21 06:00:00,8752.055835366116
SEN,2025-01-21 07:00:00,9238.538484614006
SEN,2025-01-21 08:00:00,9848.662484833696
SEN,2025-01-21 09:00:00,10649.706203718804
SEN,2025-01-21 10:00:00,10976.448258854909
SEN,2025-01-21 11:00:00,11114.866125572307
SEN,2025-01-21 12:00:00,11318.849079861502
SEN,2025-01-21 13:00:00,11466.976712160098
SEN,2025-01-21 14:00:00,11516.444187248184
SEN,2025-01-21 15:00:00,11493.020260163601
SEN,2025-01-21 16:00:00,11398.470358680555
SEN,2025-01-21 17:00:00,11126.187874063204
SEN,2025-01-21 18:00:00,10888.158277697994
SEN,2025-01-21 19:00:00,10658.185791885393
SEN,2025-01-21 20:00:00,10178.703315086059
SEN,2025-01-21 21:00:00,10082.077176576702
SEN,2025-01-21 22:00:00,10066.614369187835
SEN,2025-01-21 23:00:00,9871.281405178059
SEN,2025-01-22 00:00:00,9386.314698017797
SEN,2025-01-22 01:00:00,9197.3119812715
SEN,2025-01-22 02:00:00,9026.857438463501
SEN,2025-01-22 03:00:00,8914.827567949898
SEN,2025-01-22 04:00:00,8818.883620467594
SEN,2025-01-22 05:00:00,8839.105381820502
SEN,2025-01-22 06:00:00,9052.178848138012
SEN,2025-01-22 07:00:00,9307.298761641652
SEN,2025-01-22 08:00:00,9944.591046426447
SEN,2025-01-22 09:00:00,10609.344808030803
SEN,2025-01-22 10:00:00,10850.5275491501
SEN,2025-01-22 11:00:00,11000.055468729952
SEN,2025-01-22 12:00:00,11104.4598592543
SEN,2025-01-22 13:00:00,11273.355595986899
SEN,2025-01-22 14:00:00,11533.926878808785
SEN,2025-01-22 15:00:00,11446.397639805893
SEN,2025-01-22 16:00:00,11265.621510759702
SEN,2025-01-22 17:00:00,10963.646237982692
SEN,2025-01-22 18:00:00,10658.557033446004
SEN,2025-01-22 19:00:00,10526.99142540727
SEN,2025-01-22 20:00:00,10441.291868140022
SEN,2025-01-22 21:00:00,10152.99824248489
SEN,2025-01-22 22:00:00,9836.7794485283
SEN,2025-01-22 23:00:00,9377.636008801293
SEN,2025-01-23 00:00:00,9374.7682764998
SEN,2025-01-23 01:00:00,9128.226454824997
SEN,2025-01-23 02:00:00,8876.396589163403
SEN,2025-01-23 03:00:00,8689.917689627897
SEN,2025-01-23 04:00:00,8662.0347006067
SEN,2025-01-23 05:00:00,8659.481144218902
SEN,2025-01-23 06:00:00,8746.359364994003
SEN,2025-01-23 07:00:00,9206.613904535803
SEN,2025-01-23 08:00:00,9814.06608245159
SEN,2025-01-23 09:00:00,10498.132666869695
SEN,2025-01-23 10:00:00,10725.183663321302
SEN,2025-01-23 11:00:00,10958.890417549603
SEN,2025-01-23 12:00:00,11140.772034380405
SEN,2025-01-23 13:00:00,11336.707371043109
SEN,2025-01-23 14:00:00,11518.041573620896
SEN,2025-01-23 15:00:00,11467.728178087997
SEN,2025-01-23 16:00:00,11376.145468855295
SEN,2025-01-23 17:00:00,11140.174489740999
SEN,2025-01-23 18:00:00,10950.0526904788
SEN,2025-01-23 19:00:00,10833.083689997495
SEN,2025-01-23 20:00:00,10801.059041976205
SEN,2025-01-23 21:00:00,10903.588318058697
SEN,2025-01-23 22:00:00,10400.020826554508
SEN,2025-01-23 23:00:00,10140.731936587496
SEN,2025-01-24 00:00:00,9431.3583893651
SEN,2025-01-24 01:00:00,9035.681502708096
SEN,2025-01-24 02:00:00,8706.412991120495
SEN,2025-01-24 03:00:00,8576.865296865602
SEN,2025-01-24 04:00:00,8572.136051931999
SEN,2025-01-24 05:00:00,8895.5177052707
SEN,2025-01-24 06:00:00,9127.681697269276
SEN,2025-01-24 07:00:00,9441.066113715364
SEN,2025-01-24 08:00:00,9996.227456013557
SEN,2025-01-24 09:00:00,10695.755150999908
SEN,2025-01-24 10:00:00,11095.408216757034
SEN,2025-01-24 11:00:00,11374.077282038243
SEN,2025-01-24 12:00:00,11555.103352216915
SEN,2025-01-24 13:00:00,11768.798350131809
SEN,2025-01-24 14:00:00,11793.371615251608
SEN,2025-01-24 15:00:00,11672.663522060398
SEN,2025-01-24 16:00:00,11433.463144360614
SEN,2025-01-24 17:00:00,11078.356690943012
SEN,2025-01-24 18:00:00,10935.875797167151
SEN,2025-01-24 19:00:00,10822.342523612197
SEN,2025-01-24 20:00:00,10884.595892379793
SEN,2025-01-24 21:00:00,10628.107398743708
SEN,2025-01-24 22:00:00,10452.440078042398
SEN,2025-01-24 23:00:00,10088.602653848198
SEN,2025-01-25 00:00:00,9523.420435972997
SEN,2025-01-25 01:00:00,9101.017602445803
SEN,2025-01-25 02:00:00,8979.359655950202
SEN,2025-01-25 03:00:00,8957.567641050504
SEN,2025-01-25 04:00:00,8882.537385975902
SEN,2025-01-25 05:00:00,8923.696625436303
SEN,2025-01-25 06:00:00,8971.956746704405
SEN,2025-01-25 07:00:00,8924.138239272706
SEN,2025-01-25 08:00:00,9335.447090016392
SEN,2025-01-25 09:00:00,9931.554866710409
SEN,2025-01-25 10:00:00,10288.481589537801
SEN,2025-01-25 11:00:00,10445.615284487698
SEN,2025-01-25 12:00:00,10553.887369385704
SEN,2025-01-25 13:00:00,10689.991302189006
SEN,2025-01-25 14:00:00,10697.241736126802
SEN,2025-01-25 15:00:00,10667.777848171407
SEN,2025-01-25 16:00:00,10593.745889235593
SEN,2025-01-25 17:00:00,10398.651935519705
SEN,2025-01-25 18:00:00,10262.671359896904
SEN,2025-01-25 19:00:00,10239.786941541013
SEN,2025-01-25 20:00:00,10229.5261020635
SEN,2025-01-25 21:00:00,9979.079917370198
SEN,2025-01-25 22:00:00,9748.9016748708
SEN,2025-01-25 23:00:00,9429.100726993796
SEN,2025-01-26 00:00:00,9022.599843996899
SEN,2025-01-26 01:00:00,8839.861725504998
SEN,2025-01-26 02:00:00,8640.136811215203
SEN,2025-01-26 03:00:00,8580.644097106904
SEN,2025-01-26 04:00:00,8512.029341403797
SEN,2025-01-26 05:00:00,8551.324804082502
SEN,2025-01-26 06:00:00,8349.033818410704
SEN,2025-01-26 07:00:00,8344.840529258096
SEN,2025-01-26 08:00:00,8692.950748025498
SEN,2025-01-26 09:00:00,9200.950483816987
SEN,2025-01-26 10:00:00,9489.085017398202
SEN,2025-01-26 11:00:00,9722.352908554698
SEN,2025-01-26 12:00:00,9947.336039328311
SEN,2025-01-26 13:00:00,10257.255469811902
SEN,2025-01-26 14:00:00,10211.024975800032
SEN,2025-01-26 15:00:00,10089.979385143339
SEN,2025-01-26 16:00:00,10026.762333979923
SEN,2025-01-26 17:00:00,9955.744688936838
SEN,2025-01-26 18:00:00,9885.48008844032
SEN,2025-01-26 19:00:00,9903.353883382604
SEN,2025-01-26 20:00:00,9695.629068314283
SEN,2025-01-26 21:00:00,9884.532700328395
SEN,2025-01-26 22:00:00,9603.7588576262
SEN,2025-01-26 23:00:00,9250.479866540594
SEN,2025-01-27 00:00:00,9074.995678642696
SEN,2025-01-27 01:00:00,8834.7737683205
SEN,2025-01-27 02:00:00,8748.292792864002
SEN,2025-01-27 03:00:00,8739.010753780509
SEN,2025-01-27 04:00:00,8704.135866396964
SEN,2025-01-27 05:00:00,8740.035542872698
SEN,2025-01-27 06:00:00,8905.931650026603
SEN,2025-01-27 07:00:00,9221.024513519897
SEN,2025-01-27 08:00:00,9797.959372792591
SEN,2025-01-27 09:00:00,10513.843285942708
SEN,2025-01-27 10:00:00,10963.06356548171
SEN,2025-01-27 11:00:00,11187.356269991904
SEN,2025-01-27 12:00:00,11499.992027349714
SEN,2025-01-27 13:00:00,11735.065606100206
SEN,2025-01-27 14:00:00,11752.855485866501
SEN,2025-01-27 15:00:00,11749.40631167469
SEN,2025-01-27 16:00:00,11820.756962448511
SEN,2025-01-27 17:00:00,11630.664516089892
SEN,2025-01-27 18:00:00,11235.257930254884
SEN,2025-01-27 19:00:00,11032.797627193893
SEN,2025-01-27 20:00:00,10703.87929264951
SEN,2025-01-27 21:00:00,10644.45936206069
SEN,2025-01-27 22:00:00,10434.298923086395
SEN,2025-01-27 23:00:00,10082.453171840089
SEN,2025-01-28 00:00:00,9794.972542559099
SEN,2025-01-28 01:00:00,9465.090912398098
SEN,2025-01-28 02:00:00,9257.908987163702
SEN,2025-01-28 03:00:00,8988.4473893648
SEN,2025-01-28 04:00:00,8887.895850757097
SEN,2025-01-28 05:00:00,8946.548434261505
SEN,2025-01-28 06:00:00,9025.310633039306
SEN,2025-01-28 07:00:00,9571.566735871
SEN,2025-01-28 08:00:00,10051.415382413901
SEN,2025-01-28 09:00:00,10687.170856997807
SEN,2025-01-28 10:00:00,11040.394931053102
SEN,2025-01-28 11:00:00,11341.3990725241
SEN,2025-01-28 12:00:00,11589.941989710504
SEN,2025-01-28 13:00:00,11722.814471969696
SEN,2025-01-28 14:00:00,11958.6541816009
SEN,2025-01-28 15:00:00,11858.432189892583
SEN,2025-01-28 16:00:00,11795.028137656514
SEN,2025-01-28 17:00:00,11592.648926026086
SEN,2025-01-28 18:00:00,11292.16025966501
SEN,2025-01-28 19:00:00,11092.511359332519
SEN,2025-01-28 20:00:00,10712.613426964197
SEN,2025-01-28 21:00:00,10633.70431808129
SEN,2025-01-28 22:00:00,10444.235194164401
SEN,2025-01-28 23:00:00,10174.552252031806
SEN,2025-01-29 00:00:00,9702.523023929107
SEN,2025-01-29 01:00:00,9413.588449668003
SEN,2025-01-29 02:00:00,9190.559111747896
SEN,2025-01-29 03:00:00,9020.075753618505
SEN,2025-01-29 04:00:00,8893.1538465208
SEN,2025-01-29 05:00:00,8518.351367272096
SEN,2025-01-29 06:00:00,8655.374440814505
SEN,2025-01-29 07:00:00,9283.321215226015
SEN,2025-01-29 08:00:00,10063.066305408898
SEN,2025-01-29 09:00:00,10724.67012748652
SEN,2025-01-29 10:00:00,11152.973380544205
SEN,2025-01-29 11:00:00,11424.094607870995
SEN,2025-01-29 12:00:00,11767.248621014109
SEN,2025-01-29 13:00:00,11852.180507280586
SEN,2025-01-29 14:00:00,11883.633907525675
SEN,2025-01-29 15:00:00,11810.903915011193
SEN,2025-01-29 16:00:00,11712.870208770599
SEN,2025-01-29 17:00:00,11649.902421571096
SEN,2025-01-29 18:00:00,11331.346841561985
SEN,2025-01-29 19:00:00,10996.340358567619
SEN,2025-01-29 20:00:00,10613.383681641804
SEN,2025-01-29 21:00:00,10492.822201407094
SEN,2025-01-29 22:00:00,10383.916049815198
SEN,2025-01-29 23:00:00,10260.653727586698
SEN,2025-01-30 00:00:00,9628.842699340197
SEN,2025-01-30 01:00:00,9404.932528359594
SEN,2025-01-30 02:00:00,9184.489778957197
SEN,2025-01-30 03:00:00,8958.169437318202
SEN,2025-01-30 04:00:00,8615.396065245002
SEN,2025-01-30 05:00:00,8704.926180800701
SEN,2025-01-30 06:00:00,8891.336047143603
SEN,2025-01-30 07:00:00,9350.946102396207
SEN,2025-01-30 08:00:00,9989.794119308703
SEN,2025-01-30 09:00:00,10750.424222377402
SEN,2025-01-30 10:00:00,11058.72008203282
SEN,2025-01-30 11:00:00,11292.673474466525
SEN,2025-01-30 12:00:00,11601.509023784005
SEN,2025-01-30 13:00:00,11753.703860702304
SEN,2025-01-30 14:00:00,11856.540464833097
SEN,2025-01-30 15:00:00,11872.474883787694
SEN,2025-01-30 16:00:00,11784.4236687694
SEN,2025-01-30 17:00:00,11526.674177712195
SEN,2025-01-30 18:00:00,11132.1146264008
SEN,2025-01-30 19:00:00,10934.772060083713
SEN,2025-01-30 20:00:00,10728.704919452393
SEN,2025-01-30 21:00:00,11005.564117652097
SEN,2025-01-30 22:00:00,10482.52647926499
SEN,2025-01-30 23:00:00,10059.8761431152
SEN,2025-01-31 00:00:00,9699.620321627905
SEN,2025-01-31 01:00:00,9480.801436525904
SEN,2025-01-31 02:00:00,9311.106537723203
SEN,2025-01-31 03:00:00,9219.717748061194
SEN,2025-01-31 04:00:00,9137.318848510204
SEN,2025-01-31 05:00:00,8923.795810688696
SEN,2025-01-31 06:00:00,9074.744085263797
SEN,2025-01-31 07:00:00,9628.369445683298
SEN,2025-01-31 08:00:00,10095.50014748129
SEN,2025-01-31 09:00:00,10892.8755219068
SEN,2025-01-31 10:00:00,11232.058280019502
SEN,2025-01-31 11:00:00,11529.182562261212
SEN,2025-01-31 12:00:00,11591.264830752396
SEN,2025-01-31 13:00:00,11778.772216641992
SEN,2025-01-31 14:00:00,11873.045297206892
SEN,2025-01-31 15:00:00,11657.691827702798
SEN,2025-01-31 16:00:00,11436.156235985392
SEN,2025-01-31 17:00:00,11217.920565190632
SEN,2025-01-31 18:00:00,11048.000650573294
SEN,2025-01-31 19:00:00,10954.187173378214
SEN,2025-01-31 20:00:00,10416.38578277
SEN,2025-01-31 21:00:00,10481.200563339306
SEN,2025-01-31 22:00:00,10490.368781790497
SEN,2025-01-31 23:00:00,10189.047964756803
SEN,2025-02-01 00:00:00,9815.59059836049
SEN,2025-02-01 01:00:00,9460.578185841003
SEN,2025-02-01 02:00:00,9172.620735373597
SEN,2025-02-01 03:00:00,8942.646369973601
SEN,2025-02-01 04:00:00,8954.785817310507
SEN,2025-02-01 05:00:00,9034.7398016393
SEN,2025-02-01 06:00:00,9044.5985069265
SEN,2025-02-01 07:00:00,9026.22834369771
SEN,2025-02-01 08:00:00,9267.96716641991
SEN,2025-02-01 09:00:00,9945.091274989994
SEN,2025-02-01 10:00:00,10383.33206015071
SEN,2025-02-01 11:00:00,10539.3375137662
SEN,2025-02-01 12:00:00,10711.939756521908
SEN,2025-02-01 13:00:00,10856.819617912708
SEN,2025-02-01 14:00:00,10807.942370138997
SEN,2025-02-01 15:00:00,10560.076651998184
SEN,2025-02-01 16:00:00,10358.173407596594
SEN,2025-02-01 17:00:00,10275.803452845214
SEN,2025-02-01 18:00:00,10180.017919691805
SEN,2025-02-01 19:00:00,10188.81968614995
SEN,2025-02-01 20:00:00,10190.522071556676
SEN,2025-02-01 21:00:00,10044.63060576298
SEN,2025-02-01 22:00:00,9828.516259936716
SEN,2025-02-01 23:00:00,9500.57620393821
SEN,2025-02-02 00:00:00,9158.535451165315
SEN,2025-02-02 01:00:00,8862.004890299277
SEN,2025-02-02 02:00:00,8756.8368332633
SEN,2025-02-02 03:00:00,8511.394884697082
SEN,2025-02-02 04:00:00,8363.258888142256
SEN,2025-02-02 05:00:00,8341.858886018379
SEN,2025-02-02 06:00:00,8546.477397205674
SEN,2025-02-02 07:00:00,8595.801800054005
SEN,2025-02-02 08:00:00,8617.179820572415
SEN,2025-02-02 09:00:00,9214.514919786909
SEN,2025-02-02 10:00:00,9668.922104768595
SEN,2025-02-02 11:00:00,9805.863487951714
SEN,2025-02-02 12:00:00,9971.167598187794
SEN,2025-02-02 13:00:00,10135.912262229303
SEN,2025-02-02 14:00:00,10176.572810622794
SEN,2025-02-02 15:00:00,9962.530137381209
SEN,2025-02-02 16:00:00,9839.19281474672
SEN,2025-02-02 17:00:00,9700.647307709576
SEN,2025-02-02 18:00:00,9631.41362703677
SEN,2025-02-02 19:00:00,9549.840087383487
SEN,2025-02-02 20:00:00,9728.212993506175
SEN,2025-02-02 21:00:00,9860.250430798207
SEN,2025-02-02 22:00:00,9665.401361529599
SEN,2025-02-02 23:00:00,9271.0320634293
SEN,2025-02-03 00:00:00,8895.8944253359
SEN,2025-02-03 01:00:00,8707.310517375663
SEN,2025-02-03 02:00:00,8491.949285540377
SEN,2025-02-03 03:00:00,8267.91208986256
SEN,2025-02-03 04:00:00,8253.59965538847
SEN,2025-02-03 05:00:00,8050.162781450115
SEN,2025-02-03 06:00:00,8617.847091464217
SEN,2025-02-03 07:00:00,9205.785266685287
SEN,2025-02-03 08:00:00,9795.224026716207
SEN,2025-02-03 09:00:00,10515.141297734088
SEN,2025-02-03 10:00:00,10841.457717912941
SEN,2025-02-03 11:00:00,10997.746591672356
SEN,2025-02-03 12:00:00,11220.484780303716
SEN,2025-02-03 13:00:00,11538.077805700595
SEN,2025-02-03 14:00:00,11749.487929530807
SEN,2025-02-03 15:00:00,11689.584287091811
SEN,2025-02-03 16:00:00,11574.078270431433
SEN,2025-02-03 17:00:00,11328.919894497694
SEN,2025-02-03 18:00:00,11080.89377198626
SEN,2025-02-03 19:00:00,10933.31906175335
SEN,2025-02-03 20:00:00,10366.339859407164
SEN,2025-02-03 21:00:00,10567.540370623792
SEN,2025-02-03 22:00:00,10477.384382634144
SEN,2025-02-03 23:00:00,10089.41651105557
SEN,2025-02-04 00:00:00,9755.99946509793
SEN,2025-02-04 01:00:00,9501.9759315584
SEN,2025-02-04 02:00:00,9256.970171686737
SEN,2025-02-04 03:00:00,9057.846841167264
SEN,2025-02-04 04:00:00,9097.003607333118
SEN,2025-02-04 05:00:00,9145.172639753591
SEN,2025-02-04 06:00:00,9169.58363844979
SEN,2025-02-04 07:00:00,9647.684370053239
SEN,2025-02-04 08:00:00,10226.781706984171
SEN,2025-02-04 09:00:00,10935.30304340246
SEN,2025-02-04 10:00:00,11152.158092782958
SEN,2025-02-04 11:00:00,11412.576927704908
SEN,2025-02-04 12:00:00,11626.054566036393
SEN,2025-02-04 13:00:00,11800.683920441099
SEN,2025-02-04 14:00:00,11988.94665903218
SEN,2025-02-04 15:00:00,12043.02049225151
SEN,2025-02-04 16:00:00,11923.426839155803
SEN,2025-02-04 17:00:00,11799.593765660004
SEN,2025-02-04 18:00:00,11302.797830067613
SEN,2025-02-04 19:00:00,11020.000397442984
SEN,2025-02-04 20:00:00,10758.067820277804
SEN,2025-02-04 21:00:00,10781.551277725193
SEN,2025-02-04 22:00:00,10512.005527967991
SEN,2025-02-04 23:00:00,10091.078955212799
SEN,2025-02-05 00:00:00,9655.419839238697
SEN,2025-02-05 01:00:00,9123.135693695005
SEN,2025-02-05 02:00:00,8974.1879679023
SEN,2025-02-05 03:00:00,8865.879718288003
SEN,2025-02-05 04:00:00,8864.242895394696
SEN,2025-02-05 05:00:00,8914.195261273506
SEN,2025-02-05 06:00:00,9051.434772178703
SEN,2025-02-05 07:00:00,9525.567460544096
SEN,2025-02-05 08:00:00,10125.908726726415
SEN,2025-02-05 09:00:00,10702.599255797986
SEN,2025-02-05 10:00:00,11168.988325238
SEN,2025-02-05 11:00:00,11191.064577172801
SEN,2025-02-05 12:00:00,11357.400535020604
SEN,2025-02-05 13:00:00,11620.99643243561
SEN,2025-02-05 14:00:00,11736.080313818802
SEN,2025-02-05 15:00:00,11767.615278517109
SEN,2025-02-05 16:00:00,11661.168317038193
SEN,2025-02-05 17:00:00,11449.45954742989
SEN,2025-02-05 18:00:00,10962.6397024975
SEN,2025-02-05 19:00:00,10986.65421058221
SEN,2025-02-05 20:00:00,10954.96105852429
SEN,2025-02-05 21:00:00,10788.051184452404
SEN,2025-02-05 22:00:00,10529.517983991898
SEN,2025-02-05 23:00:00,10205.20237716729
SEN,2025-02-06 00:00:00,9562.477740836
SEN,2025-02-06 01:00:00,9270.320688044401
SEN,2025-02-06 02:00:00,9097.259306705702
SEN,2025-02-06 03:00:00,8958.176519074601
SEN,2025-02-06 04:00:00,8854.248335667005
SEN,2025-02-06 05:00:00,8972.449814470494
SEN,2025-02-06 06:00:00,9034.4877529365
SEN,2025-02-06 07:00:00,9561.181767862694
SEN,2025-02-06 08:00:00,10118.503697357202
SEN,2025-02-06 09:00:00,10743.018660511001
SEN,2025-02-06 10:00:00,11179.408867918912
SEN,2025-02-06 11:00:00,11427.29679546121
SEN,2025-02-06 12:00:00,11656.022862610913
SEN,2025-02-06 13:00:00,11665.147347104894
SEN,2025-02-06 14:00:00,11884.6517625589
SEN,2025-02-06 15:00:00,11868.246163375099
SEN,2025-02-06 16:00:00,11729.145891906695
SEN,2025-02-06 17:00:00,11512.192747879017
SEN,2025-02-06 18:00:00,11259.150496824603
SEN,2025-02-06 19:00:00,11077.06769671169
SEN,2025-02-06 20:00:00,10640.740673713606
SEN,2025-02-06 21:00:00,10647.664879968605
SEN,2025-02-06 22:00:00,10427.5020724137
SEN,2025-02-06 23:00:00,10222.218423328095
SEN,2025-02-07 00:00:00,10003.83410072477
SEN,2025-02-07 01:00:00,9597.2277606193
SEN,2025-02-07 02:00:00,9286.0422294656
SEN,2025-02-07 03:00:00,9078.249163332897
SEN,2025-02-07 04:00:00,9037.703695649998
SEN,2025-02-07 05:00:00,9061.0861202945
SEN,2025-02-07 06:00:00,8984.896567284295
SEN,2025-02-07 07:00:00,9535.268152292208
SEN,2025-02-07 08:00:00,10130.296436885603
SEN,2025-02-07 09:00:00,10816.486555578804
SEN,2025-02-07 10:00:00,11176.543094283174
SEN,2025-02-07 11:00:00,11278.778726062117
SEN,2025-02-07 12:00:00,11450.99958670201
SEN,2025-02-07 13:00:00,11625.091293978296
SEN,2025-02-07 14:00:00,11772.94829875779
SEN,2025-02-07 15:00:00,11979.679352384284
SEN,2025-02-07 16:00:00,11851.904581168468
SEN,2025-02-07 17:00:00,11549.008394702205
SEN,2025-02-07 18:00:00,11368.3329837756
SEN,2025-02-07 19:00:00,11152.804079712001
SEN,2025-02-07 20:00:00,10561.470821885501
SEN,2025-02-07 21:00:00,10666.839843839998
SEN,2025-02-07 22:00:00,10473.270330275896
SEN,2025-02-07 23:00:00,10296.61670899259
SEN,2025-02-08 00:00:00,10141.30453396455
SEN,2025-02-08 01:00:00,9736.630992839951
SEN,2025-02-08 02:00:00,9463.542371050904
SEN,2025-02-08 03:00:00,9201.974610080202
SEN,2025-02-08 04:00:00,8996.788799670203
SEN,2025-02-08 05:00:00,9054.797106268195
SEN,2025-02-08 06:00:00,9139.205333204294
SEN,2025-02-08 07:00:00,9209.308168021094
SEN,2025-02-08 08:00:00,9448.077173487793
SEN,2025-02-08 09:00:00,10045.477238050313
SEN,2025-02-08 10:00:00,10500.879842725102
SEN,2025-02-08 11:00:00,10780.874412947085
SEN,2025-02-08 12:00:00,10908.4159017068
SEN,2025-02-08 13:00:00,11078.616991060604
SEN,2025-02-08 14:00:00,11067.030199152894
SEN,2025-02-08 15:00:00,10923.962913977311
SEN,2025-02-08 16:00:00,10767.886507295103
SEN,2025-02-08 17:00:00,10752.084615513002
SEN,2025-02-08 18:00:00,10613.490612286101
SEN,2025-02-08 19:00:00,10434.270397733608
SEN,2025-02-08 20:00:00,9954.866997574003
SEN,2025-02-08 21:00:00,10144.010237963901
SEN,2025-02-08 22:00:00,9993.100791602103
SEN,2025-02-08 23:00:00,9775.700191356002
SEN,2025-02-09 00:00:00,9384.004752217903
SEN,2025-02-09 01:00:00,9224.164653501794
SEN,2025-02-09 02:00:00,9035.737627796101
SEN,2025-02-09 03:00:00,8841.375868265894
SEN,2025-02-09 04:00:00,8749.012612012895
SEN,2025-02-09 05:00:00,8644.587904687203
SEN,2025-02-09 06:00:00,8609.077418403203
SEN,2025-02-09 07:00:00,8518.952211766698
SEN,2025-02-09 08:00:00,8631.425289161496
SEN,2025-02-09 09:00:00,9146.337584104594
SEN,2025-02-09 10:00:00,9522.885650537204
SEN,2025-02-09 11:00:00,9707.594848114599
SEN,2025-02-09 12:00:00,10045.018100674797
SEN,2025-02-09 13:00:00,10246.794536817897
SEN,2025-02-09 14:00:00,10352.527609291192
SEN,2025-02-09 15:00:00,10294.311619720096
SEN,2025-02-09 16:00:00,10157.768705924813
SEN,2025-02-09 17:00:00,10052.892428078692
SEN,2025-02-09 18:00:00,10024.687006175142
SEN,2025-02-09 19:00:00,10020.744053432016
SEN,2025-02-09 20:00:00,9669.995070459401
SEN,2025-02-09 21:00:00,9991.383992904002
SEN,2025-02-09 22:00:00,9932.641545873497
SEN,2025-02-09 23:00:00,9731.377444875305
SEN,2025-02-10 00:00:00,9553.3736835036
SEN,2025-02-10 01:00:00,9244.288006025301
SEN,2025-02-10 02:00:00,9032.4502373205
SEN,2025-02-10 03:00:00,8759.898014962602
SEN,2025-02-10 04:00:00,8667.712141726703
SEN,2025-02-10 05:00:00,8486.635176650914
SEN,2025-02-10 06:00:00,8871.249074264611
SEN,2025-02-10 07:00:00,9459.064375325197
SEN,2025-02-10 08:00:00,9989.312455633002
SEN,2025-02-10 09:00:00,10862.387720652803
SEN,2025-02-10 10:00:00,11252.3167775099
SEN,2025-02-10 11:00:00,11464.594408753
SEN,2025-02-10 12:00:00,11544.504953105494
SEN,2025-02-10 13:00:00,11754.984042516495
SEN,2025-02-10 14:00:00,11765.097959183799
SEN,2025-02-10 15:00:00,11784.922131303161
SEN,2025-02-10 16:00:00,11634.745127335009
SEN,2025-02-10 17:00:00,11265.076010178998
SEN,2025-02-10 18:00:00,10940.306392056586
SEN,2025-02-10 19:00:00,10869.933219706716
SEN,2025-02-10 20:00:00,10347.298711251606
SEN,2025-02-10 21:00:00,10430.311467711008
SEN,2025-02-10 22:00:00,10177.115163689898
SEN,2025-02-10 23:00:00,9862.634719789727
SEN,2025-02-11 00:00:00,9677.767868823066
SEN,2025-02-11 01:00:00,9423.1245624712
SEN,2025-02-11 02:00:00,9170.6339683475
SEN,2025-02-11 03:00:00,9047.138978455701
SEN,2025-02-11 04:00:00,9069.494590653201
SEN,2025-02-11 05:00:00,9077.379894401694
SEN,2025-02-11 06:00:00,9377.478501512805
SEN,2025-02-11 07:00:00,9865.117459019391
SEN,2025-02-11 08:00:00,10186.438333381302
SEN,2025-02-11 09:00:00,10740.525456447607
SEN,2025-02-11 10:00:00,11206.233058190102
SEN,2025-02-11 11:00:00,11472.371835013302
SEN,2025-02-11 12:00:00,11496.009849958695
SEN,2025-02-11 13:00:00,11457.481061710592
SEN,2025-02-11 14:00:00,11678.720451927695
SEN,2025-02-11 15:00:00,11636.137917943808
SEN,2025-02-11 16:00:00,11452.286469533215
SEN,2025-02-11 17:00:00,11283.517276604598
SEN,2025-02-11 18:00:00,10998.607659346299
SEN,2025-02-11 19:00:00,10917.294887059703
SEN,2025-02-11 20:00:00,10831.870937607906
SEN,2025-02-11 21:00:00,10790.676307231199
SEN,2025-02-11 22:00:00,10509.966626819893
SEN,2025-02-11 23:00:00,10154.901612124997
SEN,2025-02-12 00:00:00,9631.0495800416
SEN,2025-02-12 01:00:00,9309.451840790702
SEN,2025-02-12 02:00:00,9028.311095703404
SEN,2025-02-12 03:00:00,8969.175757369609
SEN,2025-02-12 04:00:00,8972.831679774003
SEN,2025-02-12 05:00:00,9076.137399144498
SEN,2025-02-12 06:00:00,8956.529347020798
SEN,2025-02-12 07:00:00,9557.246056997397
SEN,2025-02-12 08:00:00,10034.411709217813
SEN,2025-02-12 09:00:00,10472.937857082674
SEN,2025-02-12 10:00:00,10879.287123314914
SEN,2025-02-12 11:00:00,11299.028505947874
SEN,2025-02-12 12:00:00,11445.544479520997
SEN,2025-02-12 13:00:00,11583.56775457705
SEN,2025-02-12 14:00:00,11653.054509699696
SEN,2025-02-12 15:00:00,11773.312325843404
SEN,2025-02-12 16:00:00,11562.304049066297
SEN,2025-02-12 17:00:00,11228.527567799994
SEN,2025-02-12 18:00:00,10888.522143284605
SEN,2025-02-12 19:00:00,10832.490850376194
SEN,2025-02-12 20:00:00,10471.94813597539
SEN,2025-02-12 21:00:00,10458.071347048199
SEN,2025-02-12 22:00:00,10183.611185854494
SEN,2025-02-12 23:00:00,9720.8572159876
SEN,2025-02-13 00:00:00,9345.095167501499
SEN,2025-02-13 01:00:00,9079.090453917503
SEN,2025-02-13 02:00:00,8925.536280118202
SEN,2025-02-13 03:00:00,8870.718411423
SEN,2025-02-13 04:00:00,8936.436440672302
SEN,2025-02-13 05:00:00,8904.648158418298
SEN,2025-02-13 06:00:00,8887.332856060499
SEN,2025-02-13 07:00:00,9534.604051124696
SEN,2025-02-13 08:00:00,9914.237659374585
SEN,2025-02-13 09:00:00,10265.171150165606
SEN,2025-02-13 10:00:00,10620.294409673488
SEN,2025-02-13 11:00:00,10922.232939905602
SEN,2025-02-13 12:00:00,11118.419654164687
SEN,2025-02-13 13:00:00,11393.208463011106
SEN,2025-02-13 14:00:00,11634.695263721207
SEN,2025-02-13 15:00:00,11581.786188263095
SEN,2025-02-13 16:00:00,11516.435355092493
SEN,2025-02-13 17:00:00,11177.588187845495
SEN,2025-02-13 18:00:00,10872.22846859649
SEN,2025-02-13 19:00:00,10791.386406532081
SEN,2025-02-13 20:00:00,10519.868794093132
SEN,2025-02-13 21:00:00,10531.935464128701
SEN,2025-02-13 22:00:00,10300.719068383576
SEN,2025-02-13 23:00:00,9983.143121868858
SEN,2025-02-14 00:00:00,9817.113201176464
SEN,2025-02-14 01:00:00,9538.768719825102
SEN,2025-02-14 02:00:00,9258.168433524384
SEN,2025-02-14 03:00:00,9002.016096020567
SEN,2025-02-14 04:00:00,9033.944817549747
SEN,2025-02-14 05:00:00,9043.920903793209
SEN,2025-02-14 06:00:00,8950.704526486106
SEN,2025-02-14 07:00:00,9663.942420855614
SEN,2025-02-14 08:00:00,10084.317640225148
SEN,2025-02-14 09:00:00,10534.831630742901
SEN,2025-02-14 10:00:00,10925.279338695962
SEN,2025-02-14 11:00:00,11254.661381175007
SEN,2025-02-14 12:00:00,11314.789669097403
SEN,2025-02-14 13:00:00,11589.253611522212
SEN,2025-02-14 14:00:00,11601.032504846502
SEN,2025-02-14 15:00:00,11579.087492548091
SEN,2025-02-14 16:00:00,11407.7643745813
SEN,2025-02-14 17:00:00,11206.659986635806
SEN,2025-02-14 18:00:00,10794.6357779095
SEN,2025-02-14 19:00:00,10654.10932261491
SEN,2025-02-14 20:00:00,10316.904257669403
SEN,2025-02-14 21:00:00,10336.027015477803
SEN,2025-02-14 22:00:00,10237.0954617287
SEN,2025-02-14 23:00:00,10046.038383050502
SEN,2025-02-15 00:00:00,9574.552762117002
SEN,2025-02-15 01:00:00,9380.7988163966
SEN,2025-02-15 02:00:00,9133.035146382603
SEN,2025-02-15 03:00:00,8949.5337936794
SEN,2025-02-15 04:00:00,8776.746763362602
SEN,2025-02-15 05:00:00,8677.2790076732
SEN,2025-02-15 06:00:00,8754.087650097297
SEN,2025-02-15 07:00:00,9060.670122942194
SEN,2025-02-15 08:00:00,9269.893628891828
SEN,2025-02-15 09:00:00,9682.49683527191
SEN,2025-02-15 10:00:00,10080.10945108635
SEN,2025-02-15 11:00:00,10348.413144150409
SEN,2025-02-15 12:00:00,10371.051925429803
SEN,2025-02-15 13:00:00,10548.68949322859
SEN,2025-02-15 14:00:00,10520.772011394203
SEN,2025-02-15 15:00:00,10264.397107746792
SEN,2025-02-15 16:00:00,10049.837150311796
SEN,2025-02-15 17:00:00,10006.113567156104
SEN,2025-02-15 18:00:00,9937.785134643807
SEN,2025-02-15 19:00:00,9832.040855904503
SEN,2025-02-15 20:00:00,9751.29632926861
SEN,2025-02-15 21:00:00,9804.8745820559
SEN,2025-02-15 22:00:00,9300.360876396706
SEN,2025-02-15 23:00:00,9025.206701147696
SEN,2025-02-16 00:00:00,8721.209723519301
SEN,2025-02-16 01:00:00,8524.150862350196
SEN,2025-02-16 02:00:00,8389.060754827793
SEN,2025-02-16 03:00:00,8234.079862863902
SEN,2025-02-16 04:00:00,8188.083387043302
SEN,2025-02-16 05:00:00,8289.622623279496
SEN,2025-02-16 06:00:00,8376.679488439906
SEN,2025-02-16 07:00:00,8337.939828219298
SEN,2025-02-16 08:00:00,8336.677914448888
SEN,2025-02-16 09:00:00,8818.635383230303
SEN,2025-02-16 10:00:00,9196.661464639803
SEN,2025-02-16 11:00:00,9376.626839702685
SEN,2025-02-16 12:00:00,9671.573913714303
SEN,2025-02-16 13:00:00,9707.473644632682
SEN,2025-02-16 14:00:00,9807.122581379395
SEN,2025-02-16 15:00:00,9609.687863068395
SEN,2025-02-16 16:00:00,9468.75958632519
SEN,2025-02-16 17:00:00,9471.457770796387
SEN,2025-02-16 18:00:00,9442.783960630906
SEN,2025-02-16 19:00:00,9536.747195914915
SEN,2025-02-16 20:00:00,9723.523089388902
SEN,2025-02-16 21:00:00,9886.2551696481
SEN,2025-02-16 22:00:00,9480.994887513698
SEN,2025-02-16 23:00:00,9065.843355774494
SEN,2025-02-17 00:00:00,8851.644551635498
SEN,2025-02-17 01:00:00,8662.4023732266
SEN,2025-02-17 02:00:00,8429.5763741499
SEN,2025-02-17 03:00:00,8321.730557746698
SEN,2025-02-17 04:00:00,8262.115294275098
SEN,2025-02-17 05:00:00,8327.888888858999
SEN,2025-02-17 06:00:00,8456.3491322867
SEN,2025-02-17 07:00:00,9146.077511993804
SEN,2025-02-17 08:00:00,9774.273934483497
SEN,2025-02-17 09:00:00,10368.832752021091
SEN,2025-02-17 10:00:00,10768.998952610607
SEN,2025-02-17 11:00:00,11085.624688795495
SEN,2025-02-17 12:00:00,11130.89091140059
SEN,2025-02-17 13:00:00,11252.9451175256
SEN,2025-02-17 14:00:00,11332.60421932749
SEN,2025-02-17 15:00:00,11179.463202720006
SEN,2025-02-17 16:00:00,11077.90326164569
SEN,2025-02-17 17:00:00,10936.92273527939
SEN,2025-02-17 18:00:00,10713.052544982802
SEN,2025-02-17 19:00:00,10535.715048931479
SEN,2025-02-17 20:00:00,10567.009159067886
SEN,2025-02-17 21:00:00,10662.614941131302
SEN,2025-02-17 22:00:00,10360.686729772895
SEN,2025-02-17 23:00:00,9851.541924924399
SEN,2025-02-18 00:00:00,9374.166768562893
SEN,2025-02-18 01:00:00,9010.847223865898
SEN,2025-02-18 02:00:00,8786.533593033197
SEN,2025-02-18 03:00:00,8744.055752225504
SEN,2025-02-18 04:00:00,8630.845865919599
SEN,2025-02-18 05:00:00,8707.948223481
SEN,2025-02-18 06:00:00,8841.2156289878
SEN,2025-02-18 07:00:00,9489.414062670401
SEN,2025-02-18 08:00:00,9853.900237882497
SEN,2025-02-18 09:00:00,10369.471850799913
SEN,2025-02-18 10:00:00,10737.676529146094
SEN,2025-02-18 11:00:00,11029.284572795692
SEN,2025-02-18 12:00:00,11258.239184495978
SEN,2025-02-18 13:00:00,11401.476832334096
SEN,2025-02-18 14:00:00,11401.440761048705
SEN,2025-02-18 15:00:00,11501.241211695711
SEN,2025-02-18 16:00:00,11221.89452686743
SEN,2025-02-18 17:00:00,10995.798380072927
SEN,2025-02-18 18:00:00,10743.888389030091
SEN,2025-02-18 19:00:00,10619.8980121046
SEN,2025-02-18 20:00:00,10311.293088370203
SEN,2025-02-18 21:00:00,10311.890103169993
SEN,2025-02-18 22:00:00,10039.943500411006
SEN,2025-02-18 23:00:00,9823.373775061997
SEN,2025-02-19 00:00:00,9661.7659683682
SEN,2025-02-19 01:00:00,9484.34862359439
SEN,2025-02-19 02:00:00,9304.784285540094
SEN,2025-02-19 03:00:00,9191.998052303208
SEN,2025-02-19 04:00:00,9036.055811422699
SEN,2025-02-19 05:00:00,8948.533302383305
SEN,2025-02-19 06:00:00,9042.110383796402
SEN,2025-02-19 07:00:00,9545.4855353242
SEN,2025-02-19 08:00:00,9988.092711230194
SEN,2025-02-19 09:00:00,10407.5098202031
SEN,2025-02-19 10:00:00,10751.828536083194
SEN,2025-02-19 11:00:00,11001.95568395669
SEN,2025-02-19 12:00:00,11051.757046868033
SEN,2025-02-19 13:00:00,11156.796782661568
SEN,2025-02-19 14:00:00,11279.441477496715
SEN,2025-02-19 15:00:00,11310.298895296004
SEN,2025-02-19 16:00:00,11206.8544359574
SEN,2025-02-19 17:00:00,10906.128373398526
SEN,2025-02-19 18:00:00,10461.9354596086
SEN,2025-02-19 19:00:00,10469.172237622013
SEN,2025-02-19 20:00:00,10168.141176118708
SEN,2025-02-19 21:00:00,10117.588131108141
SEN,2025-02-19 22:00:00,9977.07026658571
SEN,2025-02-19 23:00:00,9799.62305272176
SEN,2025-02-20 00:00:00,9673.912160656691
SEN,2025-02-20 01:00:00,9331.261995748695
SEN,2025-02-20 02:00:00,9187.968993301
SEN,2025-02-20 03:00:00,9043.796376440296
SEN,2025-02-20 04:00:00,9008.456695360002
SEN,2025-02-20 05:00:00,8956.427226248892
SEN,2025-02-20 06:00:00,9111.239222968397
SEN,2025-02-20 07:00:00,9743.984043048093
SEN,2025-02-20 08:00:00,10186.093290861421
SEN,2025-02-20 09:00:00,10762.0706200084
SEN,2025-02-20 10:00:00,11162.429785812506
SEN,2025-02-20 11:00:00,11356.525001686898
SEN,2025-02-20 12:00:00,11394.943350381109
SEN,2025-02-20 13:00:00,11491.586549537995
SEN,2025-02-20 14:00:00,11569.5173187511
SEN,2025-02-20 15:00:00,11602.040505228793
SEN,2025-02-20 16:00:00,11496.828773079114
SEN,2025-02-20 17:00:00,11433.487223026907
SEN,2025-02-20 18:00:00,10914.600752748032
SEN,2025-02-20 19:00:00,10748.414611535598
SEN,2025-02-20 20:00:00,10619.241018928105
SEN,2025-02-20 21:00:00,10484.461428836503
SEN,2025-02-20 22:00:00,10114.519806655799
SEN,2025-02-20 23:00:00,10076.344863970098
SEN,2025-02-21 00:00:00,9840.0932434726
SEN,2025-02-21 01:00:00,9446.2812170615
SEN,2025-02-21 02:00:00,9295.6961853858
SEN,2025-02-21 03:00:00,9217.898757525803
SEN,2025-02-21 04:00:00,9171.332134661892
SEN,2025-02-21 05:00:00,9090.003161548399
SEN,2025-02-21 06:00:00,9212.553847353804
SEN,2025-02-21 07:00:00,9870.434743032905
SEN,2025-02-21 08:00:00,10307.936744612594
SEN,2025-02-21 09:00:00,10915.222244005798
SEN,2025-02-21 10:00:00,11325.113472667486
SEN,2025-02-21 11:00:00,11461.3548062429
SEN,2025-02-21 12:00:00,11513.283353695502
SEN,2025-02-21 13:00:00,11766.075866285104
SEN,2025-02-21 14:00:00,11919.163854670509
SEN,2025-02-21 15:00:00,11897.962306561289
SEN,2025-02-21 16:00:00,11692.358871182512
SEN,2025-02-21 17:00:00,11491.723524313891
SEN,2025-02-21 18:00:00,11115.74268432179
SEN,2025-02-21 19:00:00,10913.931139328004
SEN,2025-02-21 20:00:00,10444.950226216402
SEN,2025-02-21 21:00:00,10336.134438111398
SEN,2025-02-21 22:00:00,10185.023031027906
SEN,2025-02-21 23:00:00,9954.924212916505
SEN,2025-02-22 00:00:00,9469.795584549602
SEN,2025-02-22 01:00:00,9433.725881832599
SEN,2025-02-22 02:00:00,9314.683760396803
SEN,2025-02-22 03:00:00,9000.023408273397
SEN,2025-02-22 04:00:00,8898.0283488731
SEN,2025-02-22 05:00:00,8933.318490644702
SEN,2025-02-22 06:00:00,9000.766633684205
SEN,2025-02-22 07:00:00,9092.490536731593
SEN,2025-02-22 08:00:00,9372.692588947288
SEN,2025-02-22 09:00:00,9984.112896074801
SEN,2025-02-22 10:00:00,10385.778111898906
SEN,2025-02-22 11:00:00,10546.439454905507
SEN,2025-02-22 12:00:00,10652.720658407807
SEN,2025-02-22 13:00:00,10834.394923753513
SEN,2025-02-22 14:00:00,10722.011284562896
SEN,2025-02-22 15:00:00,10697.297171233697
SEN,2025-02-22 16:00:00,10671.381462219997
SEN,2025-02-22 17:00:00,10543.337326316398
SEN,2025-02-22 18:00:00,10332.7491981163
SEN,2025-02-22 19:00:00,10180.387275841085
SEN,2025-02-22 20:00:00,9889.3482613398
SEN,2025-02-22 21:00:00,9757.755789315592
SEN,2025-02-22 22:00:00,9425.980047041008
SEN,2025-02-22 23:00:00,9170.309553010095
SEN,2025-02-23 00:00:00,9009.605040377202
SEN,2025-02-23 01:00:00,9010.036256777106
SEN,2025-02-23 02:00:00,8805.271779655703
SEN,2025-02-23 03:00:00,8640.314261927597
SEN,2025-02-23 04:00:00,8554.832698673701
SEN,2025-02-23 05:00:00,8484.656217829097
SEN,2025-02-23 06:00:00,8442.592086945697
SEN,2025-02-23 07:00:00,8419.761567050597
SEN,2025-02-23 08:00:00,8432.460131247995
SEN,2025-02-23 09:00:00,9106.668751003808
SEN,2025-02-23 10:00:00,9494.785394088301
SEN,2025-02-23 11:00:00,9705.983918333604
SEN,2025-02-23 12:00:00,9966.925261244394
SEN,2025-02-23 13:00:00,10244.943712269198
SEN,2025-02-23 14:00:00,10234.905999369415
SEN,2025-02-23 15:00:00,10037.945835082406
SEN,2025-02-23 16:00:00,10004.822297049692
SEN,2025-02-23 17:00:00,9962.68492972191
SEN,2025-02-23 18:00:00,9977.058607117515
SEN,2025-02-23 19:00:00,9947.982134715396
SEN,2025-02-23 20:00:00,9659.990565544304
SEN,2025-02-23 21:00:00,9737.260427707997
SEN,2025-02-23 22:00:00,9514.0087334759
SEN,2025-02-23 23:00:00,9371.893315384901
SEN,2025-02-24 00:00:00,9212.865984378805
SEN,2025-02-24 01:00:00,9062.438469848898
SEN,2025-02-24 02:00:00,8874.439741233396
SEN,2025-02-24 03:00:00,8711.459778750019
SEN,2025-02-24 04:00:00,8693.23568035475
SEN,2025-02-24 05:00:00,8722.6025998079
SEN,2025-02-24 06:00:00,8624.388141266005
SEN,2025-02-24 07:00:00,9167.746784210089
SEN,2025-02-24 08:00:00,9937.453811860105
SEN,2025-02-24 09:00:00,10786.21179600939
SEN,2025-02-24 10:00:00,11118.552280335307
SEN,2025-02-24 11:00:00,11506.55476480251
SEN,2025-02-24 12:00:00,11653.273744939901
SEN,2025-02-24 13:00:00,11814.955263851507
SEN,2025-02-24 14:00:00,11717.9430154797
SEN,2025-02-24 15:00:00,11904.441090065902
SEN,2025-02-24 16:00:00,11913.678195649487
SEN,2025-02-24 17:00:00,11722.607936622313
SEN,2025-02-24 18:00:00,11402.550318371603
SEN,2025-02-24 19:00:00,11110.960301376492
SEN,2025-02-24 20:00:00,10625.899261074492
SEN,2025-02-24 21:00:00,10669.091036770204
SEN,2025-02-24 22:00:00,10354.740794182499
SEN,2025-02-24 23:00:00,10335.494988104805
SEN,2025-02-25 00:00:00,10156.004889283206
SEN,2025-02-25 01:00:00,9797.533930320005
SEN,2025-02-25 02:00:00,9536.418829430399
SEN,2025-02-25 03:00:00,9406.854542539097
SEN,2025-02-25 04:00:00,9273.323333785504
SEN,2025-02-25 05:00:00,9261.997483464398
SEN,2025-02-25 06:00:00,9252.949379460004
SEN,2025-02-25 07:00:00,9682.778798414807
SEN,2025-02-25 08:00:00,10156.65308173057
SEN,2025-02-25 09:00:00,10664.373226459233
SEN,2025-02-25 10:00:00,10952.708388897914
SEN,2025-02-25 11:00:00,11225.720585556732
SEN,2025-02-25 12:00:00,11407.20566845744
SEN,2025-02-25 13:00:00,11587.17161810475
SEN,2025-02-25 14:00:00,11556.307290243038
SEN,2025-02-25 15:00:00,2474.004526708887
SEN,2025-02-25 16:00:00,68.0151922283
SEN,2025-02-25 17:00:00,123.77558312922899
SEN,2025-02-25 18:00:00,127.6490206672
SEN,2025-02-25 19:00:00,259.45413240600004
SEN,2025-02-25 20:00:00,831.0337943567129
SEN,2025-02-25 21:00:00,1746.350671629895
SEN,2025-02-25 22:00:00,2777.221876457999
SEN,2025-02-25 23:00:00,3956.4889416186693
SEN,2025-02-26 00:00:00,4630.687565087959
SEN,2025-02-26 01:00:00,4422.768772469188
SEN,2025-02-26 02:00:00,4302.177658310397
SEN,2025-02-26 03:00:00,4205.711511245442
SEN,2025-02-26 04:00:00,4224.5311258028005
SEN,2025-02-26 05:00:00,4389.056567023598
SEN,2025-02-26 06:00:00,4826.7173354004
SEN,2025-02-26 07:00:00,5526.109355319098
SEN,2025-02-26 08:00:00,6474.187379940399
SEN,2025-02-26 09:00:00,7285.258562551996
SEN,2025-02-26 10:00:00,8020.936568403799
SEN,2025-02-26 11:00:00,8307.233545684005
SEN,2025-02-26 12:00:00,8786.515383147569
SEN,2025-02-26 13:00:00,9224.756001978642
SEN,2025-02-26 14:00:00,9608.090570306718
SEN,2025-02-26 15:00:00,9881.576139366625
SEN,2025-02-26 16:00:00,9964.63794979486
SEN,2025-02-26 17:00:00,10021.474307848937
SEN,2025-02-26 18:00:00,9953.140906162964
SEN,2025-02-26 19:00:00,9818.068665210778
SEN,2025-02-26 20:00:00,9878.41193188732
SEN,2025-02-26 21:00:00,9979.1858479693
SEN,2025-02-26 22:00:00,9824.579481053399
SEN,2025-02-26 23:00:00,9517.854820464909
SEN,2025-02-27 00:00:00,9028.4386655055
SEN,2025-02-27 01:00:00,8639.566159252301
SEN,2025-02-27 02:00:00,8367.071796616692
SEN,2025-02-27 03:00:00,8250.330763882897
SEN,2025-02-27 04:00:00,8251.731184594852
SEN,2025-02-27 05:00:00,8307.231951628608
SEN,2025-02-27 06:00:00,8588.385945371816
SEN,2025-02-27 07:00:00,9038.905919035085
SEN,2025-02-27 08:00:00,9646.705354966436
SEN,2025-02-27 09:00:00,10223.840258027867
SEN,2025-02-27 10:00:00,10800.791504939538
SEN,2025-02-27 11:00:00,10872.26084738349
SEN,2025-02-27 12:00:00,11054.581326843676
SEN,2025-02-27 13:00:00,11217.055589587695
SEN,2025-02-27 14:00:00,11152.756075140383
SEN,2025-02-27 15:00:00,11306.924574673403
SEN,2025-02-27 16:00:00,11313.939357859019
SEN,2025-02-27 17:00:00,11072.482613439022
SEN,2025-02-27 18:00:00,10873.199487517499
SEN,2025-02-27 19:00:00,10611.68728986084
SEN,2025-02-27 20:00:00,10535.480828845542
SEN,2025-02-27 21:00:00,10411.53391883153
SEN,2025-02-27 22:00:00,10305.992984866398
SEN,2025-02-27 23:00:00,10030.8635796215
SEN,2025-02-28 00:00:00,9624.772160796569
SEN,2025-02-28 01:00:00,9299.294106191703
SEN,2025-02-28 02:00:00,9337.105241824434
SEN,2025-02-28 03:00:00,9120.805442654666
SEN,2025-02-28 04:00:00,9050.50448187651
SEN,2025-02-28 05:00:00,9124.906711269101
SEN,2025-02-28 06:00:00,9412.98509872395
SEN,2025-02-28 07:00:00,9816.112053712433
SEN,2025-02-28 08:00:00,10148.978932043578
SEN,2025-02-28 09:00:00,10752.036969879257
SEN,2025-02-28 10:00:00,10931.66559937979
SEN,2025-02-28 11:00:00,11032.187025546948
SEN,2025-02-28 12:00:00,11192.322486160427
SEN,2025-02-28 13:00:00,11445.428296007427
SEN,2025-02-28 14:00:00,11537.112323968404
SEN,2025-02-28 15:00:00,11485.033902272045
SEN,2025-02-28 16:00:00,11308.106999629053
SEN,2025-02-28 17:00:00,11000.523658494943
SEN,2025-02-28 18:00:00,10758.796884293784
SEN,2025-02-28 19:00:00,10612.814922516794
SEN,2025-02-28 20:00:00,10484.117364890979
SEN,2025-02-28 21:00:00,10203.259818200539
SEN,2025-02-28 22:00:00,9982.637356728077
SEN,2025-02-28 23:00:00,9766.331492915984
SEN,2025-03-01 00:00:00,9556.947524703515
SEN,2025-03-01 01:00:00,9302.38458165381
SEN,2025-03-01 02:00:00,9152.975692875738
SEN,2025-03-01 03:00:00,9076.888675524382
SEN,2025-03-01 04:00:00,9002.960924277086
SEN,2025-03-01 05:00:00,8999.434828452902
SEN,2025-03-01 06:00:00,9091.570413887615
SEN,2025-03-01 07:00:00,9197.713303986768
SEN,2025-03-01 08:00:00,9332.24864234465
SEN,2025-03-01 09:00:00,9870.760128524009
SEN,2025-03-01 10:00:00,10266.777880677413
SEN,2025-03-01 11:00:00,10307.804357952493
SEN,2025-03-01 12:00:00,10502.339340891698
SEN,2025-03-01 13:00:00,10515.227517374702
SEN,2025-03-01 14:00:00,10534.163326739386
SEN,2025-03-01 15:00:00,10605.399455379196
SEN,2025-03-01 16:00:00,10415.970506156495
SEN,2025-03-01 17:00:00,10225.969927188089
SEN,2025-03-01 18:00:00,10106.548345449204
SEN,2025-03-01 19:00:00,10014.457476521298
SEN,2025-03-01 20:00:00,10116.5194372383
SEN,2025-03-01 21:00:00,9816.868066367097
SEN,2025-03-01 22:00:00,9648.9259466494
SEN,2025-03-01 23:00:00,9305.590095971294
SEN,2025-03-02 00:00:00,9092.373378308892
SEN,2025-03-02 01:00:00,8800.684914839707
SEN,2025-03-02 02:00:00,8522.341585002694
SEN,2025-03-02 03:00:00,8332.088190536704
SEN,2025-03-02 04:00:00,8265.712112266207
SEN,2025-03-02 05:00:00,8207.023326103694
SEN,2025-03-02 06:00:00,8356.851721308203
SEN,2025-03-02 07:00:00,8428.470117533194
SEN,2025-03-02 08:00:00,8415.784439285295
SEN,2025-03-02 09:00:00,8889.942750635793
SEN,2025-03-02 10:00:00,9378.826634099893
SEN,2025-03-02 11:00:00,9503.1889215415
SEN,2025-03-02 12:00:00,9668.39479160315
SEN,2025-03-02 13:00:00,9877.282885227007
SEN,2025-03-02 14:00:00,9789.788298217303
SEN,2025-03-02 15:00:00,9680.246504185812
SEN,2025-03-02 16:00:00,9639.89348252971
SEN,2025-03-02 17:00:00,9534.92000345799
SEN,2025-03-02 18:00:00,9590.867290351704
SEN,2025-03-02 19:00:00,9706.921532056891
SEN,2025-03-02 20:00:00,10135.06149510801
SEN,2025-03-02 21:00:00,9906.592074702201
SEN,2025-03-02 22:00:00,9457.013854149696
SEN,2025-03-02 23:00:00,9262.097968640197
SEN,2025-03-03 00:00:00,8949.990685505312
SEN,2025-03-03 01:00:00,8657.709416464195
SEN,2025-03-03 02:00:00,8389.698666488284
SEN,2025-03-03 03:00:00,8324.252923481115
SEN,2025-03-03 04:00:00,8333.83562341252
SEN,2025-03-03 05:00:00,8210.066457444134
SEN,2025-03-03 06:00:00,8546.420391276404
SEN,2025-03-03 07:00:00,9426.772198201326
SEN,2025-03-03 08:00:00,9909.714946611877
SEN,2025-03-03 09:00:00,10466.453041536226
SEN,2025-03-03 10:00:00,10817.180625204895
SEN,2025-03-03 11:00:00,11041.191292607493
SEN,2025-03-03 12:00:00,11153.049527273404
SEN,2025-03-03 13:00:00,11378.750674571898
SEN,2025-03-03 14:00:00,11411.119896636388
SEN,2025-03-03 15:00:00,11343.384113638796
SEN,2025-03-03 16:00:00,11489.598505069402
SEN,2025-03-03 17:00:00,11279.115109392395
SEN,2025-03-03 18:00:00,11018.304780784489
SEN,2025-03-03 19:00:00,10832.355565435302
SEN,2025-03-03 20:00:00,11029.2928064278
SEN,2025-03-03 21:00:00,10751.552598905
SEN,2025-03-03 22:00:00,10352.327345806005
SEN,2025-03-03 23:00:00,10010.487455249797
SEN,2025-03-04 00:00:00,9497.687577781897
SEN,2025-03-04 01:00:00,9156.153730817598
SEN,2025-03-04 02:00:00,8958.454929703901
SEN,2025-03-04 03:00:00,8848.515625298802
SEN,2025-03-04 04:00:00,8949.171929528598
SEN,2025-03-04 05:00:00,9011.5617760036
SEN,2025-03-04 06:00:00,9209.246888218906
SEN,2025-03-04 07:00:00,9673.903766736896
SEN,2025-03-04 08:00:00,10224.6807846005
SEN,2025-03-04 09:00:00,10797.249621522202
SEN,2025-03-04 10:00:00,11103.952621848613
SEN,2025-03-04 11:00:00,11315.361573931876
SEN,2025-03-04 12:00:00,11430.0741616175
SEN,2025-03-04 13:00:00,11512.956264741995
SEN,2025-03-04 14:00:00,11556.43233382219
SEN,2025-03-04 15:00:00,11550.979464401194
SEN,2025-03-04 16:00:00,11536.019880125506
SEN,2025-03-04 17:00:00,11227.90220095266
SEN,2025-03-04 18:00:00,10955.972428003088
SEN,2025-03-04 19:00:00,10792.23844257803
SEN,2025-03-04 20:00:00,10631.781199796136
SEN,2025-03-04 21:00:00,10591.507840710452
SEN,2025-03-04 22:00:00,10338.911543164888
SEN,2025-03-04 23:00:00,9929.3642907357
SEN,2025-03-05 00:00:00,9558.717588240097
SEN,2025-03-05 01:00:00,9324.677354795103
SEN,2025-03-05 02:00:00,9136.731271323099
SEN,2025-03-05 03:00:00,9045.080524662202
SEN,2025-03-05 04:00:00,8958.587418263101
SEN,2025-03-05 05:00:00,8999.425666876601
SEN,2025-03-05 06:00:00,9187.549003668906
SEN,2025-03-05 07:00:00,9868.568467636702
SEN,2025-03-05 08:00:00,10161.27587534
SEN,2025-03-05 09:00:00,10675.607412818004
SEN,2025-03-05 10:00:00,10958.18714715051
SEN,2025-03-05 11:00:00,11168.717469461004
SEN,2025-03-05 12:00:00,11218.820191235709
SEN,2025-03-05 13:00:00,11344.038502522999
SEN,2025-03-05 14:00:00,11459.34420158749
SEN,2025-03-05 15:00:00,11458.932231872206
SEN,2025-03-05 16:00:00,11438.654784526221
SEN,2025-03-05 17:00:00,11088.83651919137
SEN,2025-03-05 18:00:00,10804.379234695918
SEN,2025-03-05 19:00:00,10646.505551142096
SEN,2025-03-05 20:00:00,10274.461947697968
SEN,2025-03-05 21:00:00,10115.372035478296
SEN,2025-03-05 22:00:00,9692.758097665079
SEN,2025-03-05 23:00:00,9515.355787586019
SEN,2025-03-06 00:00:00,9407.451855874311
SEN,2025-03-06 01:00:00,9110.000202827401
SEN,2025-03-06 02:00:00,9002.150096192592
SEN,2025-03-06 03:00:00,8855.9748943461
SEN,2025-03-06 04:00:00,8813.844174727157
SEN,2025-03-06 05:00:00,8969.912012398854
SEN,2025-03-06 06:00:00,9156.37387628412
SEN,2025-03-06 07:00:00,9852.947744639014
SEN,2025-03-06 08:00:00,10131.529061420093
SEN,2025-03-06 09:00:00,10601.81779767548
SEN,2025-03-06 10:00:00,10924.700419568106
SEN,2025-03-06 11:00:00,11108.09970601151
SEN,2025-03-06 12:00:00,11227.595208857896
SEN,2025-03-06 13:00:00,11312.140961503785
SEN,2025-03-06 14:00:00,11425.891461427902
SEN,2025-03-06 15:00:00,11402.2642988628
SEN,2025-03-06 16:00:00,11492.295354361604
SEN,2025-03-06 17:00:00,11095.526292853772
SEN,2025-03-06 18:00:00,10697.820066822895
SEN,2025-03-06 19:00:00,10691.48236743698
SEN,2025-03-06 20:00:00,10391.273731537296
SEN,2025-03-06 21:00:00,10168.953200116248
SEN,2025-03-06 22:00:00,9827.123215197475
SEN,2025-03-06 23:00:00,9506.51386407477
SEN,2025-03-07 00:00:00,9391.112658154545
SEN,2025-03-07 01:00:00,9176.320431143109
SEN,2025-03-07 02:00:00,9002.849804014078
SEN,2025-03-07 03:00:00,8840.547147590903
SEN,2025-03-07 04:00:00,8750.84532641037
SEN,2025-03-07 05:00:00,8791.375481116362
SEN,2025-03-07 06:00:00,9127.29504240561
SEN,2025-03-07 07:00:00,9787.886847880305
SEN,2025-03-07 08:00:00,10113.928559100656
SEN,2025-03-07 09:00:00,10500.177086254413
SEN,2025-03-07 10:00:00,10879.827863959315
SEN,2025-03-07 11:00:00,11093.994434697295
SEN,2025-03-07 12:00:00,11231.99142324509
SEN,2025-03-07 13:00:00,11269.873912715511
SEN,2025-03-07 14:00:00,11326.039356976411
SEN,2025-03-07 15:00:00,11106.368563657305
SEN,2025-03-07 16:00:00,11035.370461736802
SEN,2025-03-07 17:00:00,10850.098791279248
SEN,2025-03-07 18:00:00,10625.127717782521
SEN,2025-03-07 19:00:00,10504.951796727591
SEN,2025-03-07 20:00:00,10397.452273050856
SEN,2025-03-07 21:00:00,10277.41393429596
SEN,2025-03-07 22:00:00,9971.943109070668
SEN,2025-03-07 23:00:00,9663.668444393586
SEN,2025-03-08 00:00:00,9391.75594194652
SEN,2025-03-08 01:00:00,9156.069191985049
SEN,2025-03-08 02:00:00,8901.90146194773
SEN,2025-03-08 03:00:00,8725.680274285804
SEN,2025-03-08 04:00:00,8743.2035642103
SEN,2025-03-08 05:00:00,8617.863512498203
SEN,2025-03-08 06:00:00,8890.906656109402
SEN,2025-03-08 07:00:00,9153.547215558896
SEN,2025-03-08 08:00:00,9335.530687975604
SEN,2025-03-08 09:00:00,9825.030015792705
SEN,2025-03-08 10:00:00,10228.308520109018
SEN,2025-03-08 11:00:00,10530.8838441834
SEN,2025-03-08 12:00:00,10602.00925203261
SEN,2025-03-08 13:00:00,10657.266640139502
SEN,2025-03-08 14:00:00,10579.846805511988
SEN,2025-03-08 15:00:00,10345.774974712796
SEN,2025-03-08 16:00:00,10260.11810080439
SEN,2025-03-08 17:00:00,10068.865964706101
SEN,2025-03-08 18:00:00,9941.822614705003
SEN,2025-03-08 19:00:00,10088.808141360716
SEN,2025-03-08 20:00:00,10239.388998938908
SEN,2025-03-08 21:00:00,10056.065066724903
SEN,2025-03-08 22:00:00,9356.751355787002
SEN,2025-03-08 23:00:00,8895.062310767995
SEN,2025-03-09 00:00:00,8594.258096486405
SEN,2025-03-09 01:00:00,8344.6994946728
SEN,2025-03-09 02:00:00,8088.757194431697
SEN,2025-03-09 03:00:00,7954.306211878098
SEN,2025-03-09 04:00:00,7929.329977594901
SEN,2025-03-09 05:00:00,7975.527330130299
SEN,2025-03-09 06:00:00,8157.177804248896
SEN,2025-03-09 07:00:00,8266.391449420507
SEN,2025-03-09 08:00:00,8303.426410728998
SEN,2025-03-09 09:00:00,8955.752963547704
SEN,2025-03-09 10:00:00,9504.050320041699
SEN,2025-03-09 11:00:00,9726.184046716307
SEN,2025-03-09 12:00:00,9909.915939015593
SEN,2025-03-09 13:00:00,10003.857978760296
SEN,2025-03-09 14:00:00,9956.534796094502
SEN,2025-03-09 15:00:00,9883.316859719898
SEN,2025-03-09 16:00:00,9820.33243989671
SEN,2025-03-09 17:00:00,9771.244139308117
SEN,2025-03-09 18:00:00,9706.08205018729
SEN,2025-03-09 19:00:00,9820.020715434603
SEN,2025-03-09 20:00:00,9917.599451111204
SEN,2025-03-09 21:00:00,9643.200069652801
SEN,2025-03-09 22:00:00,9436.013319468508
SEN,2025-03-09 23:00:00,9163.715573926998
SEN,2025-03-10 00:00:00,8967.351949054704
SEN,2025-03-10 01:00:00,8796.789910495405
SEN,2025-03-10 02:00:00,8625.068157128208
SEN,2025-03-10 03:00:00,8563.7146887053
SEN,2025-03-10 04:00:00,8561.014796933605
SEN,2025-03-10 05:00:00,8519.272562667204
SEN,2025-03-10 06:00:00,8596.189582142599
SEN,2025-03-10 07:00:00,9527.694003399702
SEN,2025-03-10 08:00:00,10102.894541811202
SEN,2025-03-10 09:00:00,10631.190947124589
SEN,2025-03-10 10:00:00,10954.265198761193
SEN,2025-03-10 11:00:00,11162.885212184103
SEN,2025-03-10 12:00:00,11265.3619195002
SEN,2025-03-10 13:00:00,11443.654682131002
SEN,2025-03-10 14:00:00,11459.84879597118
SEN,2025-03-10 15:00:00,11346.128974941203
SEN,2025-03-10 16:00:00,11281.900056312508
SEN,2025-03-10 17:00:00,11248.773772371
SEN,2025-03-10 18:00:00,10898.128212468127
SEN,2025-03-10 19:00:00,10701.504736375908
SEN,2025-03-10 20:00:00,10503.741933246609
SEN,2025-03-10 21:00:00,10399.493054824996
SEN,2025-03-10 22:00:00,10068.264893660096
SEN,2025-03-10 23:00:00,9966.964071448598
SEN,2025-03-11 00:00:00,9602.069462898304
SEN,2025-03-11 01:00:00,9236.675934878403
SEN,2025-03-11 02:00:00,8870.052565039801
SEN,2025-03-11 03:00:00,8784.378532239993
SEN,2025-03-11 04:00:00,8869.118002029603
SEN,2025-03-11 05:00:00,8922.400129468693
SEN,2025-03-11 06:00:00,9198.4395952437
SEN,2025-03-11 07:00:00,9923.011053087801
SEN,2025-03-11 08:00:00,10256.557854676003
SEN,2025-03-11 09:00:00,10746.786371945313
SEN,2025-03-11 10:00:00,11042.140321172721
SEN,2025-03-11 11:00:00,11291.508418133191
SEN,2025-03-11 12:00:00,11294.413995921099
SEN,2025-03-11 13:00:00,11390.449532584344
SEN,2025-03-11 14:00:00,11462.320941469112
SEN,2025-03-11 15:00:00,11416.778023223891
SEN,2025-03-11 16:00:00,11288.709817074197
SEN,2025-03-11 17:00:00,11255.450677626182
SEN,2025-03-11 18:00:00,10996.250662442993
SEN,2025-03-11 19:00:00,10924.306096789516
SEN,2025-03-11 20:00:00,10949.323099376692
SEN,2025-03-11 21:00:00,10585.502829900286
SEN,2025-03-11 22:00:00,10217.430869458996
SEN,2025-03-11 23:00:00,9879.157676700699
SEN,2025-03-12 00:00:00,9584.476364126496
SEN,2025-03-12 01:00:00,9354.558790875999
SEN,2025-03-12 02:00:00,9163.010675252606
SEN,2025-03-12 03:00:00,9035.9425875216
SEN,2025-03-12 04:00:00,8979.2144319798
SEN,2025-03-12 05:00:00,9071.779914083694
SEN,2025-03-12 06:00:00,9203.4685186901
SEN,2025-03-12 07:00:00,9702.9004545402
SEN,2025-03-12 08:00:00,10122.212597968803
SEN,2025-03-12 09:00:00,10617.029507302803
SEN,2025-03-12 10:00:00,10961.040665604194
SEN,2025-03-12 11:00:00,11210.073411344096
SEN,2025-03-12 12:00:00,11407.26917115512
SEN,2025-03-12 13:00:00,11571.775999207402
SEN,2025-03-12 14:00:00,11646.80010918359
SEN,2025-03-12 15:00:00,11601.535403295897
SEN,2025-03-12 16:00:00,11639.22902877201
SEN,2025-03-12 17:00:00,11457.166035675002
SEN,2025-03-12 18:00:00,11222.250888666502
SEN,2025-03-12 19:00:00,11005.30984670611
SEN,2025-03-12 20:00:00,10881.6725723558
SEN,2025-03-12 21:00:00,10765.648448137692
SEN,2025-03-12 22:00:00,10240.186582514409
SEN,2025-03-12 23:00:00,9733.83532980391
SEN,2025-03-13 00:00:00,9545.262767599808
SEN,2025-03-13 01:00:00,9304.7864647866
SEN,2025-03-13 02:00:00,9117.183760511707
SEN,2025-03-13 03:00:00,9037.587105104401
SEN,2025-03-13 04:00:00,8963.188496895096
SEN,2025-03-13 05:00:00,9031.937759194994
SEN,2025-03-13 06:00:00,9168.359559376604
SEN,2025-03-13 07:00:00,9854.311843660702
SEN,2025-03-13 08:00:00,10262.579239518105
SEN,2025-03-13 09:00:00,10871.021782652095
SEN,2025-03-13 10:00:00,11135.886751279504
SEN,2025-03-13 11:00:00,11284.590418325739
SEN,2025-03-13 12:00:00,11416.232924931048
SEN,2025-03-13 13:00:00,11425.156465421009
SEN,2025-03-13 14:00:00,11530.493125434998
SEN,2025-03-13 15:00:00,11544.090974572498
SEN,2025-03-13 16:00:00,11579.448264729916
SEN,2025-03-13 17:00:00,11498.289200556093
SEN,2025-03-13 18:00:00,11259.510629413702
SEN,2025-03-13 19:00:00,10986.785400605599
SEN,2025-03-13 20:00:00,10926.61570783049
SEN,2025-03-13 21:00:00,10771.9815169956
SEN,2025-03-13 22:00:00,10431.925737394793
SEN,2025-03-13 23:00:00,10007.261013391295
SEN,2025-03-14 00:00:00,9619.742662571793
SEN,2025-03-14 01:00:00,9195.799500588202
SEN,2025-03-14 02:00:00,8901.597271773793
SEN,2025-03-14 03:00:00,8751.362693582802
SEN,2025-03-14 04:00:00,8715.3526498195
SEN,2025-03-14 05:00:00,8800.921216140601
SEN,2025-03-14 06:00:00,9339.908024452297
SEN,2025-03-14 07:00:00,10056.518797164108
SEN,2025-03-14 08:00:00,10370.117988309614
SEN,2025-03-14 09:00:00,10774.842734919608
SEN,2025-03-14 10:00:00,11083.987031246681
SEN,2025-03-14 11:00:00,11116.031663656997
SEN,2025-03-14 12:00:00,11184.159661819293
SEN,2025-03-14 13:00:00,11196.403898536884
SEN,2025-03-14 14:00:00,11211.791538499006
SEN,2025-03-14 15:00:00,11135.598925853501
SEN,2025-03-14 16:00:00,10914.21468116222
SEN,2025-03-14 17:00:00,10679.994743758698
SEN,2025-03-14 18:00:00,10505.789314763604
SEN,2025-03-14 19:00:00,10109.65092520809
SEN,2025-03-14 20:00:00,10208.1340309521
SEN,2025-03-14 21:00:00,10031.973653309306
SEN,2025-03-14 22:00:00,10062.941614204901
SEN,2025-03-14 23:00:00,9800.632647661512
SEN,2025-03-15 00:00:00,9346.444614063566
SEN,2025-03-15 01:00:00,9017.464932287703
SEN,2025-03-15 02:00:00,8891.393932847204
SEN,2025-03-15 03:00:00,8704.125239469597
SEN,2025-03-15 04:00:00,8595.237140943205
SEN,2025-03-15 05:00:00,8517.472171143048
SEN,2025-03-15 06:00:00,8769.727614605054
SEN,2025-03-15 07:00:00,8965.776877336455
SEN,2025-03-15 08:00:00,9246.494503157426
SEN,2025-03-15 09:00:00,9833.533308143777
SEN,2025-03-15 10:00:00,10395.4954781435
SEN,2025-03-15 11:00:00,10516.892469271546
SEN,2025-03-15 12:00:00,10471.638967263312
SEN,2025-03-15 13:00:00,10542.149886770412
SEN,2025-03-15 14:00:00,10515.824723634418
SEN,2025-03-15 15:00:00,10331.837326829718
SEN,2025-03-15 16:00:00,10036.624428527912
SEN,2025-03-15 17:00:00,9639.8344236706
SEN,2025-03-15 18:00:00,9429.7702273864
SEN,2025-03-15 19:00:00,9420.24004331091
SEN,2025-03-15 20:00:00,9367.508853842452
SEN,2025-03-15 21:00:00,9371.647239925087
SEN,2025-03-15 22:00:00,9131.6805961426
SEN,2025-03-15 23:00:00,8956.180761702964
SEN,2025-03-16 00:00:00,8625.630493099385
SEN,2025-03-16 01:00:00,8358.998225806194
SEN,2025-03-16 02:00:00,8135.278048390322
SEN,2025-03-16 03:00:00,7960.323227350102
SEN,2025-03-16 04:00:00,7832.697294728048
SEN,2025-03-16 05:00:00,7751.936910910213
SEN,2025-03-16 06:00:00,7833.2578036524965
SEN,2025-03-16 07:00:00,8026.7038633788925
SEN,2025-03-16 08:00:00,8117.205114633544
SEN,2025-03-16 09:00:00,8791.521941490928
SEN,2025-03-16 10:00:00,9214.515792039967
SEN,2025-03-16 11:00:00,9332.183845816275
SEN,2025-03-16 12:00:00,9478.634230448586
SEN,2025-03-16 13:00:00,9592.40394628261
SEN,2025-03-16 14:00:00,9561.553668342498
SEN,2025-03-16 15:00:00,9517.006650465404
SEN,2025-03-16 16:00:00,9315.408154084696
SEN,2025-03-16 17:00:00,9177.428975188304
SEN,2025-03-16 18:00:00,9105.428102840102
SEN,2025-03-16 19:00:00,9292.492097330301
SEN,2025-03-16 20:00:00,9454.397249998498
SEN,2025-03-16 21:00:00,9230.960477344108
SEN,2025-03-16 22:00:00,8992.947015284606
SEN,2025-03-16 23:00:00,8608.081560260205
SEN,2025-03-17 00:00:00,8574.650081977095
SEN,2025-03-17 01:00:00,8281.465728779505
SEN,2025-03-17 02:00:00,8166.050675500799
SEN,2025-03-17 03:00:00,8137.765965509807
SEN,2025-03-17 04:00:00,8047.146387133203
SEN,2025-03-17 05:00:00,8081.481114735501
SEN,2025-03-17 06:00:00,8476.5153458299
SEN,2025-03-17 07:00:00,9365.913158473806
SEN,2025-03-17 08:00:00,9827.049594691602
SEN,2025-03-17 09:00:00,10388.231366323602
SEN,2025-03-17 10:00:00,10747.482116906294
SEN,2025-03-17 11:00:00,10980.454461510435
SEN,2025-03-17 12:00:00,11031.398283893219
SEN,2025-03-17 13:00:00,11161.4856542782
SEN,2025-03-17 14:00:00,11223.031998979448
SEN,2025-03-17 15:00:00,11279.066953825806
SEN,2025-03-17 16:00:00,11202.866128425756
SEN,2025-03-17 17:00:00,10925.196534406572
SEN,2025-03-17 18:00:00,10666.91487433233
SEN,2025-03-17 19:00:00,10628.350626331196
SEN,2025-03-17 20:00:00,10955.323777738102
SEN,2025-03-17 21:00:00,10416.976401080807
SEN,2025-03-17 22:00:00,9716.5895329553
SEN,2025-03-17 23:00:00,9392.189912616095
SEN,2025-03-18 00:00:00,9242.269149187097
SEN,2025-03-18 01:00:00,9034.095992608798
SEN,2025-03-18 02:00:00,8924.92945321231
SEN,2025-03-18 03:00:00,8856.1196840703
SEN,2025-03-18 04:00:00,8783.433313173993
SEN,2025-03-18 05:00:00,8828.507675796904
SEN,2025-03-18 06:00:00,9022.485207791195
SEN,2025-03-18 07:00:00,9605.892399971486
SEN,2025-03-18 08:00:00,10149.753979237994
SEN,2025-03-18 09:00:00,10606.218166385606
SEN,2025-03-18 10:00:00,10802.354464954202
SEN,2025-03-18 11:00:00,10909.773888235997
SEN,2025-03-18 12:00:00,11046.571048591508
SEN,2025-03-18 13:00:00,11051.232717573097
SEN,2025-03-18 14:00:00,11140.516486119193
SEN,2025-03-18 15:00:00,11228.581096054064
SEN,2025-03-18 16:00:00,11100.87117218311
SEN,2025-03-18 17:00:00,10922.07195689701
SEN,2025-03-18 18:00:00,10593.6666251722
SEN,2025-03-18 19:00:00,10383.152443018704
SEN,2025-03-18 20:00:00,10148.621911250902
SEN,2025-03-18 21:00:00,9946.381778016497
SEN,2025-03-18 22:00:00,9769.658277046497
SEN,2025-03-18 23:00:00,9557.2729975727
SEN,2025-03-19 00:00:00,9193.5549844051
SEN,2025-03-19 01:00:00,8954.128695181102
SEN,2025-03-19 02:00:00,8736.061354973303
SEN,2025-03-19 03:00:00,8668.295110908
SEN,2025-03-19 04:00:00,8632.699637199401
SEN,2025-03-19 05:00:00,8677.5964592973
SEN,2025-03-19 06:00:00,8939.7695741972
SEN,2025-03-19 07:00:00,9466.248763036105
SEN,2025-03-19 08:00:00,9989.32713826591
SEN,2025-03-19 09:00:00,10491.717955436006
SEN,2025-03-19 10:00:00,10858.54342369412
SEN,2025-03-19 11:00:00,10856.832452778688
SEN,2025-03-19 12:00:00,10888.563493504796
SEN,2025-03-19 13:00:00,10944.96751090286
SEN,2025-03-19 14:00:00,11025.34656636073
SEN,2025-03-19 15:00:00,10916.50408619596
SEN,2025-03-19 16:00:00,10788.136835383704
SEN,2025-03-19 17:00:00,10398.382540714201
SEN,2025-03-19 18:00:00,10108.11277445997
SEN,2025-03-19 19:00:00,9910.708045169275
SEN,2025-03-19 20:00:00,10049.061746333802
SEN,2025-03-19 21:00:00,9885.605986454722
SEN,2025-03-19 22:00:00,9443.336311148472
SEN,2025-03-19 23:00:00,9325.404660503154
SEN,2025-03-20 00:00:00,9043.542690852486
SEN,2025-03-20 01:00:00,8841.984761311598
SEN,2025-03-20 02:00:00,8623.686232637676
SEN,2025-03-20 03:00:00,8602.307296354198
SEN,2025-03-20 04:00:00,8535.341049780302
SEN,2025-03-20 05:00:00,8667.597467658401
SEN,2025-03-20 06:00:00,8944.227645067005
SEN,2025-03-20 07:00:00,9502.222425058399
SEN,2025-03-20 08:00:00,9998.190744945803
SEN,2025-03-20 09:00:00,10615.621322561195
SEN,2025-03-20 10:00:00,10895.692116800607
SEN,2025-03-20 11:00:00,10891.352721991201
SEN,2025-03-20 12:00:00,10906.654211177156
SEN,2025-03-20 13:00:00,10967.000365077727
SEN,2025-03-20 14:00:00,11140.265730513907
SEN,2025-03-20 15:00:00,11136.320759398206
SEN,2025-03-20 16:00:00,10942.254099088621
SEN,2025-03-20 17:00:00,10683.783038904028
SEN,2025-03-20 18:00:00,10446.59898649111
SEN,2025-03-20 19:00:00,10340.863846166192
SEN,2025-03-20 20:00:00,10202.672752619166
SEN,2025-03-20 21:00:00,9984.173359940372
SEN,2025-03-20 22:00:00,9618.867301972623
SEN,2025-03-20 23:00:00,9302.218313127476
SEN,2025-03-21 00:00:00,9149.015413460213
SEN,2025-03-21 01:00:00,8980.734373493104
SEN,2025-03-21 02:00:00,8847.461798289942
SEN,2025-03-21 03:00:00,8834.885519056172
SEN,2025-03-21 04:00:00,8786.664890839947
SEN,2025-03-21 05:00:00,8911.869124659685
SEN,2025-03-21 06:00:00,9174.318806233836
SEN,2025-03-21 07:00:00,9760.302587837914
SEN,2025-03-21 08:00:00,10254.03178317458
SEN,2025-03-21 09:00:00,10752.0592417087
SEN,2025-03-21 10:00:00,10895.456813749197
SEN,2025-03-21 11:00:00,11061.388452679244
SEN,2025-03-21 12:00:00,11122.75084845241
SEN,2025-03-21 13:00:00,11483.848069911692
SEN,2025-03-21 14:00:00,11762.040174772088
SEN,2025-03-21 15:00:00,11533.496512012987
SEN,2025-03-21 16:00:00,11193.111953214097
SEN,2025-03-21 17:00:00,10873.281723125096
SEN,2025-03-21 18:00:00,10591.269252445507
SEN,2025-03-21 19:00:00,10441.792535210407
SEN,2025-03-21 20:00:00,10568.911417914758
SEN,2025-03-21 21:00:00,10248.447922294636
SEN,2025-03-21 22:00:00,9893.643619668397
SEN,2025-03-21 23:00:00,9470.400049489393
SEN,2025-03-22 00:00:00,9157.149211998807
SEN,2025-03-22 01:00:00,8881.675543906702
SEN,2025-03-22 02:00:00,8635.484820718699
SEN,2025-03-22 03:00:00,8742.07836449729
SEN,2025-03-22 04:00:00,8794.128361062894
SEN,2025-03-22 05:00:00,8771.061082816199
SEN,2025-03-22 06:00:00,8891.1567538548
SEN,2025-03-22 07:00:00,9030.248053163888
SEN,2025-03-22 08:00:00,9280.758576585124
SEN,2025-03-22 09:00:00,9924.92944652191
SEN,2025-03-22 10:00:00,10381.63149994729
SEN,2025-03-22 11:00:00,10541.05016618871
SEN,2025-03-22 12:00:00,10580.57728241641
SEN,2025-03-22 13:00:00,10572.710435667586
SEN,2025-03-22 14:00:00,10544.008973570995
SEN,2025-03-22 15:00:00,10332.043154483512
SEN,2025-03-22 16:00:00,10059.709095044016
SEN,2025-03-22 17:00:00,9854.959224968889
SEN,2025-03-22 18:00:00,9720.922628769482
SEN,2025-03-22 19:00:00,9600.512091313503
SEN,2025-03-22 20:00:00,9625.773138714809
SEN,2025-03-22 21:00:00,9311.304915074998
SEN,2025-03-22 22:00:00,8921.54145979559
SEN,2025-03-22 23:00:00,8609.338840664597
SEN,2025-03-23 00:00:00,8491.485734627
SEN,2025-03-23 01:00:00,8418.734740231399
SEN,2025-03-23 02:00:00,8439.760821793703
SEN,2025-03-23 03:00:00,8264.012792500394
SEN,2025-03-23 04:00:00,8307.749864172301
SEN,2025-03-23 05:00:00,8239.271418905802
SEN,2025-03-23 06:00:00,8236.973583835399
SEN,2025-03-23 07:00:00,8227.944391796707
SEN,2025-03-23 08:00:00,8143.8832831193
SEN,2025-03-23 09:00:00,8682.2240539163
SEN,2025-03-23 10:00:00,9352.353194728905
SEN,2025-03-23 11:00:00,9630.3528883639
SEN,2025-03-23 12:00:00,9652.422491081803
SEN,2025-03-23 13:00:00,9773.811487301504
SEN,2025-03-23 14:00:00,9781.0320593202
SEN,2025-03-23 15:00:00,9592.169807193693
SEN,2025-03-23 16:00:00,9429.784255896211
SEN,2025-03-23 17:00:00,9482.814459803203
SEN,2025-03-23 18:00:00,9447.822749755209
SEN,2025-03-23 19:00:00,9586.800131976006
SEN,2025-03-23 20:00:00,9437.468805918306
SEN,2025-03-23 21:00:00,9379.150291691998
SEN,2025-03-23 22:00:00,9120.199437394602
SEN,2025-03-23 23:00:00,8799.419277958998
SEN,2025-03-24 00:00:00,8806.854898214096
SEN,2025-03-24 01:00:00,8594.8318884995
SEN,2025-03-24 02:00:00,8416.755493878309
SEN,2025-03-24 03:00:00,8243.024926184398
SEN,2025-03-24 04:00:00,8267.416582517799
SEN,2025-03-24 05:00:00,8350.8654237598
SEN,2025-03-24 06:00:00,8676.137179643249
SEN,2025-03-24 07:00:00,9401.380418844974
SEN,2025-03-24 08:00:00,10016.39831875169
SEN,2025-03-24 09:00:00,10697.245687259587
SEN,2025-03-24 10:00:00,10922.365279301997
SEN,2025-03-24 11:00:00,10841.302274292246
SEN,2025-03-24 12:00:00,10926.588269233582
SEN,2025-03-24 13:00:00,10999.25617094238
SEN,2025-03-24 14:00:00,10991.49553416819
SEN,2025-03-24 15:00:00,10943.289725472105
SEN,2025-03-24 16:00:00,10973.55696738481
SEN,2025-03-24 17:00:00,10917.093645403596
SEN,2025-03-24 18:00:00,10548.902164660303
SEN,2025-03-24 19:00:00,10258.813373142302
SEN,2025-03-24 20:00:00,10035.615692513205
SEN,2025-03-24 21:00:00,9850.298080580198
SEN,2025-03-24 22:00:00,9716.184755382706
SEN,2025-03-24 23:00:00,9487.154076891498
SEN,2025-03-25 00:00:00,9201.235731343202
SEN,2025-03-25 01:00:00,8995.107667662398
SEN,2025-03-25 02:00:00,8825.4092428027
SEN,2025-03-25 03:00:00,8803.252001203
SEN,2025-03-25 04:00:00,8752.4196824276
SEN,2025-03-25 05:00:00,8871.827011616202
SEN,2025-03-25 06:00:00,9282.323633563807
SEN,2025-03-25 07:00:00,9732.675350598203
SEN,2025-03-25 08:00:00,10252.267431809407
SEN,2025-03-25 09:00:00,10839.101469691212
SEN,2025-03-25 10:00:00,10962.457458565712
SEN,2025-03-25 11:00:00,10928.780487920414
SEN,2025-03-25 12:00:00,10937.728483608103
SEN,2025-03-25 13:00:00,11071.31464110961
SEN,2025-03-25 14:00:00,11140.73340153371
SEN,2025-03-25 15:00:00,11081.826072045307
SEN,2025-03-25 16:00:00,11175.401254590513
SEN,2025-03-25 17:00:00,10790.864117264306
SEN,2025-03-25 18:00:00,10371.668829000904
SEN,2025-03-25 19:00:00,9894.078478252106
SEN,2025-03-25 20:00:00,10081.608738699399
SEN,2025-03-25 21:00:00,9870.345989335498
SEN,2025-03-25 22:00:00,9708.217500391102
SEN,2025-03-25 23:00:00,9424.52922561433
SEN,2025-03-26 00:00:00,9187.769122080497
SEN,2025-03-26 01:00:00,8925.870248547699
SEN,2025-03-26 02:00:00,8740.523986278304
SEN,2025-03-26 03:00:00,8654.142708851099
SEN,2025-03-26 04:00:00,8736.050817394995
SEN,2025-03-26 05:00:00,8849.938842392703
SEN,2025-03-26 06:00:00,9336.4684772959
SEN,2025-03-26 07:00:00,9752.794716749497
SEN,2025-03-26 08:00:00,10071.970021833902
SEN,2025-03-26 09:00:00,10626.630081738182
SEN,2025-03-26 10:00:00,10853.820201763205
SEN,2025-03-26 11:00:00,10959.468272778704
SEN,2025-03-26 12:00:00,10993.009794846492
SEN,2025-03-26 13:00:00,11105.50589467411
SEN,2025-03-26 14:00:00,11159.4543194068
SEN,2025-03-26 15:00:00,11054.047693101691
SEN,2025-03-26 16:00:00,10861.448525449112
SEN,2025-03-26 17:00:00,10543.163967108714
SEN,2025-03-26 18:00:00,10248.419670224192
SEN,2025-03-26 19:00:00,9916.575896969392
SEN,2025-03-26 20:00:00,9665.993193816299
SEN,2025-03-26 21:00:00,9415.048047498305
SEN,2025-03-26 22:00:00,9310.6899760147
SEN,2025-03-26 23:00:00,9079.2067671805
SEN,2025-03-27 00:00:00,8960.623750053901
SEN,2025-03-27 01:00:00,8769.805550530102
SEN,2025-03-27 02:00:00,8582.101381356195
SEN,2025-03-27 03:00:00,8483.237592593905
SEN,2025-03-27 04:00:00,8472.4482572058
SEN,2025-03-27 05:00:00,8680.858560119796
SEN,2025-03-27 06:00:00,9093.418708462104
SEN,2025-03-27 07:00:00,9669.429892205904
SEN,2025-03-27 08:00:00,10148.475470277906
SEN,2025-03-27 09:00:00,10588.277174495597
SEN,2025-03-27 10:00:00,10793.9815726111
SEN,2025-03-27 11:00:00,10829.760339700497
SEN,2025-03-27 12:00:00,10907.455118285903
SEN,2025-03-27 13:00:00,10934.140380450794
SEN,2025-03-27 14:00:00,10899.735972487204
SEN,2025-03-27 15:00:00,10796.909121961404
SEN,2025-03-27 16:00:00,10651.760206066696
SEN,2025-03-27 17:00:00,10511.209191521404
SEN,2025-03-27 18:00:00,10299.351967104107
SEN,2025-03-27 19:00:00,10262.218925631787
SEN,2025-03-27 20:00:00,10139.128005840405
SEN,2025-03-27 21:00:00,9835.586011719699
SEN,2025-03-27 22:00:00,9659.5102965181
SEN,2025-03-27 23:00:00,9263.140051552104
SEN,2025-03-28 00:00:00,9016.695167051601
SEN,2025-03-28 01:00:00,8661.438234083398
SEN,2025-03-28 02:00:00,8620.03765977291
SEN,2025-03-28 03:00:00,8416.8497558208
SEN,2025-03-28 04:00:00,8233.472980445998
SEN,2025-03-28 05:00:00,8335.0511217337
SEN,2025-03-28 06:00:00,8932.407147076203
SEN,2025-03-28 07:00:00,9687.959675831102
SEN,2025-03-28 08:00:00,10012.904198270391
SEN,2025-03-28 09:00:00,10510.931240173084
SEN,2025-03-28 10:00:00,10806.384695581402
SEN,2025-03-28 11:00:00,10907.053207883411
SEN,2025-03-28 12:00:00,10989.056290206587
SEN,2025-03-28 13:00:00,10895.749760714098
SEN,2025-03-28 14:00:00,10849.103012364692
SEN,2025-03-28 15:00:00,10810.808270518002
SEN,2025-03-28 16:00:00,10569.750346374198
SEN,2025-03-28 17:00:00,10326.797978788987
SEN,2025-03-28 18:00:00,10081.485522955702
SEN,2025-03-28 19:00:00,10031.012375276401
SEN,2025-03-28 20:00:00,9821.9385067236
SEN,2025-03-28 21:00:00,9631.7669402727
SEN,2025-03-28 22:00:00,9484.095936316398
SEN,2025-03-28 23:00:00,9214.136804923603
SEN,2025-03-29 00:00:00,8994.156733324608
SEN,2025-03-29 01:00:00,8685.9744094355
SEN,2025-03-29 02:00:00,8693.864293308201
SEN,2025-03-29 03:00:00,8704.678420618102
SEN,2025-03-29 04:00:00,8627.040157523
SEN,2025-03-29 05:00:00,8638.012286148496
SEN,2025-03-29 06:00:00,8647.032213334205
SEN,2025-03-29 07:00:00,8830.464394403798
SEN,2025-03-29 08:00:00,9073.245589726112
SEN,2025-03-29 09:00:00,9719.896493269913
SEN,2025-03-29 10:00:00,10186.970869920018
SEN,2025-03-29 11:00:00,10400.736682135304
SEN,2025-03-29 12:00:00,10393.575910815394
SEN,2025-03-29 13:00:00,10307.548206611906
SEN,2025-03-29 14:00:00,10142.844550902395
SEN,2025-03-29 15:00:00,10060.306290860803
SEN,2025-03-29 16:00:00,9903.935330493201
SEN,2025-03-29 17:00:00,9725.30997329911
SEN,2025-03-29 18:00:00,9558.26395763871
SEN,2025-03-29 19:00:00,9642.241645832897
SEN,2025-03-29 20:00:00,9506.648803366303
SEN,2025-03-29 21:00:00,9151.541010216395
SEN,2025-03-29 22:00:00,9011.7351889914
SEN,2025-03-29 23:00:00,8724.635934597196
SEN,2025-03-30 00:00:00,8374.819952579202
SEN,2025-03-30 01:00:00,8159.439570511
SEN,2025-03-30 02:00:00,7964.638177467701
SEN,2025-03-30 03:00:00,7915.1653278522
SEN,2025-03-30 04:00:00,8018.436111719998
SEN,2025-03-30 05:00:00,8100.432277645001
SEN,2025-03-30 06:00:00,8113.184380002799
SEN,2025-03-30 07:00:00,8200.804127363
SEN,2025-03-30 08:00:00,8331.37672385021
SEN,2025-03-30 09:00:00,8862.275631854625
SEN,2025-03-30 10:00:00,9292.539386390308
SEN,2025-03-30 11:00:00,9441.281846442598
SEN,2025-03-30 12:00:00,9708.904514302707
SEN,2025-03-30 13:00:00,9862.384163576698
SEN,2025-03-30 14:00:00,9844.511084013284
SEN,2025-03-30 15:00:00,9622.032724234701
SEN,2025-03-30 16:00:00,9548.178112276808
SEN,2025-03-30 17:00:00,9290.944412878795
SEN,2025-03-30 18:00:00,9119.32217507151
SEN,2025-03-30 19:00:00,9405.08656179279
SEN,2025-03-30 20:00:00,9648.509198840396
SEN,2025-03-30 21:00:00,9399.047239047995
SEN,2025-03-30 22:00:00,9075.396333524102
SEN,2025-03-30 23:00:00,8812.822843689004
SEN,2025-03-31 00:00:00,8469.048726173995
SEN,2025-03-31 01:00:00,8168.979607289803
SEN,2025-03-31 02:00:00,8057.415320341301
SEN,2025-03-31 03:00:00,7937.322750573599
SEN,2025-03-31 04:00:00,7951.742589245604
SEN,2025-03-31 05:00:00,8074.748696905603
SEN,2025-03-31 06:00:00,8321.632393819198
SEN,2025-03-31 07:00:00,9133.005087341407
SEN,2025-03-31 08:00:00,9657.430918960794
SEN,2025-03-31 09:00:00,10319.062312250702
SEN,2025-03-31 10:00:00,10529.796181660222
SEN,2025-03-31 11:00:00,10454.316831171085
SEN,2025-03-31 12:00:00,10374.354798456905
SEN,2025-03-31 13:00:00,10359.351153406096
SEN,2025-03-31 14:00:00,10343.412341527996
SEN,2025-03-31 15:00:00,10295.302912268993
SEN,2025-03-31 16:00:00,10261.726285599801
SEN,2025-03-31 17:00:00,9941.576868730317
SEN,2025-03-31 18:00:00,9669.150912279392
SEN,2025-03-31 19:00:00,10016.9381107267
SEN,2025-03-31 20:00:00,10244.929022496905
SEN,2025-03-31 21:00:00,9870.232121038207
SEN,2025-03-31 22:00:00,9421.8495404114
SEN,2025-03-31 23:00:00,9121.451588780292
SEN,2025-04-01 00:00:00,8926.215588320296
SEN,2025-04-01 01:00:00,8522.8560139877
SEN,2025-04-01 02:00:00,8393.588568852405
SEN,2025-04-01 03:00:00,8363.243396683398
SEN,2025-04-01 04:00:00,8282.163276857504
SEN,2025-04-01 05:00:00,8351.883806382302
SEN,2025-04-01 06:00:00,8795.928407988198
SEN,2025-04-01 07:00:00,9450.883437971706
SEN,2025-04-01 08:00:00,9906.363261131784
SEN,2025-04-01 09:00:00,10403.199639718005
SEN,2025-04-01 10:00:00,10576.431375277005
SEN,2025-04-01 11:00:00,10494.257083334809
SEN,2025-04-01 12:00:00,10294.451423948316
SEN,2025-04-01 13:00:00,10429.579330418983
SEN,2025-04-01 14:00:00,10479.522351109717
SEN,2025-04-01 15:00:00,10190.71167682782
SEN,2025-04-01 16:00:00,10062.509903883685
SEN,2025-04-01 17:00:00,9437.81487721149
SEN,2025-04-01 18:00:00,8876.113759992606
SEN,2025-04-01 19:00:00,9258.436978202793
SEN,2025-04-01 20:00:00,9386.254925100598
SEN,2025-04-01 21:00:00,9005.077003857503
SEN,2025-04-01 22:00:00,8935.0769665749
SEN,2025-04-01 23:00:00,8868.542683829402
SEN,2025-04-02 00:00:00,8951.3735096227
SEN,2025-04-02 01:00:00,8813.272186944198
SEN,2025-04-02 02:00:00,8525.260162165003
SEN,2025-04-02 03:00:00,8415.142802544404
SEN,2025-04-02 04:00:00,8373.860132143001
SEN,2025-04-02 05:00:00,8391.693387283096
SEN,2025-04-02 06:00:00,8584.711813703801
SEN,2025-04-02 07:00:00,9362.6698193868
SEN,2025-04-02 08:00:00,9853.849515975788
SEN,2025-04-02 09:00:00,10426.926010002486
SEN,2025-04-02 10:00:00,10614.428272178497
SEN,2025-04-02 11:00:00,10601.236085052706
SEN,2025-04-02 12:00:00,10607.789802196803
SEN,2025-04-02 13:00:00,10511.8213666243
SEN,2025-04-02 14:00:00,10638.048661755207
SEN,2025-04-02 15:00:00,10500.970563857003
SEN,2025-04-02 16:00:00,10358.788695030104
SEN,2025-04-02 17:00:00,9594.296142244391
SEN,2025-04-02 18:00:00,8989.833374482398
SEN,2025-04-02 19:00:00,9085.788096281087
SEN,2025-04-02 20:00:00,9150.309804844997
SEN,2025-04-02 21:00:00,8776.5289095028
SEN,2025-04-02 22:00:00,8775.899048247898
SEN,2025-04-02 23:00:00,9199.551853900597
SEN,2025-04-03 00:00:00,9010.707116241596
SEN,2025-04-03 01:00:00,8682.8956900591
SEN,2025-04-03 02:00:00,8495.6994125834
SEN,2025-04-03 03:00:00,8332.357355369999
SEN,2025-04-03 04:00:00,8304.900177410795
SEN,2025-04-03 05:00:00,8393.413685766998
SEN,2025-04-03 06:00:00,8662.0775883999
SEN,2025-04-03 07:00:00,9155.929126530595
SEN,2025-04-03 08:00:00,9731.415712154097
SEN,2025-04-03 09:00:00,10293.641080239297
SEN,2025-04-03 10:00:00,10674.358380110603
SEN,2025-04-03 11:00:00,10472.21208274962
SEN,2025-04-03 12:00:00,10315.181648393695
SEN,2025-04-03 13:00:00,10337.524820962399
SEN,2025-04-03 14:00:00,10317.486391830113
SEN,2025-04-03 15:00:00,10278.872459360182
SEN,2025-04-03 16:00:00,10308.864030075589
SEN,2025-04-03 17:00:00,9661.068640599298
SEN,2025-04-03 18:00:00,9062.039585432709
SEN,2025-04-03 19:00:00,9233.742298560786
SEN,2025-04-03 20:00:00,9434.454099337696
SEN,2025-04-03 21:00:00,9184.798299609902
SEN,2025-04-03 22:00:00,9055.666284600504
SEN,2025-04-03 23:00:00,8806.685571229104
SEN,2025-04-04 00:00:00,8738.142772931906
SEN,2025-04-04 01:00:00,8683.719941713798
SEN,2025-04-04 02:00:00,8554.314420339802
SEN,2025-04-04 03:00:00,8443.655909292404
SEN,2025-04-04 04:00:00,8444.745638944198
SEN,2025-04-04 05:00:00,8562.624789611998
SEN,2025-04-04 06:00:00,8790.756990883805
SEN,2025-04-04 07:00:00,9695.364473419186
SEN,2025-04-04 08:00:00,10215.88790370931
SEN,2025-04-04 09:00:00,10607.579029908895
SEN,2025-04-04 10:00:00,10885.2411222124
SEN,2025-04-04 11:00:00,10751.421867916792
SEN,2025-04-04 12:00:00,10684.312066473001
SEN,2025-04-04 13:00:00,10792.987633058998
SEN,2025-04-04 14:00:00,10956.197668206416
SEN,2025-04-04 15:00:00,10964.423011184592
SEN,2025-04-04 16:00:00,10659.086984422796
SEN,2025-04-04 17:00:00,10048.78436817281
SEN,2025-04-04 18:00:00,9481.59315825002
SEN,2025-04-04 19:00:00,9356.630089702092
SEN,2025-04-04 20:00:00,9391.295299686995
SEN,2025-04-04 21:00:00,9090.935172561998
SEN,2025-04-04 22:00:00,9003.742744706096
SEN,2025-04-04 23:00:00,9141.046616622203
SEN,2025-04-05 00:00:00,8906.759698453809
SEN,2025-04-05 01:00:00,8704.7112207542
SEN,2025-04-05 02:00:00,8590.360591686102
SEN,2025-04-05 03:00:00,8512.034733559003
SEN,2025-04-05 04:00:00,8384.477418122699
SEN,2025-04-05 05:00:00,8414.9739844827
SEN,2025-04-05 06:00:00,8458.7891463527
SEN,2025-04-05 07:00:00,8652.287934778102
SEN,2025-04-05 08:00:00,9060.352629100194
SEN,2025-04-05 09:00:00,9745.836721815891
SEN,2025-04-05 10:00:00,10168.336304445998
SEN,2025-04-05 11:00:00,10126.611828253088
SEN,2025-04-05 12:00:00,10296.81289238981
SEN,2025-04-05 13:00:00,10419.970936044805
SEN,2025-04-05 14:00:00,10055.911800778398
SEN,2025-04-05 15:00:00,10084.029184812383
SEN,2025-04-05 16:00:00,10015.088046855299
SEN,2025-04-05 17:00:00,9834.724210206612
SEN,2025-04-05 18:00:00,9461.161297709616
SEN,2025-04-05 19:00:00,8936.432002993979
SEN,2025-04-05 20:00:00,8877.51864017339
SEN,2025-04-05 21:00:00,8689.673414700103
SEN,2025-04-05 22:00:00,8711.121055921802
SEN,2025-04-05 23:00:00,8501.7491093305
SEN,2025-04-06 00:00:00,8544.743898288596
SEN,2025-04-06 00:00:00,8541.704777780198
SEN,2025-04-06 01:00:00,8344.938644494401
SEN,2025-04-06 02:00:00,8248.847915679396
SEN,2025-04-06 03:00:00,8169.549813331706
SEN,2025-04-06 04:00:00,8135.9433329971025
SEN,2025-04-06 05:00:00,8101.187909809902
SEN,2025-04-06 06:00:00,8158.918368749797
SEN,2025-04-06 07:00:00,8162.1316146172
SEN,2025-04-06 08:00:00,8720.887037106193
SEN,2025-04-06 09:00:00,9396.636310258109
SEN,2025-04-06 10:00:00,9649.805485973402
SEN,2025-04-06 11:00:00,9850.857760612795
SEN,2025-04-06 12:00:00,9992.674465858616
SEN,2025-04-06 13:00:00,9919.141508659388
SEN,2025-04-06 14:00:00,9827.667506646407
SEN,2025-04-06 15:00:00,9480.469855630186
SEN,2025-04-06 16:00:00,9315.347035276303
SEN,2025-04-06 17:00:00,9336.496143917198
SEN,2025-04-06 18:00:00,9209.628466987306
SEN,2025-04-06 19:00:00,9254.270899852501
SEN,2025-04-06 20:00:00,9263.170165783304
SEN,2025-04-06 21:00:00,9079.5545722498
SEN,2025-04-06 22:00:00,8950.541348348203
SEN,2025-04-06 23:00:00,8809.125271564997
SEN,2025-04-07 00:00:00,8564.847130794202
SEN,2025-04-07 01:00:00,8429.223043924905
SEN,2025-04-07 02:00:00,8260.345156370497
SEN,2025-04-07 03:00:00,8208.698363310596
SEN,2025-04-07 04:00:00,8272.8674576462
SEN,2025-04-07 05:00:00,8433.333581227898
SEN,2025-04-07 06:00:00,9064.002505430595
SEN,2025-04-07 07:00:00,9446.556780521898
SEN,2025-04-07 08:00:00,10081.334187576509
SEN,2025-04-07 09:00:00,10455.569223511295
SEN,2025-04-07 10:00:00,10659.557718686588
SEN,2025-04-07 11:00:00,10741.516407960004
SEN,2025-04-07 12:00:00,10827.7050471439
SEN,2025-04-07 13:00:00,10870.607926109391
SEN,2025-04-07 14:00:00,10799.688899580404
SEN,2025-04-07 15:00:00,10748.443893663298
SEN,2025-04-07 16:00:00,10529.96578261591
SEN,2025-04-07 17:00:00,9993.053530689505
SEN,2025-04-07 18:00:00,9621.316243401
SEN,2025-04-07 19:00:00,9693.494091636203
SEN,2025-04-07 20:00:00,9233.850303721503
SEN,2025-04-07 21:00:00,9031.647540363407
SEN,2025-04-07 22:00:00,9269.015155071604
SEN,2025-04-07 23:00:00,9067.349572497498
SEN,2025-04-08 00:00:00,8900.1889083805
SEN,2025-04-08 01:00:00,8704.687108777
SEN,2025-04-08 02:00:00,8459.829121379504
SEN,2025-04-08 03:00:00,8483.686653628594
SEN,2025-04-08 04:00:00,8357.208773881803
SEN,2025-04-08 05:00:00,8496.228541532902
SEN,2025-04-08 06:00:00,9015.712379986715
SEN,2025-04-08 07:00:00,9503.891881057794
SEN,2025-04-08 08:00:00,10201.019097794213
SEN,2025-04-08 09:00:00,10447.941319914997
SEN,2025-04-08 10:00:00,10573.449739253998
SEN,2025-04-08 11:00:00,10681.483208142296
SEN,2025-04-08 12:00:00,10706.918453929888
SEN,2025-04-08 13:00:00,10811.218463780906
SEN,2025-04-08 14:00:00,10908.382020065199
SEN,2025-04-08 15:00:00,10697.342673198897
SEN,2025-04-08 16:00:00,10340.182789035802
SEN,2025-04-08 17:00:00,9817.586510035397
SEN,2025-04-08 18:00:00,9210.373842233308
SEN,2025-04-08 19:00:00,9269.309068656788
SEN,2025-04-08 20:00:00,9394.302439992296
SEN,2025-04-08 21:00:00,9034.920312707902
SEN,2025-04-08 22:00:00,8981.590625236602
SEN,2025-04-08 23:00:00,9131.9717434116
SEN,2025-04-09 00:00:00,9085.7337143714
SEN,2025-04-09 01:00:00,8830.6303162012
SEN,2025-04-09 02:00:00,8565.349629496797
SEN,2025-04-09 03:00:00,8614.558010463503
SEN,2025-04-09 04:00:00,8523.843255557396
SEN,2025-04-09 05:00:00,8639.906456448402
SEN,2025-04-09 06:00:00,9265.781769379608
SEN,2025-04-09 07:00:00,9737.910681297002
SEN,2025-04-09 08:00:00,10109.256332051315
SEN,2025-04-09 09:00:00,10543.514277973914
SEN,2025-04-09 10:00:00,10729.44522953581
SEN,2025-04-09 11:00:00,10699.657887296145
SEN,2025-04-09 12:00:00,10697.303019025612
SEN,2025-04-09 13:00:00,10705.754315505197
SEN,2025-04-09 14:00:00,10687.287597201108
SEN,2025-04-09 15:00:00,10512.592108571993
SEN,2025-04-09 16:00:00,10254.366408299094
SEN,2025-04-09 17:00:00,9651.528975364212
SEN,2025-04-09 18:00:00,9174.032373957194
SEN,2025-04-09 19:00:00,9520.068377557596
SEN,2025-04-09 20:00:00,9329.267879884703
SEN,2025-04-09 21:00:00,9067.455622458112
SEN,2025-04-09 22:00:00,8918.350043308606
SEN,2025-04-09 23:00:00,8963.395718659604
SEN,2025-04-10 00:00:00,8709.7723022182
SEN,2025-04-10 01:00:00,8469.3509859235
SEN,2025-04-10 02:00:00,8394.488458684298
SEN,2025-04-10 03:00:00,8423.122991149798
SEN,2025-04-10 04:00:00,8360.710292618194
SEN,2025-04-10 05:00:00,8317.1835117857
SEN,2025-04-10 06:00:00,8847.3708691151
SEN,2025-04-10 07:00:00,9498.230543826305
SEN,2025-04-10 08:00:00,10464.526777547098
SEN,2025-04-10 09:00:00,10904.022381128718
SEN,2025-04-10 10:00:00,10979.186699526788
SEN,2025-04-10 11:00:00,10882.318607483907
SEN,2025-04-10 12:00:00,10768.006331203203
SEN,2025-04-10 13:00:00,10825.804772236012
SEN,2025-04-10 14:00:00,10823.804626624717
SEN,2025-04-10 15:00:00,10621.072303635798
SEN,2025-04-10 16:00:00,10462.074146153489
SEN,2025-04-10 17:00:00,9898.125498982194
SEN,2025-04-10 18:00:00,9204.187095247302
SEN,2025-04-10 19:00:00,9424.223958155202
SEN,2025-04-10 20:00:00,9459.243355788904
SEN,2025-04-10 21:00:00,9217.577687748
SEN,2025-04-10 22:00:00,9312.3250586123
SEN,2025-04-10 23:00:00,9249.143263128695
SEN,2025-04-11 00:00:00,9030.055133649203
SEN,2025-04-11 01:00:00,8921.1544490886
SEN,2025-04-11 02:00:00,8807.318988465904
SEN,2025-04-11 03:00:00,8630.783972188405
SEN,2025-04-11 04:00:00,8561.143576904295
SEN,2025-04-11 05:00:00,8719.5132576279
SEN,2025-04-11 06:00:00,9104.976950528295
SEN,2025-04-11 07:00:00,9610.508455179206
SEN,2025-04-11 08:00:00,10516.401735772506
SEN,2025-04-11 09:00:00,10886.20375862491
SEN,2025-04-11 10:00:00,10888.712709757312
SEN,2025-04-11 11:00:00,10935.505921473703
SEN,2025-04-11 12:00:00,10957.688926262113
SEN,2025-04-11 13:00:00,10986.585154115792
SEN,2025-04-11 14:00:00,10928.848860237595
SEN,2025-04-11 15:00:00,10667.814108033313
SEN,2025-04-11 16:00:00,10143.495540478294
SEN,2025-04-11 17:00:00,9630.978200835802
SEN,2025-04-11 18:00:00,9188.430735917302
SEN,2025-04-11 19:00:00,9346.7150907557
SEN,2025-04-11 20:00:00,9166.097395051596
SEN,2025-04-11 21:00:00,9022.1148272693
SEN,2025-04-11 22:00:00,9267.820092828999
SEN,2025-04-11 23:00:00,9224.605038676204
SEN,2025-04-12 00:00:00,8868.193668104499
SEN,2025-04-12 01:00:00,8877.904657440797
SEN,2025-04-12 02:00:00,8656.720087621596
SEN,2025-04-12 03:00:00,8489.839238057004
SEN,2025-04-12 04:00:00,8551.8843460743
SEN,2025-04-12 05:00:00,8647.979263801702
SEN,2025-04-12 06:00:00,8749.658456739699
SEN,2025-04-12 07:00:00,8581.671102467399
SEN,2025-04-12 08:00:00,9162.96069929591
SEN,2025-04-12 09:00:00,9859.61699053619
SEN,2025-04-12 10:00:00,10224.589994143595
SEN,2025-04-12 11:00:00,10217.901433244298
SEN,2025-04-12 12:00:00,10259.91749263391
SEN,2025-04-12 13:00:00,10228.085739178
SEN,2025-04-12 14:00:00,10108.11849906011
SEN,2025-04-12 15:00:00,9867.538200051202
SEN,2025-04-12 16:00:00,9660.502557907601
SEN,2025-04-12 17:00:00,9364.594823768995
SEN,2025-04-12 18:00:00,8905.135525372107
SEN,2025-04-12 19:00:00,9412.276004422905
SEN,2025-04-12 20:00:00,9444.881745122892
SEN,2025-04-12 21:00:00,9334.31445282169
SEN,2025-04-12 22:00:00,9176.7039356675
SEN,2025-04-12 23:00:00,8853.864779448202
SEN,2025-04-13 00:00:00,8744.472852870002
SEN,2025-04-13 01:00:00,8419.9899437287
SEN,2025-04-13 02:00:00,8110.133857990094
SEN,2025-04-13 03:00:00,7972.5185111169
SEN,2025-04-13 04:00:00,7982.389837744704
SEN,2025-04-13 05:00:00,7944.498313331698
SEN,2025-04-13 06:00:00,8077.4259004142
SEN,2025-04-13 07:00:00,7975.9968083167
SEN,2025-04-13 08:00:00,8350.5051328785
SEN,2025-04-13 09:00:00,9016.905288356802
SEN,2025-04-13 10:00:00,9445.389833083593
SEN,2025-04-13 11:00:00,9499.501259290497
SEN,2025-04-13 12:00:00,9598.762976159805
SEN,2025-04-13 13:00:00,9759.587424567308
SEN,2025-04-13 14:00:00,9663.944467317106
SEN,2025-04-13 15:00:00,9509.767809391406
SEN,2025-04-13 16:00:00,9254.098305448702
SEN,2025-04-13 17:00:00,9304.693801579295
SEN,2025-04-13 18:00:00,9118.231954599814
SEN,2025-04-13 19:00:00,9189.993614398201
SEN,2025-04-13 20:00:00,9291.189220871007
SEN,2025-04-13 21:00:00,9106.676911221602
SEN,2025-04-13 22:00:00,9155.0910460672
SEN,2025-04-13 23:00:00,8976.406152255198
SEN,2025-04-14 00:00:00,8782.594516597803
SEN,2025-04-14 01:00:00,8457.9341114138
SEN,2025-04-14 02:00:00,8241.307947368501
SEN,2025-04-14 03:00:00,8117.766243965999
SEN,2025-04-14 04:00:00,8170.126669991697
SEN,2025-04-14 05:00:00,8108.932337315102
SEN,2025-04-14 06:00:00,8738.766241418902
SEN,2025-04-14 07:00:00,9443.587203008916
SEN,2025-04-14 08:00:00,9968.362145970119
SEN,2025-04-14 09:00:00,10567.010341663612
SEN,2025-04-14 10:00:00,10776.874042327214
SEN,2025-04-14 11:00:00,10791.779133694807
SEN,2025-04-14 12:00:00,10910.868233493298
SEN,2025-04-14 13:00:00,11063.427338003117
SEN,2025-04-14 14:00:00,11079.504649660092
SEN,2025-04-14 15:00:00,10921.094188582298
SEN,2025-04-14 16:00:00,10729.2323555112
SEN,2025-04-14 17:00:00,9982.558484942392
SEN,2025-04-14 18:00:00,9296.643155265194
SEN,2025-04-14 19:00:00,9303.794246026402
SEN,2025-04-14 20:00:00,9112.655375255197
SEN,2025-04-14 21:00:00,8964.7872159731
SEN,2025-04-14 22:00:00,9128.8398631511
SEN,2025-04-14 23:00:00,9253.617002928506
SEN,2025-04-15 00:00:00,9054.464511571803
SEN,2025-04-15 01:00:00,8797.487442108199
SEN,2025-04-15 02:00:00,8619.799498481498
SEN,2025-04-15 03:00:00,8552.3559780954
SEN,2025-04-15 04:00:00,8495.986184744197
SEN,2025-04-15 05:00:00,8674.822886759399
SEN,2025-04-15 06:00:00,9241.921079108706
SEN,2025-04-15 07:00:00,9764.193420345435
SEN,2025-04-15 08:00:00,10303.366821524385
SEN,2025-04-15 09:00:00,10609.98428657549
SEN,2025-04-15 10:00:00,10722.067192257904
SEN,2025-04-15 11:00:00,10916.641409277201
SEN,2025-04-15 12:00:00,10854.983490940413
SEN,2025-04-15 13:00:00,10891.822768553715
SEN,2025-04-15 14:00:00,10893.392900868983
SEN,2025-04-15 15:00:00,10792.30351324572
SEN,2025-04-15 16:00:00,10577.544220445594
SEN,2025-04-15 17:00:00,10021.381599580493
SEN,2025-04-15 18:00:00,9780.075752909594
SEN,2025-04-15 19:00:00,9686.000910343002
SEN,2025-04-15 20:00:00,9298.948676742004
SEN,2025-04-15 21:00:00,9006.691775472893
SEN,2025-04-15 22:00:00,9214.022455029304
SEN,2025-04-15 23:00:00,9125.769370846698
SEN,2025-04-16 00:00:00,9008.551673219697
SEN,2025-04-16 01:00:00,8936.789572649901
SEN,2025-04-16 02:00:00,8879.360702248106
SEN,2025-04-16 03:00:00,8772.540419221601
SEN,2025-04-16 04:00:00,8714.765913665298
SEN,2025-04-16 05:00:00,8776.0251475216
SEN,2025-04-16 06:00:00,9277.5948742754
SEN,2025-04-16 07:00:00,9710.693411150096
SEN,2025-04-16 08:00:00,10333.45001265881
SEN,2025-04-16 09:00:00,10770.609654706399
SEN,2025-04-16 10:00:00,10871.7552448668
SEN,2025-04-16 11:00:00,10870.30887513119
SEN,2025-04-16 12:00:00,10906.214503045598
SEN,2025-04-16 13:00:00,10992.775285660595
SEN,2025-04-16 14:00:00,11135.81292494999
SEN,2025-04-16 15:00:00,11090.266867341794
SEN,2025-04-16 16:00:00,10836.538933841188
SEN,2025-04-16 17:00:00,10087.175828203193
SEN,2025-04-16 18:00:00,9901.2325195516
SEN,2025-04-16 19:00:00,10065.126661231803
SEN,2025-04-16 20:00:00,9397.909774980793
SEN,2025-04-16 21:00:00,8992.4960679125
SEN,2025-04-16 22:00:00,8992.517492083996
SEN,2025-04-16 23:00:00,9030.115503728803
SEN,2025-04-17 00:00:00,8995.605335053899
SEN,2025-04-17 01:00:00,8985.555780821598
SEN,2025-04-17 02:00:00,8817.997402122399
SEN,2025-04-17 03:00:00,8748.990259389699
SEN,2025-04-17 04:00:00,8783.4791492634
SEN,2025-04-17 05:00:00,8898.254147432399
SEN,2025-04-17 06:00:00,9113.394756806607
SEN,2025-04-17 07:00:00,9781.304431511197
SEN,2025-04-17 08:00:00,10465.47445015039
SEN,2025-04-17 09:00:00,10782.557111257394
SEN,2025-04-17 10:00:00,10889.29344302742
SEN,2025-04-17 11:00:00,11062.660793743602
SEN,2025-04-17 12:00:00,10993.891197041707
SEN,2025-04-17 13:00:00,11073.338476056995
SEN,2025-04-17 14:00:00,11106.373918084806
SEN,2025-04-17 15:00:00,10842.733881356015
SEN,2025-04-17 16:00:00,10407.089671088
SEN,2025-04-17 17:00:00,9797.41742389811
SEN,2025-04-17 18:00:00,9575.877267159402
SEN,2025-04-17 19:00:00,9263.704834085602
SEN,2025-04-17 20:00:00,8835.477945897093
SEN,2025-04-17 21:00:00,8563.329644697396
SEN,2025-04-17 22:00:00,8691.409907677898
SEN,2025-04-17 23:00:00,8824.125312947204
SEN,2025-04-18 00:00:00,8763.877586709099
SEN,2025-04-18 01:00:00,8703.236126615902
SEN,2025-04-18 02:00:00,8453.560485246995
SEN,2025-04-18 03:00:00,8302.074096145298
SEN,2025-04-18 04:00:00,8196.851115948599
SEN,2025-04-18 05:00:00,8154.411062312998
SEN,2025-04-18 06:00:00,8230.563673409102
SEN,2025-04-18 07:00:00,8173.498292786198
SEN,2025-04-18 08:00:00,8530.095482103276
SEN,2025-04-18 09:00:00,9152.816291015894
SEN,2025-04-18 10:00:00,9467.32664163471
SEN,2025-04-18 11:00:00,9494.264315390108
SEN,2025-04-18 12:00:00,9644.1736611348
SEN,2025-04-18 13:00:00,9684.509949232091
SEN,2025-04-18 14:00:00,9619.429852350104
SEN,2025-04-18 15:00:00,9468.769879257905
SEN,2025-04-18 16:00:00,9175.826193766608
SEN,2025-04-18 17:00:00,9086.231918533009
SEN,2025-04-18 18:00:00,9104.268084478696
SEN,2025-04-18 19:00:00,9014.811672015696
SEN,2025-04-18 20:00:00,8801.262159470298
SEN,2025-04-18 21:00:00,8706.908442258902
SEN,2025-04-18 22:00:00,8570.370829618294
SEN,2025-04-18 23:00:00,8563.03408952691
SEN,2025-04-19 00:00:00,8702.769113403203
SEN,2025-04-19 01:00:00,8507.8094708431
SEN,2025-04-19 02:00:00,8260.342959854897
SEN,2025-04-19 03:00:00,8076.0641510290025
SEN,2025-04-19 04:00:00,8008.366275648098
SEN,2025-04-19 05:00:00,7981.6176529859995
SEN,2025-04-19 06:00:00,8000.558407781004
SEN,2025-04-19 07:00:00,7917.987032936705
SEN,2025-04-19 08:00:00,8504.422456709299
SEN,2025-04-19 09:00:00,9109.852940285995
SEN,2025-04-19 10:00:00,9404.652984977794
SEN,2025-04-19 11:00:00,9536.355352993496
SEN,2025-04-19 12:00:00,9685.135711689709
SEN,2025-04-19 13:00:00,9760.232928437905
SEN,2025-04-19 14:00:00,9701.766936520798
SEN,2025-04-19 15:00:00,9422.632687773703
SEN,2025-04-19 16:00:00,9097.60638350751
SEN,2025-04-19 17:00:00,9114.371215836196
SEN,2025-04-19 18:00:00,9017.658355881795
SEN,2025-04-19 19:00:00,9011.296444606898
SEN,2025-04-19 20:00:00,8963.642011298596
SEN,2025-04-19 21:00:00,8862.2862083976
SEN,2025-04-19 22:00:00,8723.5266647511
SEN,2025-04-19 23:00:00,8520.0543001472
SEN,2025-04-20 00:00:00,8442.827850868805
SEN,2025-04-20 01:00:00,8263.4992263669
SEN,2025-04-20 02:00:00,8050.280939135102
SEN,2025-04-20 03:00:00,7975.7818252297
SEN,2025-04-20 04:00:00,7929.518802209699
SEN,2025-04-20 05:00:00,7940.067422240502
SEN,2025-04-20 06:00:00,8035.799484936903
SEN,2025-04-20 07:00:00,8016.874585946404
SEN,2025-04-20 08:00:00,8232.736329842903
SEN,2025-04-20 09:00:00,8788.754453869902
SEN,2025-04-20 10:00:00,9169.2227490135
SEN,2025-04-20 11:00:00,9421.647209753904
SEN,2025-04-20 12:00:00,9624.245583900596
SEN,2025-04-20 13:00:00,9749.247337042296
SEN,2025-04-20 14:00:00,9643.518194764401
SEN,2025-04-20 15:00:00,9399.266392441896
SEN,2025-04-20 16:00:00,9098.422902855302
SEN,2025-04-20 17:00:00,9034.415419960598
SEN,2025-04-20 18:00:00,9117.159905364104
SEN,2025-04-20 19:00:00,9241.214147278897
SEN,2025-04-20 20:00:00,9267.1625393776
SEN,2025-04-20 21:00:00,9272.552405387309
SEN,2025-04-20 22:00:00,9356.5476700358
SEN,2025-04-20 23:00:00,9149.990545230205
SEN,2025-04-21 00:00:00,8809.117887879904
SEN,2025-04-21 01:00:00,8600.2062341112
SEN,2025-04-21 02:00:00,8387.920052559697
SEN,2025-04-21 03:00:00,8278.854223621094
SEN,2025-04-21 04:00:00,8331.1873391749
SEN,2025-04-21 05:00:00,8460.095061607899
SEN,2025-04-21 06:00:00,9094.093864860812
SEN,2025-04-21 07:00:00,9549.418566462095
SEN,2025-04-21 08:00:00,9944.042982326011
SEN,2025-04-21 09:00:00,10416.308206617407
SEN,2025-04-21 10:00:00,10700.483951231186
SEN,2025-04-21 11:00:00,10907.665765584305
SEN,2025-04-21 12:00:00,10993.610672578186
SEN,2025-04-21 13:00:00,10969.188124581291
SEN,2025-04-21 14:00:00,11024.97171596749
SEN,2025-04-21 15:00:00,10897.276784859001
SEN,2025-04-21 16:00:00,10749.466267080097
SEN,2025-04-21 17:00:00,10255.60801761579
SEN,2025-04-21 18:00:00,10086.394159132811
SEN,2025-04-21 19:00:00,9999.031946433897
SEN,2025-04-21 20:00:00,9830.458241779803
SEN,2025-04-21 21:00:00,9636.707532443406
SEN,2025-04-21 22:00:00,9575.104877942198
SEN,2025-04-21 23:00:00,9424.2356885412
SEN,2025-04-22 00:00:00,9099.226516081198
SEN,2025-04-22 01:00:00,8845.524029798295
SEN,2025-04-22 02:00:00,8724.743306403596
SEN,2025-04-22 03:00:00,8736.946903711498
SEN,2025-04-22 04:00:00,8763.735852341495
SEN,2025-04-22 05:00:00,8830.2999716342
SEN,2025-04-22 06:00:00,9367.291526174498
SEN,2025-04-22 07:00:00,9846.24233455459
SEN,2025-04-22 08:00:00,10430.231688232987
SEN,2025-04-22 09:00:00,10627.9075837475
SEN,2025-04-22 10:00:00,11003.907326272898
SEN,2025-04-22 11:00:00,11087.138840077316
SEN,2025-04-22 12:00:00,11194.970169976792
SEN,2025-04-22 13:00:00,11174.606068309811
SEN,2025-04-22 14:00:00,11086.221527848387
SEN,2025-04-22 15:00:00,10790.0251609954
SEN,2025-04-22 16:00:00,10576.82854699782
SEN,2025-04-22 17:00:00,10163.86420220429
SEN,2025-04-22 18:00:00,9953.860809699097
SEN,2025-04-22 19:00:00,9958.870990507994
SEN,2025-04-22 20:00:00,9763.812221769997
SEN,2025-04-22 21:00:00,9292.5869499347
SEN,2025-04-22 22:00:00,9148.365645007403
SEN,2025-04-22 23:00:00,9122.998835910601
SEN,2025-04-23 00:00:00,8891.909816862995
SEN,2025-04-23 01:00:00,8709.075705663503
SEN,2025-04-23 02:00:00,8687.219665950797
SEN,2025-04-23 03:00:00,8754.615044597902
SEN,2025-04-23 04:00:00,8699.996605468496
SEN,2025-04-23 05:00:00,8758.324114403304
SEN,2025-04-23 06:00:00,8984.180207368705
SEN,2025-04-23 07:00:00,9568.020963144803
SEN,2025-04-23 08:00:00,9842.786994352391
SEN,2025-04-23 09:00:00,10314.32788703109
SEN,2025-04-23 10:00:00,10561.101582254514
SEN,2025-04-23 11:00:00,10922.05685105899
SEN,2025-04-23 12:00:00,10953.893018273211
SEN,2025-04-23 13:00:00,10951.6161256954
SEN,2025-04-23 14:00:00,11030.359974445011
SEN,2025-04-23 15:00:00,10821.253531255494
SEN,2025-04-23 16:00:00,10433.1077898699
SEN,2025-04-23 17:00:00,9752.675113325005
SEN,2025-04-23 18:00:00,9430.358787929701
SEN,2025-04-23 19:00:00,9458.714700437495
SEN,2025-04-23 20:00:00,9392.1873873599
SEN,2025-04-23 21:00:00,9267.2133771274
SEN,2025-04-23 22:00:00,9411.142842074407
SEN,2025-04-23 23:00:00,9237.2500510396
SEN,2025-04-24 00:00:00,8693.0737845375
SEN,2025-04-24 01:00:00,8310.755702798599
SEN,2025-04-24 02:00:00,8180.866398209
SEN,2025-04-24 03:00:00,8056.994192725102
SEN,2025-04-24 04:00:00,8172.1252557595035
SEN,2025-04-24 05:00:00,8312.2877136721
SEN,2025-04-24 06:00:00,8722.624322564101
SEN,2025-04-24 07:00:00,9360.28198342039
SEN,2025-04-24 08:00:00,9932.950988902403
SEN,2025-04-24 09:00:00,10432.878270249794
SEN,2025-04-24 10:00:00,10630.176750874085
SEN,2025-04-24 11:00:00,10710.193842494493
SEN,2025-04-24 12:00:00,10715.737283382294
SEN,2025-04-24 13:00:00,10737.9290993706
SEN,2025-04-24 14:00:00,10759.728536758705
SEN,2025-04-24 15:00:00,10679.723437561612
SEN,2025-04-24 16:00:00,10393.021159012995
SEN,2025-04-24 17:00:00,9788.385962733197
SEN,2025-04-24 18:00:00,9447.094271886308
SEN,2025-04-24 19:00:00,9236.148001511398
SEN,2025-04-24 20:00:00,8905.962333834801
SEN,2025-04-24 21:00:00,8763.2073148833
SEN,2025-04-24 22:00:00,8900.632726557398
SEN,2025-04-24 23:00:00,8829.686012679396
SEN,2025-04-25 00:00:00,8686.489729563094
SEN,2025-04-25 01:00:00,8491.152964265
SEN,2025-04-25 02:00:00,8497.947053680598
SEN,2025-04-25 03:00:00,8486.934618098205
SEN,2025-04-25 04:00:00,8521.962541105304
SEN,2025-04-25 05:00:00,8602.374067740697
SEN,2025-04-25 06:00:00,9033.0532449657
SEN,2025-04-25 07:00:00,9551.760118944898
SEN,2025-04-25 08:00:00,10005.903042953796
SEN,2025-04-25 09:00:00,10553.561778778103
SEN,2025-04-25 10:00:00,10657.739918770612
SEN,2025-04-25 11:00:00,10698.78552189549
SEN,2025-04-25 12:00:00,10744.425272381603
SEN,2025-04-25 13:00:00,10707.377373070001
SEN,2025-04-25 14:00:00,10561.865154118304
SEN,2025-04-25 15:00:00,10466.586504790295
SEN,2025-04-25 16:00:00,10129.438312073795
SEN,2025-04-25 17:00:00,9702.286980337298
SEN,2025-04-25 18:00:00,9683.358643893891
SEN,2025-04-25 19:00:00,9649.419696864003
SEN,2025-04-25 20:00:00,9329.0288101201
SEN,2025-04-25 21:00:00,8966.372400964403
SEN,2025-04-25 22:00:00,8839.424764472205
SEN,2025-04-25 23:00:00,8709.791552284601
SEN,2025-04-26 00:00:00,8628.868043337498
SEN,2025-04-26 01:00:00,8351.2607238536
SEN,2025-04-26 02:00:00,8280.974226034503
SEN,2025-04-26 03:00:00,8328.644439473494
SEN,2025-04-26 04:00:00,8410.278196357698
SEN,2025-04-26 05:00:00,8380.937928305695
SEN,2025-04-26 06:00:00,8485.106656347
SEN,2025-04-26 07:00:00,8534.9120424112
SEN,2025-04-26 08:00:00,9011.372052134599
SEN,2025-04-26 09:00:00,9550.914655571698
SEN,2025-04-26 10:00:00,10003.988734672392
SEN,2025-04-26 11:00:00,10174.872309124807
SEN,2025-04-26 12:00:00,10168.259870057005
SEN,2025-04-26 13:00:00,10243.658658787595
SEN,2025-04-26 14:00:00,10177.045233341896
SEN,2025-04-26 15:00:00,9901.47609885858
SEN,2025-04-26 16:00:00,9494.3244862281
SEN,2025-04-26 17:00:00,9136.853285071204
SEN,2025-04-26 18:00:00,9606.817074366694
SEN,2025-04-26 19:00:00,9486.622974729804
SEN,2025-04-26 20:00:00,8949.170221693996
SEN,2025-04-26 21:00:00,8926.748753018299
SEN,2025-04-26 22:00:00,8748.0042379228
SEN,2025-04-26 23:00:00,8531.887668297297
SEN,2025-04-27 00:00:00,8349.656055737898
SEN,2025-04-27 01:00:00,8199.047328189801
SEN,2025-04-27 02:00:00,8000.746947899799
SEN,2025-04-27 03:00:00,7868.750019289299
SEN,2025-04-27 04:00:00,7888.1132128130985
SEN,2025-04-27 05:00:00,7819.194582106105
SEN,2025-04-27 06:00:00,7851.2891427552
SEN,2025-04-27 07:00:00,7710.406151425102
SEN,2025-04-27 08:00:00,8026.602385751907
SEN,2025-04-27 09:00:00,8700.055210975797
SEN,2025-04-27 10:00:00,9228.198717900603
SEN,2025-04-27 11:00:00,9401.943102950701
SEN,2025-04-27 12:00:00,9421.1759703855
SEN,2025-04-27 13:00:00,9580.700515327804
SEN,2025-04-27 14:00:00,9572.490356534801
SEN,2025-04-27 15:00:00,9279.066726213003
SEN,2025-04-27 16:00:00,8985.337391242005
SEN,2025-04-27 17:00:00,9055.528437621793
SEN,2025-04-27 18:00:00,9351.690659635513
SEN,2025-04-27 19:00:00,9305.703641126702
SEN,2025-04-27 20:00:00,9068.362610506101
SEN,2025-04-27 21:00:00,8883.438834172097
SEN,2025-04-27 22:00:00,8688.296174980796
SEN,2025-04-27 23:00:00,8340.279853618902
SEN,2025-04-28 00:00:00,8477.875907711696
SEN,2025-04-28 01:00:00,8484.8797989655
SEN,2025-04-28 02:00:00,8273.283939242603
SEN,2025-04-28 03:00:00,8220.374249684897
SEN,2025-04-28 04:00:00,8147.922118112201
SEN,2025-04-28 05:00:00,8325.3166483983
SEN,2025-04-28 06:00:00,8864.4858791526
SEN,2025-04-28 07:00:00,9435.210044909985
SEN,2025-04-28 08:00:00,10022.928399759125
SEN,2025-04-28 09:00:00,10703.882986900395
SEN,2025-04-28 10:00:00,11162.423296082514
SEN,2025-04-28 11:00:00,11178.350932960213
SEN,2025-04-28 12:00:00,11061.373415353304
SEN,2025-04-28 13:00:00,10921.837114296293
SEN,2025-04-28 14:00:00,11124.962062621511
SEN,2025-04-28 15:00:00,10723.67187610079
SEN,2025-04-28 16:00:00,10550.388290906025
SEN,2025-04-28 17:00:00,9965.21533168012
SEN,2025-04-28 18:00:00,9373.290043886305
SEN,2025-04-28 19:00:00,9343.437510264894
SEN,2025-04-28 20:00:00,9229.113971322902
SEN,2025-04-28 21:00:00,9152.356734664892
SEN,2025-04-28 22:00:00,9240.359254968305
SEN,2025-04-28 23:00:00,9288.417349916597
SEN,2025-04-29 00:00:00,8790.5936006434
SEN,2025-04-29 01:00:00,8879.057577002497
SEN,2025-04-29 02:00:00,8606.4267906445
SEN,2025-04-29 03:00:00,8550.778469830699
SEN,2025-04-29 04:00:00,8557.472950841298
SEN,2025-04-29 05:00:00,8679.585876940697
SEN,2025-04-29 06:00:00,9265.096907719002
SEN,2025-04-29 07:00:00,9732.457573436806
SEN,2025-04-29 08:00:00,10233.130382228805
SEN,2025-04-29 09:00:00,10753.568020515402
SEN,2025-04-29 10:00:00,11027.600767830005
SEN,2025-04-29 11:00:00,11116.006830883493
SEN,2025-04-29 12:00:00,11123.314938178219
SEN,2025-04-29 13:00:00,11122.977478865007
SEN,2025-04-29 14:00:00,11177.433654233904
SEN,2025-04-29 15:00:00,11000.5844966506
SEN,2025-04-29 16:00:00,10750.835693135605
SEN,2025-04-29 17:00:00,9691.1080439623
SEN,2025-04-29 18:00:00,9214.17933422951
SEN,2025-04-29 19:00:00,9359.591585177404
SEN,2025-04-29 20:00:00,9336.239891736903
SEN,2025-04-29 21:00:00,9101.643963844897
SEN,2025-04-29 22:00:00,9316.4585689168
SEN,2025-04-29 23:00:00,9455.2457805775
SEN,2025-04-30 00:00:00,9274.0937791557
SEN,2025-04-30 01:00:00,8841.170594701496
SEN,2025-04-30 02:00:00,8588.250710261194
SEN,2025-04-30 03:00:00,8526.2447918586
SEN,2025-04-30 04:00:00,8464.542042635801
SEN,2025-04-30 05:00:00,8658.5997590036
SEN,2025-04-30 06:00:00,9270.203981262395
SEN,2025-04-30 07:00:00,9765.747335452908
SEN,2025-04-30 08:00:00,10397.535626601497
SEN,2025-04-30 09:00:00,10995.1883600762
SEN,2025-04-30 10:00:00,11430.582896463005
SEN,2025-04-30 11:00:00,11534.709976227794
SEN,2025-04-30 12:00:00,11584.07830889099
SEN,2025-04-30 13:00:00,11522.012118429
SEN,2025-04-30 14:00:00,11413.379966950704
SEN,2025-04-30 15:00:00,11236.79416905369
SEN,2025-04-30 16:00:00,10933.107620921992
SEN,2025-04-30 17:00:00,10237.938873954106
SEN,2025-04-30 18:00:00,9652.191745704808
SEN,2025-04-30 19:00:00,9348.778027580905
SEN,2025-04-30 20:00:00,9190.126127305692
SEN,2025-04-30 21:00:00,8960.067413100496
SEN,2025-04-30 22:00:00,8910.229567858189
SEN,2025-04-30 23:00:00,8935.34688592
SEN,2025-05-01 00:00:00,8828.064740326996
SEN,2025-05-01 01:00:00,8657.598442132996
SEN,2025-05-01 02:00:00,8351.614010739508
SEN,2025-05-01 03:00:00,8165.963264870805
SEN,2025-05-01 04:00:00,8107.6552160293
SEN,2025-05-01 05:00:00,8038.104576732305
SEN,2025-05-01 06:00:00,8036.0365672407
SEN,2025-05-01 07:00:00,7911.032488019712
SEN,2025-05-01 08:00:00,8089.270434276603
SEN,2025-05-01 09:00:00,8536.846169281704
SEN,2025-05-01 10:00:00,8979.455553459698
SEN,2025-05-01 11:00:00,9225.060642218303
SEN,2025-05-01 12:00:00,9512.343507847796
SEN,2025-05-01 13:00:00,9701.197529990895
SEN,2025-05-01 14:00:00,9607.47924535482
SEN,2025-05-01 15:00:00,9332.203475687207
SEN,2025-05-01 16:00:00,9226.659973263795
SEN,2025-05-01 17:00:00,9017.355155410103
SEN,2025-05-01 18:00:00,8815.074103205405
SEN,2025-05-01 19:00:00,8640.6105276589
SEN,2025-05-01 20:00:00,8667.231080066602
SEN,2025-05-01 21:00:00,8782.258167124204
SEN,2025-05-01 22:00:00,8705.493245010402
SEN,2025-05-01 23:00:00,8843.296521125896
SEN,2025-05-02 00:00:00,8951.362746464498
SEN,2025-05-02 01:00:00,8699.624239177394
SEN,2025-05-02 02:00:00,8369.9595568302
SEN,2025-05-02 03:00:00,8203.950948872305
SEN,2025-05-02 04:00:00,8363.385750090898
SEN,2025-05-02 05:00:00,8380.8827542598
SEN,2025-05-02 06:00:00,8739.574610015898
SEN,2025-05-02 07:00:00,9086.412944080297
SEN,2025-05-02 08:00:00,9551.735897200506
SEN,2025-05-02 09:00:00,10096.99849076101
SEN,2025-05-02 10:00:00,10653.066332851291
SEN,2025-05-02 11:00:00,10766.373475803608
SEN,2025-05-02 12:00:00,10791.8741340531
SEN,2025-05-02 13:00:00,10772.21932296171
SEN,2025-05-02 14:00:00,10954.649160978795
SEN,2025-05-02 15:00:00,10778.980933572595
SEN,2025-05-02 16:00:00,10355.647915142694
SEN,2025-05-02 17:00:00,9883.362959461805
SEN,2025-05-02 18:00:00,9939.210749444008
SEN,2025-05-02 19:00:00,9609.329157623799
SEN,2025-05-02 20:00:00,9308.6369052709
SEN,2025-05-02 21:00:00,9147.277850126002
SEN,2025-05-02 22:00:00,9167.050616080001
SEN,2025-05-02 23:00:00,9254.528936741897
SEN,2025-05-03 00:00:00,9150.5529635858
SEN,2025-05-03 01:00:00,9090.486493845998
SEN,2025-05-03 02:00:00,8835.564305295999
SEN,2025-05-03 03:00:00,8525.9346784588
SEN,2025-05-03 04:00:00,8483.387926728197
SEN,2025-05-03 05:00:00,8586.270079065098
SEN,2025-05-03 06:00:00,8721.657241297495
SEN,2025-05-03 07:00:00,8680.975573009498
SEN,2025-05-03 08:00:00,9051.772965855978
SEN,2025-05-03 09:00:00,9693.254048510707
SEN,2025-05-03 10:00:00,10049.814632210486
SEN,2025-05-03 11:00:00,10177.243023201305
SEN,2025-05-03 12:00:00,10246.506894723101
SEN,2025-05-03 13:00:00,10277.881024178809
SEN,2025-05-03 14:00:00,10299.533620289005
SEN,2025-05-03 15:00:00,10008.233364458192
SEN,2025-05-03 16:00:00,9785.754737069008
SEN,2025-05-03 17:00:00,9582.014891771112
SEN,2025-05-03 18:00:00,9530.592064941708
SEN,2025-05-03 19:00:00,9444.546617982101
SEN,2025-05-03 20:00:00,9245.1377190191
SEN,2025-05-03 21:00:00,9141.48651151779
SEN,2025-05-03 22:00:00,9062.998085839896
SEN,2025-05-03 23:00:00,9066.086658316499
SEN,2025-05-04 00:00:00,8988.890981620907
SEN,2025-05-04 01:00:00,8810.798119099802
SEN,2025-05-04 02:00:00,8567.983719739705
SEN,2025-05-04 03:00:00,8367.692800019597
SEN,2025-05-04 04:00:00,8266.281525364597
SEN,2025-05-04 05:00:00,8206.420125251698
SEN,2025-05-04 06:00:00,8288.228541419703
SEN,2025-05-04 07:00:00,8053.534113957494
SEN,2025-05-04 08:00:00,8379.331585935499
SEN,2025-05-04 09:00:00,9076.117502487803
SEN,2025-05-04 10:00:00,9465.199484285502
SEN,2025-05-04 11:00:00,9515.11947896869
SEN,2025-05-04 12:00:00,9752.705991616689
SEN,2025-05-04 13:00:00,9887.094497103892
SEN,2025-05-04 14:00:00,9723.513839564299
SEN,2025-05-04 15:00:00,9588.299337303903
SEN,2025-05-04 16:00:00,9437.861996028203
SEN,2025-05-04 17:00:00,9343.057003229002
SEN,2025-05-04 18:00:00,9382.036257010712
SEN,2025-05-04 19:00:00,9486.363684558797
SEN,2025-05-04 20:00:00,9546.673154833292
SEN,2025-05-04 21:00:00,9419.714131864506
SEN,2025-05-04 22:00:00,9195.8007729693
SEN,2025-05-04 23:00:00,9014.610859476208
SEN,2025-05-05 00:00:00,8779.0922474303
SEN,2025-05-05 01:00:00,8556.655154387996
SEN,2025-05-05 02:00:00,8487.083374382699
SEN,2025-05-05 03:00:00,8323.236529367095
SEN,2025-05-05 04:00:00,8331.0449651718
SEN,2025-05-05 05:00:00,8458.3080406937
SEN,2025-05-05 06:00:00,8945.214956738797
SEN,2025-05-05 07:00:00,9670.218832475202
SEN,2025-05-05 08:00:00,10167.607228400291
SEN,2025-05-05 09:00:00,10731.696409735016
SEN,2025-05-05 10:00:00,10825.968131632702
SEN,2025-05-05 11:00:00,10944.777258454116
SEN,2025-05-05 12:00:00,11059.256257709825
SEN,2025-05-05 13:00:00,11198.977628599498
SEN,2025-05-05 14:00:00,11112.486972315095
SEN,2025-05-05 15:00:00,10891.404871093495
SEN,2025-05-05 16:00:00,10747.353772821505
SEN,2025-05-05 17:00:00,10293.548798929805
SEN,2025-05-05 18:00:00,9551.761708151505
SEN,2025-05-05 19:00:00,9660.721281974802
SEN,2025-05-05 20:00:00,9759.888541689503
SEN,2025-05-05 21:00:00,9539.885176384401
SEN,2025-05-05 22:00:00,9742.732024259103
SEN,2025-05-05 23:00:00,9770.177908335398
SEN,2025-05-06 00:00:00,9329.153708723697
SEN,2025-05-06 01:00:00,9038.730651681804
SEN,2025-05-06 02:00:00,8808.030361036299
SEN,2025-05-06 03:00:00,8723.647707635302
SEN,2025-05-06 04:00:00,8718.822383647106
SEN,2025-05-06 05:00:00,8741.392452645896
SEN,2025-05-06 06:00:00,9190.705711908298
SEN,2025-05-06 07:00:00,9875.04787416179
SEN,2025-05-06 08:00:00,10412.105612030196
SEN,2025-05-06 09:00:00,10891.001694023798
SEN,2025-05-06 10:00:00,11047.179278713897
SEN,2025-05-06 11:00:00,11288.786249611012
SEN,2025-05-06 12:00:00,11320.975106097805
SEN,2025-05-06 13:00:00,11217.046382450904
SEN,2025-05-06 14:00:00,11280.997008805078
SEN,2025-05-06 15:00:00,11276.489362761798
SEN,2025-05-06 16:00:00,11017.482148633808
SEN,2025-05-06 17:00:00,10435.529285651404
SEN,2025-05-06 18:00:00,9736.451056566108
SEN,2025-05-06 19:00:00,9777.448500354692
SEN,2025-05-06 20:00:00,9755.426942093007
SEN,2025-05-06 21:00:00,9496.276920076805
SEN,2025-05-06 22:00:00,9573.599016851998
SEN,2025-05-06 23:00:00,9504.938151058106
SEN,2025-05-07 00:00:00,9289.998637010705
SEN,2025-05-07 01:00:00,8999.469125780095
SEN,2025-05-07 02:00:00,8772.774806968102
SEN,2025-05-07 03:00:00,8656.568170458802
SEN,2025-05-07 04:00:00,8614.030092304196
SEN,2025-05-07 05:00:00,8790.562650371301
SEN,2025-05-07 06:00:00,9436.969370791008
SEN,2025-05-07 07:00:00,9912.97323060511
SEN,2025-05-07 08:00:00,10160.039455084407
SEN,2025-05-07 09:00:00,10499.291662975107
SEN,2025-05-07 10:00:00,10645.191450015498
SEN,2025-05-07 11:00:00,10918.273635480888
SEN,2025-05-07 12:00:00,11082.75420040451
SEN,2025-05-07 13:00:00,11056.357748611821
SEN,2025-05-07 14:00:00,11117.8497894164
SEN,2025-05-07 15:00:00,11147.309754928498
SEN,2025-05-07 16:00:00,10911.883253021204
SEN,2025-05-07 17:00:00,10478.355222265905
SEN,2025-05-07 18:00:00,10022.695749041904
SEN,2025-05-07 19:00:00,9830.7680471051
SEN,2025-05-07 20:00:00,9689.899476079307
SEN,2025-05-07 21:00:00,9557.639197923296
SEN,2025-05-07 22:00:00,9354.384540585505
SEN,2025-05-07 23:00:00,9132.846686694096
SEN,2025-05-08 00:00:00,8707.284562690706
SEN,2025-05-08 01:00:00,8591.524192242001
SEN,2025-05-08 02:00:00,8589.091163347806
SEN,2025-05-08 03:00:00,8487.756724065002
SEN,2025-05-08 04:00:00,8435.638573214004
SEN,2025-05-08 05:00:00,8545.377040030899
SEN,2025-05-08 06:00:00,9167.203012766202
SEN,2025-05-08 07:00:00,9610.008685825005
SEN,2025-05-08 08:00:00,10486.7909570997
SEN,2025-05-08 09:00:00,10879.141911550887
SEN,2025-05-08 10:00:00,11338.66496626862
SEN,2025-05-08 11:00:00,11466.368416527013
SEN,2025-05-08 12:00:00,11526.370299993687
SEN,2025-05-08 13:00:00,11429.377744229501
SEN,2025-05-08 14:00:00,11352.662298936408
SEN,2025-05-08 15:00:00,11231.967001574607
SEN,2025-05-08 16:00:00,11236.404570183293
SEN,2025-05-08 17:00:00,10508.723405443903
SEN,2025-05-08 18:00:00,9894.234861808107
SEN,2025-05-08 19:00:00,9846.640526952102
SEN,2025-05-08 20:00:00,9801.746122719795
SEN,2025-05-08 21:00:00,9558.7398048791
SEN,2025-05-08 22:00:00,9796.594673234007
SEN,2025-05-08 23:00:00,9734.091036571708
SEN,2025-05-09 00:00:00,9313.5631320052
SEN,2025-05-09 01:00:00,8988.074295209799
SEN,2025-05-09 02:00:00,8665.4609565729
SEN,2025-05-09 03:00:00,8554.327530504295
SEN,2025-05-09 04:00:00,8535.947894172597
SEN,2025-05-09 05:00:00,8556.851282471202
SEN,2025-05-09 06:00:00,9226.620360432305
SEN,2025-05-09 07:00:00,9862.683820482602
SEN,2025-05-09 08:00:00,10394.616893626191
SEN,2025-05-09 09:00:00,10602.54777478811
SEN,2025-05-09 10:00:00,10668.524301563697
SEN,2025-05-09 11:00:00,10657.177694496806
SEN,2025-05-09 12:00:00,10766.647569752893
SEN,2025-05-09 13:00:00,10653.843049229605
SEN,2025-05-09 14:00:00,10686.547410428017
SEN,2025-05-09 15:00:00,10467.2971068009
SEN,2025-05-09 16:00:00,10008.856795878492
SEN,2025-05-09 17:00:00,9851.9087726871
SEN,2025-05-09 18:00:00,9489.3882361224
SEN,2025-05-09 19:00:00,9526.464627472697
SEN,2025-05-09 20:00:00,9497.640659600609
SEN,2025-05-09 21:00:00,9420.176368048202
SEN,2025-05-09 22:00:00,9548.663097954302
SEN,2025-05-09 23:00:00,9343.915336835706
SEN,2025-05-10 00:00:00,9004.413972370901
SEN,2025-05-10 01:00:00,8708.881593677896
SEN,2025-05-10 02:00:00,8406.6567393685
SEN,2025-05-10 03:00:00,8260.484187039001
SEN,2025-05-10 04:00:00,8460.842400265305
SEN,2025-05-10 05:00:00,8459.2216514251
SEN,2025-05-10 06:00:00,8623.701834363497
SEN,2025-05-10 07:00:00,8741.981120984603
SEN,2025-05-10 08:00:00,9279.043790317302
SEN,2025-05-10 09:00:00,9985.100737820008
SEN,2025-05-10 10:00:00,10151.254600584496
SEN,2025-05-10 11:00:00,10184.301831568693
SEN,2025-05-10 12:00:00,10252.313200890294
SEN,2025-05-10 13:00:00,10205.447651659597
SEN,2025-05-10 14:00:00,9847.767849432203
SEN,2025-05-10 15:00:00,9576.460849239229
SEN,2025-05-10 16:00:00,9380.55141748374
SEN,2025-05-10 17:00:00,9365.141322499005
SEN,2025-05-10 18:00:00,9536.595344759608
SEN,2025-05-10 19:00:00,9471.553101169602
SEN,2025-05-10 20:00:00,9198.588039305005
SEN,2025-05-10 21:00:00,8967.278852836494
SEN,2025-05-10 22:00:00,8859.647084732798
SEN,2025-05-10 23:00:00,8896.400690898205
SEN,2025-05-11 00:00:00,8724.636229856698
SEN,2025-05-11 01:00:00,8378.1060398331
SEN,2025-05-11 02:00:00,8238.316721278106
SEN,2025-05-11 03:00:00,8017.8194733470045
SEN,2025-05-11 04:00:00,7929.197364121499
SEN,2025-05-11 05:00:00,7889.619878356108
SEN,2025-05-11 06:00:00,7990.129143607899
SEN,2025-05-11 07:00:00,8104.693243905507
SEN,2025-05-11 08:00:00,8436.849618268603
SEN,2025-05-11 09:00:00,9011.795214497106
SEN,2025-05-11 10:00:00,9407.026055787093
SEN,2025-05-11 11:00:00,9567.660303899402
SEN,2025-05-11 12:00:00,9626.15028643572
SEN,2025-05-11 13:00:00,9705.369708694698
SEN,2025-05-11 14:00:00,9443.556959243604
SEN,2025-05-11 15:00:00,9071.702387793208
SEN,2025-05-11 16:00:00,8982.836892620999
SEN,2025-05-11 17:00:00,9136.377397023989
SEN,2025-05-11 18:00:00,9094.430928777498
SEN,2025-05-11 19:00:00,9204.5920077451
SEN,2025-05-11 20:00:00,9254.731380148003
SEN,2025-05-11 21:00:00,9183.331414440201
SEN,2025-05-11 22:00:00,9186.411434449803
SEN,2025-05-11 23:00:00,8981.690838938897
SEN,2025-05-12 00:00:00,8701.505258493198
SEN,2025-05-12 01:00:00,8431.9497037231
SEN,2025-05-12 02:00:00,8247.461840378499
SEN,2025-05-12 03:00:00,8229.962909390597
SEN,2025-05-12 04:00:00,8208.731778081601
SEN,2025-05-12 05:00:00,8386.0359736021
SEN,2025-05-12 06:00:00,9064.1783161208
SEN,2025-05-12 07:00:00,9715.105094509709
SEN,2025-05-12 08:00:00,10311.281881275796
SEN,2025-05-12 09:00:00,11012.276852241203
SEN,2025-05-12 10:00:00,11124.8216982335
SEN,2025-05-12 11:00:00,10993.68832750199
SEN,2025-05-12 12:00:00,10998.63275664589
SEN,2025-05-12 13:00:00,11001.1577913996
SEN,2025-05-12 14:00:00,10925.298785947014
SEN,2025-05-12 15:00:00,10644.9085118401
SEN,2025-05-12 16:00:00,10331.037694140481
SEN,2025-05-12 17:00:00,9831.235778686701
SEN,2025-05-12 18:00:00,9791.172568335413
SEN,2025-05-12 19:00:00,9761.486789738603
SEN,2025-05-12 20:00:00,9654.4834758736
SEN,2025-05-12 21:00:00,9401.672472184104
SEN,2025-05-12 22:00:00,9445.869794476499
SEN,2025-05-12 23:00:00,9472.768481582994
SEN,2025-05-13 00:00:00,9288.012701779506
SEN,2025-05-13 01:00:00,8922.8457384853
SEN,2025-05-13 02:00:00,8770.457272388905
SEN,2025-05-13 03:00:00,8642.454635896
SEN,2025-05-13 04:00:00,8546.448141960702
SEN,2025-05-13 05:00:00,8518.375850052504
SEN,2025-05-13 06:00:00,9149.654794251199
SEN,2025-05-13 07:00:00,9803.1585765294
SEN,2025-05-13 08:00:00,10470.162554923001
SEN,2025-05-13 09:00:00,10686.744447066905
SEN,2025-05-13 10:00:00,10739.388624184998
SEN,2025-05-13 11:00:00,10775.642955909594
SEN,2025-05-13 12:00:00,10764.172014341004
SEN,2025-05-13 13:00:00,10837.735268201714
SEN,2025-05-13 14:00:00,10834.016094584344
SEN,2025-05-13 15:00:00,10862.364597838
SEN,2025-05-13 16:00:00,10765.06915766138
SEN,2025-05-13 17:00:00,9890.849198258098
SEN,2025-05-13 18:00:00,9571.035482832998
SEN,2025-05-13 19:00:00,9796.344647445603
SEN,2025-05-13 20:00:00,9636.168190151802
SEN,2025-05-13 21:00:00,9434.025860614298
SEN,2025-05-13 22:00:00,9535.516908510894
SEN,2025-05-13 23:00:00,9370.514409966494
SEN,2025-05-14 00:00:00,9168.651511633998
SEN,2025-05-14 01:00:00,8762.021698022398
SEN,2025-05-14 02:00:00,8487.722170690196
SEN,2025-05-14 03:00:00,8352.074752414594
SEN,2025-05-14 04:00:00,8347.079320211695
SEN,2025-05-14 05:00:00,8474.711156035302
SEN,2025-05-14 06:00:00,8962.3684339318
SEN,2025-05-14 07:00:00,9656.435899624208
SEN,2025-05-14 08:00:00,10070.023372405587
SEN,2025-05-14 09:00:00,10419.584192963084
SEN,2025-05-14 10:00:00,10599.600461439904
SEN,2025-05-14 11:00:00,10668.557488588198
SEN,2025-05-14 12:00:00,10406.486162362995
SEN,2025-05-14 13:00:00,10449.7100392084
SEN,2025-05-14 14:00:00,10357.953409288393
SEN,2025-05-14 15:00:00,10245.701928789798
SEN,2025-05-14 16:00:00,10213.718919407798
SEN,2025-05-14 17:00:00,9627.167512218995
SEN,2025-05-14 18:00:00,9780.978429393284
SEN,2025-05-14 19:00:00,9763.330959323099
SEN,2025-05-14 20:00:00,9704.711432162296
SEN,2025-05-14 21:00:00,9577.6324652546
SEN,2025-05-14 22:00:00,9569.473351132505
SEN,2025-05-14 23:00:00,9409.592683696601
SEN,2025-05-15 00:00:00,9109.188107195494
SEN,2025-05-15 01:00:00,8774.6819286382
SEN,2025-05-15 02:00:00,8596.6289806174
SEN,2025-05-15 03:00:00,8316.416809517303
SEN,2025-05-15 04:00:00,8294.1314589271
SEN,2025-05-15 05:00:00,8446.024037163905
SEN,2025-05-15 06:00:00,9121.653845179102
SEN,2025-05-15 07:00:00,9684.387081083394
SEN,2025-05-15 08:00:00,10157.01614333139
SEN,2025-05-15 09:00:00,10524.0278600837
SEN,2025-05-15 10:00:00,10618.483415134513
SEN,2025-05-15 11:00:00,10673.984094989282
SEN,2025-05-15 12:00:00,10498.497937659311
SEN,2025-05-15 13:00:00,10672.961847826598
SEN,2025-05-15 14:00:00,10634.812889054607
SEN,2025-05-15 15:00:00,10545.194055052292
SEN,2025-05-15 16:00:00,10201.269645883305
SEN,2025-05-15 17:00:00,9793.148828432104
SEN,2025-05-15 18:00:00,9413.991700037895
SEN,2025-05-15 19:00:00,9322.33890890139
SEN,2025-05-15 20:00:00,9090.3755952385
SEN,2025-05-15 21:00:00,9102.0800229898
SEN,2025-05-15 22:00:00,9264.595251492305
SEN,2025-05-15 23:00:00,9452.596290225849
SEN,2025-05-16 00:00:00,9091.953281895796
SEN,2025-05-16 01:00:00,8774.980857255607
SEN,2025-05-16 02:00:00,8504.310511590002
SEN,2025-05-16 03:00:00,8404.788505105316
SEN,2025-05-16 04:00:00,8414.4807147986
SEN,2025-05-16 05:00:00,8640.207698432208
SEN,2025-05-16 06:00:00,9295.160523338396
SEN,2025-05-16 07:00:00,9867.347063120988
SEN,2025-05-16 08:00:00,10399.071938725298
SEN,2025-05-16 09:00:00,10943.4338227058
SEN,2025-05-16 10:00:00,10935.82596091421
SEN,2025-05-16 11:00:00,11070.946656326305
SEN,2025-05-16 12:00:00,11251.109781057316
SEN,2025-05-16 13:00:00,11242.5997595463
SEN,2025-05-16 14:00:00,11071.282865766694
SEN,2025-05-16 15:00:00,10829.473119938308
SEN,2025-05-16 16:00:00,10486.962032183405
SEN,2025-05-16 17:00:00,10115.0723953302
SEN,2025-05-16 18:00:00,9876.497807991702
SEN,2025-05-16 19:00:00,9566.4623078855
SEN,2025-05-16 20:00:00,9449.228867131096
SEN,2025-05-16 21:00:00,9266.952454411801
SEN,2025-05-16 22:00:00,9546.544424318598
SEN,2025-05-16 23:00:00,9712.702861308699
SEN,2025-05-17 00:00:00,9510.490200307499
SEN,2025-05-17 01:00:00,9217.427099001796
SEN,2025-05-17 02:00:00,8907.243881999397
SEN,2025-05-17 03:00:00,8686.650411940122
SEN,2025-05-17 04:00:00,8559.083610554697
SEN,2025-05-17 05:00:00,8528.348890159605
SEN,2025-05-17 06:00:00,8579.117976974898
SEN,2025-05-17 07:00:00,8682.776115256205
SEN,2025-05-17 08:00:00,9200.408953269402
SEN,2025-05-17 09:00:00,9913.77291966352
SEN,2025-05-17 10:00:00,10475.905623345803
SEN,2025-05-17 11:00:00,10699.756110030989
SEN,2025-05-17 12:00:00,10925.291936487693
SEN,2025-05-17 13:00:00,10927.880443953112
SEN,2025-05-17 14:00:00,11161.405211170704
SEN,2025-05-17 15:00:00,11051.3332657201
SEN,2025-05-17 16:00:00,10865.552063419396
SEN,2025-05-17 17:00:00,10153.388763417594
SEN,2025-05-17 18:00:00,9743.500038501903
SEN,2025-05-17 19:00:00,9802.851553844106
SEN,2025-05-17 20:00:00,9794.553056720197
SEN,2025-05-17 21:00:00,9676.213931518601
SEN,2025-05-17 22:00:00,9586.292469792399
SEN,2025-05-17 23:00:00,9460.0637981523
SEN,2025-05-18 00:00:00,9250.533876773301
SEN,2025-05-18 01:00:00,8754.941005157603
SEN,2025-05-18 02:00:00,8517.821206339599
SEN,2025-05-18 03:00:00,8238.084130698899
SEN,2025-05-18 04:00:00,8107.658545635598
SEN,2025-05-18 05:00:00,8077.4966707199965
SEN,2025-05-18 06:00:00,8162.441528013299
SEN,2025-05-18 07:00:00,8132.575502519994
SEN,2025-05-18 08:00:00,8474.4073571153
SEN,2025-05-18 09:00:00,9193.801006878108
SEN,2025-05-18 10:00:00,9759.600680457504
SEN,2025-05-18 11:00:00,10082.16850689399
SEN,2025-05-18 12:00:00,10219.189579562699
SEN,2025-05-18 13:00:00,10359.5306928248
SEN,2025-05-18 14:00:00,10297.145107081395
SEN,2025-05-18 15:00:00,10136.815827503717
SEN,2025-05-18 16:00:00,10056.727502971095
SEN,2025-05-18 17:00:00,10266.788442040719
SEN,2025-05-18 18:00:00,10302.200730512111
SEN,2025-05-18 19:00:00,10091.922864457098
SEN,2025-05-18 20:00:00,9955.479640847298
SEN,2025-05-18 21:00:00,9683.137613709301
SEN,2025-05-18 22:00:00,9623.1361542411
SEN,2025-05-18 23:00:00,9419.053534889
SEN,2025-05-19 00:00:00,9024.454507537104
SEN,2025-05-19 01:00:00,8711.909046887304
SEN,2025-05-19 02:00:00,8478.904436504708
SEN,2025-05-19 03:00:00,8307.326789558005
SEN,2025-05-19 04:00:00,8317.377907428003
SEN,2025-05-19 05:00:00,8357.8915187992
SEN,2025-05-19 06:00:00,8853.853459649104
SEN,2025-05-19 07:00:00,9852.864562830893
SEN,2025-05-19 08:00:00,10361.687026066316
SEN,2025-05-19 09:00:00,10635.480163861701
SEN,2025-05-19 10:00:00,10784.502244732203
SEN,2025-05-19 11:00:00,10883.792694201513
SEN,2025-05-19 12:00:00,11136.166467168403
SEN,2025-05-19 13:00:00,11001.6492172715
SEN,2025-05-19 14:00:00,11011.9947102014
SEN,2025-05-19 15:00:00,11024.84731756921
SEN,2025-05-19 16:00:00,10679.694070017007
SEN,2025-05-19 17:00:00,10168.808738046318
SEN,2025-05-19 18:00:00,9741.5654741861
SEN,2025-05-19 19:00:00,9579.688494064698
SEN,2025-05-19 20:00:00,9369.976004405502
SEN,2025-05-19 21:00:00,9263.610763646797
SEN,2025-05-19 22:00:00,9350.2748175687
SEN,2025-05-19 23:00:00,9222.750227026
SEN,2025-05-20 00:00:00,9173.339755376499
SEN,2025-05-20 01:00:00,8803.651092705499
SEN,2025-05-20 02:00:00,8596.088784161799
SEN,2025-05-20 03:00:00,8488.685490302598
SEN,2025-05-20 04:00:00,8435.599910242303
SEN,2025-05-20 05:00:00,8419.761224954898
SEN,2025-05-20 06:00:00,9073.209769582096
SEN,2025-05-20 07:00:00,9817.191753337702
SEN,2025-05-20 08:00:00,10326.926718844816
SEN,2025-05-20 09:00:00,10823.182816707005
SEN,2025-05-20 10:00:00,10987.477512317613
SEN,2025-05-20 11:00:00,11111.10512729801
SEN,2025-05-20 12:00:00,10923.641643066609
SEN,2025-05-20 13:00:00,10729.945369639989
SEN,2025-05-20 14:00:00,10883.33221691052
SEN,2025-05-20 15:00:00,11036.414083911224
SEN,2025-05-20 16:00:00,10933.364971595387
SEN,2025-05-20 17:00:00,10246.052828340527
SEN,2025-05-20 18:00:00,9175.692063270097
SEN,2025-05-20 19:00:00,9046.7327948537
SEN,2025-05-20 20:00:00,9134.749090340407
SEN,2025-05-20 21:00:00,8975.675838453895
SEN,2025-05-20 22:00:00,9064.464362611303
SEN,2025-05-20 23:00:00,9036.032499998002
SEN,2025-05-21 00:00:00,8707.9646345483
SEN,2025-05-21 01:00:00,8708.3961142851
SEN,2025-05-21 02:00:00,8549.648236816705
SEN,2025-05-21 03:00:00,8408.597485787403
SEN,2025-05-21 04:00:00,8321.1056179072
SEN,2025-05-21 05:00:00,8315.496704065703
SEN,2025-05-21 06:00:00,8343.7336976921
SEN,2025-05-21 07:00:00,8485.319703048111
SEN,2025-05-21 08:00:00,8610.578629719208
SEN,2025-05-21 09:00:00,9354.901337158506
SEN,2025-05-21 10:00:00,9803.923198364686
SEN,2025-05-21 11:00:00,9911.185831382907
SEN,2025-05-21 12:00:00,9953.025623445801
SEN,2025-05-21 13:00:00,10207.707739259591
SEN,2025-05-21 14:00:00,10257.002021553497
SEN,2025-05-21 15:00:00,10083.959278162793
SEN,2025-05-21 16:00:00,10022.084628199204
SEN,2025-05-21 17:00:00,9973.008843425514
SEN,2025-05-21 18:00:00,9670.274668224698
SEN,2025-05-21 19:00:00,9387.555217174795
SEN,2025-05-21 20:00:00,9328.810047997398
SEN,2025-05-21 21:00:00,9278.141183857402
SEN,2025-05-21 22:00:00,9315.9297012849
SEN,2025-05-21 23:00:00,9334.215036868007
SEN,2025-05-22 00:00:00,8987.432513622798
SEN,2025-05-22 01:00:00,8685.3392554267
SEN,2025-05-22 02:00:00,8650.643584052797
SEN,2025-05-22 03:00:00,8516.121487403998
SEN,2025-05-22 04:00:00,8465.135057123101
SEN,2025-05-22 05:00:00,8604.2635078431
SEN,2025-05-22 06:00:00,9200.214153759
SEN,2025-05-22 07:00:00,9946.894513954901
SEN,2025-05-22 08:00:00,10479.59023139879
SEN,2025-05-22 09:00:00,11008.838645698599
SEN,2025-05-22 10:00:00,10958.905868827616
SEN,2025-05-22 11:00:00,10935.969871916108
SEN,2025-05-22 12:00:00,11022.283735109313
SEN,2025-05-22 13:00:00,11240.200468820703
SEN,2025-05-22 14:00:00,11227.622996808794
SEN,2025-05-22 15:00:00,10995.949041408507
SEN,2025-05-22 16:00:00,10766.995832659906
SEN,2025-05-22 17:00:00,9920.898662278605
SEN,2025-05-22 18:00:00,9824.514183627896
SEN,2025-05-22 19:00:00,9937.039167861012
SEN,2025-05-22 20:00:00,9855.6726315915
SEN,2025-05-22 21:00:00,9785.145074626897
SEN,2025-05-22 22:00:00,9833.813937722902
SEN,2025-05-22 23:00:00,9811.072403213304
SEN,2025-05-23 00:00:00,9298.012950159702
SEN,2025-05-23 01:00:00,9010.832707549702
SEN,2025-05-23 02:00:00,8912.319398405894
SEN,2025-05-23 03:00:00,8840.08152145481
SEN,2025-05-23 04:00:00,8827.127594882802
SEN,2025-05-23 05:00:00,8974.1010919661
SEN,2025-05-23 06:00:00,9515.628396895401
SEN,2025-05-23 07:00:00,10078.40341666251
SEN,2025-05-23 08:00:00,10635.682779014089
SEN,2025-05-23 09:00:00,11210.40409000049
SEN,2025-05-23 10:00:00,11481.953189367305
SEN,2025-05-23 11:00:00,11565.797148406602
SEN,2025-05-23 12:00:00,11612.35272276921
SEN,2025-05-23 13:00:00,11640.708701907106
SEN,2025-05-23 14:00:00,11659.883346966793
SEN,2025-05-23 15:00:00,11535.800405617494
SEN,2025-05-23 16:00:00,10895.503835382287
SEN,2025-05-23 17:00:00,10213.633154721
SEN,2025-05-23 18:00:00,9720.564075802897
SEN,2025-05-23 19:00:00,9669.422219125001
SEN,2025-05-23 20:00:00,9809.085947982401
SEN,2025-05-23 21:00:00,9647.080041742896
SEN,2025-05-23 22:00:00,9803.090017268303
SEN,2025-05-23 23:00:00,9776.303781008502
SEN,2025-05-24 00:00:00,9323.900186364895
SEN,2025-05-24 01:00:00,9053.700119011999
SEN,2025-05-24 02:00:00,8804.918391646803
SEN,2025-05-24 03:00:00,8579.056059520399
SEN,2025-05-24 04:00:00,8500.034351631999
SEN,2025-05-24 05:00:00,8501.491639058193
SEN,2025-05-24 06:00:00,8646.513328910101
SEN,2025-05-24 07:00:00,8647.280106953996
SEN,2025-05-24 08:00:00,9298.854806737501
SEN,2025-05-24 09:00:00,10129.584927684497
SEN,2025-05-24 10:00:00,10390.228225520203
SEN,2025-05-24 11:00:00,10509.9132261635
SEN,2025-05-24 12:00:00,10578.431373316906
SEN,2025-05-24 13:00:00,10561.315277961297
SEN,2025-05-24 14:00:00,10511.156446114417
SEN,2025-05-24 15:00:00,10181.950220839604
SEN,2025-05-24 16:00:00,9742.86521833531
SEN,2025-05-24 17:00:00,9572.101473575305
SEN,2025-05-24 18:00:00,9703.556234521895
SEN,2025-05-24 19:00:00,9574.074559493405
SEN,2025-05-24 20:00:00,9439.951904505295
SEN,2025-05-24 21:00:00,9554.457049667806
SEN,2025-05-24 22:00:00,9581.405234081398
SEN,2025-05-24 23:00:00,9299.8605834481
SEN,2025-05-25 00:00:00,8828.4677992758
SEN,2025-05-25 01:00:00,8407.460231898896
SEN,2025-05-25 02:00:00,8412.233678727402
SEN,2025-05-25 03:00:00,8366.016074661302
SEN,2025-05-25 04:00:00,8278.798479233905
SEN,2025-05-25 05:00:00,8209.261758633696
SEN,2025-05-25 06:00:00,8282.625689561099
SEN,2025-05-25 07:00:00,8279.324779812403
SEN,2025-05-25 08:00:00,8621.360001542005
SEN,2025-05-25 09:00:00,9310.378483966111
SEN,2025-05-25 10:00:00,9634.225643679094
SEN,2025-05-25 11:00:00,9889.752630004406
SEN,2025-05-25 12:00:00,10249.03585637141
SEN,2025-05-25 13:00:00,10425.594687476994
SEN,2025-05-25 14:00:00,10558.040323640702
SEN,2025-05-25 15:00:00,10344.550216476497
SEN,2025-05-25 16:00:00,9944.408325872997
SEN,2025-05-25 17:00:00,10138.856606745505
SEN,2025-05-25 18:00:00,10349.963452285801
SEN,2025-05-25 19:00:00,9950.363685604703
SEN,2025-05-25 20:00:00,9814.873563416802
SEN,2025-05-25 21:00:00,9820.257234696992
SEN,2025-05-25 22:00:00,9208.2861958665
SEN,2025-05-25 23:00:00,8847.789866134297
SEN,2025-05-26 00:00:00,9150.647612085799
SEN,2025-05-26 01:00:00,8798.694089328998
SEN,2025-05-26 02:00:00,8616.915980065003
SEN,2025-05-26 03:00:00,8461.539603169802
SEN,2025-05-26 04:00:00,8430.5139176488
SEN,2025-05-26 05:00:00,8580.283602213802
SEN,2025-05-26 06:00:00,9017.582909140003
SEN,2025-05-26 07:00:00,9946.365571673095
SEN,2025-05-26 08:00:00,10418.624715647706
SEN,2025-05-26 09:00:00,11020.936940672096
SEN,2025-05-26 10:00:00,11603.035580989987
SEN,2025-05-26 11:00:00,12018.7539850706
SEN,2025-05-26 12:00:00,12042.54623013429
SEN,2025-05-26 13:00:00,12024.909089019102
SEN,2025-05-26 14:00:00,12082.457334757288
SEN,2025-05-26 15:00:00,11938.657208963603
SEN,2025-05-26 16:00:00,11564.560456653886
SEN,2025-05-26 17:00:00,10976.180084322796
SEN,2025-05-26 18:00:00,10378.392597271499
SEN,2025-05-26 19:00:00,10097.270382830098
SEN,2025-05-26 20:00:00,9982.409984216294
SEN,2025-05-26 21:00:00,9765.66590470729
SEN,2025-05-26 22:00:00,9802.146127596303
SEN,2025-05-26 23:00:00,9979.027314516694
SEN,2025-05-27 00:00:00,9685.511486037505
SEN,2025-05-27 01:00:00,9200.643161762302
SEN,2025-05-27 02:00:00,8922.598931884397
SEN,2025-05-27 03:00:00,8780.0278314796
SEN,2025-05-27 04:00:00,8791.6205541768
SEN,2025-05-27 05:00:00,8951.353858151595
SEN,2025-05-27 06:00:00,9557.347822874106
SEN,2025-05-27 07:00:00,10345.032940859108
SEN,2025-05-27 08:00:00,10889.147479195719
SEN,2025-05-27 09:00:00,11306.7156817893
SEN,2025-05-27 10:00:00,11386.046867266992
SEN,2025-05-27 11:00:00,11435.950696748687
SEN,2025-05-27 12:00:00,11345.6604865531
SEN,2025-05-27 13:00:00,11317.124739054998
SEN,2025-05-27 14:00:00,11309.881145855703
SEN,2025-05-27 15:00:00,11424.796845226201
SEN,2025-05-27 16:00:00,10900.592924008506
SEN,2025-05-27 17:00:00,10543.560219806812
SEN,2025-05-27 18:00:00,10552.803355347103
SEN,2025-05-27 19:00:00,10297.651176695499
SEN,2025-05-27 20:00:00,10441.9351931126
SEN,2025-05-27 21:00:00,10455.1537425644
SEN,2025-05-27 22:00:00,10344.492215397795
SEN,2025-05-27 23:00:00,10120.460107542398
SEN,2025-05-28 00:00:00,9684.430357152203
SEN,2025-05-28 01:00:00,9264.173637232803
SEN,2025-05-28 02:00:00,9098.8609196546
SEN,2025-05-28 03:00:00,8987.869304249702
SEN,2025-05-28 04:00:00,8901.330931760898
SEN,2025-05-28 05:00:00,9045.8591753382
SEN,2025-05-28 06:00:00,9662.544993598905
SEN,2025-05-28 07:00:00,10426.997963194994
SEN,2025-05-28 08:00:00,11062.996076702317
SEN,2025-05-28 09:00:00,11555.101834382893
SEN,2025-05-28 10:00:00,11493.176306701891
SEN,2025-05-28 11:00:00,11593.9707531999
SEN,2025-05-28 12:00:00,11556.50993139111
SEN,2025-05-28 13:00:00,11475.334943528807
SEN,2025-05-28 14:00:00,11357.368354723409
SEN,2025-05-28 15:00:00,11258.144008319498
SEN,2025-05-28 16:00:00,11047.273716685511
SEN,2025-05-28 17:00:00,10467.685178114703
SEN,2025-05-28 18:00:00,10269.722404543998
SEN,2025-05-28 19:00:00,10313.213857139608
SEN,2025-05-28 20:00:00,10361.224388944098
SEN,2025-05-28 21:00:00,10152.379644685798
SEN,2025-05-28 22:00:00,10085.6241045381
SEN,2025-05-28 23:00:00,9955.171909765799
SEN,2025-05-29 00:00:00,9408.7376480081
SEN,2025-05-29 01:00:00,9055.4708701628
SEN,2025-05-29 02:00:00,8960.417719602101
SEN,2025-05-29 03:00:00,8820.461969562099
SEN,2025-05-29 04:00:00,8761.397976548003
SEN,2025-05-29 05:00:00,8935.497144782603
SEN,2025-05-29 06:00:00,9629.419250857194
SEN,2025-05-29 07:00:00,10408.2478157394
SEN,2025-05-29 08:00:00,10893.382172072092
SEN,2025-05-29 09:00:00,11371.882187759105
SEN,2025-05-29 10:00:00,11281.814487597585
SEN,2025-05-29 11:00:00,11188.618625565594
SEN,2025-05-29 12:00:00,11277.489978687314
SEN,2025-05-29 13:00:00,11245.258407761918
SEN,2025-05-29 14:00:00,11212.051259925212
SEN,2025-05-29 15:00:00,11128.80290555971
SEN,2025-05-29 16:00:00,11003.874352260202
SEN,2025-05-29 17:00:00,10310.770199365905
SEN,2025-05-29 18:00:00,9949.089065220604
SEN,2025-05-29 19:00:00,10005.003943129199
SEN,2025-05-29 20:00:00,9965.712726722699
SEN,2025-05-29 21:00:00,9965.839195448802
SEN,2025-05-29 22:00:00,9988.629896349697
SEN,2025-05-29 23:00:00,9815.156232727499
SEN,2025-05-30 00:00:00,9452.390741147303
SEN,2025-05-30 01:00:00,9183.3246681876
SEN,2025-05-30 02:00:00,8930.254840059606
SEN,2025-05-30 03:00:00,8804.4414695253
SEN,2025-05-30 04:00:00,8795.637554365401
SEN,2025-05-30 05:00:00,8897.556817946896
SEN,2025-05-30 06:00:00,9413.924239600095
SEN,2025-05-30 07:00:00,10231.500724342308
SEN,2025-05-30 08:00:00,10676.102758301206
SEN,2025-05-30 09:00:00,11116.37521480861
SEN,2025-05-30 10:00:00,11241.039869239778
SEN,2025-05-30 11:00:00,11317.2252726201
SEN,2025-05-30 12:00:00,11109.800300079503
SEN,2025-05-30 13:00:00,10981.273351823604
SEN,2025-05-30 14:00:00,10897.803380440007
SEN,2025-05-30 15:00:00,10769.604091757197
SEN,2025-05-30 16:00:00,10480.27945437259
SEN,2025-05-30 17:00:00,10187.626668234301
SEN,2025-05-30 18:00:00,10128.516783992201
SEN,2025-05-30 19:00:00,9928.173335253496
SEN,2025-05-30 20:00:00,9894.187388130595
SEN,2025-05-30 21:00:00,9731.607047713802
SEN,2025-05-30 22:00:00,9826.286326896203
SEN,2025-05-30 23:00:00,9575.0053719687
SEN,2025-05-31 00:00:00,9400.858846377303
SEN,2025-05-31 01:00:00,9166.778174145998
SEN,2025-05-31 02:00:00,8923.7961925709
SEN,2025-05-31 03:00:00,8729.235017409997
SEN,2025-05-31 04:00:00,8668.3866879831
SEN,2025-05-31 05:00:00,8760.164064494596
SEN,2025-05-31 06:00:00,8882.42428947591
SEN,2025-05-31 07:00:00,9057.683627521206
SEN,2025-05-31 08:00:00,9498.33649217179
SEN,2025-05-31 09:00:00,10183.434363489017
SEN,2025-05-31 10:00:00,10518.44657379011
SEN,2025-05-31 11:00:00,10548.736378086202
SEN,2025-05-31 12:00:00,10439.383758785998
SEN,2025-05-31 13:00:00,10324.861740093515
SEN,2025-05-31 14:00:00,10258.337330619004
SEN,2025-05-31 15:00:00,10323.116856783892
SEN,2025-05-31 16:00:00,10104.870716019097
SEN,2025-05-31 17:00:00,10366.190943108802
SEN,2025-05-31 18:00:00,10498.069746066103
SEN,2025-05-31 19:00:00,10369.809392202098
SEN,2025-05-31 20:00:00,10209.682022430592
SEN,2025-05-31 21:00:00,10174.581165372001
SEN,2025-05-31 22:00:00,9921.592353907401
SEN,2025-05-31 23:00:00,9457.477351959795
SEN,2025-06-01 00:00:00,9196.1349966224
SEN,2025-06-01 01:00:00,8923.1240916038
SEN,2025-06-01 02:00:00,8659.876756497104
SEN,2025-06-01 03:00:00,8501.024276057606
SEN,2025-06-01 04:00:00,8368.418768046495
SEN,2025-06-01 05:00:00,8273.0712519978
SEN,2025-06-01 06:00:00,8331.205374941299
SEN,2025-06-01 07:00:00,8369.689793229896
SEN,2025-06-01 08:00:00,8698.348994205599
SEN,2025-06-01 09:00:00,9316.28684496379
SEN,2025-06-01 10:00:00,9627.343938607308
SEN,2025-06-01 11:00:00,9666.869574056715
SEN,2025-06-01 12:00:00,9714.912051555595
SEN,2025-06-01 13:00:00,9733.077007461396
SEN,2025-06-01 14:00:00,9615.185078949207
SEN,2025-06-01 15:00:00,9626.853664674294
SEN,2025-06-01 16:00:00,9616.041907498098
SEN,2025-06-01 17:00:00,9753.761006463703
SEN,2025-06-01 18:00:00,9891.559880782796
SEN,2025-06-01 19:00:00,10028.736157170495
SEN,2025-06-01 20:00:00,10159.513056061802
SEN,2025-06-01 21:00:00,10222.778192963899
SEN,2025-06-01 22:00:00,9992.745532515495
SEN,2025-06-01 23:00:00,9664.364905795872
SEN,2025-06-02 00:00:00,8893.722998069798
SEN,2025-06-02 01:00:00,8920.723962975591
SEN,2025-06-02 02:00:00,8663.904705152405
SEN,2025-06-02 03:00:00,8559.140630106107
SEN,2025-06-02 04:00:00,8263.022770282992
SEN,2025-06-02 05:00:00,8664.005901410595
SEN,2025-06-02 06:00:00,9258.449126155498
SEN,2025-06-02 07:00:00,10173.483956121907
SEN,2025-06-02 08:00:00,10752.180077883586
SEN,2025-06-02 09:00:00,11299.155169237509
SEN,2025-06-02 10:00:00,11469.142475007997
SEN,2025-06-02 11:00:00,11476.700171258502
SEN,2025-06-02 12:00:00,11514.916466759792
SEN,2025-06-02 13:00:00,11491.590970811498
SEN,2025-06-02 14:00:00,11451.938048867582
SEN,2025-06-02 15:00:00,11323.0656502286
SEN,2025-06-02 16:00:00,11246.943447501091
SEN,2025-06-02 17:00:00,10782.155136850824
SEN,2025-06-02 18:00:00,10327.1585007892
SEN,2025-06-02 19:00:00,10245.877517527902
SEN,2025-06-02 20:00:00,10070.174012996202
SEN,2025-06-02 21:00:00,10074.091651851702
SEN,2025-06-02 22:00:00,10004.773370951003
SEN,2025-06-02 23:00:00,9791.151325958206
SEN,2025-06-03 00:00:00,9581.6832898469
SEN,2025-06-03 01:00:00,9094.735354796603
SEN,2025-06-03 02:00:00,8809.2805165478
SEN,2025-06-03 03:00:00,8592.629499489503
SEN,2025-06-03 04:00:00,8666.6306336717
SEN,2025-06-03 05:00:00,8714.696522568896
SEN,2025-06-03 06:00:00,9355.134500906404
SEN,2025-06-03 07:00:00,10193.469361692107
SEN,2025-06-03 08:00:00,10743.094523247893
SEN,2025-06-03 09:00:00,11344.989793749715
SEN,2025-06-03 10:00:00,11457.67388640188
SEN,2025-06-03 11:00:00,11522.293197950292
SEN,2025-06-03 12:00:00,11364.131581441206
SEN,2025-06-03 13:00:00,11281.402315139287
SEN,2025-06-03 14:00:00,11471.007497942395
SEN,2025-06-03 15:00:00,11406.448220642817
SEN,2025-06-03 16:00:00,11240.748105653007
SEN,2025-06-03 17:00:00,10879.42296923449
SEN,2025-06-03 18:00:00,10443.724951081495
SEN,2025-06-03 19:00:00,10252.218317644601
SEN,2025-06-03 20:00:00,10306.265811480802
SEN,2025-06-03 21:00:00,10320.420962502201
SEN,2025-06-03 22:00:00,10448.825546813001
SEN,2025-06-03 23:00:00,10175.9982536926
SEN,2025-06-04 00:00:00,9955.641524498606
SEN,2025-06-04 01:00:00,9251.630551392704
SEN,2025-06-04 02:00:00,8909.437775204595
SEN,2025-06-04 03:00:00,8753.1038611896
SEN,2025-06-04 04:00:00,8698.287141828896
SEN,2025-06-04 05:00:00,8824.417654551002
SEN,2025-06-04 06:00:00,9446.107024247893
SEN,2025-06-04 07:00:00,10066.42332359307
SEN,2025-06-04 08:00:00,10655.782096828005
SEN,2025-06-04 09:00:00,11209.231556458306
SEN,2025-06-04 10:00:00,11247.000947972097
SEN,2025-06-04 11:00:00,11091.123993738702
SEN,2025-06-04 12:00:00,10989.28075263871
SEN,2025-06-04 13:00:00,10994.145513783613
SEN,2025-06-04 14:00:00,10929.539832435503
SEN,2025-06-04 15:00:00,10241.927512300503
SEN,2025-06-04 16:00:00,10425.309742600513
SEN,2025-06-04 17:00:00,10090.045027418326
SEN,2025-06-04 18:00:00,9859.142337798497
SEN,2025-06-04 19:00:00,9819.202688200801
SEN,2025-06-04 20:00:00,9846.9540432279
SEN,2025-06-04 21:00:00,9805.640558123596
SEN,2025-06-04 22:00:00,10158.705720370399
SEN,2025-06-04 23:00:00,9983.060092932998
SEN,2025-06-05 00:00:00,9609.960946556195
SEN,2025-06-05 01:00:00,9153.074945014398
SEN,2025-06-05 02:00:00,8870.5628205415
SEN,2025-06-05 03:00:00,8723.375138841906
SEN,2025-06-05 04:00:00,8666.6549356601
SEN,2025-06-05 05:00:00,8802.909328200796
SEN,2025-06-05 06:00:00,9507.685379830898
SEN,2025-06-05 07:00:00,10169.575660225895
SEN,2025-06-05 08:00:00,10792.077825660206
SEN,2025-06-05 09:00:00,11280.037630451297
SEN,2025-06-05 10:00:00,11315.616310448799
SEN,2025-06-05 11:00:00,11230.529893832207
SEN,2025-06-05 12:00:00,11161.468680426598
SEN,2025-06-05 13:00:00,11132.366400320505
SEN,2025-06-05 14:00:00,11106.992302503306
SEN,2025-06-05 15:00:00,10943.483991242892
SEN,2025-06-05 16:00:00,10801.513945440922
SEN,2025-06-05 17:00:00,10578.513005860397
SEN,2025-06-05 18:00:00,10606.689599005294
SEN,2025-06-05 19:00:00,10474.369567229203
SEN,2025-06-05 20:00:00,10374.949293527401
SEN,2025-06-05 21:00:00,9999.123491141603
SEN,2025-06-05 22:00:00,10071.361673307105
SEN,2025-06-05 23:00:00,9856.116429546997
SEN,2025-06-06 00:00:00,9513.636947122797
SEN,2025-06-06 01:00:00,9168.144651265908
SEN,2025-06-06 02:00:00,8858.33071303631
SEN,2025-06-06 03:00:00,8746.6434562763
SEN,2025-06-06 04:00:00,8669.978545218797
SEN,2025-06-06 05:00:00,8716.562968311
SEN,2025-06-06 06:00:00,9307.3933701046
SEN,2025-06-06 07:00:00,10113.060352532904
SEN,2025-06-06 08:00:00,10750.321193082282
SEN,2025-06-06 09:00:00,11238.019816216402
SEN,2025-06-06 10:00:00,11373.681474051493
SEN,2025-06-06 11:00:00,11402.678732573499
SEN,2025-06-06 12:00:00,11523.061687065112
SEN,2025-06-06 13:00:00,11414.268097396402
SEN,2025-06-06 14:00:00,11374.808032568802
SEN,2025-06-06 15:00:00,11106.177716212891
SEN,2025-06-06 16:00:00,10806.65312033429
SEN,2025-06-06 17:00:00,10497.836597758793
SEN,2025-06-06 18:00:00,10125.0503452403
SEN,2025-06-06 19:00:00,10021.923192869903
SEN,2025-06-06 20:00:00,10024.346670743997
SEN,2025-06-06 21:00:00,9955.167732689402
SEN,2025-06-06 22:00:00,10362.956604920195
SEN,2025-06-06 23:00:00,10228.53339192479
SEN,2025-06-07 00:00:00,9745.159345977698
SEN,2025-06-07 01:00:00,9299.319144951796
SEN,2025-06-07 02:00:00,8883.432596153103
SEN,2025-06-07 03:00:00,8730.160381133197
SEN,2025-06-07 04:00:00,8581.6216260896
SEN,2025-06-07 05:00:00,8660.039596730696
SEN,2025-06-07 06:00:00,8764.037518271305
SEN,2025-06-07 07:00:00,8917.164327642095
SEN,2025-06-07 08:00:00,9422.738314017308
SEN,2025-06-07 09:00:00,10153.902283860712
SEN,2025-06-07 10:00:00,10459.3665050385
SEN,2025-06-07 11:00:00,10516.452060997985
SEN,2025-06-07 12:00:00,10486.480999087102
SEN,2025-06-07 13:00:00,10529.757702932307
SEN,2025-06-07 14:00:00,10554.590435963202
SEN,2025-06-07 15:00:00,10288.430149655896
SEN,2025-06-07 16:00:00,10088.523380079812
SEN,2025-06-07 17:00:00,10081.472812818498
SEN,2025-06-07 18:00:00,10010.342210860103
SEN,2025-06-07 19:00:00,10035.082291206401
SEN,2025-06-07 20:00:00,9997.931246609207
SEN,2025-06-07 21:00:00,10018.183210905394
SEN,2025-06-07 22:00:00,10029.251906908099
SEN,2025-06-07 23:00:00,9929.6987065011
SEN,2025-06-08 00:00:00,9598.148154100796
SEN,2025-06-08 01:00:00,9053.4486677318
SEN,2025-06-08 02:00:00,8675.895978978202
SEN,2025-06-08 03:00:00,8445.015924147
SEN,2025-06-08 04:00:00,8285.797678498804
SEN,2025-06-08 05:00:00,8323.1330155096
SEN,2025-06-08 06:00:00,8389.2309187703
SEN,2025-06-08 07:00:00,8445.852490887604
SEN,2025-06-08 08:00:00,8769.149336865197
SEN,2025-06-08 09:00:00,9560.064616460397
SEN,2025-06-08 10:00:00,9962.354477861318
SEN,2025-06-08 11:00:00,10000.182722353198
SEN,2025-06-08 12:00:00,10004.751770616202
SEN,2025-06-08 13:00:00,10103.07611069941
SEN,2025-06-08 14:00:00,9949.099400019906
SEN,2025-06-08 15:00:00,9823.621808273689
SEN,2025-06-08 16:00:00,9764.368883625291
SEN,2025-06-08 17:00:00,9812.888508782893
SEN,2025-06-08 18:00:00,10260.341875574302
SEN,2025-06-08 19:00:00,10100.208340071906
SEN,2025-06-08 20:00:00,10007.328837114197
SEN,2025-06-08 21:00:00,10016.769574740998
SEN,2025-06-08 22:00:00,9937.6794722356
SEN,2025-06-08 23:00:00,9572.363704966994
SEN,2025-06-09 00:00:00,9214.826963331197
SEN,2025-06-09 01:00:00,8774.400932907303
SEN,2025-06-09 02:00:00,8494.062079979902
SEN,2025-06-09 03:00:00,8376.015464793498
SEN,2025-06-09 04:00:00,8370.217599523996
SEN,2025-06-09 05:00:00,8529.157525403598
SEN,2025-06-09 06:00:00,9328.269175614803
SEN,2025-06-09 07:00:00,10240.916015611312
SEN,2025-06-09 08:00:00,10904.435574510599
SEN,2025-06-09 09:00:00,11528.369867450097
SEN,2025-06-09 10:00:00,11566.828455707604
SEN,2025-06-09 11:00:00,11637.364071546403
SEN,2025-06-09 12:00:00,11444.777965476997
SEN,2025-06-09 13:00:00,11482.71017810261
SEN,2025-06-09 14:00:00,11444.49346119218
SEN,2025-06-09 15:00:00,11148.42718653481
SEN,2025-06-09 16:00:00,10985.711405318996
SEN,2025-06-09 17:00:00,10393.207468103896
SEN,2025-06-09 18:00:00,10036.116445002592
SEN,2025-06-09 19:00:00,10146.06368794931
SEN,2025-06-09 20:00:00,10380.301063442881
SEN,2025-06-09 21:00:00,10385.612621078095
SEN,2025-06-09 22:00:00,10493.216806508186
SEN,2025-06-09 23:00:00,10271.4826862927
SEN,2025-06-10 00:00:00,9727.7495067897
SEN,2025-06-10 01:00:00,9275.372464113703
SEN,2025-06-10 02:00:00,8988.145869377493
SEN,2025-06-10 03:00:00,8876.543285042704
SEN,2025-06-10 04:00:00,8822.943805188297
SEN,2025-06-10 05:00:00,8981.343994763996
SEN,2025-06-10 06:00:00,9607.558705936597
SEN,2025-06-10 07:00:00,10409.201051432607
SEN,2025-06-10 08:00:00,10995.198150312306
SEN,2025-06-10 09:00:00,11503.447797367819
SEN,2025-06-10 10:00:00,11446.611107039904
SEN,2025-06-10 11:00:00,11367.611814294098
SEN,2025-06-10 12:00:00,11327.135620039304
SEN,2025-06-10 13:00:00,11280.168978154496
SEN,2025-06-10 14:00:00,11240.065938055403
SEN,2025-06-10 15:00:00,11077.606571737795
SEN,2025-06-10 16:00:00,10845.489456960197
SEN,2025-06-10 17:00:00,10476.179103633198
SEN,2025-06-10 18:00:00,10226.583552546303
SEN,2025-06-10 19:00:00,9998.294666116593
SEN,2025-06-10 20:00:00,9972.810395955501
SEN,2025-06-10 21:00:00,9966.6865368207
SEN,2025-06-10 22:00:00,10254.863646175094
SEN,2025-06-10 23:00:00,10003.9388875949
SEN,2025-06-11 00:00:00,9493.805899272498
SEN,2025-06-11 01:00:00,9211.018003045698
SEN,2025-06-11 02:00:00,8906.570143355597
SEN,2025-06-11 03:00:00,8796.477132384307
SEN,2025-06-11 04:00:00,8751.3154675738
SEN,2025-06-11 05:00:00,8918.713056807203
SEN,2025-06-11 06:00:00,9647.6139030625
SEN,2025-06-11 07:00:00,10361.608662573404
SEN,2025-06-11 08:00:00,10847.929838217788
SEN,2025-06-11 09:00:00,11466.983685618323
SEN,2025-06-11 10:00:00,11761.123114237893
SEN,2025-06-11 11:00:00,11884.900976310604
SEN,2025-06-11 12:00:00,11903.415279772309
SEN,2025-06-11 13:00:00,11937.6169538648
SEN,2025-06-11 14:00:00,11842.512582075095
SEN,2025-06-11 15:00:00,11627.20249484721
SEN,2025-06-11 16:00:00,11495.583844094801
SEN,2025-06-11 17:00:00,11110.56916549761
SEN,2025-06-11 18:00:00,10888.778026004002
SEN,2025-06-11 19:00:00,10678.217570403594
SEN,2025-06-11 20:00:00,10482.689653626305
SEN,2025-06-11 21:00:00,10266.217968861298
SEN,2025-06-11 22:00:00,10169.028047424306
SEN,2025-06-11 23:00:00,9681.908384886301
SEN,2025-06-12 00:00:00,9435.7290010283
SEN,2025-06-12 01:00:00,9060.1676681054
SEN,2025-06-12 02:00:00,8946.460890031902
SEN,2025-06-12 03:00:00,8742.2287080284
SEN,2025-06-12 04:00:00,8641.152941478502
SEN,2025-06-12 05:00:00,8756.712809676304
SEN,2025-06-12 06:00:00,9402.576908324794
SEN,2025-06-12 07:00:00,10181.478427279404
SEN,2025-06-12 08:00:00,10837.717967929482
SEN,2025-06-12 09:00:00,11610.683054920282
SEN,2025-06-12 10:00:00,12010.597392809204
SEN,2025-06-12 11:00:00,11992.63735657892
SEN,2025-06-12 12:00:00,12145.056291541592
SEN,2025-06-12 13:00:00,12129.837040951987
SEN,2025-06-12 14:00:00,12150.637587672398
SEN,2025-06-12 15:00:00,12100.567804709886
SEN,2025-06-12 16:00:00,11915.260286036491
SEN,2025-06-12 17:00:00,11088.49754514528
SEN,2025-06-12 18:00:00,10524.287528761999
SEN,2025-06-12 19:00:00,10596.8441423085
SEN,2025-06-12 20:00:00,10533.2916404937
SEN,2025-06-12 21:00:00,10549.822992020696
SEN,2025-06-12 22:00:00,10678.905987850496
SEN,2025-06-12 23:00:00,10342.599235800804
SEN,2025-06-13 00:00:00,9685.151915081698
SEN,2025-06-13 01:00:00,9269.117628215108
SEN,2025-06-13 02:00:00,8963.081731386399
SEN,2025-06-13 03:00:00,8859.235839657103
SEN,2025-06-13 04:00:00,8870.2415816749
SEN,2025-06-13 05:00:00,9033.796159220097
SEN,2025-06-13 06:00:00,9746.337365141799
SEN,2025-06-13 07:00:00,10542.183036690905
SEN,2025-06-13 08:00:00,11069.429023093404
SEN,2025-06-13 09:00:00,11370.3616185709
SEN,2025-06-13 10:00:00,11445.365006882843
SEN,2025-06-13 11:00:00,11405.440774280332
SEN,2025-06-13 12:00:00,11518.570620612623
SEN,2025-06-13 13:00:00,11433.806218126
SEN,2025-06-13 14:00:00,11293.794902869151
SEN,2025-06-13 15:00:00,11222.084489540268
SEN,2025-06-13 16:00:00,10998.202341317843
SEN,2025-06-13 17:00:00,10661.432606287392
SEN,2025-06-13 18:00:00,10510.927597140306
SEN,2025-06-13 19:00:00,10517.408350301592
SEN,2025-06-13 20:00:00,10643.151433734509
SEN,2025-06-13 21:00:00,10672.662366692604
SEN,2025-06-13 22:00:00,10959.044575196898
SEN,2025-06-13 23:00:00,10695.638726642504
SEN,2025-06-14 00:00:00,10215.711229937197
SEN,2025-06-14 01:00:00,9673.141441282109
SEN,2025-06-14 02:00:00,9290.249040823097
SEN,2025-06-14 03:00:00,9039.547700764302
SEN,2025-06-14 04:00:00,8905.045082084496
SEN,2025-06-14 05:00:00,8809.715324636203
SEN,2025-06-14 06:00:00,8961.844889622704
SEN,2025-06-14 07:00:00,9166.857423072901
SEN,2025-06-14 08:00:00,9691.41502156259
SEN,2025-06-14 09:00:00,10442.99219616899
SEN,2025-06-14 10:00:00,11036.74856095681
SEN,2025-06-14 11:00:00,11144.339160910302
SEN,2025-06-14 12:00:00,10998.090516662784
SEN,2025-06-14 13:00:00,10975.794814443218
SEN,2025-06-14 14:00:00,10857.187015730206
SEN,2025-06-14 15:00:00,10810.994675531005
SEN,2025-06-14 16:00:00,10804.742610319
SEN,2025-06-14 17:00:00,10607.242649578797
SEN,2025-06-14 18:00:00,10212.102231398794
SEN,2025-06-14 19:00:00,10202.374172456526
SEN,2025-06-14 20:00:00,10210.508085926303
SEN,2025-06-14 21:00:00,10062.7372891389
SEN,2025-06-14 22:00:00,9960.112691729104
SEN,2025-06-14 23:00:00,9614.397360674497
SEN,2025-06-15 00:00:00,9357.362949149398
SEN,2025-06-15 01:00:00,8961.9172292391
SEN,2025-06-15 02:00:00,8599.664166321401
SEN,2025-06-15 03:00:00,8362.101296089402
SEN,2025-06-15 04:00:00,8255.777593152801
SEN,2025-06-15 05:00:00,8170.231373385159
SEN,2025-06-15 06:00:00,8164.398834736502
SEN,2025-06-15 07:00:00,8107.9540563989
SEN,2025-06-15 08:00:00,8444.279530835704
SEN,2025-06-15 09:00:00,9211.497039856798
SEN,2025-06-15 10:00:00,9705.937283676383
SEN,2025-06-15 11:00:00,10003.141884030907
SEN,2025-06-15 12:00:00,10279.838517291813
SEN,2025-06-15 13:00:00,10440.390578905142
SEN,2025-06-15 14:00:00,10396.37379183241
SEN,2025-06-15 15:00:00,10275.60961218681
SEN,2025-06-15 16:00:00,10190.669619599596
SEN,2025-06-15 17:00:00,10197.407988316203
SEN,2025-06-15 18:00:00,10190.851971405496
SEN,2025-06-15 19:00:00,9742.586009796905
SEN,2025-06-15 20:00:00,10169.416980855402
SEN,2025-06-15 21:00:00,10083.917381734107
SEN,2025-06-15 22:00:00,10056.061762142901
SEN,2025-06-15 23:00:00,9542.345013523298
SEN,2025-06-16 00:00:00,9078.108567938601
SEN,2025-06-16 01:00:00,8755.391025284496
SEN,2025-06-16 02:00:00,8552.263811352404
SEN,2025-06-16 03:00:00,8368.303219329397
SEN,2025-06-16 04:00:00,8392.6369397087
SEN,2025-06-16 05:00:00,8552.9870808573
SEN,2025-06-16 06:00:00,9199.777707585201
SEN,2025-06-16 07:00:00,9960.89965088999
SEN,2025-06-16 08:00:00,10596.462957960197
SEN,2025-06-16 09:00:00,11072.471461925505
SEN,2025-06-16 10:00:00,11430.973378267252
SEN,2025-06-16 11:00:00,11599.142517967206
SEN,2025-06-16 12:00:00,11776.3473745025
SEN,2025-06-16 13:00:00,11868.786248353608
SEN,2025-06-16 14:00:00,11763.0857520172
SEN,2025-06-16 15:00:00,11666.117773311982
SEN,2025-06-16 16:00:00,11526.872538446914
SEN,2025-06-16 17:00:00,11310.599899590197
SEN,2025-06-16 18:00:00,10948.8082879644
SEN,2025-06-16 19:00:00,11191.877969862804
SEN,2025-06-16 20:00:00,11104.865904552396
SEN,2025-06-16 21:00:00,10911.605632385397
SEN,2025-06-16 22:00:00,10629.711398477806
SEN,2025-06-16 23:00:00,10124.70959021139
SEN,2025-06-17 00:00:00,9144.945182902036
SEN,2025-06-17 01:00:00,8752.0322503606
SEN,2025-06-17 02:00:00,8396.502055585097
SEN,2025-06-17 03:00:00,8429.439245176502
SEN,2025-06-17 04:00:00,8602.0106949321
SEN,2025-06-17 05:00:00,8716.379061755504
SEN,2025-06-17 06:00:00,9380.379905063004
SEN,2025-06-17 07:00:00,10041.8948906359
SEN,2025-06-17 08:00:00,10725.550568289802
SEN,2025-06-17 09:00:00,11324.475911890308
SEN,2025-06-17 10:00:00,11486.637243185598
SEN,2025-06-17 11:00:00,11518.64898028912
SEN,2025-06-17 12:00:00,11593.250746949598
SEN,2025-06-17 13:00:00,11633.26901157351
SEN,2025-06-17 14:00:00,11632.9561256478
SEN,2025-06-17 15:00:00,11331.285447357286
SEN,2025-06-17 16:00:00,11081.494854773802
SEN,2025-06-17 17:00:00,10848.899994252908
SEN,2025-06-17 18:00:00,10826.058662338799
SEN,2025-06-17 19:00:00,10610.208295627705
SEN,2025-06-17 20:00:00,10444.667517584503
SEN,2025-06-17 21:00:00,10424.248888515309
SEN,2025-06-17 22:00:00,10511.5576648576
SEN,2025-06-17 23:00:00,10272.372217126402
SEN,2025-06-18 00:00:00,9618.494601801196
SEN,2025-06-18 01:00:00,8951.798662558076
SEN,2025-06-18 02:00:00,8614.7316641702
SEN,2025-06-18 03:00:00,8527.8457889391
SEN,2025-06-18 04:00:00,8797.274139457602
SEN,2025-06-18 05:00:00,9020.329267412402
SEN,2025-06-18 06:00:00,9574.746444435903
SEN,2025-06-18 07:00:00,10261.653291871204
SEN,2025-06-18 08:00:00,11000.963442694412
SEN,2025-06-18 09:00:00,11568.916079038605
SEN,2025-06-18 10:00:00,11663.851077763295
SEN,2025-06-18 11:00:00,11874.900818819595
SEN,2025-06-18 12:00:00,11766.641183127302
SEN,2025-06-18 13:00:00,11624.906392907002
SEN,2025-06-18 14:00:00,11588.521974582578
SEN,2025-06-18 15:00:00,11307.349150773594
SEN,2025-06-18 16:00:00,10953.984917166597
SEN,2025-06-18 17:00:00,10882.482586196706
SEN,2025-06-18 18:00:00,11050.780034753256
SEN,2025-06-18 19:00:00,10893.3771307591
SEN,2025-06-18 20:00:00,10788.849338817503
SEN,2025-06-18 21:00:00,10522.762674941097
SEN,2025-06-18 22:00:00,10514.498473279098
SEN,2025-06-18 23:00:00,10006.585339064706
SEN,2025-06-19 00:00:00,9333.1870932353
SEN,2025-06-19 01:00:00,8993.030908667204
SEN,2025-06-19 02:00:00,8812.395032622799
SEN,2025-06-19 03:00:00,8815.448680722504
SEN,2025-06-19 04:00:00,8790.071175486295
SEN,2025-06-19 05:00:00,8950.032108133693
SEN,2025-06-19 06:00:00,9610.2522006857
SEN,2025-06-19 07:00:00,10248.078412444404
SEN,2025-06-19 08:00:00,10793.856625942763
SEN,2025-06-19 09:00:00,11526.091259279996
SEN,2025-06-19 10:00:00,11850.6116866475
SEN,2025-06-19 11:00:00,11909.549690296994
SEN,2025-06-19 12:00:00,11800.579379836327
SEN,2025-06-19 13:00:00,11626.208144288012
SEN,2025-06-19 14:00:00,11605.868971236401
SEN,2025-06-19 15:00:00,11457.35019055539
SEN,2025-06-19 16:00:00,11069.215864093312
SEN,2025-06-19 17:00:00,10873.053652448181
SEN,2025-06-19 18:00:00,11014.8337782248
SEN,2025-06-19 19:00:00,10861.903434033999
SEN,2025-06-19 20:00:00,10585.364676971998
SEN,2025-06-19 21:00:00,10378.580531533196
SEN,2025-06-19 22:00:00,10104.714783556305
SEN,2025-06-19 23:00:00,9916.808114826994
SEN,2025-06-20 00:00:00,9619.014987172199
SEN,2025-06-20 01:00:00,9243.251466398302
SEN,2025-06-20 02:00:00,9097.774951481799
SEN,2025-06-20 03:00:00,8893.375662293101
SEN,2025-06-20 04:00:00,8672.133416408898
SEN,2025-06-20 05:00:00,8697.620407061904
SEN,2025-06-20 06:00:00,8783.815754257192
SEN,2025-06-20 07:00:00,9001.1493649786
SEN,2025-06-20 08:00:00,9294.0705609745
SEN,2025-06-20 09:00:00,10028.788962771097
SEN,2025-06-20 10:00:00,10549.348088158
SEN,2025-06-20 11:00:00,10737.518343525313
SEN,2025-06-20 12:00:00,10760.123848752493
SEN,2025-06-20 13:00:00,10765.675380341112
SEN,2025-06-20 14:00:00,10735.112786383608
SEN,2025-06-20 15:00:00,10479.053109719996
SEN,2025-06-20 16:00:00,10062.524195037904
SEN,2025-06-20 17:00:00,10207.45137518302
SEN,2025-06-20 18:00:00,10687.903649355914
SEN,2025-06-20 19:00:00,10407.226324393894
SEN,2025-06-20 20:00:00,10249.096941389102
SEN,2025-06-20 21:00:00,10130.462776630098
SEN,2025-06-20 22:00:00,9945.287521650902
SEN,2025-06-20 23:00:00,9667.6057190809
SEN,2025-06-21 00:00:00,9445.5325388882
SEN,2025-06-21 01:00:00,9014.283257649302
SEN,2025-06-21 02:00:00,8643.631562564102
SEN,2025-06-21 03:00:00,8461.051157004098
SEN,2025-06-21 04:00:00,8557.609852533795
SEN,2025-06-21 05:00:00,8578.5778401237
SEN,2025-06-21 06:00:00,8765.280228196492
SEN,2025-06-21 07:00:00,8895.625954188405
SEN,2025-06-21 08:00:00,9289.812142561343
SEN,2025-06-21 09:00:00,10029.117359143496
SEN,2025-06-21 10:00:00,10539.813907759055
SEN,2025-06-21 11:00:00,10783.317741746487
SEN,2025-06-21 12:00:00,10931.893047285295
SEN,2025-06-21 13:00:00,10995.702978825046
SEN,2025-06-21 14:00:00,10884.355648048138
SEN,2025-06-21 15:00:00,10651.323076792278
SEN,2025-06-21 16:00:00,10468.136517721881
SEN,2025-06-21 17:00:00,10468.60880648212
SEN,2025-06-21 18:00:00,10882.354530173396
SEN,2025-06-21 19:00:00,10636.661471269994
SEN,2025-06-21 20:00:00,10387.567935009896
SEN,2025-06-21 21:00:00,10006.8388811936
SEN,2025-06-21 22:00:00,9778.810494254498
SEN,2025-06-21 23:00:00,9394.403094835194
SEN,2025-06-22 00:00:00,8903.711579386201
SEN,2025-06-22 01:00:00,8581.045171040996
SEN,2025-06-22 02:00:00,8355.944333343396
SEN,2025-06-22 03:00:00,8164.777722989596
SEN,2025-06-22 04:00:00,8159.372906668702
SEN,2025-06-22 05:00:00,8242.015321397104
SEN,2025-06-22 06:00:00,8343.801647240098
SEN,2025-06-22 07:00:00,8496.7645537553
SEN,2025-06-22 08:00:00,8862.817781430398
SEN,2025-06-22 09:00:00,9302.245055063291
SEN,2025-06-22 10:00:00,9810.061509898209
SEN,2025-06-22 11:00:00,9920.693993454091
SEN,2025-06-22 12:00:00,10022.30014859879
SEN,2025-06-22 13:00:00,10248.048361701905
SEN,2025-06-22 14:00:00,10348.89721483088
SEN,2025-06-22 15:00:00,10186.8422292865
SEN,2025-06-22 16:00:00,9980.504316187467
SEN,2025-06-22 17:00:00,10204.756259365598
SEN,2025-06-22 18:00:00,10926.03588637328
SEN,2025-06-22 19:00:00,10884.073795642702
SEN,2025-06-22 20:00:00,10588.895927835707
SEN,2025-06-22 21:00:00,10299.713905913899
SEN,2025-06-22 22:00:00,10002.908989573203
SEN,2025-06-22 23:00:00,9397.563561972602
SEN,2025-06-23 00:00:00,8774.551193448704
SEN,2025-06-23 01:00:00,8409.814563293101
SEN,2025-06-23 02:00:00,8204.769730570597
SEN,2025-06-23 03:00:00,8207.427133320496
SEN,2025-06-23 04:00:00,8169.723341589499
SEN,2025-06-23 05:00:00,8430.727690667303
SEN,2025-06-23 06:00:00,9123.315505034401
SEN,2025-06-23 07:00:00,9830.090840802204
SEN,2025-06-23 08:00:00,10561.909816462492
SEN,2025-06-23 09:00:00,11401.394746491289
SEN,2025-06-23 10:00:00,11686.5402687526
SEN,2025-06-23 11:00:00,11654.935967329211
SEN,2025-06-23 12:00:00,11611.484932712314
SEN,2025-06-23 13:00:00,11656.074641515708
SEN,2025-06-23 14:00:00,11719.935220872609
SEN,2025-06-23 15:00:00,11635.688523289005
SEN,2025-06-23 16:00:00,11458.040928755196
SEN,2025-06-23 17:00:00,11038.697269441564
SEN,2025-06-23 18:00:00,11007.593166107468
SEN,2025-06-23 19:00:00,11115.959824490405
SEN,2025-06-23 20:00:00,10885.729800639298
SEN,2025-06-23 21:00:00,10773.671113794597
SEN,2025-06-23 22:00:00,10655.172334539404
SEN,2025-06-23 23:00:00,10181.171758333909
SEN,2025-06-24 00:00:00,9326.669652916304
SEN,2025-06-24 01:00:00,9146.215450696796
SEN,2025-06-24 02:00:00,8947.490289814696
SEN,2025-06-24 03:00:00,8837.9946765039
SEN,2025-06-24 04:00:00,8816.372728757004
SEN,2025-06-24 05:00:00,8818.455993072406
SEN,2025-06-24 06:00:00,9326.651582883203
SEN,2025-06-24 07:00:00,10089.048836110904
SEN,2025-06-24 08:00:00,10784.799720896419
SEN,2025-06-24 09:00:00,11380.871898226305
SEN,2025-06-24 10:00:00,11539.943583742499
SEN,2025-06-24 11:00:00,11464.814368662897
SEN,2025-06-24 12:00:00,11367.477065103783
SEN,2025-06-24 13:00:00,11494.77546015771
SEN,2025-06-24 14:00:00,11433.938461982487
SEN,2025-06-24 15:00:00,11414.118716967589
SEN,2025-06-24 16:00:00,11144.193076839229
SEN,2025-06-24 17:00:00,10886.178412956864
SEN,2025-06-24 18:00:00,10907.917363416738
SEN,2025-06-24 19:00:00,10794.948120753157
SEN,2025-06-24 20:00:00,10708.229189631802
SEN,2025-06-24 21:00:00,10755.970062563696
SEN,2025-06-24 22:00:00,10718.8699031841
SEN,2025-06-24 23:00:00,10150.1836870341
SEN,2025-06-25 00:00:00,9449.331037810427
SEN,2025-06-25 01:00:00,8976.611783377599
SEN,2025-06-25 02:00:00,8636.581644905531
SEN,2025-06-25 03:00:00,8517.934473466821
SEN,2025-06-25 04:00:00,8532.712927395614
SEN,2025-06-25 05:00:00,8736.167991029777
SEN,2025-06-25 06:00:00,9294.626292961031
SEN,2025-06-25 07:00:00,10016.92875244526
SEN,2025-06-25 08:00:00,10689.714046946625
SEN,2025-06-25 09:00:00,11211.901915557235
SEN,2025-06-25 10:00:00,11515.794178988994
SEN,2025-06-25 11:00:00,11587.92996174059
SEN,2025-06-25 12:00:00,11540.765435445277
SEN,2025-06-25 13:00:00,11464.463325181268
SEN,2025-06-25 14:00:00,11214.365011675505
SEN,2025-06-25 15:00:00,10907.687339972093
SEN,2025-06-25 16:00:00,10806.461436239202
SEN,2025-06-25 17:00:00,10515.804722143193
SEN,2025-06-25 18:00:00,10711.881585742056
SEN,2025-06-25 19:00:00,10753.41396149296
SEN,2025-06-25 20:00:00,10409.289132986898
SEN,2025-06-25 21:00:00,10192.183191536984
SEN,2025-06-25 22:00:00,10174.46161619345
SEN,2025-06-25 23:00:00,9696.835204235862
SEN,2025-06-26 00:00:00,9020.212494869056
SEN,2025-06-26 01:00:00,8620.765852915398
SEN,2025-06-26 02:00:00,8390.09429913394
SEN,2025-06-26 03:00:00,8227.11242164765
SEN,2025-06-26 04:00:00,8181.848411828789
SEN,2025-06-26 05:00:00,8075.8068825296505
SEN,2025-06-26 06:00:00,8719.598981440611
SEN,2025-06-26 07:00:00,9466.036424766677
SEN,2025-06-26 08:00:00,10122.966229177326
SEN,2025-06-26 09:00:00,10773.830602140317
SEN,2025-06-26 10:00:00,11033.076778256822
SEN,2025-06-26 11:00:00,11230.478703879799
SEN,2025-06-26 12:00:00,11160.592717459636
SEN,2025-06-26 13:00:00,11202.715256977235
SEN,2025-06-26 14:00:00,11226.750160060477
SEN,2025-06-26 15:00:00,10891.21681263363
SEN,2025-06-26 16:00:00,10666.184142441465
SEN,2025-06-26 17:00:00,10603.940453485313
SEN,2025-06-26 18:00:00,10730.43830474034
SEN,2025-06-26 19:00:00,10453.484660088207
SEN,2025-06-26 20:00:00,10175.136472745908
SEN,2025-06-26 21:00:00,10106.129539965807
SEN,2025-06-26 22:00:00,10168.501717546804
SEN,2025-06-26 23:00:00,9836.515311208395
SEN,2025-06-27 00:00:00,9480.6538882142
SEN,2025-06-27 01:00:00,9060.376556456302
SEN,2025-06-27 02:00:00,8732.200725312794
SEN,2025-06-27 03:00:00,8507.905008748401
SEN,2025-06-27 04:00:00,8494.331570577304
SEN,2025-06-27 05:00:00,8612.173680489997
SEN,2025-06-27 06:00:00,9104.429194954202
SEN,2025-06-27 07:00:00,9702.651613516795
SEN,2025-06-27 08:00:00,10348.560442537844
SEN,2025-06-27 09:00:00,11313.528647970308
SEN,2025-06-27 10:00:00,11824.5303750247
SEN,2025-06-27 11:00:00,11932.510978935688
SEN,2025-06-27 12:00:00,12037.286205790722
SEN,2025-06-27 13:00:00,11901.369604361691
SEN,2025-06-27 14:00:00,12024.015803739901
SEN,2025-06-27 15:00:00,11737.808585771096
SEN,2025-06-27 16:00:00,11213.30746462801
SEN,2025-06-27 17:00:00,10758.748306088803
SEN,2025-06-27 18:00:00,10442.909711012802
SEN,2025-06-27 19:00:00,10325.593305389499
SEN,2025-06-27 20:00:00,10103.712399387105
SEN,2025-06-27 21:00:00,9950.414916979189
SEN,2025-06-27 22:00:00,10103.252499041699
SEN,2025-06-27 23:00:00,10092.971756028399
SEN,2025-06-28 00:00:00,9822.100679632395
SEN,2025-06-28 01:00:00,9261.834970847794
SEN,2025-06-28 02:00:00,8916.650676595502
SEN,2025-06-28 03:00:00,8616.867499908401
SEN,2025-06-28 04:00:00,8528.076336134198
SEN,2025-06-28 05:00:00,8509.822022393793
SEN,2025-06-28 06:00:00,8599.3756305531
SEN,2025-06-28 07:00:00,8919.105869807205
SEN,2025-06-28 08:00:00,9374.167994727255
SEN,2025-06-28 09:00:00,10113.392908014404
SEN,2025-06-28 10:00:00,10543.06062483432
SEN,2025-06-28 11:00:00,10881.365263225693
SEN,2025-06-28 12:00:00,10969.2676523002
SEN,2025-06-28 13:00:00,11021.586561923006
SEN,2025-06-28 14:00:00,10981.293361362095
SEN,2025-06-28 15:00:00,10724.201020064294
SEN,2025-06-28 16:00:00,10187.831916075154
SEN,2025-06-28 17:00:00,9982.771968772473
SEN,2025-06-28 18:00:00,10159.01943163806
SEN,2025-06-28 19:00:00,9969.728539035004
SEN,2025-06-28 20:00:00,9957.810365415304
SEN,2025-06-28 21:00:00,9908.976400110796
SEN,2025-06-28 22:00:00,9853.646522408699
SEN,2025-06-28 23:00:00,9773.926927198097
SEN,2025-06-29 00:00:00,9455.479783472294
SEN,2025-06-29 01:00:00,9092.7836047296
SEN,2025-06-29 02:00:00,8712.029405659494
SEN,2025-06-29 03:00:00,8430.905965289501
SEN,2025-06-29 04:00:00,8336.265120073303
SEN,2025-06-29 05:00:00,8294.944156503601
SEN,2025-06-29 06:00:00,8340.197424100395
SEN,2025-06-29 07:00:00,8443.278239467403
SEN,2025-06-29 08:00:00,8809.323615723635
SEN,2025-06-29 09:00:00,9644.295937229297
SEN,2025-06-29 10:00:00,10307.382517100603
SEN,2025-06-29 11:00:00,10471.245812583806
SEN,2025-06-29 12:00:00,10436.299081655396
SEN,2025-06-29 13:00:00,10468.977496295405
SEN,2025-06-29 14:00:00,10171.685587016402
SEN,2025-06-29 15:00:00,9879.794368453997
SEN,2025-06-29 16:00:00,9770.427842133202
SEN,2025-06-29 17:00:00,10056.52151990698
SEN,2025-06-29 18:00:00,10655.473997255762
SEN,2025-06-29 19:00:00,10580.243014944308
SEN,2025-06-29 20:00:00,10738.492216274899
SEN,2025-06-29 21:00:00,10679.4804917058
SEN,2025-06-29 22:00:00,10360.006140046702
SEN,2025-06-29 23:00:00,9862.109050911109
SEN,2025-06-30 00:00:00,9395.1610471399
SEN,2025-06-30 01:00:00,8784.862633366
SEN,2025-06-30 02:00:00,8506.953889742803
SEN,2025-06-30 03:00:00,8171.4985559531015
SEN,2025-06-30 04:00:00,8027.1573784888
SEN,2025-06-30 05:00:00,8190.077869242805
SEN,2025-06-30 06:00:00,8692.918931148806
SEN,2025-06-30 07:00:00,9536.310285818803
SEN,2025-06-30 08:00:00,10740.573203092968
SEN,2025-06-30 09:00:00,11675.484024150912
SEN,2025-06-30 10:00:00,11959.293467190795
SEN,2025-06-30 11:00:00,11898.869995625897
SEN,2025-06-30 12:00:00,11878.882499566398
SEN,2025-06-30 13:00:00,11708.476833411092
SEN,2025-06-30 14:00:00,11674.133712118899
SEN,2025-06-30 15:00:00,11731.482955833593
SEN,2025-06-30 16:00:00,11803.483629328695
SEN,2025-06-30 17:00:00,11067.090071436327
SEN,2025-06-30 18:00:00,10529.315362108338
SEN,2025-06-30 19:00:00,10536.651693589303
SEN,2025-06-30 20:00:00,10485.847957329803
SEN,2025-06-30 21:00:00,10485.034891556705
SEN,2025-06-30 22:00:00,10727.914801821493
SEN,2025-06-30 23:00:00,10405.658615733897
SEN,2025-07-01 00:00:00,10010.886523927296
SEN,2025-07-01 01:00:00,9412.857086317796
SEN,2025-07-01 02:00:00,9004.120882306897
SEN,2025-07-01 03:00:00,8793.413360287499
SEN,2025-07-01 04:00:00,8702.8113036309
SEN,2025-07-01 05:00:00,8828.006913150997
SEN,2025-07-01 06:00:00,9301.769082418698
SEN,2025-07-01 07:00:00,9967.381156104704
SEN,2025-07-01 08:00:00,10913.059704090745
SEN,2025-07-01 09:00:00,11724.196360147856
SEN,2025-07-01 10:00:00,11658.169991746998
SEN,2025-07-01 11:00:00,11530.926022121414
SEN,2025-07-01 12:00:00,11320.543880137799
SEN,2025-07-01 13:00:00,11180.453609287399
SEN,2025-07-01 14:00:00,11223.027389588797
SEN,2025-07-01 15:00:00,10934.172255329542
SEN,2025-07-01 16:00:00,10839.537604587855
SEN,2025-07-01 17:00:00,10661.756313402908
SEN,2025-07-01 18:00:00,10326.328661294
SEN,2025-07-01 19:00:00,10265.47097921561
SEN,2025-07-01 20:00:00,10048.259838576401
SEN,2025-07-01 21:00:00,9863.103967183495
SEN,2025-07-01 22:00:00,10085.472372826896
SEN,2025-07-01 23:00:00,10002.522767811502
SEN,2025-07-02 00:00:00,9504.188454552015
SEN,2025-07-02 01:00:00,9165.030394309504
SEN,2025-07-02 02:00:00,8914.417043505598
SEN,2025-07-02 03:00:00,8752.080354260495
SEN,2025-07-02 04:00:00,8678.651315484998
SEN,2025-07-02 05:00:00,8800.611514141996
SEN,2025-07-02 06:00:00,9272.130691127297
SEN,2025-07-02 07:00:00,9839.06460090539
SEN,2025-07-02 08:00:00,10481.256158805167
SEN,2025-07-02 09:00:00,11120.858835630814
SEN,2025-07-02 10:00:00,11291.920255348203
SEN,2025-07-02 11:00:00,11317.3169629368
SEN,2025-07-02 12:00:00,11274.872474086209
SEN,2025-07-02 13:00:00,11194.829693820102
SEN,2025-07-02 14:00:00,11001.01957064149
SEN,2025-07-02 15:00:00,10783.031633279485
SEN,2025-07-02 16:00:00,10583.508545834255
SEN,2025-07-02 17:00:00,10316.910638083182
SEN,2025-07-02 18:00:00,10423.089670460498
SEN,2025-07-02 19:00:00,10286.119114574807
SEN,2025-07-02 20:00:00,9979.3114467872
SEN,2025-07-02 21:00:00,9898.895769690698
SEN,2025-07-02 22:00:00,10009.539405711008
SEN,2025-07-02 23:00:00,10103.842230779208
SEN,2025-07-03 00:00:00,9539.713415222493
SEN,2025-07-03 01:00:00,9066.209632620494
SEN,2025-07-03 02:00:00,8819.577099126598
SEN,2025-07-03 03:00:00,8622.811994499698
SEN,2025-07-03 04:00:00,8600.775442623297
SEN,2025-07-03 05:00:00,8662.107008274195
SEN,2025-07-03 06:00:00,9180.602918141103
SEN,2025-07-03 07:00:00,9728.977833275503
SEN,2025-07-03 08:00:00,10417.943341501552
SEN,2025-07-03 09:00:00,11112.913019366897
SEN,2025-07-03 10:00:00,11301.012811957897
SEN,2025-07-03 11:00:00,11234.34743579812
SEN,2025-07-03 12:00:00,11177.59231156331
SEN,2025-07-03 13:00:00,11239.658972869292
SEN,2025-07-03 14:00:00,11156.272261150794
SEN,2025-07-03 15:00:00,11021.16319853301
SEN,2025-07-03 16:00:00,10935.791295688385
SEN,2025-07-03 17:00:00,10207.096559008896
SEN,2025-07-03 18:00:00,9994.340291061802
SEN,2025-07-03 19:00:00,10054.354766545704
SEN,2025-07-03 20:00:00,10047.400059806698
SEN,2025-07-03 21:00:00,9950.642182257903
SEN,2025-07-03 22:00:00,10148.303750035608
SEN,2025-07-03 23:00:00,9970.573094025602
SEN,2025-07-04 00:00:00,9576.970993298302
SEN,2025-07-04 01:00:00,9118.724192269103
SEN,2025-07-04 02:00:00,8877.079059601201
SEN,2025-07-04 03:00:00,8741.979189332098
SEN,2025-07-04 04:00:00,8677.135482050493
SEN,2025-07-04 05:00:00,8774.763043319295
SEN,2025-07-04 06:00:00,9199.664321917899
SEN,2025-07-04 07:00:00,9769.546315839905
SEN,2025-07-04 08:00:00,10379.974743780658
SEN,2025-07-04 09:00:00,11183.689776509184
SEN,2025-07-04 10:00:00,11370.921388414397
SEN,2025-07-04 11:00:00,11364.8151454734
SEN,2025-07-04 12:00:00,11204.669458628905
SEN,2025-07-04 13:00:00,11123.467093804815
SEN,2025-07-04 14:00:00,10979.268079318788
SEN,2025-07-04 15:00:00,10967.849311658902
SEN,2025-07-04 16:00:00,10645.391523668644
SEN,2025-07-04 17:00:00,10091.286337903928
SEN,2025-07-04 18:00:00,9726.127216848
SEN,2025-07-04 19:00:00,9685.315746586008
SEN,2025-07-04 20:00:00,9672.541515390694
SEN,2025-07-04 21:00:00,9698.935660670097
SEN,2025-07-04 22:00:00,10033.319575693302
SEN,2025-07-04 23:00:00,10120.749123929201
SEN,2025-07-05 00:00:00,9778.096458182003
SEN,2025-07-05 01:00:00,9350.221280801801
SEN,2025-07-05 02:00:00,9004.5567627
SEN,2025-07-05 03:00:00,8751.248644220404
SEN,2025-07-05 04:00:00,8634.288538693705
SEN,2025-07-05 05:00:00,8646.126044458302
SEN,2025-07-05 06:00:00,8754.181671188699
SEN,2025-07-05 07:00:00,8884.400534134991
SEN,2025-07-05 08:00:00,9265.591773304199
SEN,2025-07-05 09:00:00,10057.905996108897
SEN,2025-07-05 10:00:00,10600.177758142145
SEN,2025-07-05 11:00:00,10821.185979068587
SEN,2025-07-05 12:00:00,10850.7536697895
SEN,2025-07-05 13:00:00,11014.993925906903
SEN,2025-07-05 14:00:00,10894.800794507619
SEN,2025-07-05 15:00:00,10698.887549720155
SEN,2025-07-05 16:00:00,10450.267071393144
SEN,2025-07-05 17:00:00,10101.7367627335
SEN,2025-07-05 18:00:00,9769.699503454804
SEN,2025-07-05 19:00:00,9611.647310948396
SEN,2025-07-05 20:00:00,9554.126079158108
SEN,2025-07-05 21:00:00,9407.674044913701
SEN,2025-07-05 22:00:00,9510.342152988507
SEN,2025-07-05 23:00:00,9542.326235594806
SEN,2025-07-06 00:00:00,9324.972819794204
SEN,2025-07-06 01:00:00,8937.1102707879
SEN,2025-07-06 02:00:00,8582.591437180996
SEN,2025-07-06 03:00:00,8361.748238119704
SEN,2025-07-06 04:00:00,8282.401171272099
SEN,2025-07-06 05:00:00,8273.336440785399
SEN,2025-07-06 06:00:00,8313.140154876204
SEN,2025-07-06 07:00:00,8516.840566639403
SEN,2025-07-06 08:00:00,8623.585252701809
SEN,2025-07-06 09:00:00,9169.055326088206
SEN,2025-07-06 10:00:00,9703.412216788267
SEN,2025-07-06 11:00:00,9927.26855624457
SEN,2025-07-06 12:00:00,10021.902427589763
SEN,2025-07-06 13:00:00,10120.534378692253
SEN,2025-07-06 14:00:00,10084.393410522513
SEN,2025-07-06 15:00:00,9799.189309057327
SEN,2025-07-06 16:00:00,9744.938606527328
SEN,2025-07-06 17:00:00,9832.793930730302
SEN,2025-07-06 18:00:00,10192.663203118707
SEN,2025-07-06 19:00:00,10270.433341268004
SEN,2025-07-06 20:00:00,10007.875654614902
SEN,2025-07-06 21:00:00,9644.799588380602
SEN,2025-07-06 22:00:00,9762.199551547405
SEN,2025-07-06 23:00:00,9445.221542701496
SEN,2025-07-07 00:00:00,9185.716375410298
SEN,2025-07-07 01:00:00,8778.7391404307
SEN,2025-07-07 02:00:00,8577.079165634505
SEN,2025-07-07 03:00:00,8348.147630679301
SEN,2025-07-07 04:00:00,8309.123870911104
SEN,2025-07-07 05:00:00,8353.301171315603
SEN,2025-07-07 06:00:00,8801.163800661705
SEN,2025-07-07 07:00:00,9785.08031615381
SEN,2025-07-07 08:00:00,10674.486659364637
SEN,2025-07-07 09:00:00,11215.68264214156
SEN,2025-07-07 10:00:00,11389.715375138607
SEN,2025-07-07 11:00:00,11302.582093891308
SEN,2025-07-07 12:00:00,11182.93123280719
SEN,2025-07-07 13:00:00,11146.536219544992
SEN,2025-07-07 14:00:00,10927.792919144917
SEN,2025-07-07 15:00:00,10699.589071071681
SEN,2025-07-07 16:00:00,10575.927409617603
SEN,2025-07-07 17:00:00,10321.29660641163
SEN,2025-07-07 18:00:00,10462.400768162595
SEN,2025-07-07 19:00:00,10179.7303117358
SEN,2025-07-07 20:00:00,10058.6897056384
SEN,2025-07-07 21:00:00,9650.8103578503
SEN,2025-07-07 22:00:00,9531.885448253908
SEN,2025-07-07 23:00:00,9446.867717610101
SEN,2025-07-08 00:00:00,9273.037814302195
SEN,2025-07-08 01:00:00,9063.844315610897
SEN,2025-07-08 02:00:00,8880.711439929393
SEN,2025-07-08 03:00:00,8642.847659580995
SEN,2025-07-08 04:00:00,8580.440756095506
SEN,2025-07-08 05:00:00,8728.4933464448
SEN,2025-07-08 06:00:00,9332.580439905903
SEN,2025-07-08 07:00:00,10117.892449829798
SEN,2025-07-08 08:00:00,10707.117625910852
SEN,2025-07-08 09:00:00,11431.388583283699
SEN,2025-07-08 10:00:00,11348.028611975404
SEN,2025-07-08 11:00:00,11584.264787903896
SEN,2025-07-08 12:00:00,11337.819031920104
SEN,2025-07-08 13:00:00,11232.231697322413
SEN,2025-07-08 14:00:00,11109.9784274394
SEN,2025-07-08 15:00:00,10978.20748858621
SEN,2025-07-08 16:00:00,11004.25736377951
SEN,2025-07-08 17:00:00,10616.593198376455
SEN,2025-07-08 18:00:00,10282.882598221595
SEN,2025-07-08 19:00:00,10157.0642678774
SEN,2025-07-08 20:00:00,10084.376008601697
SEN,2025-07-08 21:00:00,9907.909545612003
SEN,2025-07-08 22:00:00,10053.405689554003
SEN,2025-07-08 23:00:00,10108.255615421303
SEN,2025-07-09 00:00:00,9667.521232438407
SEN,2025-07-09 01:00:00,9249.611239746999
SEN,2025-07-09 02:00:00,8933.056737839102
SEN,2025-07-09 03:00:00,8736.80356871
SEN,2025-07-09 04:00:00,8628.007990776701
SEN,2025-07-09 05:00:00,8748.8158077852
SEN,2025-07-09 06:00:00,9440.443077888302
SEN,2025-07-09 07:00:00,10085.052834287506
SEN,2025-07-09 08:00:00,10904.464098526987
SEN,2025-07-09 09:00:00,11715.519960311602
SEN,2025-07-09 10:00:00,11853.528764713401
SEN,2025-07-09 11:00:00,12032.6710784519
SEN,2025-07-09 12:00:00,12135.412083167012
SEN,2025-07-09 13:00:00,12117.307938161191
SEN,2025-07-09 14:00:00,12107.697899134286
SEN,2025-07-09 15:00:00,11983.749342640906
SEN,2025-07-09 16:00:00,11771.78581015731
SEN,2025-07-09 17:00:00,11149.489556842313
SEN,2025-07-09 18:00:00,10729.034953167999
SEN,2025-07-09 19:00:00,10607.904333126195
SEN,2025-07-09 20:00:00,10382.475363534888
SEN,2025-07-09 21:00:00,10165.102417326
SEN,2025-07-09 22:00:00,10245.822090769403
SEN,2025-07-09 23:00:00,9914.57801043799
SEN,2025-07-10 00:00:00,9631.113963993303
SEN,2025-07-10 01:00:00,9276.953517168802
SEN,2025-07-10 02:00:00,9055.499934998401
SEN,2025-07-10 03:00:00,8805.871100328499
SEN,2025-07-10 04:00:00,8804.022189711202
SEN,2025-07-10 05:00:00,8928.873688601696
SEN,2025-07-10 06:00:00,9612.8139064168
SEN,2025-07-10 07:00:00,10278.285294600599
SEN,2025-07-10 08:00:00,11124.797749106956
SEN,2025-07-10 09:00:00,11532.884028526598
SEN,2025-07-10 10:00:00,11798.756424982099
SEN,2025-07-10 11:00:00,11808.540850737405
SEN,2025-07-10 12:00:00,11766.938132277308
SEN,2025-07-10 13:00:00,11590.524151307996
SEN,2025-07-10 14:00:00,11490.833933940903
SEN,2025-07-10 15:00:00,10991.370744347616
SEN,2025-07-10 16:00:00,10880.244645368208
SEN,2025-07-10 17:00:00,10537.164628443956
SEN,2025-07-10 18:00:00,10193.848178931108
SEN,2025-07-10 19:00:00,10252.693699480205
SEN,2025-07-10 20:00:00,10228.580327825905
SEN,2025-07-10 21:00:00,10277.607278117493
SEN,2025-07-10 22:00:00,10510.971372378695
SEN,2025-07-10 23:00:00,10458.578157311504
SEN,2025-07-11 00:00:00,9805.2582313664
SEN,2025-07-11 01:00:00,9297.5244337766
SEN,2025-07-11 02:00:00,9010.9609985496
SEN,2025-07-11 03:00:00,8915.3289427827
SEN,2025-07-11 04:00:00,8868.388031438597
SEN,2025-07-11 05:00:00,9017.3683788427
SEN,2025-07-11 06:00:00,9425.446954451898
SEN,2025-07-11 07:00:00,10085.849157978604
SEN,2025-07-11 08:00:00,11248.951781922176
SEN,2025-07-11 09:00:00,12080.643033193797
SEN,2025-07-11 10:00:00,12143.058547073804
SEN,2025-07-11 11:00:00,11992.409122175011
SEN,2025-07-11 12:00:00,11785.345868004502
SEN,2025-07-11 13:00:00,11473.112554651496
SEN,2025-07-11 14:00:00,11041.84653145771
SEN,2025-07-11 15:00:00,10674.941300677297
SEN,2025-07-11 16:00:00,10418.661304784995
SEN,2025-07-11 17:00:00,10127.67628601787
SEN,2025-07-11 18:00:00,9925.841544096898
SEN,2025-07-11 19:00:00,9937.041437750902
SEN,2025-07-11 20:00:00,9919.644660146601
SEN,2025-07-11 21:00:00,9800.848804007708
SEN,2025-07-11 22:00:00,10003.119525574895
SEN,2025-07-11 23:00:00,9976.0016669201
SEN,2025-07-12 00:00:00,9594.000813450304
SEN,2025-07-12 01:00:00,9257.8995611526
SEN,2025-07-12 02:00:00,8956.8919318385
SEN,2025-07-12 03:00:00,8829.459186736902
SEN,2025-07-12 04:00:00,8711.665370014704
SEN,2025-07-12 05:00:00,8623.603489772297
SEN,2025-07-12 06:00:00,8747.236133285598
SEN,2025-07-12 07:00:00,8936.121694045298
SEN,2025-07-12 08:00:00,9402.316608632727
SEN,2025-07-12 09:00:00,10145.011962379976
SEN,2025-07-12 10:00:00,10658.154410398887
SEN,2025-07-12 11:00:00,10718.635327543998
SEN,2025-07-12 12:00:00,10601.409311680593
SEN,2025-07-12 13:00:00,10555.72315116059
SEN,2025-07-12 14:00:00,10266.566852206903
SEN,2025-07-12 15:00:00,9904.470742568696
SEN,2025-07-12 16:00:00,9798.590683898303
SEN,2025-07-12 17:00:00,9780.855393167963
SEN,2025-07-12 18:00:00,10312.877271897596
SEN,2025-07-12 19:00:00,10132.898271693504
SEN,2025-07-12 20:00:00,9810.332012314399
SEN,2025-07-12 21:00:00,9621.545146405897
SEN,2025-07-12 22:00:00,9544.5010013625
SEN,2025-07-12 23:00:00,9278.720029155005
SEN,2025-07-13 00:00:00,9192.843927200998
SEN,2025-07-13 01:00:00,8727.261779697
SEN,2025-07-13 02:00:00,8313.407391356
SEN,2025-07-13 03:00:00,8097.377625298398
SEN,2025-07-13 04:00:00,8027.834526372897
SEN,2025-07-13 05:00:00,8141.493419854898
SEN,2025-07-13 06:00:00,8165.253315626294
SEN,2025-07-13 07:00:00,8226.246410631597
SEN,2025-07-13 08:00:00,8494.119649029173
SEN,2025-07-13 09:00:00,9294.994512471869
SEN,2025-07-13 10:00:00,9972.990719790816
SEN,2025-07-13 11:00:00,10305.672562230502
SEN,2025-07-13 12:00:00,10417.041909744637
SEN,2025-07-13 13:00:00,10529.844904431196
SEN,2025-07-13 14:00:00,10446.036992848913
SEN,2025-07-13 15:00:00,10203.98884503338
SEN,2025-07-13 16:00:00,10190.759074474292
SEN,2025-07-13 17:00:00,10328.371965362978
SEN,2025-07-13 18:00:00,10556.251069743797
SEN,2025-07-13 19:00:00,10678.289253311408
SEN,2025-07-13 20:00:00,10623.1480058279
SEN,2025-07-13 21:00:00,10495.388526766303
SEN,2025-07-13 22:00:00,10282.295088983305
SEN,2025-07-13 23:00:00,9785.579704871603
SEN,2025-07-14 00:00:00,9350.6363175395
SEN,2025-07-14 01:00:00,8917.489902157304
SEN,2025-07-14 02:00:00,8660.255948347098
SEN,2025-07-14 03:00:00,8466.729158586702
SEN,2025-07-14 04:00:00,8349.513913658298
SEN,2025-07-14 05:00:00,8518.925953075595
SEN,2025-07-14 06:00:00,9170.724565674203
SEN,2025-07-14 07:00:00,9937.314328032304
SEN,2025-07-14 08:00:00,11034.318202248814
SEN,2025-07-14 09:00:00,11835.184320993552
SEN,2025-07-14 10:00:00,12082.12428379606
SEN,2025-07-14 11:00:00,12085.218533724092
SEN,2025-07-14 12:00:00,11936.467291184597
SEN,2025-07-14 13:00:00,11763.331242139287
SEN,2025-07-14 14:00:00,11517.419533904598
SEN,2025-07-14 15:00:00,11407.113402606536
SEN,2025-07-14 16:00:00,11333.12290437524
SEN,2025-07-14 17:00:00,10993.214543934215
SEN,2025-07-14 18:00:00,10634.159137003002
SEN,2025-07-14 19:00:00,10669.440893817005
SEN,2025-07-14 20:00:00,10622.8709295594
SEN,2025-07-14 21:00:00,10399.827981132798
SEN,2025-07-14 22:00:00,10477.8727442205
SEN,2025-07-14 23:00:00,10064.594399031193
SEN,2025-07-15 00:00:00,9519.1385629659
SEN,2025-07-15 01:00:00,9036.353512967902
SEN,2025-07-15 02:00:00,8724.671907313097
SEN,2025-07-15 03:00:00,8536.372334904201
SEN,2025-07-15 04:00:00,8470.613108498403
SEN,2025-07-15 05:00:00,8515.809981333601
SEN,2025-07-15 06:00:00,9468.024254210102
SEN,2025-07-15 07:00:00,10563.103486521695
SEN,2025-07-15 08:00:00,11153.648096015291
SEN,2025-07-15 09:00:00,11949.066583236683
SEN,2025-07-15 10:00:00,12270.665308018315
SEN,2025-07-15 11:00:00,12321.969967461364
SEN,2025-07-15 12:00:00,12179.31541021425
SEN,2025-07-15 13:00:00,12055.29376383801
SEN,2025-07-15 14:00:00,11796.147989479106
SEN,2025-07-15 15:00:00,11552.600306072805
SEN,2025-07-15 16:00:00,11186.962558123452
SEN,2025-07-15 17:00:00,10851.594300936618
SEN,2025-07-15 18:00:00,10688.2162214429
SEN,2025-07-15 19:00:00,10387.955514486895
SEN,2025-07-15 20:00:00,10327.047242185201
SEN,2025-07-15 21:00:00,10102.121116256109
SEN,2025-07-15 22:00:00,9996.668911191106
SEN,2025-07-15 23:00:00,9830.743931440333
SEN,2025-07-16 00:00:00,9697.702725896605
SEN,2025-07-16 01:00:00,9477.248204346
SEN,2025-07-16 02:00:00,9067.884809772102
SEN,2025-07-16 03:00:00,8829.127315475798
SEN,2025-07-16 04:00:00,8712.01222950551
SEN,2025-07-16 05:00:00,8683.2577397192
SEN,2025-07-16 06:00:00,8679.026893984905
SEN,2025-07-16 07:00:00,8817.352922399508
SEN,2025-07-16 08:00:00,9201.955993894422
SEN,2025-07-16 09:00:00,10271.133718261804
SEN,2025-07-16 10:00:00,10670.351975215412
SEN,2025-07-16 11:00:00,10755.293584758712
SEN,2025-07-16 12:00:00,10781.7406565664
SEN,2025-07-16 13:00:00,10644.265876028887
SEN,2025-07-16 14:00:00,10353.988786798094
SEN,2025-07-16 15:00:00,10117.550249462196
SEN,2025-07-16 16:00:00,10020.642553276102
SEN,2025-07-16 17:00:00,10066.485285832878
SEN,2025-07-16 18:00:00,10338.8191542335
SEN,2025-07-16 19:00:00,10473.171205246204
SEN,2025-07-16 20:00:00,10421.7804478994
SEN,2025-07-16 21:00:00,10162.4614638553
SEN,2025-07-16 22:00:00,10009.739581854297
SEN,2025-07-16 23:00:00,9614.807618831104
SEN,2025-07-17 00:00:00,9310.576072173097
SEN,2025-07-17 01:00:00,8885.826889858796
SEN,2025-07-17 02:00:00,8531.4947020741
SEN,2025-07-17 03:00:00,8407.467541079299
SEN,2025-07-17 04:00:00,8432.447027740804
SEN,2025-07-17 05:00:00,8519.253504747596
SEN,2025-07-17 06:00:00,9111.256237298003
SEN,2025-07-17 07:00:00,10105.28484634249
SEN,2025-07-17 08:00:00,10755.83914575439
SEN,2025-07-17 09:00:00,11408.637602255008
SEN,2025-07-17 10:00:00,11627.370841769116
SEN,2025-07-17 11:00:00,11499.048687024413
SEN,2025-07-17 12:00:00,11280.261331918591
SEN,2025-07-17 13:00:00,11117.174268704523
SEN,2025-07-17 14:00:00,10852.998516009226
SEN,2025-07-17 15:00:00,10599.791378543701
SEN,2025-07-17 16:00:00,10433.945301213298
SEN,2025-07-17 17:00:00,10180.334081295716
SEN,2025-07-17 18:00:00,9900.480679417698
SEN,2025-07-17 19:00:00,9687.977898405601
SEN,2025-07-17 20:00:00,9687.798796385001
SEN,2025-07-17 21:00:00,9657.5884331523
SEN,2025-07-17 22:00:00,9823.473324242894
SEN,2025-07-17 23:00:00,9713.280801908499
SEN,2025-07-18 00:00:00,9088.441385549402
SEN,2025-07-18 01:00:00,8746.271695713896
SEN,2025-07-18 02:00:00,8556.958887041797
SEN,2025-07-18 03:00:00,8422.546755621197
SEN,2025-07-18 04:00:00,8335.073589755699
SEN,2025-07-18 05:00:00,8326.016510657899
SEN,2025-07-18 06:00:00,8904.160333269803
SEN,2025-07-18 07:00:00,9828.68452901319
SEN,2025-07-18 08:00:00,10618.472112817853
SEN,2025-07-18 09:00:00,11367.28511808101
SEN,2025-07-18 10:00:00,11352.208662711322
SEN,2025-07-18 11:00:00,11244.109841214484
SEN,2025-07-18 12:00:00,11130.718051021113
SEN,2025-07-18 13:00:00,10936.086587005306
SEN,2025-07-18 14:00:00,10700.586677350102
SEN,2025-07-18 15:00:00,10536.7535758042
SEN,2025-07-18 16:00:00,10154.40703893922
SEN,2025-07-18 17:00:00,9797.754176390354
SEN,2025-07-18 18:00:00,9896.499364505611
SEN,2025-07-18 19:00:00,9588.9476828599
SEN,2025-07-18 20:00:00,9324.218755734199
SEN,2025-07-18 21:00:00,9214.1970809058
SEN,2025-07-18 22:00:00,9265.202566138696
SEN,2025-07-18 23:00:00,9234.8477122139
SEN,2025-07-19 00:00:00,8977.067995129106
SEN,2025-07-19 01:00:00,8721.6195240644
SEN,2025-07-19 02:00:00,8538.1766498927
SEN,2025-07-19 03:00:00,8389.445100252995
SEN,2025-07-19 04:00:00,8167.213820972904
SEN,2025-07-19 05:00:00,8163.421424348904
SEN,2025-07-19 06:00:00,8317.4142271623
SEN,2025-07-19 07:00:00,8400.020976648406
SEN,2025-07-19 08:00:00,9169.053922526116
SEN,2025-07-19 09:00:00,10005.616451102802
SEN,2025-07-19 10:00:00,10443.571803926508
SEN,2025-07-19 11:00:00,10520.614759645787
SEN,2025-07-19 12:00:00,10388.83612234319
SEN,2025-07-19 13:00:00,10397.835412327906
SEN,2025-07-19 14:00:00,10249.428156623298
SEN,2025-07-19 15:00:00,9920.061003642806
SEN,2025-07-19 16:00:00,9638.752683939141
SEN,2025-07-19 17:00:00,9677.914859784985
SEN,2025-07-19 18:00:00,9785.0365458251
SEN,2025-07-19 19:00:00,9691.1234492559
SEN,2025-07-19 20:00:00,9703.000825549896
SEN,2025-07-19 21:00:00,9354.7714930717
SEN,2025-07-19 22:00:00,9332.049615081696
SEN,2025-07-19 23:00:00,9154.599345168803
SEN,2025-07-20 00:00:00,8866.036099033703
SEN,2025-07-20 01:00:00,8409.114249754997
SEN,2025-07-20 02:00:00,8276.359873252595
SEN,2025-07-20 03:00:00,7967.119839731399
SEN,2025-07-20 04:00:00,7879.045941991098
SEN,2025-07-20 05:00:00,7858.973519594602
SEN,2025-07-20 06:00:00,7986.149827678193
SEN,2025-07-20 07:00:00,8084.553328206006
SEN,2025-07-20 08:00:00,8561.942878190772
SEN,2025-07-20 09:00:00,9428.667398190824
SEN,2025-07-20 10:00:00,9878.988053119196
SEN,2025-07-20 11:00:00,10076.423494601702
SEN,2025-07-20 12:00:00,10168.251693032007
SEN,2025-07-20 13:00:00,10174.520347839303
SEN,2025-07-20 14:00:00,9994.101842249398
SEN,2025-07-20 15:00:00,9781.83202431968
SEN,2025-07-20 16:00:00,9631.782442709911
SEN,2025-07-20 17:00:00,9492.136255949104
SEN,2025-07-20 18:00:00,9630.0184567915
SEN,2025-07-20 19:00:00,9806.1267962907
SEN,2025-07-20 20:00:00,9584.1120781264
SEN,2025-07-20 21:00:00,9685.545241435202
SEN,2025-07-20 22:00:00,9386.386512063402
SEN,2025-07-20 23:00:00,9131.3664483234
SEN,2025-07-21 00:00:00,8837.3494257971
SEN,2025-07-21 01:00:00,8502.320453826098
SEN,2025-07-21 02:00:00,8253.7680510759
SEN,2025-07-21 03:00:00,8157.770744209902
SEN,2025-07-21 04:00:00,8066.1049755147005
SEN,2025-07-21 05:00:00,8176.2347294075
SEN,2025-07-21 06:00:00,8793.1025821907
SEN,2025-07-21 07:00:00,9785.698627469206
SEN,2025-07-21 08:00:00,10567.670843414953
SEN,2025-07-21 09:00:00,11270.691968759887
SEN,2025-07-21 10:00:00,11354.019295903594
SEN,2025-07-21 11:00:00,11286.065584059417
SEN,2025-07-21 12:00:00,11206.23283808041
SEN,2025-07-21 13:00:00,11132.78368995069
SEN,2025-07-21 14:00:00,11086.755493085397
SEN,2025-07-21 15:00:00,10780.156238683763
SEN,2025-07-21 16:00:00,10398.397940662848
SEN,2025-07-21 17:00:00,10024.028853751872
SEN,2025-07-21 18:00:00,10087.031879379007
SEN,2025-07-21 19:00:00,9794.749179884602
SEN,2025-07-21 20:00:00,9655.463236782707
SEN,2025-07-21 21:00:00,9531.279153874502
SEN,2025-07-21 22:00:00,9318.603410118294
SEN,2025-07-21 23:00:00,9113.567269668098
SEN,2025-07-22 00:00:00,8908.474497264997
SEN,2025-07-22 01:00:00,8622.1152808438
SEN,2025-07-22 02:00:00,8425.550698018404
SEN,2025-07-22 03:00:00,8326.911454552199
SEN,2025-07-22 04:00:00,8363.909218154402
SEN,2025-07-22 05:00:00,8589.907638124903
SEN,2025-07-22 06:00:00,9281.081957292101
SEN,2025-07-22 07:00:00,10056.63061772059
SEN,2025-07-22 08:00:00,10585.778040901225
SEN,2025-07-22 09:00:00,11232.236606451468
SEN,2025-07-22 10:00:00,11450.415277783008
SEN,2025-07-22 11:00:00,11403.217591377892
SEN,2025-07-22 12:00:00,11331.005501992211
SEN,2025-07-22 13:00:00,11287.87926869981
SEN,2025-07-22 14:00:00,10973.210680324693
SEN,2025-07-22 15:00:00,10810.301225539717
SEN,2025-07-22 16:00:00,10543.551851668677
SEN,2025-07-22 17:00:00,10204.309974065887
SEN,2025-07-22 18:00:00,10101.379648090196
SEN,2025-07-22 19:00:00,9781.7817883677
SEN,2025-07-22 20:00:00,9636.599593033297
SEN,2025-07-22 21:00:00,9523.709709932302
SEN,2025-07-22 22:00:00,9442.163278302405
SEN,2025-07-22 23:00:00,9396.004368586804
SEN,2025-07-23 00:00:00,9124.283757587104
SEN,2025-07-23 01:00:00,8768.888368688808
SEN,2025-07-23 02:00:00,8670.816179258904
SEN,2025-07-23 03:00:00,8602.6065553953
SEN,2025-07-23 04:00:00,8595.030838441997
SEN,2025-07-23 05:00:00,8676.946889505407
SEN,2025-07-23 06:00:00,9299.488472568699
SEN,2025-07-23 07:00:00,10111.018344254706
SEN,2025-07-23 08:00:00,10763.794167873692
SEN,2025-07-23 09:00:00,11514.868521916458
SEN,2025-07-23 10:00:00,11510.28601408272
SEN,2025-07-23 11:00:00,11237.955160994496
SEN,2025-07-23 12:00:00,10939.57672961951
SEN,2025-07-23 13:00:00,10864.432549378802
SEN,2025-07-23 14:00:00,10686.6137716695
SEN,2025-07-23 15:00:00,10582.355372646689
SEN,2025-07-23 16:00:00,10367.147954437898
SEN,2025-07-23 17:00:00,9958.286717476098
SEN,2025-07-23 18:00:00,9508.155753638595
SEN,2025-07-23 19:00:00,9667.599405591494
SEN,2025-07-23 20:00:00,9634.365792757297
SEN,2025-07-23 21:00:00,9515.871642650198
SEN,2025-07-23 22:00:00,9552.960184998805
SEN,2025-07-23 23:00:00,9406.2734615253
SEN,2025-07-24 00:00:00,9088.734302679099
SEN,2025-07-24 01:00:00,8810.280260120397
SEN,2025-07-24 02:00:00,8764.6791041983
SEN,2025-07-24 03:00:00,8657.3740508319
SEN,2025-07-24 04:00:00,8490.052244741602
SEN,2025-07-24 05:00:00,8684.1502090669
SEN,2025-07-24 06:00:00,9293.338407727499
SEN,2025-07-24 07:00:00,10087.632300486312
SEN,2025-07-24 08:00:00,10843.8168372629
SEN,2025-07-24 09:00:00,11349.3597350242
SEN,2025-07-24 10:00:00,11516.900490987991
SEN,2025-07-24 11:00:00,11658.688086718998
SEN,2025-07-24 12:00:00,11700.424819578517
SEN,2025-07-24 13:00:00,11556.248400943807
SEN,2025-07-24 14:00:00,11253.761573442596
SEN,2025-07-24 15:00:00,11063.749269128612
SEN,2025-07-24 16:00:00,10866.387457582932
SEN,2025-07-24 17:00:00,10477.500290168895
SEN,2025-07-24 18:00:00,10092.708236248101
SEN,2025-07-24 19:00:00,10094.497246080602
SEN,2025-07-24 20:00:00,9885.660484213004
SEN,2025-07-24 21:00:00,9739.851250753998
SEN,2025-07-24 22:00:00,9592.0111973291
SEN,2025-07-24 23:00:00,9647.771939333295
SEN,2025-07-25 00:00:00,9202.596592224801
SEN,2025-07-25 01:00:00,9091.009183087499
SEN,2025-07-25 02:00:00,8926.383608980994
SEN,2025-07-25 03:00:00,8792.129741524006
SEN,2025-07-25 04:00:00,8763.8752057125
SEN,2025-07-25 05:00:00,8907.339675203903
SEN,2025-07-25 06:00:00,9588.2524583023
SEN,2025-07-25 07:00:00,10259.655768094912
SEN,2025-07-25 08:00:00,10898.961579283598
SEN,2025-07-25 09:00:00,11610.3418179307
SEN,2025-07-25 10:00:00,11754.682336858295
SEN,2025-07-25 11:00:00,11714.784384217
SEN,2025-07-25 12:00:00,11614.998488462312
SEN,2025-07-25 13:00:00,11485.721379109205
SEN,2025-07-25 14:00:00,11269.738095854023
SEN,2025-07-25 15:00:00,11134.9920112762
SEN,2025-07-25 16:00:00,10901.9063340133
SEN,2025-07-25 17:00:00,10513.45601840429
SEN,2025-07-25 18:00:00,10489.726944762207
SEN,2025-07-25 19:00:00,10335.048520010501
SEN,2025-07-25 20:00:00,10163.534481135295
SEN,2025-07-25 21:00:00,9883.744779490196
SEN,2025-07-25 22:00:00,9686.845372791102
SEN,2025-07-25 23:00:00,9819.47072801979
SEN,2025-07-26 00:00:00,9602.454504557796
SEN,2025-07-26 01:00:00,9322.820063985708
SEN,2025-07-26 02:00:00,8965.167177090496
SEN,2025-07-26 03:00:00,8772.964248575703
SEN,2025-07-26 04:00:00,8666.007214818901
SEN,2025-07-26 05:00:00,8675.392433351602
SEN,2025-07-26 06:00:00,8866.0996904807
SEN,2025-07-26 07:00:00,8928.755707866098
SEN,2025-07-26 08:00:00,9178.376055059012
SEN,2025-07-26 09:00:00,9834.932484187888
SEN,2025-07-26 10:00:00,10580.057652607808
SEN,2025-07-26 11:00:00,10822.501494414704
SEN,2025-07-26 12:00:00,10946.857104543502
SEN,2025-07-26 13:00:00,10955.42208558209
SEN,2025-07-26 14:00:00,10931.443857523805
SEN,2025-07-26 15:00:00,10698.430459771405
SEN,2025-07-26 16:00:00,10502.825698355819
SEN,2025-07-26 17:00:00,10291.112524483098
SEN,2025-07-26 18:00:00,10488.523971911496
SEN,2025-07-26 19:00:00,10391.553429047599
SEN,2025-07-26 20:00:00,10116.9670977068
SEN,2025-07-26 21:00:00,9714.969899951895
SEN,2025-07-26 22:00:00,9349.981784239002
SEN,2025-07-26 23:00:00,9192.565115962107
SEN,2025-07-27 00:00:00,8859.949325186999
SEN,2025-07-27 01:00:00,8580.679244854
SEN,2025-07-27 02:00:00,8396.1475209133
SEN,2025-07-27 03:00:00,8146.4930026232005
SEN,2025-07-27 04:00:00,7934.039349816198
SEN,2025-07-27 05:00:00,7806.574483052698
SEN,2025-07-27 06:00:00,7859.565207378095
SEN,2025-07-27 07:00:00,8063.886787856097
SEN,2025-07-27 08:00:00,8226.331034573197
SEN,2025-07-27 09:00:00,8995.754761939095
SEN,2025-07-27 10:00:00,9750.721983831405
SEN,2025-07-27 11:00:00,10125.121318392408
SEN,2025-07-27 12:00:00,10346.960681111297
SEN,2025-07-27 13:00:00,10575.208785554905
SEN,2025-07-27 14:00:00,10739.25484295091
SEN,2025-07-27 15:00:00,10493.653961491897
SEN,2025-07-27 16:00:00,10403.968545833113
SEN,2025-07-27 17:00:00,10431.350774337196
SEN,2025-07-27 18:00:00,10129.940153863909
SEN,2025-07-27 19:00:00,10349.870267561104
SEN,2025-07-27 20:00:00,10384.182549539499
SEN,2025-07-27 21:00:00,10163.662768520506
SEN,2025-07-27 22:00:00,9897.908487239596
SEN,2025-07-27 23:00:00,9411.456496090199
SEN,2025-07-28 00:00:00,9071.262495254003
SEN,2025-07-28 01:00:00,8871.323269991597
SEN,2025-07-28 02:00:00,8574.409915346205
SEN,2025-07-28 03:00:00,8289.529125692903
SEN,2025-07-28 04:00:00,8210.840443120998
SEN,2025-07-28 05:00:00,8407.43720269
SEN,2025-07-28 06:00:00,9242.6298439964
SEN,2025-07-28 07:00:00,10019.258497362507
SEN,2025-07-28 08:00:00,10744.063596714706
SEN,2025-07-28 09:00:00,11419.052313090711
SEN,2025-07-28 10:00:00,11411.562764843002
SEN,2025-07-28 11:00:00,11403.146725079796
SEN,2025-07-28 12:00:00,11489.017158511873
SEN,2025-07-28 13:00:00,11477.923700294003
SEN,2025-07-28 14:00:00,11281.064654651109
SEN,2025-07-28 15:00:00,11168.041838223402
SEN,2025-07-28 16:00:00,10907.415173803507
SEN,2025-07-28 17:00:00,10398.085276489588
SEN,2025-07-28 18:00:00,9918.3204909519
SEN,2025-07-28 19:00:00,9630.983539508603
SEN,2025-07-28 20:00:00,9553.472796644895
SEN,2025-07-28 21:00:00,9584.554241870803
SEN,2025-07-28 22:00:00,9638.814140342713
SEN,2025-07-28 23:00:00,9633.743886500602
SEN,2025-07-29 00:00:00,9267.731308621602
SEN,2025-07-29 01:00:00,8973.4076352482
SEN,2025-07-29 02:00:00,8690.873542220499
SEN,2025-07-29 03:00:00,8551.929448175495
SEN,2025-07-29 04:00:00,8516.788777650398
SEN,2025-07-29 05:00:00,8744.416101055203
SEN,2025-07-29 06:00:00,9242.700814308097
SEN,2025-07-29 07:00:00,9886.3128565518
SEN,2025-07-29 08:00:00,10449.1553284258
SEN,2025-07-29 09:00:00,11061.734386227503
SEN,2025-07-29 10:00:00,11344.295564942595
SEN,2025-07-29 11:00:00,11317.693931534503
SEN,2025-07-29 12:00:00,11136.420990218587
SEN,2025-07-29 13:00:00,11318.04766269849
SEN,2025-07-29 14:00:00,11429.686290203614
SEN,2025-07-29 15:00:00,11245.655792090807
SEN,2025-07-29 16:00:00,10866.152691962
SEN,2025-07-29 17:00:00,10280.700787227393
SEN,2025-07-29 18:00:00,9616.161450485
SEN,2025-07-29 19:00:00,9626.567470406706
SEN,2025-07-29 20:00:00,9522.454010770705
SEN,2025-07-29 21:00:00,9456.813832890799
SEN,2025-07-29 22:00:00,9761.328642929006
SEN,2025-07-29 23:00:00,9759.254440453005
SEN,2025-07-30 00:00:00,9358.387856949896
SEN,2025-07-30 01:00:00,8962.473638805803
SEN,2025-07-30 02:00:00,8646.399086070904
SEN,2025-07-30 03:00:00,8564.332943706497
SEN,2025-07-30 04:00:00,8549.221260083697
SEN,2025-07-30 05:00:00,8733.577086234807
SEN,2025-07-30 06:00:00,9342.916079119099
SEN,2025-07-30 07:00:00,9914.507328277683
SEN,2025-07-30 08:00:00,10443.614803709299
SEN,2025-07-30 09:00:00,11119.1580651102
SEN,2025-07-30 10:00:00,11499.634145904893
SEN,2025-07-30 11:00:00,11534.970195432952
SEN,2025-07-30 12:00:00,11343.990093096409
SEN,2025-07-30 13:00:00,11125.172734822398
SEN,2025-07-30 14:00:00,11131.519357086601
SEN,2025-07-30 15:00:00,11006.400378242884
SEN,2025-07-30 16:00:00,10790.159064602893
SEN,2025-07-30 17:00:00,10472.040647118698
SEN,2025-07-30 18:00:00,10493.491641409102
SEN,2025-07-30 19:00:00,10312.661234368907
SEN,2025-07-30 20:00:00,9986.6373458384
SEN,2025-07-30 21:00:00,9854.31338962939
SEN,2025-07-30 22:00:00,9698.553336824501
SEN,2025-07-30 23:00:00,9502.221671997102
SEN,2025-07-31 00:00:00,8931.680172511096
SEN,2025-07-31 01:00:00,8485.110849699799
SEN,2025-07-31 02:00:00,8241.283680540397
SEN,2025-07-31 03:00:00,8250.647694308896
SEN,2025-07-31 04:00:00,8232.243896561995
SEN,2025-07-31 05:00:00,8243.4170743438
SEN,2025-07-31 06:00:00,8880.856182723704
SEN,2025-07-31 07:00:00,9289.090214871814
SEN,2025-07-31 08:00:00,9871.014383646307
SEN,2025-07-31 09:00:00,10222.8981508202
SEN,2025-07-31 10:00:00,10414.314756979684
SEN,2025-07-31 11:00:00,10738.554406246802
SEN,2025-07-31 12:00:00,11173.92797761731
SEN,2025-07-31 13:00:00,11611.162365475602
SEN,2025-07-31 14:00:00,11549.4729483872
SEN,2025-07-31 15:00:00,11691.971952435819
SEN,2025-07-31 16:00:00,11147.745291049103
SEN,2025-07-31 17:00:00,10833.890311082403
SEN,2025-07-31 18:00:00,10633.0770110514
SEN,2025-07-31 19:00:00,10591.712086767302
SEN,2025-07-31 20:00:00,10298.553531956904
SEN,2025-07-31 21:00:00,9846.3212214358
SEN,2025-07-31 22:00:00,9810.800274491605
SEN,2025-07-31 23:00:00,9676.155452326695
SEN,2025-08-01 00:00:00,9160.217877036004
SEN,2025-08-01 01:00:00,8889.636370709897
SEN,2025-08-01 02:00:00,8688.530004981298
SEN,2025-08-01 03:00:00,8507.365211266098
SEN,2025-08-01 04:00:00,8281.365915314002
SEN,2025-08-01 05:00:00,8325.082368631398
SEN,2025-08-01 06:00:00,8860.187532248901
SEN,2025-08-01 07:00:00,9697.525677008602
SEN,2025-08-01 08:00:00,10453.453676242703
SEN,2025-08-01 09:00:00,11290.320208782605
SEN,2025-08-01 10:00:00,11473.175921187305
SEN,2025-08-01 11:00:00,11661.217761014705
SEN,2025-08-01 12:00:00,11554.428630913115
SEN,2025-08-01 13:00:00,11297.385813796704
SEN,2025-08-01 14:00:00,11280.132747117605
SEN,2025-08-01 15:00:00,11347.296101798513
SEN,2025-08-01 16:00:00,11169.053950918214
SEN,2025-08-01 17:00:00,10750.858898919487
SEN,2025-08-01 18:00:00,10537.574695336107
SEN,2025-08-01 19:00:00,10230.003321298293
SEN,2025-08-01 20:00:00,9789.334211631303
SEN,2025-08-01 21:00:00,9579.9723942923
SEN,2025-08-01 22:00:00,9746.6923141941
SEN,2025-08-01 23:00:00,9651.259771811003
SEN,2025-08-02 00:00:00,9306.4839791331
SEN,2025-08-02 01:00:00,9018.039106037208
SEN,2025-08-02 02:00:00,8576.839884393203
SEN,2025-08-02 03:00:00,8370.535082250697
SEN,2025-08-02 04:00:00,8244.250652892006
SEN,2025-08-02 05:00:00,8209.120380703198
SEN,2025-08-02 06:00:00,8318.1198278952
SEN,2025-08-02 07:00:00,8556.625208814901
SEN,2025-08-02 08:00:00,8984.791783552115
SEN,2025-08-02 09:00:00,9946.885467791491
SEN,2025-08-02 10:00:00,10482.941569308387
SEN,2025-08-02 11:00:00,10638.497623575206
SEN,2025-08-02 12:00:00,10509.7900921489
SEN,2025-08-02 13:00:00,10663.215015793989
SEN,2025-08-02 14:00:00,10507.800727947797
SEN,2025-08-02 15:00:00,10265.804795866905
SEN,2025-08-02 16:00:00,10045.304466383095
SEN,2025-08-02 17:00:00,9867.007924903302
SEN,2025-08-02 18:00:00,10165.99056265369
SEN,2025-08-02 19:00:00,9770.6797926481
SEN,2025-08-02 20:00:00,9585.145651265504
SEN,2025-08-02 21:00:00,9392.8116923092
SEN,2025-08-02 22:00:00,9226.480827623403
SEN,2025-08-02 23:00:00,9068.999805397998
SEN,2025-08-03 00:00:00,8888.252523393301
SEN,2025-08-03 01:00:00,8607.275143560593
SEN,2025-08-03 02:00:00,8355.954249530396
SEN,2025-08-03 03:00:00,8060.580665827198
SEN,2025-08-03 04:00:00,7876.263408639604
SEN,2025-08-03 05:00:00,7863.263679746497
SEN,2025-08-03 06:00:00,7865.568303717503
SEN,2025-08-03 07:00:00,7861.929875345801
SEN,2025-08-03 08:00:00,8398.729879790404
SEN,2025-08-03 09:00:00,9378.3681228062
SEN,2025-08-03 10:00:00,9970.2822688789
SEN,2025-08-03 11:00:00,10228.82239132382
SEN,2025-08-03 12:00:00,10318.141386280111
SEN,2025-08-03 13:00:00,10383.4600334734
SEN,2025-08-03 14:00:00,10188.510190416686
SEN,2025-08-03 15:00:00,9988.239883996794
SEN,2025-08-03 16:00:00,9976.7771916475
SEN,2025-08-03 17:00:00,10057.220612177485
SEN,2025-08-03 18:00:00,10504.817618567107
SEN,2025-08-03 19:00:00,10356.086611383602
SEN,2025-08-03 20:00:00,10239.6667610629
SEN,2025-08-03 21:00:00,10027.853652829204
SEN,2025-08-03 22:00:00,9597.755025167904
SEN,2025-08-03 23:00:00,9003.750294324393
SEN,2025-08-04 00:00:00,8723.055313766803
SEN,2025-08-04 01:00:00,8273.367198078802
SEN,2025-08-04 02:00:00,7982.4476948335005
SEN,2025-08-04 03:00:00,7955.174517118299
SEN,2025-08-04 04:00:00,7962.2949424559
SEN,2025-08-04 05:00:00,8169.928959480501
SEN,2025-08-04 06:00:00,8745.131829281403
SEN,2025-08-04 07:00:00,9809.378830566493
SEN,2025-08-04 08:00:00,10687.049026579301
SEN,2025-08-04 09:00:00,11444.271834300504
SEN,2025-08-04 10:00:00,11582.267654264795
SEN,2025-08-04 11:00:00,11435.850217962796
SEN,2025-08-04 12:00:00,11346.437856624612
SEN,2025-08-04 13:00:00,11183.813288194706
SEN,2025-08-04 14:00:00,11018.429669175894
SEN,2025-08-04 15:00:00,10859.533352702
SEN,2025-08-04 16:00:00,10619.451471990504
SEN,2025-08-04 17:00:00,10378.049995013003
SEN,2025-08-04 18:00:00,10536.751093252815
SEN,2025-08-04 19:00:00,10415.796095678399
SEN,2025-08-04 20:00:00,10136.550147443695
SEN,2025-08-04 21:00:00,9969.501361157309
SEN,2025-08-04 22:00:00,9889.9682774841
SEN,2025-08-04 23:00:00,9139.526255856505
SEN,2025-08-05 00:00:00,8753.721975669701
SEN,2025-08-05 01:00:00,8528.972426951601
SEN,2025-08-05 02:00:00,8327.123310675204
SEN,2025-08-05 03:00:00,8310.8100904004
SEN,2025-08-05 04:00:00,8346.4178718945
SEN,2025-08-05 05:00:00,8456.229798145996
SEN,2025-08-05 06:00:00,8851.299635285905
SEN,2025-08-05 07:00:00,9835.907219845301
SEN,2025-08-05 08:00:00,10887.826510153307
SEN,2025-08-05 09:00:00,11286.81440467951
SEN,2025-08-05 10:00:00,11235.052623424997
SEN,2025-08-05 11:00:00,11105.492639926295
SEN,2025-08-05 12:00:00,11001.09325264131
SEN,2025-08-05 13:00:00,10872.634940993112
SEN,2025-08-05 14:00:00,10721.780761346483
SEN,2025-08-05 15:00:00,10384.172651313
SEN,2025-08-05 16:00:00,10063.492068448702
SEN,2025-08-05 17:00:00,9813.703334045804
SEN,2025-08-05 18:00:00,9813.580469780818
SEN,2025-08-05 19:00:00,9654.419195127399
SEN,2025-08-05 20:00:00,9405.991751623194
SEN,2025-08-05 21:00:00,9198.0717721345
SEN,2025-08-05 22:00:00,9241.142788404597
SEN,2025-08-05 23:00:00,9112.064841050993
SEN,2025-08-06 00:00:00,8743.6147941025
SEN,2025-08-06 01:00:00,8608.082668950796
SEN,2025-08-06 02:00:00,8442.8720101302
SEN,2025-08-06 03:00:00,8310.838646189195
SEN,2025-08-06 04:00:00,8288.1100207001
SEN,2025-08-06 05:00:00,8401.7981923889
SEN,2025-08-06 06:00:00,9101.7331998978
SEN,2025-08-06 07:00:00,9759.484952459405
SEN,2025-08-06 08:00:00,10209.814176356695
SEN,2025-08-06 09:00:00,10904.687798909903
SEN,2025-08-06 10:00:00,11048.402809794212
SEN,2025-08-06 11:00:00,10952.073385855514
SEN,2025-08-06 12:00:00,10721.127631069785
SEN,2025-08-06 13:00:00,10502.722067390692
SEN,2025-08-06 14:00:00,10285.227441875293
SEN,2025-08-06 15:00:00,9985.439220386595
SEN,2025-08-06 16:00:00,9709.91595678901
SEN,2025-08-06 17:00:00,9453.719355895695
SEN,2025-08-06 18:00:00,9558.50998400378
SEN,2025-08-06 19:00:00,9336.940398859402
SEN,2025-08-06 20:00:00,8882.360958400503
SEN,2025-08-06 21:00:00,8723.054027718088
SEN,2025-08-06 22:00:00,8862.830660987907
SEN,2025-08-06 23:00:00,8597.44618230827
SEN,2025-08-07 00:00:00,8308.258295951402
SEN,2025-08-07 01:00:00,8281.352555897998
SEN,2025-08-07 02:00:00,8078.4353049595
SEN,2025-08-07 03:00:00,8000.5951756913
SEN,2025-08-07 04:00:00,7960.705573644498
SEN,2025-08-07 05:00:00,8080.866701689197
SEN,2025-08-07 06:00:00,8671.625901514599
SEN,2025-08-07 07:00:00,9417.2051556317
SEN,2025-08-07 08:00:00,10070.426572383798
SEN,2025-08-07 09:00:00,10791.992692245089
SEN,2025-08-07 10:00:00,10881.8785535915
SEN,2025-08-07 11:00:00,10693.251593778097
SEN,2025-08-07 12:00:00,10551.061132751403
SEN,2025-08-07 13:00:00,10450.8432420266
SEN,2025-08-07 14:00:00,10179.415287661908
SEN,2025-08-07 15:00:00,9924.699097837383
SEN,2025-08-07 16:00:00,9721.1925197798
SEN,2025-08-07 17:00:00,9500.339911468702
SEN,2025-08-07 18:00:00,9653.50163059251
SEN,2025-08-07 19:00:00,9474.5301345125
SEN,2025-08-07 20:00:00,9129.0480220441
SEN,2025-08-07 21:00:00,8910.639097275105
SEN,2025-08-07 22:00:00,9032.985631324898
SEN,2025-08-07 23:00:00,8795.044585938298
SEN,2025-08-08 00:00:00,8632.312571488499
SEN,2025-08-08 01:00:00,8381.343770028105
SEN,2025-08-08 02:00:00,8072.540657609199
SEN,2025-08-08 03:00:00,7955.164442679602
SEN,2025-08-08 04:00:00,7918.944720907702
SEN,2025-08-08 05:00:00,8100.199515084205
SEN,2025-08-08 06:00:00,8837.946987786998
SEN,2025-08-08 07:00:00,9531.083249422403
SEN,2025-08-08 08:00:00,10263.448576731997
SEN,2025-08-08 09:00:00,10970.751625734716
SEN,2025-08-08 10:00:00,11103.822988227004
SEN,2025-08-08 11:00:00,10983.089195311797
SEN,2025-08-08 12:00:00,10788.862301655605
SEN,2025-08-08 13:00:00,10654.7623515284
SEN,2025-08-08 14:00:00,10396.78353917768
SEN,2025-08-08 15:00:00,9967.454088879706
SEN,2025-08-08 16:00:00,9631.456670698492
SEN,2025-08-08 17:00:00,9256.133058582593
SEN,2025-08-08 18:00:00,9274.040168734195
SEN,2025-08-08 19:00:00,9156.7746167021
SEN,2025-08-08 20:00:00,8828.023200197204
SEN,2025-08-08 21:00:00,8932.103822209598
SEN,2025-08-08 22:00:00,9091.751631975103
SEN,2025-08-08 23:00:00,9071.356753198603
SEN,2025-08-09 00:00:00,8885.583558719896
SEN,2025-08-09 01:00:00,8768.077257982395
SEN,2025-08-09 02:00:00,8506.740829481598
SEN,2025-08-09 03:00:00,8286.560749647204
SEN,2025-08-09 04:00:00,8222.811983535297
SEN,2025-08-09 05:00:00,8163.0520345271
SEN,2025-08-09 06:00:00,8269.942420100098
SEN,2025-08-09 07:00:00,8480.914151160203
SEN,2025-08-09 08:00:00,9288.149466435892
SEN,2025-08-09 09:00:00,10239.351618738501
SEN,2025-08-09 10:00:00,10787.0473063986
SEN,2025-08-09 11:00:00,10930.575020752096
SEN,2025-08-09 12:00:00,11048.992366553697
SEN,2025-08-09 13:00:00,11052.21961854799
SEN,2025-08-09 14:00:00,10849.72270379979
SEN,2025-08-09 15:00:00,10406.154095878888
SEN,2025-08-09 16:00:00,10171.502621030997
SEN,2025-08-09 17:00:00,10006.005967415098
SEN,2025-08-09 18:00:00,9664.825831202306
SEN,2025-08-09 19:00:00,9355.966458205998
SEN,2025-08-09 20:00:00,9252.6933545027
SEN,2025-08-09 21:00:00,9305.294439466299
SEN,2025-08-09 22:00:00,9237.101076123698
SEN,2025-08-09 23:00:00,8997.81175717401
SEN,2025-08-10 00:00:00,8911.844629975505
SEN,2025-08-10 01:00:00,8362.259020575904
SEN,2025-08-10 02:00:00,7988.211764109301
SEN,2025-08-10 03:00:00,7977.822040965698
SEN,2025-08-10 04:00:00,8067.890038076299
SEN,2025-08-10 05:00:00,7961.7982174186
SEN,2025-08-10 06:00:00,7848.0431775093
SEN,2025-08-10 07:00:00,7846.8779066
SEN,2025-08-10 08:00:00,8431.744392360692
SEN,2025-08-10 09:00:00,9205.908664263397
SEN,2025-08-10 10:00:00,9724.210000780102
SEN,2025-08-10 11:00:00,9800.23196124901
SEN,2025-08-10 12:00:00,9807.221095196412
SEN,2025-08-10 13:00:00,9773.61387319372
SEN,2025-08-10 14:00:00,9640.035545556502
SEN,2025-08-10 15:00:00,9258.249634770205
SEN,2025-08-10 16:00:00,9263.982157733892
SEN,2025-08-10 17:00:00,9217.017405549499
SEN,2025-08-10 18:00:00,9437.660892814194
SEN,2025-08-10 19:00:00,9152.915898123005
SEN,2025-08-10 20:00:00,9154.511879586602
SEN,2025-08-10 21:00:00,9102.371966696403
SEN,2025-08-10 22:00:00,9006.398678127207
SEN,2025-08-10 23:00:00,8654.885994243697
SEN,2025-08-11 00:00:00,8465.486897490498
SEN,2025-08-11 01:00:00,8325.9669545468
SEN,2025-08-11 02:00:00,8059.569069184196
SEN,2025-08-11 03:00:00,7955.2666832867035
SEN,2025-08-11 04:00:00,7945.155305518702
SEN,2025-08-11 05:00:00,8252.812125943901
SEN,2025-08-11 06:00:00,8945.080267607302
SEN,2025-08-11 07:00:00,9696.812325373792
SEN,2025-08-11 08:00:00,10449.768779514388
SEN,2025-08-11 09:00:00,11136.381774368805
SEN,2025-08-11 10:00:00,11375.998308467782
SEN,2025-08-11 11:00:00,11276.387869719405
SEN,2025-08-11 12:00:00,11334.446222250102
SEN,2025-08-11 13:00:00,11409.836565607591
SEN,2025-08-11 14:00:00,11160.607491891604
SEN,2025-08-11 15:00:00,10693.864297936598
SEN,2025-08-11 16:00:00,10420.417185368302
SEN,2025-08-11 17:00:00,10023.7595724997
SEN,2025-08-11 18:00:00,9789.090076601298
SEN,2025-08-11 19:00:00,9792.107290923905
SEN,2025-08-11 20:00:00,9387.473460425297
SEN,2025-08-11 21:00:00,9160.321521068901
SEN,2025-08-11 22:00:00,9400.107023738097
SEN,2025-08-11 23:00:00,9442.817336840004
SEN,2025-08-12 00:00:00,9170.3540861963
SEN,2025-08-12 01:00:00,8680.2397349442
SEN,2025-08-12 02:00:00,8515.621110535802
SEN,2025-08-12 03:00:00,8401.049888438196
SEN,2025-08-12 04:00:00,8235.525450508096
SEN,2025-08-12 05:00:00,8346.3173195827
SEN,2025-08-12 06:00:00,8750.280265665602
SEN,2025-08-12 07:00:00,9455.518356528903
SEN,2025-08-12 08:00:00,10385.994564461891
SEN,2025-08-12 09:00:00,11227.021411765822
SEN,2025-08-12 10:00:00,11446.913055328803
SEN,2025-08-12 11:00:00,11522.628168297895
SEN,2025-08-12 12:00:00,11470.255590348117
SEN,2025-08-12 13:00:00,11305.776565538104
SEN,2025-08-12 14:00:00,11172.412800214204
SEN,2025-08-12 15:00:00,10638.327912868108
SEN,2025-08-12 16:00:00,10376.133734566993
SEN,2025-08-12 17:00:00,9844.572644710897
SEN,2025-08-12 18:00:00,9322.255021242201
SEN,2025-08-12 19:00:00,9114.636894144598
SEN,2025-08-12 20:00:00,8942.729930644098
SEN,2025-08-12 21:00:00,8944.204161236801
SEN,2025-08-12 22:00:00,9166.822146547102
SEN,2025-08-12 23:00:00,9318.087331233
SEN,2025-08-13 00:00:00,9180.841852742193
SEN,2025-08-13 01:00:00,8800.230688787397
SEN,2025-08-13 02:00:00,8649.109821166001
SEN,2025-08-13 03:00:00,8405.185712925608
SEN,2025-08-13 04:00:00,8375.0320434417
SEN,2025-08-13 05:00:00,8552.355679824404
SEN,2025-08-13 06:00:00,9101.847854125903
SEN,2025-08-13 07:00:00,9763.59268008929
SEN,2025-08-13 08:00:00,10311.794948458792
SEN,2025-08-13 09:00:00,10930.612766219198
SEN,2025-08-13 10:00:00,11275.927832519574
SEN,2025-08-13 11:00:00,11238.927093952207
SEN,2025-08-13 12:00:00,11039.126916392908
SEN,2025-08-13 13:00:00,10837.074889066205
SEN,2025-08-13 14:00:00,10575.638396612407
SEN,2025-08-13 15:00:00,10220.074048401695
SEN,2025-08-13 16:00:00,10044.581846724594
SEN,2025-08-13 17:00:00,9523.963365154908
SEN,2025-08-13 18:00:00,9315.849447747405
SEN,2025-08-13 19:00:00,9229.339645438697
SEN,2025-08-13 20:00:00,8868.0311950609
SEN,2025-08-13 21:00:00,8721.920067015402
SEN,2025-08-13 22:00:00,9013.333117197806
SEN,2025-08-13 23:00:00,8939.820069424504
SEN,2025-08-14 00:00:00,8883.436493802303
SEN,2025-08-14 01:00:00,8655.212767211904
SEN,2025-08-14 02:00:00,8442.6297263675
SEN,2025-08-14 03:00:00,8319.990642273298
SEN,2025-08-14 04:00:00,8289.845330424101
SEN,2025-08-14 05:00:00,8438.6230624759
SEN,2025-08-14 06:00:00,9121.399147203803
SEN,2025-08-14 07:00:00,9696.270453030706
SEN,2025-08-14 08:00:00,10424.224013279405
SEN,2025-08-14 09:00:00,11137.662278300706
SEN,2025-08-14 10:00:00,11266.835747388806
SEN,2025-08-14 11:00:00,11178.239290457497
SEN,2025-08-14 12:00:00,11157.770662948793
SEN,2025-08-14 13:00:00,11002.016170962295
SEN,2025-08-14 14:00:00,10867.980406132503
SEN,2025-08-14 15:00:00,10442.535472243902
SEN,2025-08-14 16:00:00,10124.738898820702
SEN,2025-08-14 17:00:00,9712.441939995513
SEN,2025-08-14 18:00:00,9170.380759210306
SEN,2025-08-14 19:00:00,9267.423986815002
SEN,2025-08-14 20:00:00,9238.600680941501
SEN,2025-08-14 21:00:00,9155.517891231308
SEN,2025-08-14 22:00:00,9163.425294128796
SEN,2025-08-14 23:00:00,9241.01455449731
SEN,2025-08-15 00:00:00,9006.580220355601
SEN,2025-08-15 01:00:00,8669.347193961605
SEN,2025-08-15 02:00:00,8376.864256234698
SEN,2025-08-15 03:00:00,8217.9396503662
SEN,2025-08-15 04:00:00,8107.944736593297
SEN,2025-08-15 05:00:00,8022.847997416401
SEN,2025-08-15 06:00:00,8164.582530495102
SEN,2025-08-15 07:00:00,8220.893144119098
SEN,2025-08-15 08:00:00,8776.606570457712
SEN,2025-08-15 09:00:00,9521.477131895204
SEN,2025-08-15 10:00:00,9862.63536936909
SEN,2025-08-15 11:00:00,10041.013801452618
SEN,2025-08-15 12:00:00,10128.621925253588
SEN,2025-08-15 13:00:00,10344.210422939008
SEN,2025-08-15 14:00:00,10405.2360366867
SEN,2025-08-15 15:00:00,10214.495724676686
SEN,2025-08-15 16:00:00,9865.380040319402
SEN,2025-08-15 17:00:00,9403.665907562
SEN,2025-08-15 18:00:00,8900.785844774102
SEN,2025-08-15 19:00:00,9152.727593829095
SEN,2025-08-15 20:00:00,9217.480148443596
SEN,2025-08-15 21:00:00,9247.430244907699
SEN,2025-08-15 22:00:00,9184.6734885738
SEN,2025-08-15 23:00:00,9053.253325360905
SEN,2025-08-16 00:00:00,8938.972934534
SEN,2025-08-16 01:00:00,8628.9154703104
SEN,2025-08-16 02:00:00,8254.4069141442
SEN,2025-08-16 03:00:00,8124.9210349049
SEN,2025-08-16 04:00:00,7913.045191140803
SEN,2025-08-16 05:00:00,7884.525320864001
SEN,2025-08-16 06:00:00,8020.351955421304
SEN,2025-08-16 07:00:00,8111.982774764902
SEN,2025-08-16 08:00:00,8861.099016401493
SEN,2025-08-16 09:00:00,9675.492432541105
SEN,2025-08-16 10:00:00,10024.264290354893
SEN,2025-08-16 11:00:00,10107.954987585306
SEN,2025-08-16 12:00:00,10166.571745958896
SEN,2025-08-16 13:00:00,10098.617915538294
SEN,2025-08-16 14:00:00,9802.144632497599
SEN,2025-08-16 15:00:00,9456.29822316548
SEN,2025-08-16 16:00:00,9278.219290907202
SEN,2025-08-16 17:00:00,8978.983281139394
SEN,2025-08-16 18:00:00,8728.33546068822
SEN,2025-08-16 19:00:00,8759.955091821299
SEN,2025-08-16 20:00:00,8545.084206375199
SEN,2025-08-16 21:00:00,8873.2649487828
SEN,2025-08-16 22:00:00,8621.153246898002
SEN,2025-08-16 23:00:00,8696.876519036894
SEN,2025-08-17 00:00:00,8585.450562636797
SEN,2025-08-17 01:00:00,8271.8563630363
SEN,2025-08-17 02:00:00,8117.740143131599
SEN,2025-08-17 03:00:00,7927.962603185802
SEN,2025-08-17 04:00:00,7804.565561677504
SEN,2025-08-17 05:00:00,7782.086507866403
SEN,2025-08-17 06:00:00,7830.123750673002
SEN,2025-08-17 07:00:00,7859.8333185429
SEN,2025-08-17 08:00:00,8297.355593177594
SEN,2025-08-17 09:00:00,9082.619896129394
SEN,2025-08-17 10:00:00,9688.680809735293
SEN,2025-08-17 11:00:00,9914.163129432012
SEN,2025-08-17 12:00:00,10206.177058252593
SEN,2025-08-17 13:00:00,10398.533039771697
SEN,2025-08-17 14:00:00,10301.005488368386
SEN,2025-08-17 15:00:00,9954.884109951203
SEN,2025-08-17 16:00:00,9389.413684065597
SEN,2025-08-17 17:00:00,9315.371823230002
SEN,2025-08-17 18:00:00,9795.246800987812
SEN,2025-08-17 19:00:00,9880.048142631704
SEN,2025-08-17 20:00:00,9900.167596560608
SEN,2025-08-17 21:00:00,9676.6192974389
SEN,2025-08-17 22:00:00,9377.415711381396
SEN,2025-08-17 23:00:00,9046.5615413805
SEN,2025-08-18 00:00:00,8534.363342993298
SEN,2025-08-18 01:00:00,8175.3041499436995
SEN,2025-08-18 02:00:00,7959.489268655798
SEN,2025-08-18 03:00:00,7709.0716028893
SEN,2025-08-18 04:00:00,7723.089114755901
SEN,2025-08-18 05:00:00,7725.438783846904
SEN,2025-08-18 06:00:00,8473.8320447697
SEN,2025-08-18 07:00:00,9364.149822532003
SEN,2025-08-18 08:00:00,10453.148958408301
SEN,2025-08-18 09:00:00,11323.066642827105
SEN,2025-08-18 10:00:00,11426.684222361195
SEN,2025-08-18 11:00:00,11447.488703406598
SEN,2025-08-18 12:00:00,11580.517807726314
SEN,2025-08-18 13:00:00,11531.564493041318
SEN,2025-08-18 14:00:00,11325.27442588432
SEN,2025-08-18 15:00:00,11006.64326958379
SEN,2025-08-18 16:00:00,10654.183556588303
SEN,2025-08-18 17:00:00,10138.733994117896
SEN,2025-08-18 18:00:00,9801.085804828199
SEN,2025-08-18 19:00:00,9489.8546328321
SEN,2025-08-18 20:00:00,9308.716320385698
SEN,2025-08-18 21:00:00,9018.691771628304
SEN,2025-08-18 22:00:00,9083.309641858097
SEN,2025-08-18 23:00:00,9285.1040851545
SEN,2025-08-19 00:00:00,8902.654446527993
SEN,2025-08-19 01:00:00,8639.865169016402
SEN,2025-08-19 02:00:00,8393.998525212799
SEN,2025-08-19 03:00:00,8247.917687986897
SEN,2025-08-19 04:00:00,8198.4876421483
SEN,2025-08-19 05:00:00,8410.173913013297
SEN,2025-08-19 06:00:00,8986.696886135307
SEN,2025-08-19 07:00:00,9677.427958928407
SEN,2025-08-19 08:00:00,10267.25453363341
SEN,2025-08-19 09:00:00,10978.527835348816
SEN,2025-08-19 10:00:00,11147.518423972608
SEN,2025-08-19 11:00:00,11373.77136451989
SEN,2025-08-19 12:00:00,11254.6913276311
SEN,2025-08-19 13:00:00,11134.706203334104
SEN,2025-08-19 14:00:00,10907.567531619592
SEN,2025-08-19 15:00:00,10494.279312614988
SEN,2025-08-19 16:00:00,10308.4732151001
SEN,2025-08-19 17:00:00,10038.676137124805
SEN,2025-08-19 18:00:00,9423.943520645906
SEN,2025-08-19 19:00:00,9404.932991214204
SEN,2025-08-19 20:00:00,9500.311159368795
SEN,2025-08-19 21:00:00,9368.194576812299
SEN,2025-08-19 22:00:00,9558.989681765797
SEN,2025-08-19 23:00:00,9578.273245055501
SEN,2025-08-20 00:00:00,9273.486419333192
SEN,2025-08-20 01:00:00,8821.608609548404
SEN,2025-08-20 02:00:00,8559.3767347621
SEN,2025-08-20 03:00:00,8445.704486438299
SEN,2025-08-20 04:00:00,8347.2834021537
SEN,2025-08-20 05:00:00,8422.011973032098
SEN,2025-08-20 06:00:00,8995.580680493496
SEN,2025-08-20 07:00:00,9623.106954472103
SEN,2025-08-20 08:00:00,10621.1556075631
SEN,2025-08-20 09:00:00,11262.513598271586
SEN,2025-08-20 10:00:00,11236.264347047303
SEN,2025-08-20 11:00:00,11215.663905448302
SEN,2025-08-20 12:00:00,11199.299736404213
SEN,2025-08-20 13:00:00,10973.9401616695
SEN,2025-08-20 14:00:00,10875.785585117414
SEN,2025-08-20 15:00:00,10532.644615998615
SEN,2025-08-20 16:00:00,10336.48155661231
SEN,2025-08-20 17:00:00,9978.87725115638
SEN,2025-08-20 18:00:00,9270.339430876209
SEN,2025-08-20 19:00:00,9319.111770032496
SEN,2025-08-20 20:00:00,9346.366431219403
SEN,2025-08-20 21:00:00,9238.266433615903
SEN,2025-08-20 22:00:00,9402.577634769395
SEN,2025-08-20 23:00:00,9316.2080281752
SEN,2025-08-21 00:00:00,9068.760649592403
SEN,2025-08-21 01:00:00,8769.073842642201
SEN,2025-08-21 02:00:00,8448.279818460904
SEN,2025-08-21 03:00:00,8429.928899630606
SEN,2025-08-21 04:00:00,8355.083872660402
SEN,2025-08-21 05:00:00,8592.664906327007
SEN,2025-08-21 06:00:00,9280.275892824604
SEN,2025-08-21 07:00:00,9782.622543718504
SEN,2025-08-21 08:00:00,10610.700343390406
SEN,2025-08-21 09:00:00,11202.820979144675
SEN,2025-08-21 10:00:00,11268.196383334913
SEN,2025-08-21 11:00:00,11707.524243289708
SEN,2025-08-21 12:00:00,11704.209883155316
SEN,2025-08-21 13:00:00,11719.693793091914
SEN,2025-08-21 14:00:00,11531.182601347205
SEN,2025-08-21 15:00:00,11387.234374573014
SEN,2025-08-21 16:00:00,11195.561309444818
SEN,2025-08-21 17:00:00,10896.752647653395
SEN,2025-08-21 18:00:00,10188.996098324904
SEN,2025-08-21 19:00:00,9971.385239917103
SEN,2025-08-21 20:00:00,9926.906663502501
SEN,2025-08-21 21:00:00,10008.835884604001
SEN,2025-08-21 22:00:00,9886.943814402799
SEN,2025-08-21 23:00:00,9713.700147400401
SEN,2025-08-22 00:00:00,9251.051064639103
SEN,2025-08-22 01:00:00,8971.233535003399
SEN,2025-08-22 02:00:00,8704.7321320535
SEN,2025-08-22 03:00:00,8476.0093445318
SEN,2025-08-22 04:00:00,8503.732797541203
SEN,2025-08-22 05:00:00,8574.005734538
SEN,2025-08-22 06:00:00,9161.434978006304
SEN,2025-08-22 07:00:00,9858.877928586904
SEN,2025-08-22 08:00:00,10718.273388296097
SEN,2025-08-22 09:00:00,11503.360297986499
SEN,2025-08-22 10:00:00,12030.631478519319
SEN,2025-08-22 11:00:00,12183.7342424189
SEN,2025-08-22 12:00:00,12166.4151752866
SEN,2025-08-22 13:00:00,12161.151272537296
SEN,2025-08-22 14:00:00,12072.022127479991
SEN,2025-08-22 15:00:00,11635.041896761097
SEN,2025-08-22 16:00:00,11222.680003048106
SEN,2025-08-22 17:00:00,10696.3403099337
SEN,2025-08-22 18:00:00,10823.577624090794
SEN,2025-08-22 19:00:00,10887.039790744002
SEN,2025-08-22 20:00:00,10662.587570124115
SEN,2025-08-22 21:00:00,10352.430370291706
SEN,2025-08-22 22:00:00,10141.656582878102
SEN,2025-08-22 23:00:00,9901.827758038598
SEN,2025-08-23 00:00:00,9181.3196278675
SEN,2025-08-23 01:00:00,8808.780758759598
SEN,2025-08-23 02:00:00,8407.094893557496
SEN,2025-08-23 03:00:00,8241.428602910299
SEN,2025-08-23 04:00:00,8098.791971479898
SEN,2025-08-23 05:00:00,8087.311429230003
SEN,2025-08-23 06:00:00,8480.660014215602
SEN,2025-08-23 07:00:00,8717.569997421704
SEN,2025-08-23 08:00:00,9520.551690034907
SEN,2025-08-23 09:00:00,10582.629398047899
SEN,2025-08-23 10:00:00,10911.346665252508
SEN,2025-08-23 11:00:00,10979.016184179492
SEN,2025-08-23 12:00:00,10983.045653111705
SEN,2025-08-23 13:00:00,10790.661307141596
SEN,2025-08-23 14:00:00,10345.388422050904
SEN,2025-08-23 15:00:00,10003.536307753408
SEN,2025-08-23 16:00:00,9743.483410681689
SEN,2025-08-23 17:00:00,9840.940891907287
SEN,2025-08-23 18:00:00,9620.510412237401
SEN,2025-08-23 19:00:00,9946.133685228204
SEN,2025-08-23 20:00:00,9995.292898972099
SEN,2025-08-23 21:00:00,9936.2670066593
SEN,2025-08-23 22:00:00,9911.976568596794
SEN,2025-08-23 23:00:00,9726.320984563705
SEN,2025-08-24 00:00:00,9407.146688733397
SEN,2025-08-24 01:00:00,8987.242034530504
SEN,2025-08-24 02:00:00,8627.2529109042
SEN,2025-08-24 03:00:00,8328.9191609521
SEN,2025-08-24 04:00:00,8158.426881167904
SEN,2025-08-24 05:00:00,8130.236731450899
SEN,2025-08-24 06:00:00,8102.268143133903
SEN,2025-08-24 07:00:00,8161.227729494803
SEN,2025-08-24 08:00:00,8767.8730460087
SEN,2025-08-24 09:00:00,9735.39805790409
SEN,2025-08-24 10:00:00,10090.485837574988
SEN,2025-08-24 11:00:00,10269.364017970907
SEN,2025-08-24 12:00:00,10429.223345277705
SEN,2025-08-24 13:00:00,10560.86469914811
SEN,2025-08-24 14:00:00,10340.746024273807
SEN,2025-08-24 15:00:00,9872.184166240602
SEN,2025-08-24 16:00:00,9459.378126056396
SEN,2025-08-24 17:00:00,9595.883027739283
SEN,2025-08-24 18:00:00,9543.227202962298
SEN,2025-08-24 19:00:00,9662.709965812104
SEN,2025-08-24 20:00:00,9735.956300913507
SEN,2025-08-24 21:00:00,9781.281877047399
SEN,2025-08-24 22:00:00,9665.738166041503
SEN,2025-08-24 23:00:00,9551.352153718508
SEN,2025-08-25 00:00:00,9118.161946919594
SEN,2025-08-25 01:00:00,8666.221672133104
SEN,2025-08-25 02:00:00,8378.205954128203
SEN,2025-08-25 03:00:00,8258.595284510104
SEN,2025-08-25 04:00:00,8213.632884018401
SEN,2025-08-25 05:00:00,8378.087268103909
SEN,2025-08-25 06:00:00,9220.663983166703
SEN,2025-08-25 07:00:00,9831.686580542912
SEN,2025-08-25 08:00:00,10810.632835255798
SEN,2025-08-25 09:00:00,11586.45247247719
SEN,2025-08-25 10:00:00,11582.018516499003
SEN,2025-08-25 11:00:00,11401.078207773202
SEN,2025-08-25 12:00:00,11271.316522372712
SEN,2025-08-25 13:00:00,11076.349882382823
SEN,2025-08-25 14:00:00,10758.597314747894
SEN,2025-08-25 15:00:00,10530.343973052597
SEN,2025-08-25 16:00:00,10205.430075250908
SEN,2025-08-25 17:00:00,9934.166689128493
SEN,2025-08-25 18:00:00,9670.052001627208
SEN,2025-08-25 19:00:00,9943.649492261504
SEN,2025-08-25 20:00:00,9585.474061144498
SEN,2025-08-25 21:00:00,9358.0577773196
SEN,2025-08-25 22:00:00,9497.624856229797
SEN,2025-08-25 23:00:00,9435.0237617628
SEN,2025-08-26 00:00:00,9251.9368865256
SEN,2025-08-26 01:00:00,9078.658859404799
SEN,2025-08-26 02:00:00,8712.647959047299
SEN,2025-08-26 03:00:00,8572.5225793726
SEN,2025-08-26 04:00:00,8593.769140665097
SEN,2025-08-26 05:00:00,8768.967972672408
SEN,2025-08-26 06:00:00,9467.648951473504
SEN,2025-08-26 07:00:00,9952.85211057499
SEN,2025-08-26 08:00:00,10844.975223731315
SEN,2025-08-26 09:00:00,11596.838140930086
SEN,2025-08-26 10:00:00,11526.532107184205
SEN,2025-08-26 11:00:00,11359.392074444502
SEN,2025-08-26 12:00:00,11100.354088608909
SEN,2025-08-26 13:00:00,10880.95046444319
SEN,2025-08-26 14:00:00,10703.955121422214
SEN,2025-08-26 15:00:00,10383.090081210403
SEN,2025-08-26 16:00:00,10088.8957373944
SEN,2025-08-26 17:00:00,9779.394230977308
SEN,2025-08-26 18:00:00,9646.787741279315
SEN,2025-08-26 19:00:00,9522.724126286103
SEN,2025-08-26 20:00:00,9260.3766239993
SEN,2025-08-26 21:00:00,9160.847018716793
SEN,2025-08-26 22:00:00,9267.191960103297
SEN,2025-08-26 23:00:00,9251.974303009896
SEN,2025-08-27 00:00:00,9181.4750476542
SEN,2025-08-27 01:00:00,8901.0128646418
SEN,2025-08-27 02:00:00,8716.7480444529
SEN,2025-08-27 03:00:00,8585.5009744393
SEN,2025-08-27 04:00:00,8509.080973462103
SEN,2025-08-27 05:00:00,8714.0431764286
SEN,2025-08-27 06:00:00,9380.118142420704
SEN,2025-08-27 07:00:00,9891.857367342292
SEN,2025-08-27 08:00:00,10707.635320147914
SEN,2025-08-27 09:00:00,11220.187697686097
SEN,2025-08-27 10:00:00,11218.007014679999
SEN,2025-08-27 11:00:00,11230.129371660196
SEN,2025-08-27 12:00:00,11176.0432639901
SEN,2025-08-27 13:00:00,11205.569169303402
SEN,2025-08-27 14:00:00,10829.224184437506
SEN,2025-08-27 15:00:00,10531.577717648386
SEN,2025-08-27 16:00:00,10279.030612644889
SEN,2025-08-27 17:00:00,9895.0864011879
SEN,2025-08-27 18:00:00,9443.774410566108
SEN,2025-08-27 19:00:00,9392.6958192739
SEN,2025-08-27 20:00:00,9372.2334294362
SEN,2025-08-27 21:00:00,9413.996884278205
SEN,2025-08-27 22:00:00,9524.400705321996
SEN,2025-08-27 23:00:00,9399.351532754996
SEN,2025-08-28 00:00:00,9169.764878358494
SEN,2025-08-28 01:00:00,8876.485483908697
SEN,2025-08-28 02:00:00,8646.369472649601
SEN,2025-08-28 03:00:00,8533.739810012601
SEN,2025-08-28 04:00:00,8508.638425867797
SEN,2025-08-28 05:00:00,8680.233648075104
SEN,2025-08-28 06:00:00,9363.7569809027
SEN,2025-08-28 07:00:00,9958.568915239899
SEN,2025-08-28 08:00:00,10982.843767391903
SEN,2025-08-28 09:00:00,11561.554828381606
SEN,2025-08-28 10:00:00,11625.534805488795
SEN,2025-08-28 11:00:00,11734.419613179514
SEN,2025-08-28 12:00:00,11783.274684386195
SEN,2025-08-28 13:00:00,11623.983894350908
SEN,2025-08-28 14:00:00,11645.860367289702
SEN,2025-08-28 15:00:00,11412.548557408085
SEN,2025-08-28 16:00:00,11205.135686126614
SEN,2025-08-28 17:00:00,10736.096373432794
SEN,2025-08-28 18:00:00,10386.4849086639
SEN,2025-08-28 19:00:00,10047.353343791005
SEN,2025-08-28 20:00:00,9828.825419873805
SEN,2025-08-28 21:00:00,9786.436403491893
SEN,2025-08-28 22:00:00,9817.451952842297
SEN,2025-08-28 23:00:00,9672.3612758703
SEN,2025-08-29 00:00:00,9380.229362733598
SEN,2025-08-29 01:00:00,8998.720269947698
SEN,2025-08-29 02:00:00,8726.897927216396
SEN,2025-08-29 03:00:00,8560.574632164598
SEN,2025-08-29 04:00:00,8585.197609350404
SEN,2025-08-29 05:00:00,8719.3617890425
SEN,2025-08-29 06:00:00,9231.989390049903
SEN,2025-08-29 07:00:00,10012.505494647321
SEN,2025-08-29 08:00:00,10836.418303341301
SEN,2025-08-29 09:00:00,11486.154605044396
SEN,2025-08-29 10:00:00,11713.128313642006
SEN,2025-08-29 11:00:00,11756.154015259308
SEN,2025-08-29 12:00:00,11651.571985395904
SEN,2025-08-29 13:00:00,11503.341431448702
SEN,2025-08-29 14:00:00,11333.293836234692
SEN,2025-08-29 15:00:00,11026.519409077793
SEN,2025-08-29 16:00:00,10807.79628773451
SEN,2025-08-29 17:00:00,10270.298334571191
SEN,2025-08-29 18:00:00,9774.8401378006
SEN,2025-08-29 19:00:00,9888.402277019395
SEN,2025-08-29 20:00:00,9688.8254030549
SEN,2025-08-29 21:00:00,9502.372194781303
SEN,2025-08-29 22:00:00,9743.547094705897
SEN,2025-08-29 23:00:00,9820.891967875299
SEN,2025-08-30 00:00:00,9525.527853870904
SEN,2025-08-30 01:00:00,9119.900137866296
SEN,2025-08-30 02:00:00,8834.358891196403
SEN,2025-08-30 03:00:00,8584.571090120406
SEN,2025-08-30 04:00:00,8475.108736159995
SEN,2025-08-30 05:00:00,8413.935810428504
SEN,2025-08-30 06:00:00,8621.167170581999
SEN,2025-08-30 07:00:00,8647.998521830406
SEN,2025-08-30 08:00:00,9332.395670711612
SEN,2025-08-30 09:00:00,10278.545657473695
SEN,2025-08-30 10:00:00,10774.939873196789
SEN,2025-08-30 11:00:00,10852.0694298265
SEN,2025-08-30 12:00:00,10906.479030051705
SEN,2025-08-30 13:00:00,10938.0615017012
SEN,2025-08-30 14:00:00,10750.021860025281
SEN,2025-08-30 15:00:00,10514.958388865183
SEN,2025-08-30 16:00:00,10270.070597191403
SEN,2025-08-30 17:00:00,10263.31257600161
SEN,2025-08-30 18:00:00,10092.651457721706
SEN,2025-08-30 19:00:00,10088.606781654598
SEN,2025-08-30 20:00:00,9683.077201147897
SEN,2025-08-30 21:00:00,9348.480199243695
SEN,2025-08-30 22:00:00,9204.751751145293
SEN,2025-08-30 23:00:00,9161.396901618198
SEN,2025-08-31 00:00:00,8988.2378406379
SEN,2025-08-31 01:00:00,8711.797022065603
SEN,2025-08-31 02:00:00,8359.2999055416
SEN,2025-08-31 03:00:00,8123.887143015702
SEN,2025-08-31 04:00:00,8037.1242156132
SEN,2025-08-31 05:00:00,7930.461212936305
SEN,2025-08-31 06:00:00,7951.2375475198005
SEN,2025-08-31 07:00:00,7987.225611911596
SEN,2025-08-31 08:00:00,8873.420017071292
SEN,2025-08-31 09:00:00,9477.090539992703
SEN,2025-08-31 10:00:00,9774.843091567098
SEN,2025-08-31 11:00:00,9897.2998457136
SEN,2025-08-31 12:00:00,10216.862640331494
SEN,2025-08-31 13:00:00,10499.359847715012
SEN,2025-08-31 14:00:00,10353.852582843794
SEN,2025-08-31 15:00:00,9998.521625592593
SEN,2025-08-31 16:00:00,9832.116471317204
SEN,2025-08-31 17:00:00,9888.971038238693
SEN,2025-08-31 18:00:00,10304.773192462206
SEN,2025-08-31 19:00:00,10470.328256433706
SEN,2025-08-31 20:00:00,10107.889549889707
SEN,2025-08-31 21:00:00,9987.291519790988
SEN,2025-08-31 22:00:00,9805.116675988296
SEN,2025-08-31 23:00:00,9324.773680580402
SEN,2025-09-01 00:00:00,8661.974134382
SEN,2025-09-01 01:00:00,8347.002754188597
SEN,2025-09-01 02:00:00,8196.684666566893
SEN,2025-09-01 03:00:00,8017.969074004003
SEN,2025-09-01 04:00:00,7863.809113902596
SEN,2025-09-01 05:00:00,7921.467028688901
SEN,2025-09-01 06:00:00,8816.912506492201
SEN,2025-09-01 07:00:00,9806.164664162094
SEN,2025-09-01 08:00:00,10508.308660593011
SEN,2025-09-01 09:00:00,11189.983419834198
SEN,2025-09-01 10:00:00,11413.4374116888
SEN,2025-09-01 11:00:00,11390.563370891796
SEN,2025-09-01 12:00:00,11339.870834299008
SEN,2025-09-01 13:00:00,11267.360929590599
SEN,2025-09-01 14:00:00,11149.794668092305
SEN,2025-09-01 15:00:00,10792.707336354904
SEN,2025-09-01 16:00:00,10452.689593262103
SEN,2025-09-01 17:00:00,10034.949818795598
SEN,2025-09-01 18:00:00,9938.552179034996
SEN,2025-09-01 19:00:00,9714.592752484303
SEN,2025-09-01 20:00:00,9313.419900478499
SEN,2025-09-01 21:00:00,9463.821779713902
SEN,2025-09-01 22:00:00,9490.876683418803
SEN,2025-09-01 23:00:00,9452.789073750993
SEN,2025-09-02 00:00:00,9148.385125988598
SEN,2025-09-02 01:00:00,8849.5835953768
SEN,2025-09-02 02:00:00,8602.657371488
SEN,2025-09-02 03:00:00,8508.992757874898
SEN,2025-09-02 04:00:00,8306.700329315194
SEN,2025-09-02 05:00:00,8349.265012697995
SEN,2025-09-02 06:00:00,9059.208434555307
SEN,2025-09-02 07:00:00,9903.961126673286
SEN,2025-09-02 08:00:00,10769.392109477485
SEN,2025-09-02 09:00:00,11343.419031795429
SEN,2025-09-02 10:00:00,11475.9188471384
SEN,2025-09-02 11:00:00,11592.406293581502
SEN,2025-09-02 12:00:00,11541.25363058009
SEN,2025-09-02 13:00:00,11489.070311982205
SEN,2025-09-02 14:00:00,11414.061542033593
SEN,2025-09-02 15:00:00,11167.4041756429
SEN,2025-09-02 16:00:00,10838.497908562586
SEN,2025-09-02 17:00:00,10287.189981224792
SEN,2025-09-02 18:00:00,10205.247927042308
SEN,2025-09-02 19:00:00,10347.040915707994
SEN,2025-09-02 20:00:00,10213.250182584297
SEN,2025-09-02 21:00:00,10043.028247277896
SEN,2025-09-02 22:00:00,9883.211229014896
SEN,2025-09-02 23:00:00,9665.435196592303
SEN,2025-09-03 00:00:00,9136.4042359647
SEN,2025-09-03 01:00:00,8773.182278832295
SEN,2025-09-03 02:00:00,8620.51331777
SEN,2025-09-03 03:00:00,8475.8694630215
SEN,2025-09-03 04:00:00,8437.838830870796
SEN,2025-09-03 05:00:00,8455.61133686
SEN,2025-09-03 06:00:00,9028.969664261002
SEN,2025-09-03 07:00:00,9702.857523640005
SEN,2025-09-03 08:00:00,10421.705461840802
SEN,2025-09-03 09:00:00,10998.83271149029
SEN,2025-09-03 10:00:00,11422.958111619713
SEN,2025-09-03 11:00:00,11220.762683097802
SEN,2025-09-03 12:00:00,11217.89391333858
SEN,2025-09-03 13:00:00,11147.389993263692
SEN,2025-09-03 14:00:00,11000.340986655308
SEN,2025-09-03 15:00:00,10705.543094484496
SEN,2025-09-03 16:00:00,10280.538637188587
SEN,2025-09-03 17:00:00,9816.807319616097
SEN,2025-09-03 18:00:00,9651.265077333304
SEN,2025-09-03 19:00:00,10064.125164270094
SEN,2025-09-03 20:00:00,10061.856076663607
SEN,2025-09-03 21:00:00,9907.220827194
SEN,2025-09-03 22:00:00,9893.474819441102
SEN,2025-09-03 23:00:00,9633.192629291098
SEN,2025-09-04 00:00:00,8995.467314477903
SEN,2025-09-04 01:00:00,8598.239222154605
SEN,2025-09-04 02:00:00,8354.290473223196
SEN,2025-09-04 03:00:00,8283.271423637503
SEN,2025-09-04 04:00:00,8513.039376800998
SEN,2025-09-04 05:00:00,8501.117199335606
SEN,2025-09-04 06:00:00,9287.161062450705
SEN,2025-09-04 07:00:00,10124.047815729598
SEN,2025-09-04 08:00:00,10880.91132633972
SEN,2025-09-04 09:00:00,11300.949702613298
SEN,2025-09-04 10:00:00,11372.551152389893
SEN,2025-09-04 11:00:00,11295.362414251596
SEN,2025-09-04 12:00:00,11283.015539929207
SEN,2025-09-04 13:00:00,11072.472166129319
SEN,2025-09-04 14:00:00,10852.436222575814
SEN,2025-09-04 15:00:00,10857.490468795006
SEN,2025-09-04 16:00:00,10623.772049907599
SEN,2025-09-04 17:00:00,10168.992487301297
SEN,2025-09-04 18:00:00,9890.014533581207
SEN,2025-09-04 19:00:00,9774.517543955695
SEN,2025-09-04 20:00:00,9956.223367611301
SEN,2025-09-04 21:00:00,9894.519238857098
SEN,2025-09-04 22:00:00,9985.222263965097
SEN,2025-09-04 23:00:00,9840.077749343896
SEN,2025-09-05 00:00:00,9411.261435090504
SEN,2025-09-05 01:00:00,9034.581283152997
SEN,2025-09-05 02:00:00,8734.325415057103
SEN,2025-09-05 03:00:00,8578.2923897841
SEN,2025-09-05 04:00:00,8563.660924972299
SEN,2025-09-05 05:00:00,8648.859269035898
SEN,2025-09-05 06:00:00,9165.794802119
SEN,2025-09-05 07:00:00,9889.243498529107
SEN,2025-09-05 08:00:00,10803.668407278907
SEN,2025-09-05 09:00:00,11354.9814437417
SEN,2025-09-05 10:00:00,11418.498708249313
SEN,2025-09-05 11:00:00,11283.364500510415
SEN,2025-09-05 12:00:00,11118.898627485196
SEN,2025-09-05 13:00:00,11066.232827051821
SEN,2025-09-05 14:00:00,11049.128268389295
SEN,2025-09-05 15:00:00,10647.589149981006
SEN,2025-09-05 16:00:00,10074.7792311218
SEN,2025-09-05 17:00:00,9566.368183904804
SEN,2025-09-05 18:00:00,9561.411769777113
SEN,2025-09-05 19:00:00,9425.591045801002
SEN,2025-09-05 20:00:00,9227.992735447695
SEN,2025-09-05 21:00:00,9261.914144888802
SEN,2025-09-05 22:00:00,9376.150257238505
SEN,2025-09-05 23:00:00,9502.177009902003
SEN,2025-09-06 00:00:00,9250.634450846097
SEN,2025-09-06 01:00:00,9076.838433577208
SEN,2025-09-06 02:00:00,8822.000564744198
SEN,2025-09-06 03:00:00,8625.501368801299
SEN,2025-09-06 04:00:00,8649.604431733398
SEN,2025-09-06 05:00:00,8633.2958032163
SEN,2025-09-06 06:00:00,8754.1026600205
SEN,2025-09-06 07:00:00,8838.625386981494
SEN,2025-09-06 08:00:00,9775.0277252618
SEN,2025-09-06 09:00:00,10565.94404103441
SEN,2025-09-06 10:00:00,10969.427868468405
SEN,2025-09-06 11:00:00,11096.227186429895
SEN,2025-09-06 12:00:00,11167.945740258405
SEN,2025-09-06 13:00:00,11128.21796982208
SEN,2025-09-06 14:00:00,10976.9481240677
SEN,2025-09-06 15:00:00,10703.646660383005
SEN,2025-09-06 16:00:00,10339.177439845
SEN,2025-09-06 17:00:00,10237.076932158498
SEN,2025-09-06 18:00:00,10338.269405847595
SEN,2025-09-06 19:00:00,10111.760683017483
SEN,2025-09-06 20:00:00,10012.04389457229
SEN,2025-09-06 21:00:00,9856.114203174699
SEN,2025-09-06 22:00:00,9536.906803908692
SEN,2025-09-06 23:00:00,9096.520435392702
SEN,2025-09-07 01:00:00,8629.323215049604
SEN,2025-09-07 02:00:00,8408.548441054605
SEN,2025-09-07 03:00:00,8049.4439274368
SEN,2025-09-07 04:00:00,8022.776981692302
SEN,2025-09-07 05:00:00,8104.136600844598
SEN,2025-09-07 06:00:00,8035.1240151521
SEN,2025-09-07 07:00:00,8160.785059857304
SEN,2025-09-07 08:00:00,8502.214980124994
SEN,2025-09-07 09:00:00,9000.061202379506
SEN,2025-09-07 10:00:00,9487.524105871806
SEN,2025-09-07 11:00:00,9950.259238245593
SEN,2025-09-07 12:00:00,10487.383850999511
SEN,2025-09-07 13:00:00,10670.585180357506
SEN,2025-09-07 14:00:00,10639.044407833004
SEN,2025-09-07 15:00:00,10739.086250245588
SEN,2025-09-07 16:00:00,10496.03433450868
SEN,2025-09-07 17:00:00,10062.536518581715
SEN,2025-09-07 18:00:00,9949.007976293193
SEN,2025-09-07 19:00:00,10199.085956724603
SEN,2025-09-07 20:00:00,10217.266901549103
SEN,2025-09-07 21:00:00,10294.952828669999
SEN,2025-09-07 22:00:00,10215.7477450682
SEN,2025-09-07 23:00:00,9791.3383993187
SEN,2025-09-08 00:00:00,9026.513498987395
SEN,2025-09-08 01:00:00,8736.370230795601
SEN,2025-09-08 02:00:00,8514.434443127202
SEN,2025-09-08 03:00:00,8291.8257889808
SEN,2025-09-08 04:00:00,8255.099768401702
SEN,2025-09-08 05:00:00,8284.200679094702
SEN,2025-09-08 06:00:00,9069.929942202298
SEN,2025-09-08 07:00:00,10092.57859360221
SEN,2025-09-08 08:00:00,10494.354535621498
SEN,2025-09-08 09:00:00,11137.47202139807
SEN,2025-09-08 10:00:00,11313.407129140798
SEN,2025-09-08 11:00:00,11410.098091636119
SEN,2025-09-08 12:00:00,11379.878313341114
SEN,2025-09-08 13:00:00,11308.759316978192
SEN,2025-09-08 14:00:00,11135.919439437997
SEN,2025-09-08 15:00:00,10706.551135541295
SEN,2025-09-08 16:00:00,10312.44560186979
SEN,2025-09-08 17:00:00,9665.560774642792
SEN,2025-09-08 18:00:00,9263.014409153195
SEN,2025-09-08 19:00:00,9945.209003769998
SEN,2025-09-08 20:00:00,10245.5780707068
SEN,2025-09-08 21:00:00,9880.0337963994
SEN,2025-09-08 22:00:00,9652.767555678809
SEN,2025-09-08 23:00:00,9357.580006871001
SEN,2025-09-09 00:00:00,9142.281916919506
SEN,2025-09-09 01:00:00,8783.856631384191
SEN,2025-09-09 02:00:00,8548.358818336998
SEN,2025-09-09 03:00:00,8391.417321290806
SEN,2025-09-09 04:00:00,8450.3865086999
SEN,2025-09-09 05:00:00,8585.609764031702
SEN,2025-09-09 06:00:00,9140.791588674996
SEN,2025-09-09 07:00:00,10003.99532798281
SEN,2025-09-09 08:00:00,10562.888782939186
SEN,2025-09-09 09:00:00,11165.937003936004
SEN,2025-09-09 10:00:00,11345.826377735992
SEN,2025-09-09 11:00:00,11311.700908719
SEN,2025-09-09 12:00:00,11137.981141716895
SEN,2025-09-09 13:00:00,11112.858074346086
SEN,2025-09-09 14:00:00,11073.054481709309
SEN,2025-09-09 15:00:00,11016.72717572319
SEN,2025-09-09 16:00:00,10565.872975398503
SEN,2025-09-09 17:00:00,9883.846300656609
SEN,2025-09-09 18:00:00,9391.250281979093
SEN,2025-09-09 19:00:00,9832.0383907754
SEN,2025-09-09 20:00:00,9870.465270758788
SEN,2025-09-09 21:00:00,9673.127047599999
SEN,2025-09-09 22:00:00,9669.534796153192
SEN,2025-09-09 23:00:00,9471.180346806801
SEN,2025-09-10 00:00:00,9147.024896997404
SEN,2025-09-10 01:00:00,8828.841323321205
SEN,2025-09-10 02:00:00,8697.027795263297
SEN,2025-09-10 03:00:00,8447.768235110703
SEN,2025-09-10 04:00:00,8377.783731432006
SEN,2025-09-10 05:00:00,8341.685887399199
SEN,2025-09-10 06:00:00,8684.348481641306
SEN,2025-09-10 07:00:00,9334.977244081905
SEN,2025-09-10 08:00:00,10080.740926964898
SEN,2025-09-10 09:00:00,10781.499082703294
SEN,2025-09-10 10:00:00,10865.879975033113
SEN,2025-09-10 11:00:00,10904.183121144903
SEN,2025-09-10 12:00:00,10706.078444479797
SEN,2025-09-10 13:00:00,10642.501140898612
SEN,2025-09-10 14:00:00,10453.1945666598
SEN,2025-09-10 15:00:00,10169.499182928112
SEN,2025-09-10 16:00:00,9958.879923849907
SEN,2025-09-10 17:00:00,9212.139120825706
SEN,2025-09-10 18:00:00,8698.716128979304
SEN,2025-09-10 19:00:00,9215.302021788197
SEN,2025-09-10 20:00:00,9571.2253694329
SEN,2025-09-10 21:00:00,9209.668004578596
SEN,2025-09-10 22:00:00,9263.673214211196
SEN,2025-09-10 23:00:00,9002.721346496402
SEN,2025-09-11 00:00:00,8459.454168233699
SEN,2025-09-11 01:00:00,8124.688993302499
SEN,2025-09-11 02:00:00,7985.110770521899
SEN,2025-09-11 03:00:00,7921.162464129001
SEN,2025-09-11 04:00:00,7808.662784885399
SEN,2025-09-11 05:00:00,7913.599047153202
SEN,2025-09-11 06:00:00,8444.8236717212
SEN,2025-09-11 07:00:00,9433.946444272708
SEN,2025-09-11 08:00:00,10021.12883302689
SEN,2025-09-11 09:00:00,10717.125125469787
SEN,2025-09-11 10:00:00,10942.329449952489
SEN,2025-09-11 11:00:00,10909.378426685904
SEN,2025-09-11 12:00:00,10849.972420251503
SEN,2025-09-11 13:00:00,10825.596345773116
SEN,2025-09-11 14:00:00,10787.674697369497
SEN,2025-09-11 15:00:00,10614.9412162988
SEN,2025-09-11 16:00:00,10171.265354002797
SEN,2025-09-11 17:00:00,9465.1413399105
SEN,2025-09-11 18:00:00,8949.100366504603
SEN,2025-09-11 19:00:00,9384.929782708996
SEN,2025-09-11 20:00:00,9451.638656710795
SEN,2025-09-11 21:00:00,8904.154479714398
SEN,2025-09-11 22:00:00,8981.529143218013
SEN,2025-09-11 23:00:00,8843.561389671397
SEN,2025-09-12 00:00:00,8750.678715942699
SEN,2025-09-12 01:00:00,8577.150416136703
SEN,2025-09-12 02:00:00,8447.955179892399
SEN,2025-09-12 03:00:00,8263.5377625052
SEN,2025-09-12 04:00:00,8183.256994060603
SEN,2025-09-12 05:00:00,8219.946233948704
SEN,2025-09-12 06:00:00,8595.956364935093
SEN,2025-09-12 07:00:00,9448.882736468366
SEN,2025-09-12 08:00:00,10055.948126947489
SEN,2025-09-12 09:00:00,10856.108055540333
SEN,2025-09-12 10:00:00,10973.63888462529
SEN,2025-09-12 11:00:00,10922.635083980445
SEN,2025-09-12 12:00:00,10814.49761271956
SEN,2025-09-12 13:00:00,10617.940481829164
SEN,2025-09-12 14:00:00,10526.314183266491
SEN,2025-09-12 15:00:00,10359.124709049584
SEN,2025-09-12 16:00:00,9996.458624013207
SEN,2025-09-12 17:00:00,9454.83545355774
SEN,2025-09-12 18:00:00,9109.617614207731
SEN,2025-09-12 19:00:00,8877.912777594862
SEN,2025-09-12 20:00:00,9067.707897296603
SEN,2025-09-12 21:00:00,9111.621270933196
SEN,2025-09-12 22:00:00,9000.2750263172
SEN,2025-09-12 23:00:00,8713.043433806002
SEN,2025-09-13 00:00:00,8509.7142864253
SEN,2025-09-13 01:00:00,8380.067128707104
SEN,2025-09-13 02:00:00,8313.826974007105
SEN,2025-09-13 03:00:00,8241.8194584142
SEN,2025-09-13 04:00:00,8188.8904944163
SEN,2025-09-13 05:00:00,8187.2237762181
SEN,2025-09-13 06:00:00,8313.120175585402
SEN,2025-09-13 07:00:00,8518.525463629798
SEN,2025-09-13 08:00:00,8800.010914081802
SEN,2025-09-13 09:00:00,9772.44169554769
SEN,2025-09-13 10:00:00,10274.173432788097
SEN,2025-09-13 11:00:00,10361.606459666094
SEN,2025-09-13 12:00:00,10389.191672114588
SEN,2025-09-13 13:00:00,10359.440037380311
SEN,2025-09-13 14:00:00,10124.701626794886
SEN,2025-09-13 15:00:00,9798.404291698196
SEN,2025-09-13 16:00:00,9525.533971101398
SEN,2025-09-13 17:00:00,9063.754767390703
SEN,2025-09-13 18:00:00,8924.155736628509
SEN,2025-09-13 19:00:00,9160.426238256005
SEN,2025-09-13 20:00:00,9134.0692528315
SEN,2025-09-13 21:00:00,8677.662086380897
SEN,2025-09-13 22:00:00,8634.351991331698
SEN,2025-09-13 23:00:00,8376.688064644197
SEN,2025-09-14 00:00:00,8150.723781707397
SEN,2025-09-14 01:00:00,8007.749504337701
SEN,2025-09-14 02:00:00,7896.135317245405
SEN,2025-09-14 03:00:00,7638.668150920902
SEN,2025-09-14 04:00:00,7438.5892907154
SEN,2025-09-14 05:00:00,7394.977623868997
SEN,2025-09-14 06:00:00,7558.392158889405
SEN,2025-09-14 07:00:00,7726.563423042507
SEN,2025-09-14 08:00:00,7912.104346789991
SEN,2025-09-14 09:00:00,8847.840586487495
SEN,2025-09-14 10:00:00,9457.566984309791
SEN,2025-09-14 11:00:00,9629.606844093194
SEN,2025-09-14 12:00:00,9722.971098172597
SEN,2025-09-14 13:00:00,9822.10761439381
SEN,2025-09-14 14:00:00,9432.958932770907
SEN,2025-09-14 15:00:00,9228.835016234987
SEN,2025-09-14 16:00:00,8879.999019491794
SEN,2025-09-14 17:00:00,8610.293241696394
SEN,2025-09-14 18:00:00,8652.415214581706
SEN,2025-09-14 19:00:00,9157.782776272405
SEN,2025-09-14 20:00:00,9626.3187711713
SEN,2025-09-14 21:00:00,8854.211784232693
SEN,2025-09-14 22:00:00,8465.61599034379
SEN,2025-09-14 23:00:00,8187.203376599701
SEN,2025-09-15 00:00:00,8147.456113968297
SEN,2025-09-15 01:00:00,7882.634630068899
SEN,2025-09-15 02:00:00,7710.108243068201
SEN,2025-09-15 03:00:00,7698.216413392806
SEN,2025-09-15 04:00:00,7745.842290916196
SEN,2025-09-15 05:00:00,7795.6291255846
SEN,2025-09-15 06:00:00,7814.378377354001
SEN,2025-09-15 07:00:00,8609.968861369207
SEN,2025-09-15 08:00:00,9841.749834324499
SEN,2025-09-15 09:00:00,11057.545649421898
SEN,2025-09-15 10:00:00,11188.676620050781
SEN,2025-09-15 11:00:00,11323.691180845999
SEN,2025-09-15 12:00:00,11327.635487220903
SEN,2025-09-15 13:00:00,11359.445603285496
SEN,2025-09-15 14:00:00,11135.625021966194
SEN,2025-09-15 15:00:00,10784.952749596707
SEN,2025-09-15 16:00:00,10296.033060707017
SEN,2025-09-15 17:00:00,9663.853208974813
SEN,2025-09-15 18:00:00,9107.623321815796
SEN,2025-09-15 19:00:00,9412.176061593505
SEN,2025-09-15 20:00:00,9522.9308768541
SEN,2025-09-15 21:00:00,9036.845975312393
SEN,2025-09-15 22:00:00,8927.934400921198
SEN,2025-09-15 23:00:00,8881.9270425683
SEN,2025-09-16 00:00:00,8399.321423160402
SEN,2025-09-16 01:00:00,8254.8839516964
SEN,2025-09-16 02:00:00,8097.178296890102
SEN,2025-09-16 03:00:00,8054.865662111099
SEN,2025-09-16 04:00:00,7887.083370501695
SEN,2025-09-16 05:00:00,7803.546575044899
SEN,2025-09-16 06:00:00,8002.298095391098
SEN,2025-09-16 07:00:00,8570.037691554204
SEN,2025-09-16 08:00:00,9757.567508750302
SEN,2025-09-16 09:00:00,10441.524984379597
SEN,2025-09-16 10:00:00,10637.582118667911
SEN,2025-09-16 11:00:00,10643.776853397707
SEN,2025-09-16 12:00:00,10641.041905749
SEN,2025-09-16 13:00:00,10669.491783360221
SEN,2025-09-16 14:00:00,10648.833538055485
SEN,2025-09-16 15:00:00,10506.779640523695
SEN,2025-09-16 16:00:00,10211.599490623588
SEN,2025-09-16 17:00:00,9553.85447503219
SEN,2025-09-16 18:00:00,8934.4386289473
SEN,2025-09-16 19:00:00,8995.889795822404
SEN,2025-09-16 20:00:00,8714.8451950514
SEN,2025-09-16 21:00:00,8232.490149986803
SEN,2025-09-16 22:00:00,8423.823505428998
SEN,2025-09-16 23:00:00,8441.059812883897
SEN,2025-09-17 00:00:00,8165.6809002107975
SEN,2025-09-17 01:00:00,8123.628186945898
SEN,2025-09-17 02:00:00,8134.980533282101
SEN,2025-09-17 03:00:00,8098.851626816398
SEN,2025-09-17 04:00:00,8113.4002074830005
SEN,2025-09-17 05:00:00,8205.748840092692
SEN,2025-09-17 06:00:00,8403.493521133305
SEN,2025-09-17 07:00:00,8847.524734534396
SEN,2025-09-17 08:00:00,9559.639835898306
SEN,2025-09-17 09:00:00,10459.758083518807
SEN,2025-09-17 10:00:00,11064.590488685793
SEN,2025-09-17 11:00:00,11127.7390212925
SEN,2025-09-17 12:00:00,10964.88418512869
SEN,2025-09-17 13:00:00,10808.876500639179
SEN,2025-09-17 14:00:00,10494.872778516698
SEN,2025-09-17 15:00:00,10234.328223386903
SEN,2025-09-17 16:00:00,9824.39394033281
SEN,2025-09-17 17:00:00,9327.141765151307
SEN,2025-09-17 18:00:00,8786.891439517103
SEN,2025-09-17 19:00:00,8586.006625779002
SEN,2025-09-17 20:00:00,8442.043487969695
SEN,2025-09-17 21:00:00,8127.256170071801
SEN,2025-09-17 22:00:00,8004.5832077672
SEN,2025-09-17 23:00:00,8049.790367295902
SEN,2025-09-18 00:00:00,7929.333194488198
SEN,2025-09-18 01:00:00,7862.373946302605
SEN,2025-09-18 02:00:00,7857.555371820898
SEN,2025-09-18 03:00:00,7788.082496854105
SEN,2025-09-18 04:00:00,7769.057602013303
SEN,2025-09-18 05:00:00,7705.266561653903
SEN,2025-09-18 06:00:00,7764.068761505302
SEN,2025-09-18 07:00:00,7834.576824038201
SEN,2025-09-18 08:00:00,7930.078588757597
SEN,2025-09-18 09:00:00,8808.88004990171
SEN,2025-09-18 10:00:00,9566.977798363489
SEN,2025-09-18 11:00:00,9681.157644475807
SEN,2025-09-18 12:00:00,9573.375182630596
SEN,2025-09-18 13:00:00,9555.422782814212
SEN,2025-09-18 14:00:00,9257.723844565793
SEN,2025-09-18 15:00:00,9025.988257899293
SEN,2025-09-18 16:00:00,8789.9227923957
SEN,2025-09-18 17:00:00,8237.009460721889
SEN,2025-09-18 18:00:00,8074.445681246092
SEN,2025-09-18 19:00:00,8301.751877713097
SEN,2025-09-18 20:00:00,8182.3040190035
SEN,2025-09-18 21:00:00,7792.146737521005
SEN,2025-09-18 22:00:00,7789.602595417802
SEN,2025-09-18 23:00:00,7798.587140757799
SEN,2025-09-19 00:00:00,7706.279060163601
SEN,2025-09-19 01:00:00,7573.4201193592025
SEN,2025-09-19 02:00:00,7546.554160624299
SEN,2025-09-19 03:00:00,7675.229727176499
SEN,2025-09-19 04:00:00,7732.932547631002
SEN,2025-09-19 05:00:00,7634.3603190096965
SEN,2025-09-19 06:00:00,7708.4297529665955
SEN,2025-09-19 07:00:00,7710.020369421602
SEN,2025-09-19 08:00:00,7764.1389330643
SEN,2025-09-19 09:00:00,8659.339876529286
SEN,2025-09-19 10:00:00,9180.060278702196
SEN,2025-09-19 11:00:00,9368.414056038693
SEN,2025-09-19 12:00:00,9565.817053712306
SEN,2025-09-19 13:00:00,9652.730999941003
SEN,2025-09-19 14:00:00,9546.474192278885
SEN,2025-09-19 15:00:00,9245.3998055408
SEN,2025-09-19 16:00:00,8888.334979891995
SEN,2025-09-19 17:00:00,8538.825041509499
SEN,2025-09-19 18:00:00,8335.725506023995
SEN,2025-09-19 19:00:00,8443.623250832197
SEN,2025-09-19 20:00:00,8468.434700237898
SEN,2025-09-19 21:00:00,8030.9394301709945
SEN,2025-09-19 22:00:00,7962.710658044195
SEN,2025-09-19 23:00:00,7841.9243372062
SEN,2025-09-20 00:00:00,7738.345817299406
SEN,2025-09-20 01:00:00,7706.892452551604
SEN,2025-09-20 02:00:00,7727.430254867498
SEN,2025-09-20 03:00:00,7653.093137726004
SEN,2025-09-20 04:00:00,7590.561165060399
SEN,2025-09-20 05:00:00,7657.9672940896
SEN,2025-09-20 06:00:00,7774.076418869805
SEN,2025-09-20 07:00:00,7943.310365268997
SEN,2025-09-20 08:00:00,8110.286346651103
SEN,2025-09-20 09:00:00,9086.522499029996
SEN,2025-09-20 10:00:00,9805.25228509639
SEN,2025-09-20 11:00:00,10154.494653889906
SEN,2025-09-20 12:00:00,10458.2953892482
SEN,2025-09-20 13:00:00,10604.804356498402
SEN,2025-09-20 14:00:00,10390.702411083095
SEN,2025-09-20 15:00:00,10117.993541647997
SEN,2025-09-20 16:00:00,9605.611439780307
SEN,2025-09-20 17:00:00,9109.870677256004
SEN,2025-09-20 18:00:00,9075.484974557825
SEN,2025-09-20 19:00:00,9086.809815700813
SEN,2025-09-20 20:00:00,8837.310140474001
SEN,2025-09-20 21:00:00,8521.744763024903
SEN,2025-09-20 22:00:00,8420.173804761405
SEN,2025-09-20 23:00:00,8440.657114649799
SEN,2025-09-21 00:00:00,8233.2805597308
SEN,2025-09-21 01:00:00,8143.662894869096
SEN,2025-09-21 02:00:00,7994.511170932402
SEN,2025-09-21 03:00:00,7699.851771779004
SEN,2025-09-21 04:00:00,7705.504313700905
SEN,2025-09-21 05:00:00,7661.731391001394
SEN,2025-09-21 06:00:00,7740.228165174499
SEN,2025-09-21 07:00:00,7793.844456166603
SEN,2025-09-21 08:00:00,8064.374533688904
SEN,2025-09-21 09:00:00,9131.399229092196
SEN,2025-09-21 10:00:00,9591.01048645709
SEN,2025-09-21 11:00:00,9935.531284830302
SEN,2025-09-21 12:00:00,10251.336115700298
SEN,2025-09-21 13:00:00,10356.623890865207
SEN,2025-09-21 14:00:00,10193.297615531694
SEN,2025-09-21 15:00:00,9838.8236657775
SEN,2025-09-21 16:00:00,9222.382029027105
SEN,2025-09-21 17:00:00,9006.522368157106
SEN,2025-09-21 18:00:00,9027.146030756396
SEN,2025-09-21 19:00:00,9327.787235667794
SEN,2025-09-21 20:00:00,9431.0255812683
SEN,2025-09-21 21:00:00,8936.664989742801
SEN,2025-09-21 22:00:00,8753.623887259097
SEN,2025-09-21 23:00:00,8785.347959406005
SEN,2025-09-22 00:00:00,8368.080496405299
SEN,2025-09-22 01:00:00,7897.842110488205
SEN,2025-09-22 02:00:00,7881.550784233403
SEN,2025-09-22 03:00:00,7834.689746816105
SEN,2025-09-22 04:00:00,7803.007872754001
SEN,2025-09-22 05:00:00,7987.808007551303
SEN,2025-09-22 06:00:00,8416.180805414999
SEN,2025-09-22 07:00:00,9003.894658104893
SEN,2025-09-22 08:00:00,10184.604687969193
SEN,2025-09-22 09:00:00,11015.130981646515
SEN,2025-09-22 10:00:00,11210.646118126302
SEN,2025-09-22 11:00:00,11317.379393898198
SEN,2025-09-22 12:00:00,11397.209482953813
SEN,2025-09-22 13:00:00,11162.512663137923
SEN,2025-09-22 14:00:00,10792.88302064641
SEN,2025-09-22 15:00:00,10467.23416264582
SEN,2025-09-22 16:00:00,10110.123603176095
SEN,2025-09-22 17:00:00,9585.238519526501
SEN,2025-09-22 18:00:00,9167.950178590012
SEN,2025-09-22 19:00:00,9286.804066048076
SEN,2025-09-22 20:00:00,9615.333034528998
SEN,2025-09-22 21:00:00,9257.398271530003
SEN,2025-09-22 22:00:00,8956.6735238858
SEN,2025-09-22 23:00:00,8613.606032909598
SEN,2025-09-23 00:00:00,8515.2263743707
SEN,2025-09-23 01:00:00,8388.9239214228
SEN,2025-09-23 02:00:00,8178.157425359196
SEN,2025-09-23 03:00:00,8182.517709676901
SEN,2025-09-23 04:00:00,8171.653147614702
SEN,2025-09-23 05:00:00,7927.2814106211
SEN,2025-09-23 06:00:00,8412.735790143202
SEN,2025-09-23 07:00:00,9253.226798456108
SEN,2025-09-23 08:00:00,10184.81879863461
SEN,2025-09-23 09:00:00,11178.10208573419
SEN,2025-09-23 10:00:00,11399.26425954609
SEN,2025-09-23 11:00:00,11406.349226186907
SEN,2025-09-23 12:00:00,11275.7303951226
SEN,2025-09-23 13:00:00,11100.322861530703
SEN,2025-09-23 14:00:00,10830.639261548306
SEN,2025-09-23 15:00:00,10551.435664242787
SEN,2025-09-23 16:00:00,10140.356079425797
SEN,2025-09-23 17:00:00,9412.079099832717
SEN,2025-09-23 18:00:00,8903.936042807018
SEN,2025-09-23 19:00:00,9136.929443674
SEN,2025-09-23 20:00:00,9178.014625242799
SEN,2025-09-23 21:00:00,8770.171019188601
SEN,2025-09-23 22:00:00,8849.471674874401
SEN,2025-09-23 23:00:00,8819.931338531898
SEN,2025-09-24 00:00:00,8635.410219903597
SEN,2025-09-24 01:00:00,8421.871207415508
SEN,2025-09-24 02:00:00,8383.563821919299
SEN,2025-09-24 03:00:00,8379.818967622707
SEN,2025-09-24 04:00:00,8319.188907347307
SEN,2025-09-24 05:00:00,8259.5289439077
SEN,2025-09-24 06:00:00,8656.114736509295
SEN,2025-09-24 07:00:00,9162.168140569525
SEN,2025-09-24 08:00:00,9940.562083983097
SEN,2025-09-24 09:00:00,10775.324535222584
SEN,2025-09-24 10:00:00,10887.654594440584
SEN,2025-09-24 11:00:00,10812.041674604096
SEN,2025-09-24 12:00:00,10958.829943007224
SEN,2025-09-24 13:00:00,11017.399145292506
SEN,2025-09-24 14:00:00,10870.085810394294
SEN,2025-09-24 15:00:00,10608.413618708495
SEN,2025-09-24 16:00:00,10148.136170666989
SEN,2025-09-24 17:00:00,9412.545485486398
SEN,2025-09-24 18:00:00,8958.788028592697
SEN,2025-09-24 19:00:00,8989.808104898397
SEN,2025-09-24 20:00:00,8942.412813923002
SEN,2025-09-24 21:00:00,8685.047783691894
SEN,2025-09-24 22:00:00,8706.642339664691
SEN,2025-09-24 23:00:00,8773.898074358904
SEN,2025-09-25 00:00:00,8390.040699829902
SEN,2025-09-25 01:00:00,8291.1169924322
SEN,2025-09-25 02:00:00,8174.668379278897
SEN,2025-09-25 03:00:00,8241.431444774604
SEN,2025-09-25 04:00:00,8239.437349723801
SEN,2025-09-25 05:00:00,8351.080277069295
SEN,2025-09-25 06:00:00,8760.111486979096
SEN,2025-09-25 07:00:00,9244.684831460894
SEN,2025-09-25 08:00:00,9938.513259886315
SEN,2025-09-25 09:00:00,10813.287741202197
SEN,2025-09-25 10:00:00,11115.687738083501
SEN,2025-09-25 11:00:00,11198.186203379619
SEN,2025-09-25 12:00:00,11303.002615392495
SEN,2025-09-25 13:00:00,11274.511128877288
SEN,2025-09-25 14:00:00,10961.789742358294
SEN,2025-09-25 15:00:00,10589.160941998987
SEN,2025-09-25 16:00:00,10336.583453039399
SEN,2025-09-25 17:00:00,9767.982117643192
SEN,2025-09-25 18:00:00,9227.41615660111
SEN,2025-09-25 19:00:00,9153.124266460101
SEN,2025-09-25 20:00:00,8838.442824320498
SEN,2025-09-25 21:00:00,8639.519240545396
SEN,2025-09-25 22:00:00,8862.034434767194
SEN,2025-09-25 23:00:00,8780.280916889205
SEN,2025-09-26 00:00:00,8752.542186330094
SEN,2025-09-26 01:00:00,8627.077656830399
SEN,2025-09-26 02:00:00,8552.6379738062
SEN,2025-09-26 03:00:00,8531.439405925199
SEN,2025-09-26 04:00:00,8478.059432254195
SEN,2025-09-26 05:00:00,8534.906207711003
SEN,2025-09-26 06:00:00,8815.341870272101
SEN,2025-09-26 07:00:00,9404.076555050908
SEN,2025-09-26 08:00:00,10157.66077090741
SEN,2025-09-26 09:00:00,10713.263037755189
SEN,2025-09-26 10:00:00,11064.693973810403
SEN,2025-09-26 11:00:00,11548.21862910949
SEN,2025-09-26 12:00:00,11761.8744440783
SEN,2025-09-26 13:00:00,11798.7712666147
SEN,2025-09-26 14:00:00,11900.100565795
SEN,2025-09-26 15:00:00,11595.651471229883
SEN,2025-09-26 16:00:00,11047.613959307908
SEN,2025-09-26 17:00:00,10407.343069159988
SEN,2025-09-26 18:00:00,9736.281507086396
SEN,2025-09-26 19:00:00,9457.86201931201
SEN,2025-09-26 20:00:00,9367.008039714896
SEN,2025-09-26 21:00:00,9036.423260625099
SEN,2025-09-26 22:00:00,9275.695599472696
SEN,2025-09-26 23:00:00,9251.3124656369
SEN,2025-09-27 00:00:00,8918.253462605704
SEN,2025-09-27 01:00:00,8440.369600890994
SEN,2025-09-27 02:00:00,8228.017289297204
SEN,2025-09-27 03:00:00,8234.053847330304
SEN,2025-09-27 04:00:00,8205.966752413397
SEN,2025-09-27 05:00:00,8307.740353924193
SEN,2025-09-27 06:00:00,8496.854932785393
SEN,2025-09-27 07:00:00,8696.480184598802
SEN,2025-09-27 08:00:00,9175.34489352879
SEN,2025-09-27 09:00:00,9972.085174828095
SEN,2025-09-27 10:00:00,10565.201581599604
SEN,2025-09-27 11:00:00,10804.667146727303
SEN,2025-09-27 12:00:00,10847.799961659513
SEN,2025-09-27 13:00:00,10785.131363049217
SEN,2025-09-27 14:00:00,10532.942784547602
SEN,2025-09-27 15:00:00,10008.202315089797
SEN,2025-09-27 16:00:00,9413.947083160505
SEN,2025-09-27 17:00:00,9001.004639176386
SEN,2025-09-27 18:00:00,8939.974878047487
SEN,2025-09-27 19:00:00,9099.857836380808
SEN,2025-09-27 20:00:00,9153.165499047696
SEN,2025-09-27 21:00:00,8899.835182215495
SEN,2025-09-27 22:00:00,8577.983003181
SEN,2025-09-27 23:00:00,8473.388788135797
SEN,2025-09-28 00:00:00,8187.472738019601
SEN,2025-09-28 01:00:00,8001.822975156702
SEN,2025-09-28 02:00:00,7893.587069750699
SEN,2025-09-28 03:00:00,7902.293830575999
SEN,2025-09-28 04:00:00,7771.321777748799
SEN,2025-09-28 05:00:00,7751.297556940998
SEN,2025-09-28 06:00:00,7768.245685650498
SEN,2025-09-28 07:00:00,7933.909845522808
SEN,2025-09-28 08:00:00,8294.263836666403
SEN,2025-09-28 09:00:00,9112.817272033004
SEN,2025-09-28 10:00:00,9645.77168317872
SEN,2025-09-28 11:00:00,9950.757815471094
SEN,2025-09-28 12:00:00,10060.770007390098
SEN,2025-09-28 13:00:00,10088.048385695201
SEN,2025-09-28 14:00:00,9927.027887728205
SEN,2025-09-28 15:00:00,9473.330817452117
SEN,2025-09-28 16:00:00,9133.093234359
SEN,2025-09-28 17:00:00,9003.268312844606
SEN,2025-09-28 18:00:00,9020.647821974302
SEN,2025-09-28 19:00:00,9128.212377892896
SEN,2025-09-28 20:00:00,9279.0399868888
SEN,2025-09-28 21:00:00,9028.565820855198
SEN,2025-09-28 22:00:00,8651.305822153598
SEN,2025-09-28 23:00:00,8473.914350352594
SEN,2025-09-29 00:00:00,8126.6247244963
SEN,2025-09-29 01:00:00,8049.1246277394
SEN,2025-09-29 02:00:00,8028.957425078301
SEN,2025-09-29 03:00:00,7950.8874176568015
SEN,2025-09-29 04:00:00,7919.6047732654
SEN,2025-09-29 05:00:00,8069.272427010897
SEN,2025-09-29 06:00:00,8647.568347788003
SEN,2025-09-29 07:00:00,9325.892645795797
SEN,2025-09-29 08:00:00,10007.866858761798
SEN,2025-09-29 09:00:00,10815.61458528998
SEN,2025-09-29 10:00:00,11407.310853361389
SEN,2025-09-29 11:00:00,11719.557945398401
SEN,2025-09-29 12:00:00,11505.253180323607
SEN,2025-09-29 13:00:00,11367.661184862993
SEN,2025-09-29 14:00:00,11106.664535890895
SEN,2025-09-29 15:00:00,10617.929126927897
SEN,2025-09-29 16:00:00,10387.978572627782
SEN,2025-09-29 17:00:00,9768.306362836096
SEN,2025-09-29 18:00:00,9170.423608999914
SEN,2025-09-29 19:00:00,9345.1875360067
SEN,2025-09-29 20:00:00,9293.731106834695
SEN,2025-09-29 21:00:00,8809.4730812999
SEN,2025-09-29 22:00:00,8676.997154453402
SEN,2025-09-29 23:00:00,8602.548333039997
SEN,2025-09-30 00:00:00,8393.9955765846
SEN,2025-09-30 01:00:00,8207.519580366103
SEN,2025-09-30 02:00:00,8072.2152741931
SEN,2025-09-30 03:00:00,8065.890299304794
SEN,2025-09-30 04:00:00,8159.185182598794
SEN,2025-09-30 05:00:00,8386.456483581098
SEN,2025-09-30 06:00:00,8983.592186793003
SEN,2025-09-30 07:00:00,9662.919679533712
SEN,2025-09-30 08:00:00,10111.001558258085
SEN,2025-09-30 09:00:00,10939.579589745492
SEN,2025-09-30 10:00:00,11285.570910022094
SEN,2025-09-30 11:00:00,11486.518252208814
SEN,2025-09-30 12:00:00,11383.278409182814
SEN,2025-09-30 13:00:00,11221.3052756141
SEN,2025-09-30 14:00:00,10986.515144861789
SEN,2025-09-30 15:00:00,10623.640913171079
SEN,2025-09-30 16:00:00,10180.893963070517
SEN,2025-09-30 17:00:00,9594.169753138
SEN,2025-09-30 18:00:00,9007.280811044195
SEN,2025-09-30 19:00:00,9277.486560165295
SEN,2025-09-30 20:00:00,9021.534590282494
SEN,2025-09-30 21:00:00,8675.841125253299
SEN,2025-09-30 22:00:00,8727.908540224102
SEN,2025-09-30 23:00:00,8673.924382236104
SEN,2025-10-01 00:00:00,8675.135323427296
SEN,2025-10-01 01:00:00,8486.839551825598
SEN,2025-10-01 02:00:00,8260.1613991547
SEN,2025-10-01 03:00:00,8233.2358562217
SEN,2025-10-01 04:00:00,8237.448616825797
SEN,2025-10-01 05:00:00,8235.3065690186
SEN,2025-10-01 06:00:00,8759.122018997296
SEN,2025-10-01 07:00:00,9244.551963573695
SEN,2025-10-01 08:00:00,9887.4006269516
SEN,2025-10-01 09:00:00,10609.633511840062
SEN,2025-10-01 10:00:00,10744.16598018538
SEN,2025-10-01 11:00:00,10719.498886410847
SEN,2025-10-01 12:00:00,10635.117831729347
SEN,2025-10-01 13:00:00,10615.613119350595
SEN,2025-10-01 14:00:00,10513.172713476197
SEN,2025-10-01 15:00:00,10279.70483507245
SEN,2025-10-01 16:00:00,10037.385406432442
SEN,2025-10-01 17:00:00,9685.141400527995
SEN,2025-10-01 18:00:00,9484.527576932142
SEN,2025-10-01 19:00:00,9365.876898993747
SEN,2025-10-01 20:00:00,9222.480625975699
SEN,2025-10-01 21:00:00,8937.0275616635
SEN,2025-10-01 22:00:00,8761.1503290717
SEN,2025-10-01 23:00:00,8507.199134234306
SEN,2025-10-02 00:00:00,8539.255342528098
SEN,2025-10-02 01:00:00,8436.551675489503
SEN,2025-10-02 02:00:00,8181.177654733999
SEN,2025-10-02 03:00:00,8033.394496469604
SEN,2025-10-02 04:00:00,7936.998061463403
SEN,2025-10-02 05:00:00,7960.6352968383
SEN,2025-10-02 06:00:00,8348.8623092567
SEN,2025-10-02 07:00:00,9020.027003121855
SEN,2025-10-02 08:00:00,9770.911919453729
SEN,2025-10-02 09:00:00,10613.350576292649
SEN,2025-10-02 10:00:00,10724.941192803746
SEN,2025-10-02 11:00:00,10684.740150616764
SEN,2025-10-02 12:00:00,10648.565125042764
SEN,2025-10-02 13:00:00,10730.307715864245
SEN,2025-10-02 14:00:00,10729.494082559455
SEN,2025-10-02 15:00:00,10525.577535231067
SEN,2025-10-02 16:00:00,10303.652667688197
SEN,2025-10-02 17:00:00,10074.239624468792
SEN,2025-10-02 18:00:00,9666.096975860743
SEN,2025-10-02 19:00:00,9171.623073544351
SEN,2025-10-02 20:00:00,9031.85068510169
SEN,2025-10-02 21:00:00,9073.570265392
SEN,2025-10-02 22:00:00,9043.666284098395
SEN,2025-10-02 23:00:00,8870.519390658696
SEN,2025-10-03 00:00:00,8712.972728491799
SEN,2025-10-03 01:00:00,8517.473615723095
SEN,2025-10-03 02:00:00,8383.638763023506
SEN,2025-10-03 03:00:00,8276.231774842501
SEN,2025-10-03 04:00:00,8201.164140649298
SEN,2025-10-03 05:00:00,8297.737811485997
SEN,2025-10-03 06:00:00,8782.352302958898
SEN,2025-10-03 07:00:00,9301.1875984391
SEN,2025-10-03 08:00:00,9963.964529423149
SEN,2025-10-03 09:00:00,10899.875214469002
SEN,2025-10-03 10:00:00,11098.187250434801
SEN,2025-10-03 11:00:00,11150.847513700746
SEN,2025-10-03 12:00:00,11319.7335988021
SEN,2025-10-03 13:00:00,11230.194350313697
SEN,2025-10-03 14:00:00,11094.788234599833
SEN,2025-10-03 15:00:00,10872.585020550809
SEN,2025-10-03 16:00:00,10263.976333802953
SEN,2025-10-03 17:00:00,9740.945355984186
SEN,2025-10-03 18:00:00,9629.392465905246
SEN,2025-10-03 19:00:00,9288.49813294202
SEN,2025-10-03 20:00:00,9218.937581017999
SEN,2025-10-03 21:00:00,8986.678904019298
SEN,2025-10-03 22:00:00,8902.205339765696
SEN,2025-10-03 23:00:00,8794.540364164399
SEN,2025-10-04 00:00:00,8757.772235806802
SEN,2025-10-04 01:00:00,8679.206276668305
SEN,2025-10-04 02:00:00,8504.4996691462
SEN,2025-10-04 03:00:00,8322.282367518406
SEN,2025-10-04 04:00:00,8220.294754621695
SEN,2025-10-04 05:00:00,8046.610487770692
SEN,2025-10-04 06:00:00,8399.455665420106
SEN,2025-10-04 07:00:00,8492.88300070665
SEN,2025-10-04 08:00:00,9069.156130215451
SEN,2025-10-04 09:00:00,9971.239237323352
SEN,2025-10-04 10:00:00,10372.742226043703
SEN,2025-10-04 11:00:00,10459.171902863947
SEN,2025-10-04 12:00:00,10513.4861012384
SEN,2025-10-04 13:00:00,10515.733380281235
SEN,2025-10-04 14:00:00,10191.911828180353
SEN,2025-10-04 15:00:00,9730.114270344602
SEN,2025-10-04 16:00:00,9423.135972050793
SEN,2025-10-04 17:00:00,9305.584819977152
SEN,2025-10-04 18:00:00,9093.695287930404
SEN,2025-10-04 19:00:00,8947.32308112035
SEN,2025-10-04 20:00:00,8755.7008959336
SEN,2025-10-04 21:00:00,8411.7492293127
SEN,2025-10-04 22:00:00,8378.7905236898
SEN,2025-10-04 23:00:00,8172.724972485699
SEN,2025-10-05 00:00:00,7894.3800614246975
SEN,2025-10-05 01:00:00,7995.260572895301
SEN,2025-10-05 02:00:00,7958.524674962298
SEN,2025-10-05 03:00:00,7855.319035333102
SEN,2025-10-05 04:00:00,7853.842609751202
SEN,2025-10-05 05:00:00,7771.589963614002
SEN,2025-10-05 06:00:00,7810.940783816701
SEN,2025-10-05 07:00:00,7773.039971731145
SEN,2025-10-05 08:00:00,8325.680054551758
SEN,2025-10-05 09:00:00,9510.389217849846
SEN,2025-10-05 10:00:00,10016.5081548338
SEN,2025-10-05 11:00:00,10196.986594051099
SEN,2025-10-05 12:00:00,10277.908287798906
SEN,2025-10-05 13:00:00,10132.759685593051
SEN,2025-10-05 14:00:00,9755.4739045735
SEN,2025-10-05 15:00:00,9353.558782589751
SEN,2025-10-05 16:00:00,9029.339061948951
SEN,2025-10-05 17:00:00,8914.11136141405
SEN,2025-10-05 18:00:00,8983.26099539835
SEN,2025-10-05 19:00:00,9284.414018288759
SEN,2025-10-05 20:00:00,9506.286998062502
SEN,2025-10-05 21:00:00,9245.018910713503
SEN,2025-10-05 22:00:00,8901.571693226902
SEN,2025-10-05 23:00:00,8561.469493519506
SEN,2025-10-06 00:00:00,8058.3597739850975
SEN,2025-10-06 01:00:00,7765.808067689896
SEN,2025-10-06 02:00:00,7818.340708909302
SEN,2025-10-06 03:00:00,7872.539818443901
SEN,2025-10-06 04:00:00,7869.852317620605
SEN,2025-10-06 05:00:00,8043.735314144896
SEN,2025-10-06 06:00:00,8666.220157603098
SEN,2025-10-06 07:00:00,9447.567472684197
SEN,2025-10-06 08:00:00,10084.038951898203
SEN,2025-10-06 09:00:00,10958.3890141753
SEN,2025-10-06 10:00:00,11131.606797666711
SEN,2025-10-06 11:00:00,11075.188891163816
SEN,2025-10-06 12:00:00,11208.68764670179
SEN,2025-10-06 13:00:00,11071.663376127
SEN,2025-10-06 14:00:00,11020.087127694986
SEN,2025-10-06 15:00:00,10750.360603067458
SEN,2025-10-06 16:00:00,10331.659009170702
SEN,2025-10-06 17:00:00,9881.72388329625
SEN,2025-10-06 18:00:00,9668.388334638656
SEN,2025-10-06 19:00:00,9761.315952680592
SEN,2025-10-06 20:00:00,9786.7098400565
SEN,2025-10-06 21:00:00,9330.864453871094
SEN,2025-10-06 22:00:00,9201.9023834088
SEN,2025-10-06 23:00:00,8734.128508986501
SEN,2025-10-07 00:00:00,8390.293731983202
SEN,2025-10-07 01:00:00,8405.078437010101
SEN,2025-10-07 02:00:00,8472.187271133405
SEN,2025-10-07 03:00:00,8390.489371641697
SEN,2025-10-07 04:00:00,8378.533712252005
SEN,2025-10-07 05:00:00,8347.707812514198
SEN,2025-10-07 06:00:00,8903.260469145802
SEN,2025-10-07 07:00:00,9476.082709613804
SEN,2025-10-07 08:00:00,9901.878906443502
SEN,2025-10-07 09:00:00,11080.89774247365
SEN,2025-10-07 10:00:00,11126.591111163143
SEN,2025-10-07 11:00:00,11016.618928202197
SEN,2025-10-07 12:00:00,11019.631286400552
SEN,2025-10-07 13:00:00,10832.022717060658
SEN,2025-10-07 14:00:00,10753.990037570695
SEN,2025-10-07 15:00:00,10269.928439024216
SEN,2025-10-07 16:00:00,9911.682195032865
SEN,2025-10-07 17:00:00,9633.1118652467
SEN,2025-10-07 18:00:00,9499.502081287526
SEN,2025-10-07 19:00:00,9636.278111682313
SEN,2025-10-07 20:00:00,9460.270817700888
SEN,2025-10-07 21:00:00,9197.280686810602
SEN,2025-10-07 22:00:00,8987.727948656202
SEN,2025-10-07 23:00:00,8656.591580985596
SEN,2025-10-08 00:00:00,8555.968847537302
SEN,2025-10-08 01:00:00,8461.0676171837
SEN,2025-10-08 02:00:00,8375.259140955197
SEN,2025-10-08 03:00:00,8313.088057903098
SEN,2025-10-08 04:00:00,8322.602364309
SEN,2025-10-08 05:00:00,8301.372672866
SEN,2025-10-08 06:00:00,8821.2994936306
SEN,2025-10-08 07:00:00,9207.781941087505
SEN,2025-10-08 08:00:00,9918.985872806486
SEN,2025-10-08 09:00:00,10608.444719403704
SEN,2025-10-08 10:00:00,10752.28287376059
SEN,2025-10-08 11:00:00,10898.493434285207
SEN,2025-10-08 12:00:00,11022.822984547707
SEN,2025-10-08 13:00:00,10850.3899972077
SEN,2025-10-08 14:00:00,10679.818558217215
SEN,2025-10-08 15:00:00,10561.271077270894
SEN,2025-10-08 16:00:00,10381.069868799003
SEN,2025-10-08 17:00:00,9979.84456190559
SEN,2025-10-08 18:00:00,9631.826078648599
SEN,2025-10-08 19:00:00,8927.772249218802
SEN,2025-10-08 20:00:00,9000.905192071708
SEN,2025-10-08 21:00:00,9233.769808610807
SEN,2025-10-08 22:00:00,9170.365338016405
SEN,2025-10-08 23:00:00,8801.949188491493
SEN,2025-10-09 00:00:00,8630.247419170002
SEN,2025-10-09 01:00:00,8657.4078857826
SEN,2025-10-09 02:00:00,8509.5029199952
SEN,2025-10-09 03:00:00,8282.1600411584
SEN,2025-10-09 04:00:00,8229.451531588
SEN,2025-10-09 05:00:00,8421.8752557876
SEN,2025-10-09 06:00:00,8850.4851813734
SEN,2025-10-09 07:00:00,9197.805374086196
SEN,2025-10-09 08:00:00,9941.208199786895
SEN,2025-10-09 09:00:00,10894.707752793387
SEN,2025-10-09 10:00:00,11223.8027622661
SEN,2025-10-09 11:00:00,11295.0680418696
SEN,2025-10-09 12:00:00,11432.810988436215
SEN,2025-10-09 13:00:00,11458.965592678593
SEN,2025-10-09 14:00:00,11239.1120299705
SEN,2025-10-09 15:00:00,10893.709062798891
SEN,2025-10-09 16:00:00,10609.534671526302
SEN,2025-10-09 17:00:00,10306.372909216812
SEN,2025-10-09 18:00:00,9982.621153776292
SEN,2025-10-09 19:00:00,9406.530098022396
SEN,2025-10-09 20:00:00,9517.016612830508
SEN,2025-10-09 21:00:00,9520.511140192992
SEN,2025-10-09 22:00:00,9289.326267573693
SEN,2025-10-09 23:00:00,9206.5146071572
SEN,2025-10-10 00:00:00,8952.514195229895
SEN,2025-10-10 01:00:00,8608.156050891
SEN,2025-10-10 02:00:00,8479.634296602904
SEN,2025-10-10 03:00:00,8418.752898345696
SEN,2025-10-10 04:00:00,8135.809854168201
SEN,2025-10-10 05:00:00,8145.728574368699
SEN,2025-10-10 06:00:00,8792.179928170202
SEN,2025-10-10 07:00:00,9255.846498835092
SEN,2025-10-10 08:00:00,9930.194070335601
SEN,2025-10-10 09:00:00,10698.501824719306
SEN,2025-10-10 10:00:00,10929.736734765005
SEN,2025-10-10 11:00:00,11023.736642395035
SEN,2025-10-10 12:00:00,11130.08163101865
SEN,2025-10-10 13:00:00,11273.811593573793
SEN,2025-10-10 14:00:00,11055.383462896969
SEN,2025-10-10 15:00:00,10725.902207003304
SEN,2025-10-10 16:00:00,10441.728097468962
SEN,2025-10-10 17:00:00,9957.455059049707
SEN,2025-10-10 18:00:00,9743.291677666331
SEN,2025-10-10 19:00:00,9768.184554266276
SEN,2025-10-10 20:00:00,9585.962721451726
SEN,2025-10-10 21:00:00,9209.953295800002
SEN,2025-10-10 22:00:00,8997.57653837219
SEN,2025-10-10 23:00:00,8670.413277019397
SEN,2025-10-11 00:00:00,8395.2006355607
SEN,2025-10-11 01:00:00,8627.742034098996
SEN,2025-10-11 02:00:00,8489.675893088102
SEN,2025-10-11 03:00:00,8351.238757838997
SEN,2025-10-11 04:00:00,8209.628271491201
SEN,2025-10-11 05:00:00,8115.286009019694
SEN,2025-10-11 06:00:00,8215.821478720005
SEN,2025-10-11 07:00:00,8362.564554683542
SEN,2025-10-11 08:00:00,9222.458982496471
SEN,2025-10-11 09:00:00,10094.162315271851
SEN,2025-10-11 10:00:00,10387.546352608606
SEN,2025-10-11 11:00:00,10466.290038894638
SEN,2025-10-11 12:00:00,10629.69938357249
SEN,2025-10-11 13:00:00,10538.624472261568
SEN,2025-10-11 14:00:00,10230.84623114561
SEN,2025-10-11 15:00:00,9869.695740878578
SEN,2025-10-11 16:00:00,9444.251068112082
SEN,2025-10-11 17:00:00,9220.805582330948
SEN,2025-10-11 18:00:00,9122.407011483358
SEN,2025-10-11 19:00:00,9316.951228009159
SEN,2025-10-11 20:00:00,9372.560819489636
SEN,2025-10-11 21:00:00,8870.340342939302
SEN,2025-10-11 22:00:00,8308.649420431899
SEN,2025-10-11 23:00:00,8174.517486652302
SEN,2025-10-12 00:00:00,8071.556320367095
SEN,2025-10-12 01:00:00,7950.801415810795
SEN,2025-10-12 02:00:00,8022.0129317297
SEN,2025-10-12 03:00:00,7729.5635476858
SEN,2025-10-12 04:00:00,7738.609633273402
SEN,2025-10-12 05:00:00,7694.398625226699
SEN,2025-10-12 06:00:00,7713.910500896697
SEN,2025-10-12 07:00:00,7590.967222275202
SEN,2025-10-12 08:00:00,8195.39557713594
SEN,2025-10-12 09:00:00,9207.549986182605
SEN,2025-10-12 10:00:00,9593.987509075372
SEN,2025-10-12 11:00:00,9713.035803371837
SEN,2025-10-12 12:00:00,9817.218774102957
SEN,2025-10-12 13:00:00,9627.664525731427
SEN,2025-10-12 14:00:00,9310.994252846238
SEN,2025-10-12 15:00:00,9030.629107669964
SEN,2025-10-12 16:00:00,8753.431181823367
SEN,2025-10-12 17:00:00,8702.38539059783
SEN,2025-10-12 18:00:00,8733.432213241398
SEN,2025-10-12 19:00:00,9012.0811993523
SEN,2025-10-12 20:00:00,8978.7774652278
SEN,2025-10-12 21:00:00,8770.853226962405
SEN,2025-10-12 22:00:00,8308.599308536393
SEN,2025-10-12 23:00:00,7926.702925159396
SEN,2025-10-13 00:00:00,7813.969065573795
SEN,2025-10-13 01:00:00,7859.5406480818
SEN,2025-10-13 02:00:00,8032.644033825888
SEN,2025-10-13 03:00:00,7927.728396070398
SEN,2025-10-13 04:00:00,7935.708711565793
SEN,2025-10-13 05:00:00,8061.166364744697
SEN,2025-10-13 06:00:00,8525.1372627157
SEN,2025-10-13 07:00:00,9008.57581640336
SEN,2025-10-13 08:00:00,9853.393781185072
SEN,2025-10-13 09:00:00,10710.176400499857
SEN,2025-10-13 10:00:00,11083.569325881694
SEN,2025-10-13 11:00:00,11178.905936097504
SEN,2025-10-13 12:00:00,11277.564391850708
SEN,2025-10-13 13:00:00,11145.02758500497
SEN,2025-10-13 14:00:00,10813.588207985465
SEN,2025-10-13 15:00:00,10463.160542049352
SEN,2025-10-13 16:00:00,10266.720206855562
SEN,2025-10-13 17:00:00,9913.296957416336
SEN,2025-10-13 18:00:00,9667.863429114563
SEN,2025-10-13 19:00:00,9557.817415275138
SEN,2025-10-13 20:00:00,9417.374280010135
SEN,2025-10-13 21:00:00,9195.309012369502
SEN,2025-10-13 22:00:00,8873.732740281495
SEN,2025-10-13 23:00:00,8601.051603245096
SEN,2025-10-14 00:00:00,8064.4502858642045
SEN,2025-10-14 01:00:00,7928.0774671134
SEN,2025-10-14 02:00:00,7797.573247786098
SEN,2025-10-14 03:00:00,7906.089871006497
SEN,2025-10-14 04:00:00,7938.361270766301
SEN,2025-10-14 05:00:00,7985.4756921877
SEN,2025-10-14 06:00:00,8361.775121649098
SEN,2025-10-14 07:00:00,8960.909242321812
SEN,2025-10-14 08:00:00,9780.1947152086
SEN,2025-10-14 09:00:00,10677.989565467895
SEN,2025-10-14 10:00:00,11101.590888265686
SEN,2025-10-14 11:00:00,11111.754558039782
SEN,2025-10-14 12:00:00,11256.426851075537
SEN,2025-10-14 13:00:00,11184.234662018393
SEN,2025-10-14 14:00:00,10913.81720832699
SEN,2025-10-14 15:00:00,10665.272125344098
SEN,2025-10-14 16:00:00,10503.169278168214
SEN,2025-10-14 17:00:00,10259.923647613607
SEN,2025-10-14 18:00:00,9733.094182130702
SEN,2025-10-14 19:00:00,9847.1621219214
SEN,2025-10-14 20:00:00,9790.5162026547
SEN,2025-10-14 21:00:00,9198.5582705683
SEN,2025-10-14 22:00:00,9055.3786702324
SEN,2025-10-14 23:00:00,8577.828210014295
SEN,2025-10-15 00:00:00,8050.613480325599
SEN,2025-10-15 01:00:00,7741.060673146305
SEN,2025-10-15 02:00:00,7727.626864972396
SEN,2025-10-15 03:00:00,7699.595725887601
SEN,2025-10-15 04:00:00,7900.7104692268995
SEN,2025-10-15 05:00:00,8123.0802180911
SEN,2025-10-15 06:00:00,8552.108974979903
SEN,2025-10-15 07:00:00,9350.718268160517
SEN,2025-10-15 08:00:00,10153.826795380592
SEN,2025-10-15 09:00:00,10971.458346893594
SEN,2025-10-15 10:00:00,11204.206946532398
SEN,2025-10-15 11:00:00,11373.873495004298
SEN,2025-10-15 12:00:00,11358.404734945805
SEN,2025-10-15 13:00:00,11200.643238283785
SEN,2025-10-15 14:00:00,10846.430445418891
SEN,2025-10-15 15:00:00,10610.305650251197
SEN,2025-10-15 16:00:00,10420.294308049997
SEN,2025-10-15 17:00:00,9955.778142945715
SEN,2025-10-15 18:00:00,9668.472932546292
SEN,2025-10-15 19:00:00,9760.406157811372
SEN,2025-10-15 20:00:00,9988.478059165602
SEN,2025-10-15 21:00:00,9388.718737579891
SEN,2025-10-15 22:00:00,8979.397783541204
SEN,2025-10-15 23:00:00,8758.709167671594
SEN,2025-10-16 00:00:00,8335.333643762493
SEN,2025-10-16 01:00:00,7944.9080881826985
SEN,2025-10-16 02:00:00,8040.202899477999
SEN,2025-10-16 03:00:00,7939.047800173101
SEN,2025-10-16 04:00:00,7823.820789910397
SEN,2025-10-16 05:00:00,8088.322120264194
SEN,2025-10-16 06:00:00,8471.387778952405
SEN,2025-10-16 07:00:00,9236.850161115395
SEN,2025-10-16 08:00:00,10329.624878743509
SEN,2025-10-16 09:00:00,11253.8372151552
SEN,2025-10-16 10:00:00,11592.000156340602
SEN,2025-10-16 11:00:00,11533.248714223486
SEN,2025-10-16 12:00:00,11389.596488106086
SEN,2025-10-16 13:00:00,11247.754323458497
SEN,2025-10-16 14:00:00,10862.040059146495
SEN,2025-10-16 15:00:00,10704.438324460409
SEN,2025-10-16 16:00:00,10337.814130334207
SEN,2025-10-16 17:00:00,10061.269808647101
SEN,2025-10-16 18:00:00,9830.2094039419
SEN,2025-10-16 19:00:00,9806.650764769793
SEN,2025-10-16 20:00:00,10012.72644881198
SEN,2025-10-16 21:00:00,9722.854839523203
SEN,2025-10-16 22:00:00,9141.664723648099
SEN,2025-10-16 23:00:00,8787.826121047696
SEN,2025-10-17 00:00:00,8353.052025912204
SEN,2025-10-17 01:00:00,8084.801947601205
SEN,2025-10-17 02:00:00,7928.4839361227005
SEN,2025-10-17 03:00:00,8032.336916286295
SEN,2025-10-17 04:00:00,8217.8882791445
SEN,2025-10-17 05:00:00,8475.3670255675
SEN,2025-10-17 06:00:00,8871.468442819803
SEN,2025-10-17 07:00:00,9180.12878937151
SEN,2025-10-17 08:00:00,10176.379382936891
SEN,2025-10-17 09:00:00,11102.762450772792
SEN,2025-10-17 10:00:00,11471.113806503397
SEN,2025-10-17 11:00:00,11541.860419957298
SEN,2025-10-17 12:00:00,11521.051522212998
SEN,2025-10-17 13:00:00,11355.065337125789
SEN,2025-10-17 14:00:00,11041.919230901689
SEN,2025-10-17 15:00:00,10569.184122309185
SEN,2025-10-17 16:00:00,10268.391316686186
SEN,2025-10-17 17:00:00,10076.110631701493
SEN,2025-10-17 18:00:00,10012.243427556903
SEN,2025-10-17 19:00:00,9557.348844047114
SEN,2025-10-17 20:00:00,9389.704464904606
SEN,2025-10-17 21:00:00,9339.258406024004
SEN,2025-10-17 22:00:00,9242.1323762278
SEN,2025-10-17 23:00:00,8901.145865888802
SEN,2025-10-18 00:00:00,8607.503945573999
SEN,2025-10-18 01:00:00,8460.468149519296
SEN,2025-10-18 02:00:00,8451.512852035903
SEN,2025-10-18 03:00:00,8312.467980595899
SEN,2025-10-18 04:00:00,8440.251239953006
SEN,2025-10-18 05:00:00,8380.121167951302
SEN,2025-10-18 06:00:00,8502.140050730004
SEN,2025-10-18 07:00:00,8494.235254042891
SEN,2025-10-18 08:00:00,9165.511756854894
SEN,2025-10-18 09:00:00,10102.029015487198
SEN,2025-10-18 10:00:00,10614.475945605303
SEN,2025-10-18 11:00:00,10783.419249651208
SEN,2025-10-18 12:00:00,10948.328441208405
SEN,2025-10-18 13:00:00,10925.713324164508
SEN,2025-10-18 14:00:00,10597.207483902384
SEN,2025-10-18 15:00:00,10121.08856629739
SEN,2025-10-18 16:00:00,9649.755665062208
SEN,2025-10-18 17:00:00,9460.06005275781
SEN,2025-10-18 18:00:00,9429.780286635296
SEN,2025-10-18 19:00:00,9261.135056788593
SEN,2025-10-18 20:00:00,8770.170120118695
SEN,2025-10-18 21:00:00,8458.956238584196
SEN,2025-10-18 22:00:00,8425.263932252994
SEN,2025-10-18 23:00:00,8389.870319041698
SEN,2025-10-19 00:00:00,8072.344376380004
SEN,2025-10-19 01:00:00,8189.311412405798
SEN,2025-10-19 02:00:00,7971.653425693097
SEN,2025-10-19 03:00:00,7875.777723012896
SEN,2025-10-19 04:00:00,7872.035124769294
SEN,2025-10-19 05:00:00,7954.682690250195
SEN,2025-10-19 06:00:00,7996.882221974998
SEN,2025-10-19 07:00:00,7849.951997547298
SEN,2025-10-19 08:00:00,8150.657046939697
SEN,2025-10-19 09:00:00,8992.330357952298
SEN,2025-10-19 10:00:00,9617.412963353303
SEN,2025-10-19 11:00:00,10072.970405245393
SEN,2025-10-19 12:00:00,10257.681673198118
SEN,2025-10-19 13:00:00,10496.409030644703
SEN,2025-10-19 14:00:00,10444.345742139612
SEN,2025-10-19 15:00:00,10021.669468833694
SEN,2025-10-19 16:00:00,9639.71771062589
SEN,2025-10-19 17:00:00,9333.23734805891
SEN,2025-10-19 18:00:00,9269.520277111695
SEN,2025-10-19 19:00:00,8985.06781636901
SEN,2025-10-19 20:00:00,9066.030190757498
SEN,2025-10-19 21:00:00,9011.987056605203
SEN,2025-10-19 22:00:00,9162.817106704199
SEN,2025-10-19 23:00:00,8790.332151969802
SEN,2025-10-20 00:00:00,8313.179606504504
SEN,2025-10-20 01:00:00,8065.102249760206
SEN,2025-10-20 02:00:00,7929.945642948502
SEN,2025-10-20 03:00:00,8124.087504602601
SEN,2025-10-20 04:00:00,8076.889252622599
SEN,2025-10-20 05:00:00,8277.1768230438
SEN,2025-10-20 06:00:00,8341.014851031605
SEN,2025-10-20 07:00:00,9112.7240363345
SEN,2025-10-20 08:00:00,9914.05090275369
SEN,2025-10-20 09:00:00,10864.93881757131
SEN,2025-10-20 10:00:00,11322.842754457097
SEN,2025-10-20 11:00:00,11415.4257571204
SEN,2025-10-20 12:00:00,11592.109148767886
SEN,2025-10-20 13:00:00,11511.73917356619
SEN,2025-10-20 14:00:00,11371.087412727491
SEN,2025-10-20 15:00:00,11031.146424176593
SEN,2025-10-20 16:00:00,10702.930787399879
SEN,2025-10-20 17:00:00,10330.774886738098
SEN,2025-10-20 18:00:00,10005.59733371048
SEN,2025-10-20 19:00:00,9814.911092069893
SEN,2025-10-20 20:00:00,9814.656630353995
SEN,2025-10-20 21:00:00,9612.441300853598
SEN,2025-10-20 22:00:00,9362.586581959706
SEN,2025-10-20 23:00:00,9069.735783848597
SEN,2025-10-21 00:00:00,8706.186812039097
SEN,2025-10-21 01:00:00,8367.995412794304
SEN,2025-10-21 02:00:00,8292.252483736704
SEN,2025-10-21 03:00:00,8307.396864182096
SEN,2025-10-21 04:00:00,8248.544115269902
SEN,2025-10-21 05:00:00,8346.949925551407
SEN,2025-10-21 06:00:00,8570.161278707292
SEN,2025-10-21 07:00:00,9161.934317155798
SEN,2025-10-21 08:00:00,9878.635223681
SEN,2025-10-21 09:00:00,10282.95764513788
SEN,2025-10-21 10:00:00,10877.002282478601
SEN,2025-10-21 11:00:00,11313.808578879507
SEN,2025-10-21 12:00:00,11292.902544087385
SEN,2025-10-21 13:00:00,11293.449831214717
SEN,2025-10-21 14:00:00,11300.16852734919
SEN,2025-10-21 15:00:00,10880.4645317515
SEN,2025-10-21 16:00:00,10693.9606179529
SEN,2025-10-21 17:00:00,10477.58308962951
SEN,2025-10-21 18:00:00,10197.507061550214
SEN,2025-10-21 19:00:00,9864.815829613404
SEN,2025-10-21 20:00:00,9565.841830595411
SEN,2025-10-21 21:00:00,9526.385426276704
SEN,2025-10-21 22:00:00,9330.813758172295
SEN,2025-10-21 23:00:00,9161.74570791411
SEN,2025-10-22 00:00:00,8650.994149317698
SEN,2025-10-22 01:00:00,8161.560383103603
SEN,2025-10-22 02:00:00,7868.661397012002
SEN,2025-10-22 03:00:00,7950.126938224002
SEN,2025-10-22 04:00:00,8203.455149369704
SEN,2025-10-22 05:00:00,8258.2965322468
SEN,2025-10-22 06:00:00,8378.070523023098
SEN,2025-10-22 07:00:00,9086.435719722793
SEN,2025-10-22 08:00:00,9780.5620187428
SEN,2025-10-22 09:00:00,10364.982165897403
SEN,2025-10-22 10:00:00,10660.706557972091
SEN,2025-10-22 11:00:00,10977.083700557103
SEN,2025-10-22 12:00:00,11156.425758596206
SEN,2025-10-22 13:00:00,11401.379789998215
SEN,2025-10-22 14:00:00,11375.301074935825
SEN,2025-10-22 15:00:00,11202.694783097006
SEN,2025-10-22 16:00:00,10847.559572980961
SEN,2025-10-22 17:00:00,10235.514718660814
SEN,2025-10-22 18:00:00,9904.445364674122
SEN,2025-10-22 19:00:00,9604.227089668764
SEN,2025-10-22 20:00:00,9606.230610050863
SEN,2025-10-22 21:00:00,9501.872183961495
SEN,2025-10-22 22:00:00,9368.02715140621
SEN,2025-10-22 23:00:00,8860.890619509099
SEN,2025-10-23 00:00:00,8453.877820986103
SEN,2025-10-23 01:00:00,8309.117181297403
SEN,2025-10-23 02:00:00,8369.377751323398
SEN,2025-10-23 03:00:00,8242.5210278694
SEN,2025-10-23 04:00:00,8150.648238281604
SEN,2025-10-23 05:00:00,8148.9322388558085
SEN,2025-10-23 06:00:00,8577.338628558295
SEN,2025-10-23 07:00:00,9160.625851425004
SEN,2025-10-23 08:00:00,10136.174039543781
SEN,2025-10-23 09:00:00,11052.724000251677
SEN,2025-10-23 10:00:00,11403.761612331606
SEN,2025-10-23 11:00:00,11543.655694045696
SEN,2025-10-23 12:00:00,11443.060886919002
SEN,2025-10-23 13:00:00,11480.229480316804
SEN,2025-10-23 14:00:00,11315.951722779293
SEN,2025-10-23 15:00:00,11000.131675190098
SEN,2025-10-23 16:00:00,10578.372121823078
SEN,2025-10-23 17:00:00,10215.505770038793
SEN,2025-10-23 18:00:00,10019.668706464703
SEN,2025-10-23 19:00:00,9928.208815800599
SEN,2025-10-23 20:00:00,9652.494916554706
SEN,2025-10-23 21:00:00,9436.136901235497
SEN,2025-10-23 22:00:00,9108.9327855422
SEN,2025-10-23 23:00:00,9058.314887065004
SEN,2025-10-24 00:00:00,8569.282678968002
SEN,2025-10-24 01:00:00,8258.764480884607
SEN,2025-10-24 02:00:00,8336.217417783295
SEN,2025-10-24 03:00:00,8173.578983284402
SEN,2025-10-24 04:00:00,8181.4977217679025
SEN,2025-10-24 05:00:00,8167.220986185899
SEN,2025-10-24 06:00:00,8588.878964387111
SEN,2025-10-24 07:00:00,9290.174447209902
SEN,2025-10-24 08:00:00,10095.050461854496
SEN,2025-10-24 09:00:00,10811.020979916313
SEN,2025-10-24 10:00:00,11035.08477777561
SEN,2025-10-24 11:00:00,11279.944600916999
SEN,2025-10-24 12:00:00,11223.124614045595
SEN,2025-10-24 13:00:00,11355.688013913516
SEN,2025-10-24 14:00:00,11203.533469923581
SEN,2025-10-24 15:00:00,10958.1316558069
SEN,2025-10-24 16:00:00,10342.126883414014
SEN,2025-10-24 17:00:00,9926.237986952396
SEN,2025-10-24 18:00:00,9758.78478227721
SEN,2025-10-24 19:00:00,9450.538717763004
SEN,2025-10-24 20:00:00,9334.720795672107
SEN,2025-10-24 21:00:00,9312.715242399201
SEN,2025-10-24 22:00:00,9070.854884035807
SEN,2025-10-24 23:00:00,8899.976481575097
SEN,2025-10-25 00:00:00,8804.182100029999
SEN,2025-10-25 01:00:00,8497.208400351898
SEN,2025-10-25 02:00:00,8350.3506418535
SEN,2025-10-25 03:00:00,8497.901288974403
SEN,2025-10-25 04:00:00,8209.774033374904
SEN,2025-10-25 05:00:00,8207.426623339601
SEN,2025-10-25 06:00:00,8266.172664459604
SEN,2025-10-25 07:00:00,8440.5051803685
SEN,2025-10-25 08:00:00,9178.906197065196
SEN,2025-10-25 09:00:00,9800.854697845198
SEN,2025-10-25 10:00:00,10164.887009602091
SEN,2025-10-25 11:00:00,10524.637012288704
SEN,2025-10-25 12:00:00,10644.750896240792
SEN,2025-10-25 13:00:00,10572.19141403599
SEN,2025-10-25 14:00:00,10391.244279530903
SEN,2025-10-25 15:00:00,10126.205471685014
SEN,2025-10-25 16:00:00,9637.9320355589
SEN,2025-10-25 17:00:00,9476.161358128204
SEN,2025-10-25 18:00:00,9335.329231307409
SEN,2025-10-25 19:00:00,9150.624289872407
SEN,2025-10-25 20:00:00,9222.06095369441
SEN,2025-10-25 21:00:00,8840.931921864198
SEN,2025-10-25 22:00:00,8465.0967427663
SEN,2025-10-25 23:00:00,8229.068769376197
SEN,2025-10-26 00:00:00,8078.815748936493
SEN,2025-10-26 01:00:00,7951.899935606501
SEN,2025-10-26 02:00:00,7827.816110761999
SEN,2025-10-26 03:00:00,7794.380850664198
SEN,2025-10-26 04:00:00,7792.021345817299
SEN,2025-10-26 05:00:00,7831.136814513697
SEN,2025-10-26 06:00:00,7733.500406966097
SEN,2025-10-26 07:00:00,7681.986894983397
SEN,2025-10-26 08:00:00,8266.2408738959
SEN,2025-10-26 09:00:00,8987.460538406598
SEN,2025-10-26 10:00:00,9525.736412682405
SEN,2025-10-26 11:00:00,9842.845308619593
SEN,2025-10-26 12:00:00,9876.647361490295
SEN,2025-10-26 13:00:00,10018.9008966868
SEN,2025-10-26 14:00:00,10028.578619912816
SEN,2025-10-26 15:00:00,9705.602874417507
SEN,2025-10-26 16:00:00,9276.439660400907
SEN,2025-10-26 17:00:00,9151.574832300392
SEN,2025-10-26 18:00:00,9072.657388976702
SEN,2025-10-26 19:00:00,9104.381337339297
SEN,2025-10-26 20:00:00,9252.0551326261
SEN,2025-10-26 21:00:00,9031.691525354701
SEN,2025-10-26 22:00:00,8629.541580767896
SEN,2025-10-26 23:00:00,8557.8591139368
SEN,2025-10-27 00:00:00,8387.960794120598
SEN,2025-10-27 01:00:00,8083.651908804991
SEN,2025-10-27 02:00:00,7906.608347120697
SEN,2025-10-27 03:00:00,7925.582508563099
SEN,2025-10-27 04:00:00,8079.8674493538965
SEN,2025-10-27 05:00:00,8176.7516041915
SEN,2025-10-27 06:00:00,8685.871380165294
SEN,2025-10-27 07:00:00,9360.1347257675
SEN,2025-10-27 08:00:00,10285.796115611794
SEN,2025-10-27 09:00:00,10909.75135076229
SEN,2025-10-27 10:00:00,11209.775319254994
SEN,2025-10-27 11:00:00,11679.93484849308
SEN,2025-10-27 12:00:00,11745.627185625806
SEN,2025-10-27 13:00:00,11631.754993285804
SEN,2025-10-27 14:00:00,11435.43759638951
SEN,2025-10-27 15:00:00,11008.791110113207
SEN,2025-10-27 16:00:00,10705.683960578916
SEN,2025-10-27 17:00:00,10492.783287218506
SEN,2025-10-27 18:00:00,10163.68342364411
SEN,2025-10-27 19:00:00,10022.35458503489
SEN,2025-10-27 20:00:00,9599.700320261398
SEN,2025-10-27 21:00:00,9346.592107212698
SEN,2025-10-27 22:00:00,9406.992063593296
SEN,2025-10-27 23:00:00,8873.273205700205
SEN,2025-10-28 00:00:00,8589.303642631605
SEN,2025-10-28 01:00:00,8629.045354064698
SEN,2025-10-28 02:00:00,8662.987472437402
SEN,2025-10-28 03:00:00,8588.720715105901
SEN,2025-10-28 04:00:00,8659.001026647704
SEN,2025-10-28 05:00:00,8759.115264673497
SEN,2025-10-28 06:00:00,9077.029055387404
SEN,2025-10-28 07:00:00,9564.0541264038
SEN,2025-10-28 08:00:00,10340.223757247395
SEN,2025-10-28 09:00:00,11141.978359529305
SEN,2025-10-28 10:00:00,11457.68439749889
SEN,2025-10-28 11:00:00,11646.125318348306
SEN,2025-10-28 12:00:00,11642.195481851104
SEN,2025-10-28 13:00:00,11561.462778661682
SEN,2025-10-28 14:00:00,11398.7426902569
SEN,2025-10-28 15:00:00,11096.798762418404
SEN,2025-10-28 16:00:00,10795.2859072311
SEN,2025-10-28 17:00:00,10498.273419155792
SEN,2025-10-28 18:00:00,10277.156861594385
SEN,2025-10-28 19:00:00,10075.111105603904
SEN,2025-10-28 20:00:00,9872.683714007217
SEN,2025-10-28 21:00:00,9646.078954711502
SEN,2025-10-28 22:00:00,9390.515046412404
SEN,2025-10-28 23:00:00,8998.43867241
SEN,2025-10-29 00:00:00,8641.481539820104
SEN,2025-10-29 01:00:00,8581.940866173305
SEN,2025-10-29 02:00:00,8245.0849218383
SEN,2025-10-29 03:00:00,8285.661687518304
SEN,2025-10-29 04:00:00,8287.968135340296
SEN,2025-10-29 05:00:00,8317.452135424901
SEN,2025-10-29 06:00:00,8737.260925342907
SEN,2025-10-29 07:00:00,9242.803802859902
SEN,2025-10-29 08:00:00,9786.675560063495
SEN,2025-10-29 09:00:00,10596.835631776294
SEN,2025-10-29 10:00:00,11035.82319877059
SEN,2025-10-29 11:00:00,11176.223284859987
SEN,2025-10-29 12:00:00,11253.971484397902
SEN,2025-10-29 13:00:00,11415.6646578993
SEN,2025-10-29 14:00:00,11421.046595888818
SEN,2025-10-29 15:00:00,10908.379689652198
SEN,2025-10-29 16:00:00,10711.340671006305
SEN,2025-10-29 17:00:00,10384.7784276035
SEN,2025-10-29 18:00:00,10052.164294336275
SEN,2025-10-29 19:00:00,9916.426460233497
SEN,2025-10-29 20:00:00,9637.207617496899
SEN,2025-10-29 21:00:00,9261.937028672806
SEN,2025-10-29 22:00:00,9184.358785110202
SEN,2025-10-29 23:00:00,8959.82905494891
SEN,2025-10-30 00:00:00,8633.110160537602
SEN,2025-10-30 01:00:00,8348.137312702798
SEN,2025-10-30 02:00:00,8327.158087778498
SEN,2025-10-30 03:00:00,8285.735742654804
SEN,2025-10-30 04:00:00,8242.7590793979
SEN,2025-10-30 05:00:00,8230.2082498164
SEN,2025-10-30 06:00:00,8612.966542768609
SEN,2025-10-30 07:00:00,9401.430788857499
SEN,2025-10-30 08:00:00,10092.742313148407
SEN,2025-10-30 09:00:00,10960.490900066981
SEN,2025-10-30 10:00:00,11338.907563813991
SEN,2025-10-30 11:00:00,11425.820671810296
SEN,2025-10-30 12:00:00,11426.086265139005
SEN,2025-10-30 13:00:00,11369.974453440776
SEN,2025-10-30 14:00:00,11210.2055354577
SEN,2025-10-30 15:00:00,10984.816005273906
SEN,2025-10-30 16:00:00,10644.942710871404
SEN,2025-10-30 17:00:00,10391.96293291261
SEN,2025-10-30 18:00:00,10119.841419669994
SEN,2025-10-30 19:00:00,9880.711006224203
SEN,2025-10-30 20:00:00,9465.335625249896
SEN,2025-10-30 21:00:00,9239.527256496598
SEN,2025-10-30 22:00:00,8916.983797760899
SEN,2025-10-30 23:00:00,8699.827180022701
SEN,2025-10-31 00:00:00,8457.5240138518
SEN,2025-10-31 01:00:00,8205.193423737404
SEN,2025-10-31 02:00:00,8045.448094498398
SEN,2025-10-31 03:00:00,8100.135212024501
SEN,2025-10-31 04:00:00,7986.346109779499
SEN,2025-10-31 05:00:00,7953.330438780799
SEN,2025-10-31 06:00:00,7967.337788262704
SEN,2025-10-31 07:00:00,8039.090302518809
SEN,2025-10-31 08:00:00,8744.491604269697
SEN,2025-10-31 09:00:00,9589.450351314392
SEN,2025-10-31 10:00:00,10186.441845400797
SEN,2025-10-31 11:00:00,10382.771859795797
SEN,2025-10-31 12:00:00,10496.689406583602
SEN,2025-10-31 13:00:00,10418.300809606899
SEN,2025-10-31 14:00:00,10081.120594600812
SEN,2025-10-31 15:00:00,9735.475438814792
SEN,2025-10-31 16:00:00,9287.082793937796
SEN,2025-10-31 17:00:00,9142.537131268504
SEN,2025-10-31 18:00:00,9093.377007852103
SEN,2025-10-31 19:00:00,8791.6551120755
SEN,2025-10-31 20:00:00,8192.88188182999
SEN,2025-10-31 21:00:00,8136.921087631201
SEN,2025-10-31 22:00:00,7941.735076077298
SEN,2025-10-31 23:00:00,7988.0616653415
SEN,2025-11-01 00:00:00,8265.851564503697
SEN,2025-11-01 01:00:00,7853.967738869995
SEN,2025-11-01 02:00:00,7752.1928083026005
SEN,2025-11-01 03:00:00,7764.9630575067995
SEN,2025-11-01 04:00:00,7833.694195065599
SEN,2025-11-01 05:00:00,7817.9830392844015
SEN,2025-11-01 06:00:00,7650.111915948302
SEN,2025-11-01 07:00:00,7547.506070674906
SEN,2025-11-01 08:00:00,8199.245808019197
SEN,2025-11-01 09:00:00,9000.1806544716
SEN,2025-11-01 10:00:00,9624.83194191761
SEN,2025-11-01 11:00:00,9899.817163407502
SEN,2025-11-01 12:00:00,9942.720484194708
SEN,2025-11-01 13:00:00,9934.110255688605
SEN,2025-11-01 14:00:00,9834.047927900392
SEN,2025-11-01 15:00:00,9366.123448609596
SEN,2025-11-01 16:00:00,9083.135985058707
SEN,2025-11-01 17:00:00,9000.329771927221
SEN,2025-11-01 18:00:00,9105.232941295497
SEN,2025-11-01 19:00:00,8880.868912442798
SEN,2025-11-01 20:00:00,8408.446767981002
SEN,2025-11-01 21:00:00,8449.709279231703
SEN,2025-11-01 22:00:00,8198.946502741097
SEN,2025-11-01 23:00:00,7916.525099020599
SEN,2025-11-02 00:00:00,7944.787558726296
SEN,2025-11-02 01:00:00,7807.960185871599
SEN,2025-11-02 02:00:00,7645.935142103099
SEN,2025-11-02 03:00:00,7451.4578122507
SEN,2025-11-02 04:00:00,7434.2240195404
SEN,2025-11-02 05:00:00,7633.565564391003
SEN,2025-11-02 06:00:00,7751.889699589301
SEN,2025-11-02 07:00:00,7687.656091851811
SEN,2025-11-02 08:00:00,8422.029847746991
SEN,2025-11-02 09:00:00,9439.557292827012
SEN,2025-11-02 10:00:00,9865.13076395441
SEN,2025-11-02 11:00:00,10029.80768254491
SEN,2025-11-02 12:00:00,10220.736488815404
SEN,2025-11-02 13:00:00,10240.417953125803
SEN,2025-11-02 14:00:00,10049.284726683909
SEN,2025-11-02 15:00:00,9780.892020213398
SEN,2025-11-02 16:00:00,9366.746180038004
SEN,2025-11-02 17:00:00,9128.715196795001
SEN,2025-11-02 18:00:00,9201.157430001305
SEN,2025-11-02 19:00:00,8869.9763089966
SEN,2025-11-02 20:00:00,8759.609462096294
SEN,2025-11-02 21:00:00,8800.842625475805
SEN,2025-11-02 22:00:00,8488.278875006506
SEN,2025-11-02 23:00:00,8263.9279344081
SEN,2025-11-03 00:00:00,8217.7720136948
SEN,2025-11-03 01:00:00,7937.346921727799
SEN,2025-11-03 02:00:00,7840.117910803197
SEN,2025-11-03 03:00:00,7888.396418220096
SEN,2025-11-03 04:00:00,8007.168312549399
SEN,2025-11-03 05:00:00,8177.2890495142
SEN,2025-11-03 06:00:00,8526.711800081011
SEN,2025-11-03 07:00:00,9156.069697765182
SEN,2025-11-03 08:00:00,10132.460858026612
SEN,2025-11-03 09:00:00,11257.518720030108
SEN,2025-11-03 10:00:00,11492.189346925396
SEN,2025-11-03 11:00:00,11509.142728701514
SEN,2025-11-03 12:00:00,11648.5389265834
SEN,2025-11-03 13:00:00,11543.468732171314
SEN,2025-11-03 14:00:00,11268.5693617634
SEN,2025-11-03 15:00:00,10806.221649009503
SEN,2025-11-03 16:00:00,10467.428711964196
SEN,2025-11-03 17:00:00,10164.247393813795
SEN,2025-11-03 18:00:00,10010.796377960809
SEN,2025-11-03 19:00:00,9265.705541775304
SEN,2025-11-03 20:00:00,8893.534378658313
SEN,2025-11-03 21:00:00,9018.374884024604
SEN,2025-11-03 22:00:00,8860.639675356202
SEN,2025-11-03 23:00:00,8709.381392261203
SEN,2025-11-04 00:00:00,8524.576471294802
SEN,2025-11-04 01:00:00,8215.112957569905
SEN,2025-11-04 02:00:00,8212.652831801397
SEN,2025-11-04 03:00:00,8092.638213797096
SEN,2025-11-04 04:00:00,8055.191992845303
SEN,2025-11-04 05:00:00,8289.744917941003
SEN,2025-11-04 06:00:00,8908.507460545508
SEN,2025-11-04 07:00:00,9344.04065615969
SEN,2025-11-04 08:00:00,10175.212252993697
SEN,2025-11-04 09:00:00,11133.392041014913
SEN,2025-11-04 10:00:00,11440.6246276582
SEN,2025-11-04 11:00:00,11570.370429939188
SEN,2025-11-04 12:00:00,11560.09458677718
SEN,2025-11-04 13:00:00,11455.051885889096
SEN,2025-11-04 14:00:00,11285.702855927693
SEN,2025-11-04 15:00:00,10918.888634363695
SEN,2025-11-04 16:00:00,10319.490934443704
SEN,2025-11-04 17:00:00,10247.028545547195
SEN,2025-11-04 18:00:00,10054.625443620705
SEN,2025-11-04 19:00:00,9446.343810524599
SEN,2025-11-04 20:00:00,9039.95223414031
SEN,2025-11-04 21:00:00,9142.087867425698
SEN,2025-11-04 22:00:00,9001.049220461393
SEN,2025-11-04 23:00:00,8544.159321484003
SEN,2025-11-05 00:00:00,8652.267632023795
SEN,2025-11-05 01:00:00,8429.308551684102
SEN,2025-11-05 02:00:00,8179.997408710896
SEN,2025-11-05 03:00:00,8122.979685701503
SEN,2025-11-05 04:00:00,7985.757442757501
SEN,2025-11-05 05:00:00,8162.437993541299
SEN,2025-11-05 06:00:00,8686.229735935804
SEN,2025-11-05 07:00:00,9216.2528442038
SEN,2025-11-05 08:00:00,9920.905442295001
SEN,2025-11-05 09:00:00,10743.91501251911
SEN,2025-11-05 10:00:00,11332.913682663884
SEN,2025-11-05 11:00:00,11508.773473963684
SEN,2025-11-05 12:00:00,11492.628615952213
SEN,2025-11-05 13:00:00,11315.469446510708
SEN,2025-11-05 14:00:00,11150.330870739397
SEN,2025-11-05 15:00:00,10864.834510171175
SEN,2025-11-05 16:00:00,10546.773347016499
SEN,2025-11-05 17:00:00,10372.2043620067
SEN,2025-11-05 18:00:00,9912.405656526702
SEN,2025-11-05 19:00:00,9574.274296906287
SEN,2025-11-05 20:00:00,9097.274074614186
SEN,2025-11-05 21:00:00,9076.024536610406
SEN,2025-11-05 22:00:00,8899.0307525875
SEN,2025-11-05 23:00:00,8623.264350039899
SEN,2025-11-06 00:00:00,8472.548439466505
SEN,2025-11-06 01:00:00,8495.4128592446
SEN,2025-11-06 02:00:00,8279.2132343565
SEN,2025-11-06 03:00:00,8150.127481039601
SEN,2025-11-06 04:00:00,8145.839830562902
SEN,2025-11-06 05:00:00,8063.503153066199
SEN,2025-11-06 06:00:00,8374.947401428199
SEN,2025-11-06 07:00:00,9210.654952018493
SEN,2025-11-06 08:00:00,10047.289636226104
SEN,2025-11-06 09:00:00,10797.700326396387
SEN,2025-11-06 10:00:00,11172.081541872398
SEN,2025-11-06 11:00:00,11212.681786885216
SEN,2025-11-06 12:00:00,11226.791175730492
SEN,2025-11-06 13:00:00,11331.9335659058
SEN,2025-11-06 14:00:00,11181.805032029097
SEN,2025-11-06 15:00:00,10847.9161963525
SEN,2025-11-06 16:00:00,10538.689255418605
SEN,2025-11-06 17:00:00,10320.896162766312
SEN,2025-11-06 18:00:00,10130.398830941896
SEN,2025-11-06 19:00:00,9585.221402740994
SEN,2025-11-06 20:00:00,9240.459246108208
SEN,2025-11-06 21:00:00,9229.407562360799
SEN,2025-11-06 22:00:00,8894.656145825602
SEN,2025-11-06 23:00:00,8570.2679914966
SEN,2025-11-07 00:00:00,8610.80112431
SEN,2025-11-07 01:00:00,8357.886780310702
SEN,2025-11-07 02:00:00,8258.641088278706
SEN,2025-11-07 03:00:00,8106.826739152096
SEN,2025-11-07 04:00:00,8249.5749540874
SEN,2025-11-07 05:00:00,8418.704598306902
SEN,2025-11-07 06:00:00,8725.043299254898
SEN,2025-11-07 07:00:00,9400.194902109293
SEN,2025-11-07 08:00:00,10131.881154698503
SEN,2025-11-07 09:00:00,10945.820581140091
SEN,2025-11-07 10:00:00,11301.391060492808
SEN,2025-11-07 11:00:00,11523.278250965306
SEN,2025-11-07 12:00:00,11493.143898505496
SEN,2025-11-07 13:00:00,11419.021034236897
SEN,2025-11-07 14:00:00,11141.79972224132
SEN,2025-11-07 15:00:00,10866.046640084229
SEN,2025-11-07 16:00:00,10407.328130637206
SEN,2025-11-07 17:00:00,10056.58636969299
SEN,2025-11-07 18:00:00,9899.562342351495
SEN,2025-11-07 19:00:00,9463.004100373906
SEN,2025-11-07 20:00:00,8979.015252080591
SEN,2025-11-07 21:00:00,8869.072073870799
SEN,2025-11-07 22:00:00,8768.1606972022
SEN,2025-11-07 23:00:00,8440.805157629205
SEN,2025-11-08 00:00:00,8830.0445252687
SEN,2025-11-08 01:00:00,8733.3571150101
SEN,2025-11-08 02:00:00,8340.292464577498
SEN,2025-11-08 03:00:00,8209.542531774703
SEN,2025-11-08 04:00:00,8106.321123995602
SEN,2025-11-08 05:00:00,8402.600322588505
SEN,2025-11-08 06:00:00,8463.575950615399
SEN,2025-11-08 07:00:00,8615.599265184806
SEN,2025-11-08 08:00:00,9344.854807935895
SEN,2025-11-08 09:00:00,10166.737940552708
SEN,2025-11-08 10:00:00,10727.992480192996
SEN,2025-11-08 11:00:00,10815.813616457799
SEN,2025-11-08 12:00:00,10772.631898226877
SEN,2025-11-08 13:00:00,10641.245695545582
SEN,2025-11-08 14:00:00,10492.025297230692
SEN,2025-11-08 15:00:00,10075.666276548101
SEN,2025-11-08 16:00:00,9778.033370014105
SEN,2025-11-08 17:00:00,9578.42991152669
SEN,2025-11-08 18:00:00,9421.103368923608
SEN,2025-11-08 19:00:00,9169.061017286482
SEN,2025-11-08 20:00:00,9022.863721738797
SEN,2025-11-08 21:00:00,8853.7882879206
SEN,2025-11-08 22:00:00,8550.044126321096
SEN,2025-11-08 23:00:00,8281.694881809202
SEN,2025-11-09 00:00:00,8026.542658451703
SEN,2025-11-09 01:00:00,7983.991353192705
SEN,2025-11-09 02:00:00,7741.905806371405
SEN,2025-11-09 03:00:00,7614.929274342099
SEN,2025-11-09 04:00:00,7609.313056594101
SEN,2025-11-09 05:00:00,7793.841946211999
SEN,2025-11-09 06:00:00,7823.959408126715
SEN,2025-11-09 07:00:00,7867.464684717498
SEN,2025-11-09 08:00:00,8414.243233833706
SEN,2025-11-09 09:00:00,9268.340269581902
SEN,2025-11-09 10:00:00,9908.090494770095
SEN,2025-11-09 11:00:00,10147.032867437505
SEN,2025-11-09 12:00:00,10221.925454919905
SEN,2025-11-09 13:00:00,10167.266836276996
SEN,2025-11-09 14:00:00,9825.324839076786
SEN,2025-11-09 15:00:00,9501.783577635702
SEN,2025-11-09 16:00:00,9289.085688452402
SEN,2025-11-09 17:00:00,9038.592833522998
SEN,2025-11-09 18:00:00,9086.290204100402
SEN,2025-11-09 19:00:00,9087.54241247441
SEN,2025-11-09 20:00:00,8885.456343514506
SEN,2025-11-09 21:00:00,8638.337184321801
SEN,2025-11-09 22:00:00,8445.09955499561
SEN,2025-11-09 23:00:00,8054.174995228302
SEN,2025-11-10 00:00:00,7948.3655821022
SEN,2025-11-10 01:00:00,8052.414368450797
SEN,2025-11-10 02:00:00,8083.8409588586965
SEN,2025-11-10 03:00:00,7987.804988664003
SEN,2025-11-10 04:00:00,8017.083712075297
SEN,2025-11-10 05:00:00,7940.321759164601
SEN,2025-11-10 06:00:00,8451.684363863498
SEN,2025-11-10 07:00:00,9157.25494354319
SEN,2025-11-10 08:00:00,9988.832995246408
SEN,2025-11-10 09:00:00,10815.479143835717
SEN,2025-11-10 10:00:00,11499.844642339614
SEN,2025-11-10 11:00:00,11694.126121651712
SEN,2025-11-10 12:00:00,11766.323821650383
SEN,2025-11-10 13:00:00,11658.59557294581
SEN,2025-11-10 14:00:00,11371.298841465004
SEN,2025-11-10 15:00:00,11085.699058314314
SEN,2025-11-10 16:00:00,10834.9023689001
SEN,2025-11-10 17:00:00,10457.964522401691
SEN,2025-11-10 18:00:00,10289.9911671494
SEN,2025-11-10 19:00:00,9828.207780033597
SEN,2025-11-10 20:00:00,9320.679279647708
SEN,2025-11-10 21:00:00,9280.862861715103
SEN,2025-11-10 22:00:00,9074.8085506
SEN,2025-11-10 23:00:00,9064.2513523031
SEN,2025-11-11 00:00:00,8768.1613027477
SEN,2025-11-11 01:00:00,8434.645427418398
SEN,2025-11-11 02:00:00,8468.686660085701
SEN,2025-11-11 03:00:00,8330.880808350801
SEN,2025-11-11 04:00:00,8307.075372850799
SEN,2025-11-11 05:00:00,8534.736306487797
SEN,2025-11-11 06:00:00,8886.787857511508
SEN,2025-11-11 07:00:00,9397.250535943002
SEN,2025-11-11 08:00:00,10073.208324902207
SEN,2025-11-11 09:00:00,10733.704969228884
SEN,2025-11-11 10:00:00,11206.014882400697
SEN,2025-11-11 11:00:00,11508.147429117003
SEN,2025-11-11 12:00:00,11602.3498304158
SEN,2025-11-11 13:00:00,11668.129275695586
SEN,2025-11-11 14:00:00,11616.81822694659
SEN,2025-11-11 15:00:00,11286.459011692303
SEN,2025-11-11 16:00:00,10945.147588658077
SEN,2025-11-11 17:00:00,10565.292351519094
SEN,2025-11-11 18:00:00,10097.492287292704
SEN,2025-11-11 19:00:00,9682.992127895404
SEN,2025-11-11 20:00:00,9264.14308294852
SEN,2025-11-11 21:00:00,9291.648327604296
SEN,2025-11-11 22:00:00,9148.042311664994
SEN,2025-11-11 23:00:00,8835.269089958903
SEN,2025-11-12 00:00:00,8589.329794393803
SEN,2025-11-12 01:00:00,8373.887907660266
SEN,2025-11-12 02:00:00,8213.824917555297
SEN,2025-11-12 03:00:00,8313.468467193898
SEN,2025-11-12 04:00:00,8367.002011384106
SEN,2025-11-12 05:00:00,8417.789228263398
SEN,2025-11-12 06:00:00,8706.558996185695
SEN,2025-11-12 07:00:00,9277.66839050829
SEN,2025-11-12 08:00:00,10208.387350071107
SEN,2025-11-12 09:00:00,10783.999645795697
SEN,2025-11-12 10:00:00,11113.626744038806
SEN,2025-11-12 11:00:00,11247.039611768098
SEN,2025-11-12 12:00:00,11176.654385541495
SEN,2025-11-12 13:00:00,11204.927968146898
SEN,2025-11-12 14:00:00,10975.08792032199
SEN,2025-11-12 15:00:00,10709.429951845306
SEN,2025-11-12 16:00:00,10601.024654548199
SEN,2025-11-12 17:00:00,10390.677695537106
SEN,2025-11-12 18:00:00,9980.980404058588
SEN,2025-11-12 19:00:00,9780.607576771883
SEN,2025-11-12 20:00:00,9496.902084894817
SEN,2025-11-12 21:00:00,9451.590517873603
SEN,2025-11-12 22:00:00,9340.7368324421
SEN,2025-11-12 23:00:00,8847.895942919302
SEN,2025-11-13 00:00:00,8505.830810173396
SEN,2025-11-13 01:00:00,8444.395937624098
SEN,2025-11-13 02:00:00,8263.555222709103
SEN,2025-11-13 03:00:00,8272.404586250403
SEN,2025-11-13 04:00:00,8217.102144609506
SEN,2025-11-13 05:00:00,8413.3851931454
SEN,2025-11-13 06:00:00,8902.627705516605
SEN,2025-11-13 07:00:00,9410.033532803694
SEN,2025-11-13 08:00:00,10142.7952541679
SEN,2025-11-13 09:00:00,10793.159179548507
SEN,2025-11-13 10:00:00,11240.646006904515
SEN,2025-11-13 11:00:00,11266.246004546605
SEN,2025-11-13 12:00:00,11571.7495017359
SEN,2025-11-13 13:00:00,11673.508698105103
SEN,2025-11-13 14:00:00,11679.581124708011
SEN,2025-11-13 15:00:00,11515.718787810396
SEN,2025-11-13 16:00:00,11271.503608512196
SEN,2025-11-13 17:00:00,10865.992396666605
SEN,2025-11-13 18:00:00,10603.161063900514
SEN,2025-11-13 19:00:00,10048.216576106186
SEN,2025-11-13 20:00:00,9606.9957301102
SEN,2025-11-13 21:00:00,9741.907950831595
SEN,2025-11-13 22:00:00,9661.254729262902
SEN,2025-11-13 23:00:00,9114.877296089004
SEN,2025-11-14 00:00:00,8896.735092140103
SEN,2025-11-14 01:00:00,8526.910158532603
SEN,2025-11-14 02:00:00,8428.746240388495
SEN,2025-11-14 03:00:00,8299.434694680696
SEN,2025-11-14 04:00:00,8336.973666574302
SEN,2025-11-14 05:00:00,8423.999457018499
SEN,2025-11-14 06:00:00,8875.98542354271
SEN,2025-11-14 07:00:00,9545.733073664396
SEN,2025-11-14 08:00:00,10458.818929025387
SEN,2025-11-14 09:00:00,11142.533058629097
SEN,2025-11-14 10:00:00,11550.301386693916
SEN,2025-11-14 11:00:00,11866.9338238339
SEN,2025-11-14 12:00:00,11864.681778355194
SEN,2025-11-14 13:00:00,11826.938982202095
SEN,2025-11-14 14:00:00,11660.9441064837
SEN,2025-11-14 15:00:00,11243.98074215101
SEN,2025-11-14 16:00:00,10924.820396485307
SEN,2025-11-14 17:00:00,10721.233906299389
SEN,2025-11-14 18:00:00,10656.191350190009
SEN,2025-11-14 19:00:00,9649.07053972749
SEN,2025-11-14 20:00:00,9017.565905742196
SEN,2025-11-14 21:00:00,9154.9833007133
SEN,2025-11-14 22:00:00,8964.279754116693
SEN,2025-11-14 23:00:00,8824.432157837495
SEN,2025-11-15 00:00:00,9160.736435932104
SEN,2025-11-15 01:00:00,8818.9588673746
SEN,2025-11-15 02:00:00,8685.475616518905
SEN,2025-11-15 03:00:00,8528.4606544996
SEN,2025-11-15 04:00:00,8561.421488983398
SEN,2025-11-15 05:00:00,8638.977715748604
SEN,2025-11-15 06:00:00,8652.922145392398
SEN,2025-11-15 07:00:00,8729.793172494716
SEN,2025-11-15 08:00:00,9595.9273379305
SEN,2025-11-15 09:00:00,10331.701935254709
SEN,2025-11-15 10:00:00,10782.284220575211
SEN,2025-11-15 11:00:00,11143.446452394395
SEN,2025-11-15 12:00:00,11186.977363527698
SEN,2025-11-15 13:00:00,11156.101976643899
SEN,2025-11-15 14:00:00,10837.471695309698
SEN,2025-11-15 15:00:00,10247.027084605501
SEN,2025-11-15 16:00:00,9906.967520972792
SEN,2025-11-15 17:00:00,9699.277201346904
SEN,2025-11-15 18:00:00,9645.104745229086
SEN,2025-11-15 19:00:00,9475.219981974707
SEN,2025-11-15 20:00:00,9042.08020405071
SEN,2025-11-15 21:00:00,8839.3943177929
SEN,2025-11-15 22:00:00,8406.986844187699
SEN,2025-11-15 23:00:00,8269.381573584795
SEN,2025-11-16 00:00:00,8249.555250179497
SEN,2025-11-16 01:00:00,8211.229957191605
SEN,2025-11-16 02:00:00,8118.484419979104
SEN,2025-11-16 03:00:00,7986.259642175805
SEN,2025-11-16 04:00:00,8048.208110121495
SEN,2025-11-16 05:00:00,8046.598314943304
SEN,2025-11-16 06:00:00,7957.785286948501
SEN,2025-11-16 07:00:00,8063.387044507093
SEN,2025-11-16 08:00:00,8991.057682593613
SEN,2025-11-16 09:00:00,9630.090173490196
SEN,2025-11-16 10:00:00,9959.537039278095
SEN,2025-11-16 11:00:00,10133.22274044779
SEN,2025-11-16 12:00:00,10163.4589760573
SEN,2025-11-16 13:00:00,9919.963380386087
SEN,2025-11-16 14:00:00,9760.456155039594
SEN,2025-11-16 15:00:00,9295.80661603208
SEN,2025-11-16 16:00:00,9102.116418581203
SEN,2025-11-16 17:00:00,9076.194247634492
SEN,2025-11-16 18:00:00,9179.874129782404
SEN,2025-11-16 19:00:00,9215.897577978098
SEN,2025-11-16 20:00:00,8994.817531394096
SEN,2025-11-16 21:00:00,8952.483379213496
SEN,2025-11-16 22:00:00,8634.543249851497
SEN,2025-11-16 23:00:00,8429.807373098995
SEN,2025-11-17 00:00:00,8552.591428153199
SEN,2025-11-17 01:00:00,8308.280793754893
SEN,2025-11-17 02:00:00,8232.0309505827
SEN,2025-11-17 03:00:00,8188.409510778402
SEN,2025-11-17 04:00:00,8194.460466338402
SEN,2025-11-17 05:00:00,8246.1028758584
SEN,2025-11-17 06:00:00,8620.847501530998
SEN,2025-11-17 07:00:00,9276.520608142808
SEN,2025-11-17 08:00:00,10429.980318670205
SEN,2025-11-17 09:00:00,11240.104189013586
SEN,2025-11-17 10:00:00,11543.890078063901
SEN,2025-11-17 11:00:00,11757.367251281392
SEN,2025-11-17 12:00:00,11849.161032552596
SEN,2025-11-17 13:00:00,11810.178285580607
SEN,2025-11-17 14:00:00,11804.394524288191
SEN,2025-11-17 15:00:00,11497.715961655109
SEN,2025-11-17 16:00:00,11026.830665258904
SEN,2025-11-17 17:00:00,10773.201262086202
SEN,2025-11-17 18:00:00,10834.145772000502
SEN,2025-11-17 19:00:00,10091.389318518322
SEN,2025-11-17 20:00:00,9590.3674759454
SEN,2025-11-17 21:00:00,9753.306361271396
SEN,2025-11-17 22:00:00,9415.710284876397
SEN,2025-11-17 23:00:00,9136.007199610802
SEN,2025-11-18 00:00:00,9145.133097028303
SEN,2025-11-18 01:00:00,8757.362937107791
SEN,2025-11-18 02:00:00,8675.697034176794
SEN,2025-11-18 03:00:00,8573.517172599197
SEN,2025-11-18 04:00:00,8615.0271736748
SEN,2025-11-18 05:00:00,8747.715680953197
SEN,2025-11-18 06:00:00,9146.549761669692
SEN,2025-11-18 07:00:00,9360.6987001798
SEN,2025-11-18 08:00:00,10540.084225642913
SEN,2025-11-18 09:00:00,11280.734789777005
SEN,2025-11-18 10:00:00,11625.616586881508
SEN,2025-11-18 11:00:00,11888.194030918774
SEN,2025-11-18 12:00:00,11894.426749882905
SEN,2025-11-18 13:00:00,11847.571665794709
SEN,2025-11-18 14:00:00,11827.140528383512
SEN,2025-11-18 15:00:00,11823.234421628595
SEN,2025-11-18 16:00:00,11471.477716099404
SEN,2025-11-18 17:00:00,11274.103410512913
SEN,2025-11-18 18:00:00,10877.516489597594
SEN,2025-11-18 19:00:00,9928.3612567586
SEN,2025-11-18 20:00:00,9466.65645500449
SEN,2025-11-18 21:00:00,9825.365739375196
SEN,2025-11-18 22:00:00,9544.000644907197
SEN,2025-11-18 23:00:00,9264.822246297299
SEN,2025-11-19 00:00:00,9143.106660277599
SEN,2025-11-19 01:00:00,8736.401360560198
SEN,2025-11-19 02:00:00,8605.1471478573
SEN,2025-11-19 03:00:00,8521.335006841606
SEN,2025-11-19 04:00:00,8536.779031834989
SEN,2025-11-19 05:00:00,8709.930725050397
SEN,2025-11-19 06:00:00,9112.224048085793
SEN,2025-11-19 07:00:00,9458.198755301599
SEN,2025-11-19 08:00:00,10414.568930802097
SEN,2025-11-19 09:00:00,11174.751713972813
SEN,2025-11-19 10:00:00,11403.217601800514
SEN,2025-11-19 11:00:00,11627.125314843513
SEN,2025-11-19 12:00:00,11815.518165251535
SEN,2025-11-19 13:00:00,11902.539169439022
SEN,2025-11-19 14:00:00,11877.68737300436
SEN,2025-11-19 15:00:00,11759.570762193676
SEN,2025-11-19 16:00:00,11387.030854653694
SEN,2025-11-19 17:00:00,11051.315432492604
SEN,2025-11-19 18:00:00,10795.045425649296
SEN,2025-11-19 19:00:00,9679.739798406212
SEN,2025-11-19 20:00:00,9326.709611346014
SEN,2025-11-19 21:00:00,9541.105223008599
SEN,2025-11-19 22:00:00,9348.870163147998
SEN,2025-11-19 23:00:00,9243.98503204821
SEN,2025-11-20 00:00:00,9271.927871448504
SEN,2025-11-20 01:00:00,8900.0470932664
SEN,2025-11-20 02:00:00,8820.42164767041
SEN,2025-11-20 03:00:00,8865.117625187599
SEN,2025-11-20 04:00:00,8769.918460767896
SEN,2025-11-20 05:00:00,8879.0016938948
SEN,2025-11-20 06:00:00,9022.079676190411
SEN,2025-11-20 07:00:00,9624.007193684305
SEN,2025-11-20 08:00:00,10600.8308561269
SEN,2025-11-20 09:00:00,11216.244982228804
SEN,2025-11-20 10:00:00,11644.675702570512
SEN,2025-11-20 11:00:00,11834.043851110602
SEN,2025-11-20 12:00:00,11711.80401048029
SEN,2025-11-20 13:00:00,11769.019377267594
SEN,2025-11-20 14:00:00,11679.758342843605
SEN,2025-11-20 15:00:00,11695.8772972608
SEN,2025-11-20 16:00:00,11515.47215859479
SEN,2025-11-20 17:00:00,11025.264359493594
SEN,2025-11-20 18:00:00,10642.615729491603
SEN,2025-11-20 19:00:00,10011.47472751181
SEN,2025-11-20 20:00:00,9520.7725559027
SEN,2025-11-20 21:00:00,9820.8732470245
SEN,2025-11-20 22:00:00,9516.116663961202
SEN,2025-11-20 23:00:00,8957.972232645003
SEN,2025-11-21 00:00:00,9187.836862399294
SEN,2025-11-21 01:00:00,8985.700268001803
SEN,2025-11-21 02:00:00,8789.0759120226
SEN,2025-11-21 03:00:00,8718.2968823832
SEN,2025-11-21 04:00:00,8622.181540015703
SEN,2025-11-21 05:00:00,8686.153175285399
SEN,2025-11-21 06:00:00,8936.908973413108
SEN,2025-11-21 07:00:00,9509.617202670197
SEN,2025-11-21 08:00:00,10556.296351116216
SEN,2025-11-21 09:00:00,11394.349502385905
SEN,2025-11-21 10:00:00,11560.7269844605
SEN,2025-11-21 11:00:00,11743.3983483378
SEN,2025-11-21 12:00:00,11847.034944603005
SEN,2025-11-21 13:00:00,11877.800013748501
SEN,2025-11-21 14:00:00,11993.191027508505
SEN,2025-11-21 15:00:00,11840.041573919401
SEN,2025-11-21 16:00:00,11362.556195736091
SEN,2025-11-21 17:00:00,10808.995358403608
SEN,2025-11-21 18:00:00,10611.346026610401
SEN,2025-11-21 19:00:00,9937.504702466993
SEN,2025-11-21 20:00:00,9366.671159720205
SEN,2025-11-21 21:00:00,9545.1251495363
SEN,2025-11-21 22:00:00,9440.786845149494
SEN,2025-11-21 23:00:00,9228.1653664988
SEN,2025-11-22 00:00:00,9325.111102652798
SEN,2025-11-22 01:00:00,9032.110793629901
SEN,2025-11-22 02:00:00,8692.253865365203
SEN,2025-11-22 03:00:00,8773.1197070809
SEN,2025-11-22 04:00:00,8684.040222782201
SEN,2025-11-22 05:00:00,8679.547062721998
SEN,2025-11-22 06:00:00,8606.085796029705
SEN,2025-11-22 07:00:00,8649.93211613171
SEN,2025-11-22 08:00:00,9506.140899323898
SEN,2025-11-22 09:00:00,10163.779402136004
SEN,2025-11-22 10:00:00,10646.001856146608
SEN,2025-11-22 11:00:00,10988.219738346606
SEN,2025-11-22 12:00:00,11195.570397870593
SEN,2025-11-22 13:00:00,11248.30313147262
SEN,2025-11-22 14:00:00,11309.737451716399
SEN,2025-11-22 15:00:00,11171.308822944608
SEN,2025-11-22 16:00:00,10783.696480497101
SEN,2025-11-22 17:00:00,10401.843016217505
SEN,2025-11-22 18:00:00,10176.699857582405
SEN,2025-11-22 19:00:00,9640.39536467068
SEN,2025-11-22 20:00:00,8901.161890495992
SEN,2025-11-22 21:00:00,8981.596644421103
SEN,2025-11-22 22:00:00,8753.688485623998
SEN,2025-11-22 23:00:00,8643.908341118098
SEN,2025-11-23 00:00:00,8694.292063672196
SEN,2025-11-23 01:00:00,8670.4695102377
SEN,2025-11-23 02:00:00,8477.705178218193
SEN,2025-11-23 03:00:00,8261.490661050702
SEN,2025-11-23 04:00:00,8086.442129722298
SEN,2025-11-23 05:00:00,8193.940670647706
SEN,2025-11-23 06:00:00,8103.315876293202
SEN,2025-11-23 07:00:00,8018.414367246802
SEN,2025-11-23 08:00:00,8615.197504365902
SEN,2025-11-23 09:00:00,9343.083925266512
SEN,2025-11-23 10:00:00,10044.316017717396
SEN,2025-11-23 11:00:00,10431.402813574794
SEN,2025-11-23 12:00:00,10677.860928665801
SEN,2025-11-23 13:00:00,10964.035325222294
SEN,2025-11-23 14:00:00,10930.219987746797
SEN,2025-11-23 15:00:00,10724.552246006679
SEN,2025-11-23 16:00:00,10243.76980985421
SEN,2025-11-23 17:00:00,9863.741872553897
SEN,2025-11-23 18:00:00,9877.340432275198
SEN,2025-11-23 19:00:00,9622.545376367201
SEN,2025-11-23 20:00:00,8894.67543911601
SEN,2025-11-23 21:00:00,9191.035531866306
SEN,2025-11-23 22:00:00,8977.098082629103
SEN,2025-11-23 23:00:00,8872.144392762197
SEN,2025-11-24 00:00:00,8887.412213005398
SEN,2025-11-24 01:00:00,8732.660239026298
SEN,2025-11-24 02:00:00,8490.217091846094
SEN,2025-11-24 03:00:00,8368.853816082397
SEN,2025-11-24 04:00:00,8531.543783050796
SEN,2025-11-24 05:00:00,8672.742830346502
SEN,2025-11-24 06:00:00,9054.8294552946
SEN,2025-11-24 07:00:00,9617.911043004995
SEN,2025-11-24 08:00:00,10461.494138000702
SEN,2025-11-24 09:00:00,11001.706863851012
SEN,2025-11-24 10:00:00,11634.526739270299
SEN,2025-11-24 11:00:00,12057.358069557396
SEN,2025-11-24 12:00:00,12121.345212374697
SEN,2025-11-24 13:00:00,12292.928002295606
SEN,2025-11-24 14:00:00,12306.740153354685
SEN,2025-11-24 15:00:00,11985.533284441211
SEN,2025-11-24 16:00:00,11852.256826864112
SEN,2025-11-24 17:00:00,11690.957659025198
SEN,2025-11-24 18:00:00,11275.144479329205
SEN,2025-11-24 19:00:00,10648.309984753008
SEN,2025-11-24 20:00:00,10032.129005657405
SEN,2025-11-24 21:00:00,10135.1057887348
SEN,2025-11-24 22:00:00,9882.482154095596
SEN,2025-11-24 23:00:00,9563.923125717996
SEN,2025-11-25 00:00:00,9509.9523171615
SEN,2025-11-25 01:00:00,9166.508263363903
SEN,2025-11-25 02:00:00,8850.294155317306
SEN,2025-11-25 03:00:00,8822.8240059011
SEN,2025-11-25 04:00:00,8871.979266258099
SEN,2025-11-25 05:00:00,9004.405861893389
SEN,2025-11-25 06:00:00,9271.945274249487
SEN,2025-11-25 07:00:00,9861.5626817141
SEN,2025-11-25 08:00:00,10649.168582899518
SEN,2025-11-25 09:00:00,11157.229855479787
SEN,2025-11-25 10:00:00,11430.177509660596
SEN,2025-11-25 11:00:00,11756.532419336481
SEN,2025-11-25 12:00:00,11839.358852188694
SEN,2025-11-25 13:00:00,12071.597440665599
SEN,2025-11-25 14:00:00,12210.123676214595
SEN,2025-11-25 15:00:00,12076.458196952894
SEN,2025-11-25 16:00:00,11796.1983017313
SEN,2025-11-25 17:00:00,11329.12851941599
SEN,2025-11-25 18:00:00,10984.268475586898
SEN,2025-11-25 19:00:00,10621.396026794695
SEN,2025-11-25 20:00:00,10232.882980584593
SEN,2025-11-25 21:00:00,10206.271657021302
SEN,2025-11-25 22:00:00,9866.289152953004
SEN,2025-11-25 23:00:00,9319.212139102603
SEN,2025-11-26 00:00:00,9226.3787727669
SEN,2025-11-26 01:00:00,9056.935750443705
SEN,2025-11-26 02:00:00,8700.559614673706
SEN,2025-11-26 03:00:00,8537.947722337598
SEN,2025-11-26 04:00:00,8631.65280778
SEN,2025-11-26 05:00:00,8714.5970649883
SEN,2025-11-26 06:00:00,9136.317446969504
SEN,2025-11-26 07:00:00,9577.705078381603
SEN,2025-11-26 08:00:00,10281.585273892812
SEN,2025-11-26 09:00:00,10917.118061735278
SEN,2025-11-26 10:00:00,11212.245709310491
SEN,2025-11-26 11:00:00,11356.9349947361
SEN,2025-11-26 12:00:00,11433.355868097591
SEN,2025-11-26 13:00:00,11458.254276524416
SEN,2025-11-26 14:00:00,11592.369970060585
SEN,2025-11-26 15:00:00,11427.568087080183
SEN,2025-11-26 16:00:00,10978.470321722907
SEN,2025-11-26 17:00:00,10710.1019229528
SEN,2025-11-26 18:00:00,10319.485008721784
SEN,2025-11-26 19:00:00,10065.515095755894
SEN,2025-11-26 20:00:00,9523.504017972606
SEN,2025-11-26 21:00:00,9456.559719397093
SEN,2025-11-26 22:00:00,9406.470777573997
SEN,2025-11-26 23:00:00,8966.156620317099
SEN,2025-11-27 00:00:00,8733.307042229002
SEN,2025-11-27 01:00:00,8623.444078364495
SEN,2025-11-27 02:00:00,8536.977066761801
SEN,2025-11-27 03:00:00,8426.663420962097
SEN,2025-11-27 04:00:00,8330.8374782103
SEN,2025-11-27 05:00:00,8510.002730971202
SEN,2025-11-27 06:00:00,8922.635678652498
SEN,2025-11-27 07:00:00,9408.992975244208
SEN,2025-11-27 08:00:00,10300.995766129292
SEN,2025-11-27 09:00:00,10891.286801427395
SEN,2025-11-27 10:00:00,11220.785629889193
SEN,2025-11-27 11:00:00,11507.14305968929
SEN,2025-11-27 12:00:00,11654.195376531197
SEN,2025-11-27 13:00:00,11728.731166034087
SEN,2025-11-27 14:00:00,11638.888643958007
SEN,2025-11-27 15:00:00,11547.291188555217
SEN,2025-11-27 16:00:00,11248.984568393707
SEN,2025-11-27 17:00:00,11132.394405222682
SEN,2025-11-27 18:00:00,10767.867060882503
SEN,2025-11-27 19:00:00,10418.060460569102
SEN,2025-11-27 20:00:00,9807.330386171194
SEN,2025-11-27 21:00:00,9605.527160677795
SEN,2025-11-27 22:00:00,9297.140528826501
SEN,2025-11-27 23:00:00,9092.367686059
SEN,2025-11-28 00:00:00,9036.777589501102
SEN,2025-11-28 01:00:00,8825.241713780899
SEN,2025-11-28 02:00:00,8637.720939480705
SEN,2025-11-28 03:00:00,8473.2914148865
SEN,2025-11-28 04:00:00,8411.214937834999
SEN,2025-11-28 05:00:00,8514.546491562694
SEN,2025-11-28 06:00:00,8879.786107022699
SEN,2025-11-28 07:00:00,9415.473733189796
SEN,2025-11-28 08:00:00,10179.162589748305
SEN,2025-11-28 09:00:00,10709.298273381804
SEN,2025-11-28 10:00:00,11291.907930372303
SEN,2025-11-28 11:00:00,11645.874406867288
SEN,2025-11-28 12:00:00,11903.031992743996
SEN,2025-11-28 13:00:00,11859.977353201884
SEN,2025-11-28 14:00:00,11686.282345592692
SEN,2025-11-28 15:00:00,11197.219184492791
SEN,2025-11-28 16:00:00,10772.618786611498
SEN,2025-11-28 17:00:00,10401.049081344006
SEN,2025-11-28 18:00:00,10288.626068074398
SEN,2025-11-28 19:00:00,10233.211580124593
SEN,2025-11-28 20:00:00,9821.479257543593
SEN,2025-11-28 21:00:00,9648.205001126698
SEN,2025-11-28 22:00:00,9404.284703314199
SEN,2025-11-28 23:00:00,8973.896397274404
SEN,2025-11-29 00:00:00,8844.7790009976
SEN,2025-11-29 01:00:00,8733.749084702793
SEN,2025-11-29 02:00:00,8586.881585369292
SEN,2025-11-29 03:00:00,8498.617432276797
SEN,2025-11-29 04:00:00,8424.217053539694
SEN,2025-11-29 05:00:00,8449.170766747395
SEN,2025-11-29 06:00:00,8419.095119825093
SEN,2025-11-29 07:00:00,8475.856481500214
SEN,2025-11-29 08:00:00,9247.548795178509
SEN,2025-11-29 09:00:00,10106.669145888513
SEN,2025-11-29 10:00:00,10574.281820704991
SEN,2025-11-29 11:00:00,10736.143649701495
SEN,2025-11-29 12:00:00,10817.724240235697
SEN,2025-11-29 13:00:00,10907.728881359702
SEN,2025-11-29 14:00:00,10604.798622925608
SEN,2025-11-29 15:00:00,10268.64373743252
SEN,2025-11-29 16:00:00,9964.334565475918
SEN,2025-11-29 17:00:00,9754.232709392894
SEN,2025-11-29 18:00:00,9652.407456356508
SEN,2025-11-29 19:00:00,9519.008882312792
SEN,2025-11-29 20:00:00,9243.545905086394
SEN,2025-11-29 21:00:00,9265.284774776906
SEN,2025-11-29 22:00:00,8784.5920416308
SEN,2025-11-29 23:00:00,8241.418686008801
SEN,2025-11-30 00:00:00,7847.835564757199
SEN,2025-11-30 01:00:00,8034.090101434398
SEN,2025-11-30 02:00:00,8007.091799504098
SEN,2025-11-30 03:00:00,7950.414161914999
SEN,2025-11-30 04:00:00,7862.838650768202
SEN,2025-11-30 05:00:00,7759.372702859001
SEN,2025-11-30 06:00:00,7689.838015491009
SEN,2025-11-30 07:00:00,7716.900512401998
SEN,2025-11-30 08:00:00,8595.9888218784
SEN,2025-11-30 09:00:00,9318.812482096413
SEN,2025-11-30 10:00:00,9828.197196351202
SEN,2025-11-30 11:00:00,10024.218017801193
SEN,2025-11-30 12:00:00,10087.17653471561
SEN,2025-11-30 13:00:00,9946.309796747397
SEN,2025-11-30 14:00:00,10164.404370587414
SEN,2025-11-30 15:00:00,9963.536190308012
SEN,2025-11-30 16:00:00,9454.746779048886
SEN,2025-11-30 17:00:00,9276.473685460689
SEN,2025-11-30 18:00:00,9181.466505689286
SEN,2025-11-30 19:00:00,9305.662297862795
SEN,2025-11-30 20:00:00,9378.383214758207
SEN,2025-11-30 21:00:00,9020.599877786804
SEN,2025-11-30 22:00:00,8671.891343715
SEN,2025-11-30 23:00:00,8143.688852664497
SEN,2025-12-01 00:00:00,8197.855739668501
SEN,2025-12-01 01:00:00,8121.772395333199
SEN,2025-12-01 02:00:00,8071.692317524999
SEN,2025-12-01 03:00:00,8064.5500598515
SEN,2025-12-01 04:00:00,8069.504986927801
SEN,2025-12-01 05:00:00,8135.6521628036
SEN,2025-12-01 06:00:00,8406.696682172302
SEN,2025-12-01 07:00:00,9096.013864815093
SEN,2025-12-01 08:00:00,9941.425066901798
SEN,2025-12-01 09:00:00,10552.351212917301
SEN,2025-12-01 10:00:00,11006.3663473118
SEN,2025-12-01 11:00:00,11365.852636721394
SEN,2025-12-01 12:00:00,11470.5577626369
SEN,2025-12-01 13:00:00,11503.797630785206
SEN,2025-12-01 14:00:00,11677.462054187205
SEN,2025-12-01 15:00:00,11476.459565445291
SEN,2025-12-01 16:00:00,11136.691559814708
SEN,2025-12-01 17:00:00,10815.117536076094
SEN,2025-12-01 18:00:00,10644.698289130118
SEN,2025-12-01 19:00:00,10509.726540962194
SEN,2025-12-01 20:00:00,9793.123671946301
SEN,2025-12-01 21:00:00,9574.206605832902
SEN,2025-12-01 22:00:00,9138.448397437103
SEN,2025-12-01 23:00:00,8554.042662791508
SEN,2025-12-02 00:00:00,8540.259170226102
SEN,2025-12-02 01:00:00,8619.383062993798
SEN,2025-12-02 02:00:00,8677.488826282206
SEN,2025-12-02 03:00:00,8638.293523542401
SEN,2025-12-02 04:00:00,8570.279780556299
SEN,2025-12-02 05:00:00,8618.918741610603
SEN,2025-12-02 06:00:00,8769.149026073805
SEN,2025-12-02 07:00:00,9422.467801608205
SEN,2025-12-02 08:00:00,10289.84990531661
SEN,2025-12-02 09:00:00,11059.293131746503
SEN,2025-12-02 10:00:00,11721.367814789022
SEN,2025-12-02 11:00:00,11834.819686232899
SEN,2025-12-02 12:00:00,11889.415694513396
SEN,2025-12-02 13:00:00,11819.20932141391
SEN,2025-12-02 14:00:00,11900.276315955403
SEN,2025-12-02 15:00:00,11835.141527943995
SEN,2025-12-02 16:00:00,11527.300808093221
SEN,2025-12-02 17:00:00,11086.695179612094
SEN,2025-12-02 18:00:00,10811.276707551904
SEN,2025-12-02 19:00:00,10750.343075060402
SEN,2025-12-02 20:00:00,9892.80773289301
SEN,2025-12-02 21:00:00,9902.515373848002
SEN,2025-12-02 22:00:00,9638.275589267205
SEN,2025-12-02 23:00:00,9164.801369337403
SEN,2025-12-03 00:00:00,9018.658591428004
SEN,2025-12-03 01:00:00,9038.5908574887
SEN,2025-12-03 02:00:00,8884.194287955894
SEN,2025-12-03 03:00:00,8815.175455450197
SEN,2025-12-03 04:00:00,8731.179684844901
SEN,2025-12-03 05:00:00,8658.746273735202
SEN,2025-12-03 06:00:00,8874.8922479467
SEN,2025-12-03 07:00:00,9519.9937401249
SEN,2025-12-03 08:00:00,10423.592661739996
SEN,2025-12-03 09:00:00,11107.583176499604
SEN,2025-12-03 10:00:00,11474.186134014702
SEN,2025-12-03 11:00:00,11885.791004008212
SEN,2025-12-03 12:00:00,12031.616977587697
SEN,2025-12-03 13:00:00,12045.4412230175
SEN,2025-12-03 14:00:00,12227.772777194807
SEN,2025-12-03 15:00:00,12252.233402664097
SEN,2025-12-03 16:00:00,11891.065292529891
SEN,2025-12-03 17:00:00,11593.730005515696
SEN,2025-12-03 18:00:00,11306.365573609799
SEN,2025-12-03 19:00:00,10953.311976343915
SEN,2025-12-03 20:00:00,10095.432749017991
SEN,2025-12-03 21:00:00,10230.088332218598
SEN,2025-12-03 22:00:00,9849.28783877
SEN,2025-12-03 23:00:00,9358.088065851804
SEN,2025-12-04 00:00:00,9319.351553984092
SEN,2025-12-04 01:00:00,9111.903442272205
SEN,2025-12-04 02:00:00,9101.231928766205
SEN,2025-12-04 03:00:00,8896.70701954059
SEN,2025-12-04 04:00:00,8861.753254233097
SEN,2025-12-04 05:00:00,8978.474596926799
SEN,2025-12-04 06:00:00,9255.040031365608
SEN,2025-12-04 07:00:00,9835.550062416401
SEN,2025-12-04 08:00:00,10471.657340377898
SEN,2025-12-04 09:00:00,11141.0003822758
SEN,2025-12-04 10:00:00,11681.590009169608
SEN,2025-12-04 11:00:00,12124.065667931012
SEN,2025-12-04 12:00:00,12331.186937605102
SEN,2025-12-04 13:00:00,12395.215920881392
SEN,2025-12-04 14:00:00,12547.800827654597
SEN,2025-12-04 15:00:00,12222.389426539596
SEN,2025-12-04 16:00:00,11922.36050657299
SEN,2025-12-04 17:00:00,11806.697783644704
SEN,2025-12-04 18:00:00,11120.960406033904
SEN,2025-12-04 19:00:00,10788.197679677902
SEN,2025-12-04 20:00:00,10213.796475654712
SEN,2025-12-04 21:00:00,9859.4428701558
SEN,2025-12-04 22:00:00,9642.145437485398
SEN,2025-12-04 23:00:00,9252.877504218903
SEN,2025-12-05 00:00:00,9179.249159027302
SEN,2025-12-05 01:00:00,9074.923520366605
SEN,2025-12-05 02:00:00,9028.917445284207
SEN,2025-12-05 03:00:00,8870.794657120703
SEN,2025-12-05 04:00:00,8859.503200873905
SEN,2025-12-05 05:00:00,8973.157107053
SEN,2025-12-05 06:00:00,9327.844026749714
SEN,2025-12-05 07:00:00,9753.98622488281
SEN,2025-12-05 08:00:00,10677.694114349913
SEN,2025-12-05 09:00:00,12001.058995470998
SEN,2025-12-05 10:00:00,12168.289795337701
SEN,2025-12-05 11:00:00,12326.306526118313
SEN,2025-12-05 12:00:00,12620.553678369488
SEN,2025-12-05 13:00:00,12640.358568999902
SEN,2025-12-05 14:00:00,12597.761726445102
SEN,2025-12-05 15:00:00,12266.5027797372
SEN,2025-12-05 16:00:00,11602.666144962604
SEN,2025-12-05 17:00:00,11186.944138991003
SEN,2025-12-05 18:00:00,10969.462860461585
SEN,2025-12-05 19:00:00,10672.419627361684
SEN,2025-12-05 20:00:00,9572.894392744312
SEN,2025-12-05 21:00:00,9484.570634432199
SEN,2025-12-05 22:00:00,9290.287611397596
SEN,2025-12-05 23:00:00,9097.821653893305
SEN,2025-12-06 00:00:00,8897.723873246394
SEN,2025-12-06 01:00:00,8753.309862119799
SEN,2025-12-06 02:00:00,8734.371315474502
SEN,2025-12-06 03:00:00,8687.230884177297
SEN,2025-12-06 04:00:00,8705.205786577597
SEN,2025-12-06 05:00:00,8665.706169377107
SEN,2025-12-06 06:00:00,8677.193007638694
SEN,2025-12-06 07:00:00,8769.812541844994
SEN,2025-12-06 08:00:00,9536.490159617986
SEN,2025-12-06 09:00:00,10399.394469805697
SEN,2025-12-06 10:00:00,10807.271345212017
SEN,2025-12-06 11:00:00,11080.14075686701
SEN,2025-12-06 12:00:00,11223.582740702404
SEN,2025-12-06 13:00:00,11406.403785682103
SEN,2025-12-06 14:00:00,11396.190343192098
SEN,2025-12-06 15:00:00,11057.80686144971
SEN,2025-12-06 16:00:00,10550.35785842719
SEN,2025-12-06 17:00:00,10448.3950257691
SEN,2025-12-06 18:00:00,10332.30434636869
SEN,2025-12-06 19:00:00,10095.21466931638
SEN,2025-12-06 20:00:00,9318.444535321698
SEN,2025-12-06 21:00:00,9188.700176483198
SEN,2025-12-06 22:00:00,9003.9321980655
SEN,2025-12-06 23:00:00,8721.915125354102
SEN,2025-12-07 00:00:00,8573.728873499098
SEN,2025-12-07 01:00:00,8338.147268531899
SEN,2025-12-07 02:00:00,8266.8608871166
SEN,2025-12-07 03:00:00,8209.226092239602
SEN,2025-12-07 04:00:00,8186.5830374858015
SEN,2025-12-07 05:00:00,8084.758834277501
SEN,2025-12-07 06:00:00,8047.742863441692
SEN,2025-12-07 07:00:00,8177.166052054093
SEN,2025-12-07 08:00:00,8803.798620565096
SEN,2025-12-07 09:00:00,9743.002633110496
SEN,2025-12-07 10:00:00,10068.829238763103
SEN,2025-12-07 11:00:00,10229.044141124203
SEN,2025-12-07 12:00:00,10417.978157356003
SEN,2025-12-07 13:00:00,10559.016379134708
SEN,2025-12-07 14:00:00,10492.395031893195
SEN,2025-12-07 15:00:00,10312.671192848591
SEN,2025-12-07 16:00:00,10056.456495733188
SEN,2025-12-07 17:00:00,9718.804632914298
SEN,2025-12-07 18:00:00,9698.253854035012
SEN,2025-12-07 19:00:00,9670.365116484807
SEN,2025-12-07 20:00:00,9011.4180873755
SEN,2025-12-07 21:00:00,8785.594817914598
SEN,2025-12-07 22:00:00,8660.001706801702
SEN,2025-12-07 23:00:00,8558.711135393698
SEN,2025-12-08 00:00:00,8448.989760009195
SEN,2025-12-08 01:00:00,8327.567445333698
SEN,2025-12-08 02:00:00,8332.091180704801
SEN,2025-12-08 03:00:00,8320.996236845904
SEN,2025-12-08 04:00:00,8249.794021043002
SEN,2025-12-08 05:00:00,8349.649263157404
SEN,2025-12-08 06:00:00,8416.525357246708
SEN,2025-12-08 07:00:00,8483.193075874498
SEN,2025-12-08 08:00:00,9196.565977762093
SEN,2025-12-08 09:00:00,10107.21755167781
SEN,2025-12-08 10:00:00,10438.642682534884
SEN,2025-12-08 11:00:00,10984.50379097899
SEN,2025-12-08 12:00:00,11302.47561304831
SEN,2025-12-08 13:00:00,11666.6613921406
SEN,2025-12-08 14:00:00,11785.617957773093
SEN,2025-12-08 15:00:00,11743.310358379298
SEN,2025-12-08 16:00:00,11337.480817599399
SEN,2025-12-08 17:00:00,10817.071929856704
SEN,2025-12-08 18:00:00,10679.4295708049
SEN,2025-12-08 19:00:00,10353.324388207995
SEN,2025-12-08 20:00:00,9767.298764386122
SEN,2025-12-08 21:00:00,9848.0173030043
SEN,2025-12-08 22:00:00,9501.026665271405
SEN,2025-12-08 23:00:00,9048.046934774697
SEN,2025-12-09 00:00:00,8941.007079767205
SEN,2025-12-09 01:00:00,8788.923368458203
SEN,2025-12-09 02:00:00,8551.580448720602
SEN,2025-12-09 03:00:00,8707.839982837202
SEN,2025-12-09 04:00:00,8865.953969384005
SEN,2025-12-09 05:00:00,8908.074050855907
SEN,2025-12-09 06:00:00,9264.7119007228
SEN,2025-12-09 07:00:00,9776.783939219204
SEN,2025-12-09 08:00:00,10701.78380790109
SEN,2025-12-09 09:00:00,11575.168153022805
SEN,2025-12-09 10:00:00,12066.222590195495
SEN,2025-12-09 11:00:00,12447.0309612203
SEN,2025-12-09 12:00:00,12529.742466837595
SEN,2025-12-09 13:00:00,12671.710559444498
SEN,2025-12-09 14:00:00,12716.301729188597
SEN,2025-12-09 15:00:00,12456.757337374795
SEN,2025-12-09 16:00:00,11961.923028574696
SEN,2025-12-09 17:00:00,11539.004795199484
SEN,2025-12-09 18:00:00,11287.525373529399
SEN,2025-12-09 19:00:00,10826.1346983297
SEN,2025-12-09 20:00:00,9908.723513620183
SEN,2025-12-09 21:00:00,10071.3540502005
SEN,2025-12-09 22:00:00,9716.3692783318
SEN,2025-12-09 23:00:00,9388.795205779295
SEN,2025-12-10 00:00:00,9347.811398849906
SEN,2025-12-10 01:00:00,9077.878830176507
SEN,2025-12-10 02:00:00,8866.581923291398
SEN,2025-12-10 03:00:00,8931.900197467401
SEN,2025-12-10 04:00:00,8962.6082636991
SEN,2025-12-10 05:00:00,8973.7492337803
SEN,2025-12-10 06:00:00,9257.945849055408
SEN,2025-12-10 07:00:00,9771.23551575391
SEN,2025-12-10 08:00:00,10593.705999832608
SEN,2025-12-10 09:00:00,11413.254223547203
SEN,2025-12-10 10:00:00,11773.03685694411
SEN,2025-12-10 11:00:00,12004.955312755876
SEN,2025-12-10 12:00:00,12184.200916725902
SEN,2025-12-10 13:00:00,12358.2681726763
SEN,2025-12-10 14:00:00,12292.232650790313
SEN,2025-12-10 15:00:00,12119.13280689638
SEN,2025-12-10 16:00:00,11585.021308957397
SEN,2025-12-10 17:00:00,11154.437440453288
SEN,2025-12-10 18:00:00,10904.295512134788
SEN,2025-12-10 19:00:00,10544.461860489477
SEN,2025-12-10 20:00:00,9909.575816540304
SEN,2025-12-10 21:00:00,9923.400230566696
SEN,2025-12-10 22:00:00,9592.391643982395
SEN,2025-12-10 23:00:00,9091.736922549602
SEN,2025-12-11 00:00:00,9001.790343447094
SEN,2025-12-11 01:00:00,8900.776674585202
SEN,2025-12-11 02:00:00,8874.6179174263
SEN,2025-12-11 03:00:00,8894.245984394902
SEN,2025-12-11 04:00:00,8895.906089116097
SEN,2025-12-11 05:00:00,8863.215251470303
SEN,2025-12-11 06:00:00,9083.875972772606
SEN,2025-12-11 07:00:00,9573.493426496905
SEN,2025-12-11 08:00:00,10483.790671634304
SEN,2025-12-11 09:00:00,11329.582946041992
SEN,2025-12-11 10:00:00,11712.902613205206
SEN,2025-12-11 11:00:00,11883.6992629954
SEN,2025-12-11 12:00:00,12221.581481641699
SEN,2025-12-11 13:00:00,12427.4907173143
SEN,2025-12-11 14:00:00,12475.039807392295
SEN,2025-12-11 15:00:00,12437.263976997292
SEN,2025-12-11 16:00:00,12034.93716627282
SEN,2025-12-11 17:00:00,11331.456217884113
SEN,2025-12-11 18:00:00,11099.423118982902
SEN,2025-12-11 19:00:00,10793.855562983905
SEN,2025-12-11 20:00:00,10619.000835037403
SEN,2025-12-11 21:00:00,10487.014681512906
SEN,2025-12-11 22:00:00,10168.051525288902
SEN,2025-12-11 23:00:00,9598.158962725904
SEN,2025-12-12 00:00:00,9079.8770663493
SEN,2025-12-12 01:00:00,8697.174128148199
SEN,2025-12-12 02:00:00,8794.351198481505
SEN,2025-12-12 03:00:00,8954.210721546397
SEN,2025-12-12 04:00:00,8952.520496190406
SEN,2025-12-12 05:00:00,8822.910359030499
SEN,2025-12-12 06:00:00,8934.229048950498
SEN,2025-12-12 07:00:00,9702.418248966504
SEN,2025-12-12 08:00:00,10742.262887469202
SEN,2025-12-12 09:00:00,11648.286978351805
SEN,2025-12-12 10:00:00,12025.41439442949
SEN,2025-12-12 11:00:00,12198.333406480995
SEN,2025-12-12 12:00:00,12242.5993739235
SEN,2025-12-12 13:00:00,12174.763527973486
SEN,2025-12-12 14:00:00,12139.943131529295
SEN,2025-12-12 15:00:00,12009.016188728014
SEN,2025-12-12 16:00:00,11462.659180384104
SEN,2025-12-12 17:00:00,11191.0969216719
SEN,2025-12-12 18:00:00,11269.300502170312
SEN,2025-12-12 19:00:00,10831.281745152492
SEN,2025-12-12 20:00:00,10137.728423831613
SEN,2025-12-12 21:00:00,10009.042664566296
SEN,2025-12-12 22:00:00,9784.811319734898
SEN,2025-12-12 23:00:00,9300.3391128323
SEN,2025-12-13 00:00:00,9255.983210386303
SEN,2025-12-13 01:00:00,9181.608771545001
SEN,2025-12-13 02:00:00,9004.096034929798
SEN,2025-12-13 03:00:00,8857.702621009901
SEN,2025-12-13 04:00:00,8832.5640518086
SEN,2025-12-13 05:00:00,8802.800915783298
SEN,2025-12-13 06:00:00,8919.688312290204
SEN,2025-12-13 07:00:00,9059.0001250586
SEN,2025-12-13 08:00:00,9671.518005514094
SEN,2025-12-13 09:00:00,10530.515086390214
SEN,2025-12-13 10:00:00,11063.002913874612
SEN,2025-12-13 11:00:00,11299.081565232178
SEN,2025-12-13 12:00:00,11331.857172518703
SEN,2025-12-13 13:00:00,11424.90812621281
SEN,2025-12-13 14:00:00,11258.889952047813
SEN,2025-12-13 15:00:00,11010.6472334922
SEN,2025-12-13 16:00:00,10537.14457586102
SEN,2025-12-13 17:00:00,10142.009497584188
SEN,2025-12-13 18:00:00,9995.129268137007
SEN,2025-12-13 19:00:00,9737.063507325503
SEN,2025-12-13 20:00:00,9124.022123712395
SEN,2025-12-13 21:00:00,8936.968478490198
SEN,2025-12-13 22:00:00,8738.894897359098
SEN,2025-12-13 23:00:00,8498.709044419998
SEN,2025-12-14 00:00:00,8256.303633772097
SEN,2025-12-14 01:00:00,8183.099048120002
SEN,2025-12-14 02:00:00,8239.913202116699
SEN,2025-12-14 03:00:00,8174.301077743902
SEN,2025-12-14 04:00:00,8216.822317392604
SEN,2025-12-14 05:00:00,8321.565914887999
SEN,2025-12-14 06:00:00,8237.033599300705
SEN,2025-12-14 07:00:00,8237.392966733505
SEN,2025-12-14 08:00:00,8862.207274998807
SEN,2025-12-14 09:00:00,9442.20771093069
SEN,2025-12-14 10:00:00,9756.093349245195
SEN,2025-12-14 11:00:00,10234.420088563393
SEN,2025-12-14 12:00:00,10658.338623566788
SEN,2025-12-14 13:00:00,10824.13266760439
SEN,2025-12-14 14:00:00,10499.494763900306
SEN,2025-12-14 15:00:00,10148.611363967202
SEN,2025-12-14 16:00:00,9688.7345079412
SEN,2025-12-14 17:00:00,9572.577788313594
SEN,2025-12-14 18:00:00,9450.884014235196
SEN,2025-12-14 19:00:00,9341.400605022398
SEN,2025-12-14 20:00:00,9396.703633740708
SEN,2025-12-14 21:00:00,9202.638101141196
SEN,2025-12-14 22:00:00,8702.133194636699
SEN,2025-12-14 23:00:00,8265.412702984893
SEN,2025-12-15 00:00:00,8016.660433591701
SEN,2025-12-15 01:00:00,8056.5655484061
SEN,2025-12-15 02:00:00,8044.478542743598
SEN,2025-12-15 03:00:00,8015.852431685909
SEN,2025-12-15 04:00:00,8061.746071282097
SEN,2025-12-15 05:00:00,8189.176215229499
SEN,2025-12-15 06:00:00,8494.227370753704
SEN,2025-12-15 07:00:00,9134.875874895595
SEN,2025-12-15 08:00:00,10230.509310670994
SEN,2025-12-15 09:00:00,11286.10697955079
SEN,2025-12-15 10:00:00,11801.9294456464
SEN,2025-12-15 11:00:00,12163.953503585615
SEN,2025-12-15 12:00:00,12296.2125203714
SEN,2025-12-15 13:00:00,12306.194147890492
SEN,2025-12-15 14:00:00,12219.35731433491
SEN,2025-12-15 15:00:00,11962.031817095714
SEN,2025-12-15 16:00:00,11667.556722895011
SEN,2025-12-15 17:00:00,11323.58717251689
SEN,2025-12-15 18:00:00,11028.583766024194
SEN,2025-12-15 19:00:00,10449.823041476502
SEN,2025-12-15 20:00:00,9353.602426749005
SEN,2025-12-15 21:00:00,9456.000348150405
SEN,2025-12-15 22:00:00,9417.444023828102
SEN,2025-12-15 23:00:00,9148.345014717695
SEN,2025-12-16 00:00:00,9093.3027545215
SEN,2025-12-16 01:00:00,8817.250223898696
SEN,2025-12-16 02:00:00,8766.1102704238
SEN,2025-12-16 03:00:00,8790.488098562999
SEN,2025-12-16 04:00:00,8909.821623694495
SEN,2025-12-16 05:00:00,8998.854999357998
SEN,2025-12-16 06:00:00,9165.724314999798
SEN,2025-12-16 07:00:00,9551.849109514105
SEN,2025-12-16 08:00:00,10468.899347382816
SEN,2025-12-16 09:00:00,11415.924021468709
SEN,2025-12-16 10:00:00,12000.762637028503
SEN,2025-12-16 11:00:00,12299.777684116603
SEN,2025-12-16 12:00:00,12487.541041722605
SEN,2025-12-16 13:00:00,12464.917685558197
SEN,2025-12-16 14:00:00,12565.652032777587
SEN,2025-12-16 15:00:00,12414.68562210331
SEN,2025-12-16 16:00:00,12040.588126213615
SEN,2025-12-16 17:00:00,11717.533956905692
SEN,2025-12-16 18:00:00,11433.35345925188
SEN,2025-12-16 19:00:00,10747.300255025106
SEN,2025-12-16 20:00:00,9754.763082776888
SEN,2025-12-16 21:00:00,9861.313491372726
SEN,2025-12-16 22:00:00,9810.177482454754
SEN,2025-12-16 23:00:00,9605.263422306001
SEN,2025-12-17 00:00:00,9291.810374228999
SEN,2025-12-17 01:00:00,8981.603898794798
SEN,2025-12-17 02:00:00,8827.2947319936
SEN,2025-12-17 03:00:00,8895.015894058904
SEN,2025-12-17 04:00:00,8915.010618392394
SEN,2025-12-17 05:00:00,9112.265654441304
SEN,2025-12-17 06:00:00,9308.186800489193
SEN,2025-12-17 07:00:00,9663.192457256811
SEN,2025-12-17 08:00:00,10516.969559588004
SEN,2025-12-17 09:00:00,11475.672736867502
SEN,2025-12-17 10:00:00,12125.024806783895
SEN,2025-12-17 11:00:00,12381.924646371006
SEN,2025-12-17 12:00:00,12449.268387964801
SEN,2025-12-17 13:00:00,12497.320563340198
SEN,2025-12-17 14:00:00,12435.932565420428
SEN,2025-12-17 15:00:00,12293.405583168305
SEN,2025-12-17 16:00:00,11946.717397141396
SEN,2025-12-17 17:00:00,11390.00959259878
SEN,2025-12-17 18:00:00,11093.247092341304
SEN,2025-12-17 19:00:00,10511.861752455798
SEN,2025-12-17 20:00:00,9512.5002194484
SEN,2025-12-17 21:00:00,9722.187048112399
SEN,2025-12-17 22:00:00,9704.056497555799
SEN,2025-12-17 23:00:00,9253.33216217351
SEN,2025-12-18 00:00:00,9128.197555731898
SEN,2025-12-18 01:00:00,8824.6291740133
SEN,2025-12-18 02:00:00,8658.234924113704
SEN,2025-12-18 03:00:00,8839.803652904
SEN,2025-12-18 04:00:00,8879.145920774903
SEN,2025-12-18 05:00:00,8947.2549388583
SEN,2025-12-18 06:00:00,9095.731638649922
SEN,2025-12-18 07:00:00,9392.270736444698
SEN,2025-12-18 08:00:00,10423.879370098604
SEN,2025-12-18 09:00:00,11401.467313922309
SEN,2025-12-18 10:00:00,11919.123456572403
SEN,2025-12-18 11:00:00,12135.809760646995
SEN,2025-12-18 12:00:00,12270.0375461516
SEN,2025-12-18 13:00:00,12546.608031733898
SEN,2025-12-18 14:00:00,12658.991883975208
SEN,2025-12-18 15:00:00,12422.782059479907
SEN,2025-12-18 16:00:00,12078.151428640085
SEN,2025-12-18 17:00:00,11640.891700169004
SEN,2025-12-18 18:00:00,11371.10675394671
SEN,2025-12-18 19:00:00,10805.010119154298
SEN,2025-12-18 20:00:00,9653.938433349189
SEN,2025-12-18 21:00:00,9684.630713942903
SEN,2025-12-18 22:00:00,9716.674376142668
SEN,2025-12-18 23:00:00,9403.973879517363
SEN,2025-12-19 00:00:00,9275.0317966998
SEN,2025-12-19 01:00:00,8926.3487472817
SEN,2025-12-19 02:00:00,8756.055521596601
SEN,2025-12-19 03:00:00,8856.322398621603
SEN,2025-12-19 04:00:00,8936.237711857806
SEN,2025-12-19 05:00:00,8989.167659939301
SEN,2025-12-19 06:00:00,9267.775277887213
SEN,2025-12-19 07:00:00,9615.884272730298
SEN,2025-12-19 08:00:00,10548.480095134815
SEN,2025-12-19 09:00:00,11450.707709973482
SEN,2025-12-19 10:00:00,12037.774627570192
SEN,2025-12-19 11:00:00,12321.564597028899
SEN,2025-12-19 12:00:00,12649.947053869713
SEN,2025-12-19 13:00:00,12612.406185423712
SEN,2025-12-19 14:00:00,12446.685144318295
SEN,2025-12-19 15:00:00,12143.366428375477
SEN,2025-12-19 16:00:00,11858.893159688514
SEN,2025-12-19 17:00:00,11456.690906372096
SEN,2025-12-19 18:00:00,11122.737829347101
SEN,2025-12-19 19:00:00,10450.952044867498
SEN,2025-12-19 20:00:00,9493.112522383704
SEN,2025-12-19 21:00:00,9531.579037852614
SEN,2025-12-19 22:00:00,9097.752048864306
SEN,2025-12-19 23:00:00,9370.920659997242
SEN,2025-12-20 00:00:00,9194.179498839407
SEN,2025-12-20 01:00:00,8929.503476153097
SEN,2025-12-20 02:00:00,8800.3231279984
SEN,2025-12-20 03:00:00,8932.058100564804
SEN,2025-12-20 04:00:00,8906.066188695804
SEN,2025-12-20 05:00:00,8912.637330505697
SEN,2025-12-20 06:00:00,8816.303331386505
SEN,2025-12-20 07:00:00,8894.508500262888
SEN,2025-12-20 08:00:00,9799.976523892
SEN,2025-12-20 09:00:00,10814.95029337491
SEN,2025-12-20 10:00:00,11295.752092432804
SEN,2025-12-20 11:00:00,11743.845505102508
SEN,2025-12-20 12:00:00,11795.884803544704
SEN,2025-12-20 13:00:00,11569.218197856788
SEN,2025-12-20 14:00:00,11479.731658438197
SEN,2025-12-20 15:00:00,11120.494964254804
SEN,2025-12-20 16:00:00,10657.4244641026
SEN,2025-12-20 17:00:00,10111.81666690041
SEN,2025-12-20 18:00:00,10092.335664998483
SEN,2025-12-20 19:00:00,9883.300467363693
SEN,2025-12-20 20:00:00,9075.01601384519
SEN,2025-12-20 21:00:00,8665.405536861197
SEN,2025-12-20 22:00:00,8462.957385749
SEN,2025-12-20 23:00:00,8499.4035835023
SEN,2025-12-21 00:00:00,8316.071806132997
SEN,2025-12-21 01:00:00,8234.916269925
SEN,2025-12-21 02:00:00,8000.7368605719
SEN,2025-12-21 03:00:00,7978.705601961602
SEN,2025-12-21 04:00:00,8197.4850138855
SEN,2025-12-21 05:00:00,8266.027829025203
SEN,2025-12-21 06:00:00,8037.649730610616
SEN,2025-12-21 07:00:00,8053.630047466496
SEN,2025-12-21 08:00:00,8907.230968789698
SEN,2025-12-21 09:00:00,9750.704374220702
SEN,2025-12-21 10:00:00,10355.293490561597
SEN,2025-12-21 11:00:00,10645.819004776606
SEN,2025-12-21 12:00:00,10871.500309085204
SEN,2025-12-21 13:00:00,11060.087368170321
SEN,2025-12-21 14:00:00,10974.956337225402
SEN,2025-12-21 15:00:00,10489.726583944699
SEN,2025-12-21 16:00:00,9982.604116699496
SEN,2025-12-21 17:00:00,9693.26658705921
SEN,2025-12-21 18:00:00,9685.64307018679
SEN,2025-12-21 19:00:00,9677.281350045208
SEN,2025-12-21 20:00:00,9304.87271272439
SEN,2025-12-21 21:00:00,9012.089150769196
SEN,2025-12-21 22:00:00,8695.253738566198
SEN,2025-12-21 23:00:00,8495.119244265798
SEN,2025-12-22 00:00:00,8253.662588717298
SEN,2025-12-22 01:00:00,8052.1538978622
SEN,2025-12-22 02:00:00,8005.147318413405
SEN,2025-12-22 03:00:00,8102.8655362445015
SEN,2025-12-22 04:00:00,8426.513189523303
SEN,2025-12-22 05:00:00,8601.998020071398
SEN,2025-12-22 06:00:00,8827.703960205417
SEN,2025-12-22 07:00:00,9198.200248124609
SEN,2025-12-22 08:00:00,10119.755366810083
SEN,2025-12-22 09:00:00,10998.826621835511
SEN,2025-12-22 10:00:00,11463.298762121796
SEN,2025-12-22 11:00:00,11774.584040821404
SEN,2025-12-22 12:00:00,11918.331661921988
SEN,2025-12-22 13:00:00,11867.318739658294
SEN,2025-12-22 14:00:00,11956.492896817992
SEN,2025-12-22 15:00:00,11824.045219176896
SEN,2025-12-22 16:00:00,11528.467560319006
SEN,2025-12-22 17:00:00,10865.806168053898
SEN,2025-12-22 18:00:00,9019.142906017594
SEN,2025-12-22 19:00:00,9525.437986762106
SEN,2025-12-22 20:00:00,9447.905839384899
SEN,2025-12-22 21:00:00,9586.538390790398
SEN,2025-12-22 22:00:00,9552.825962624704
SEN,2025-12-22 23:00:00,9199.100195768899
SEN,2025-12-23 00:00:00,9224.594616347396
SEN,2025-12-23 01:00:00,9010.884891624903
SEN,2025-12-23 02:00:00,8619.272131367203
SEN,2025-12-23 03:00:00,8609.583734914797
SEN,2025-12-23 04:00:00,8617.2988281198
SEN,2025-12-23 05:00:00,8887.042379720699
SEN,2025-12-23 06:00:00,9066.945020577296
SEN,2025-12-23 07:00:00,9518.683395241294
SEN,2025-12-23 08:00:00,10612.237931402991
SEN,2025-12-23 09:00:00,11533.734777736092
SEN,2025-12-23 10:00:00,11964.528518011515
SEN,2025-12-23 11:00:00,12262.001603163695
SEN,2025-12-23 12:00:00,12480.140719637595
SEN,2025-12-23 13:00:00,12389.251322275499
SEN,2025-12-23 14:00:00,12198.371511798601
SEN,2025-12-23 15:00:00,12182.114942652188
SEN,2025-12-23 16:00:00,11916.156002719988
SEN,2025-12-23 17:00:00,11504.337752387917
SEN,2025-12-23 18:00:00,11130.0786707099
SEN,2025-12-23 19:00:00,10849.61196922518
SEN,2025-12-23 20:00:00,10542.015695538146
SEN,2025-12-23 21:00:00,10361.828642303622
SEN,2025-12-23 22:00:00,9751.84764064283
SEN,2025-12-23 23:00:00,9268.418919219153
SEN,2025-12-24 00:00:00,9061.073856655701
SEN,2025-12-24 01:00:00,8687.724087499695
SEN,2025-12-24 02:00:00,8739.9281622215
SEN,2025-12-24 03:00:00,8543.487893224004
SEN,2025-12-24 04:00:00,8725.752090404098
SEN,2025-12-24 05:00:00,8894.397708035804
SEN,2025-12-24 06:00:00,9076.165646950405
SEN,2025-12-24 07:00:00,9434.385075008511
SEN,2025-12-24 08:00:00,10296.909639792082
SEN,2025-12-24 09:00:00,11050.543451584394
SEN,2025-12-24 10:00:00,11554.245853497207
SEN,2025-12-24 11:00:00,12042.2211789298
SEN,2025-12-24 12:00:00,12097.52284917239
SEN,2025-12-24 13:00:00,12010.033822367099
SEN,2025-12-24 14:00:00,11925.395339833089
SEN,2025-12-24 15:00:00,11606.076856144698
SEN,2025-12-24 16:00:00,11275.75296153682
SEN,2025-12-24 17:00:00,11137.190550680509
SEN,2025-12-24 18:00:00,10930.365707689498
SEN,2025-12-24 19:00:00,10575.59292608159
SEN,2025-12-24 20:00:00,9922.329392034191
SEN,2025-12-24 21:00:00,9369.115474115293
SEN,2025-12-24 22:00:00,8766.818342498205
SEN,2025-12-24 23:00:00,8227.665499712795
SEN,2025-12-25 00:00:00,8324.9370183395
SEN,2025-12-25 01:00:00,8377.559368671704
SEN,2025-12-25 02:00:00,8311.745757109495
SEN,2025-12-25 03:00:00,8198.338397152502
SEN,2025-12-25 04:00:00,8067.622893163194
SEN,2025-12-25 05:00:00,8172.667938894101
SEN,2025-12-25 06:00:00,8099.678858557503
SEN,2025-12-25 07:00:00,7945.120005582904
SEN,2025-12-25 08:00:00,8486.905352045202
SEN,2025-12-25 09:00:00,9324.227732025984
SEN,2025-12-25 10:00:00,9888.6585368167
SEN,2025-12-25 11:00:00,10257.625259245997
SEN,2025-12-25 12:00:00,10508.221462370599
SEN,2025-12-25 13:00:00,10683.155673070587
SEN,2025-12-25 14:00:00,10656.488333434103
SEN,2025-12-25 15:00:00,10258.854716370906
SEN,2025-12-25 16:00:00,9868.766221664808
SEN,2025-12-25 17:00:00,9625.5646989203
SEN,2025-12-25 18:00:00,9579.224450010102
SEN,2025-12-25 19:00:00,9620.232081160408
SEN,2025-12-25 20:00:00,8907.658912127112
SEN,2025-12-25 21:00:00,8696.923574405992
SEN,2025-12-25 22:00:00,8655.599796474498
SEN,2025-12-25 23:00:00,8635.761282830399
SEN,2025-12-26 00:00:00,8345.484323394405
SEN,2025-12-26 01:00:00,8305.379079453303
SEN,2025-12-26 02:00:00,8095.638268365198
SEN,2025-12-26 03:00:00,8114.019505361099
SEN,2025-12-26 04:00:00,8244.031030096201
SEN,2025-12-26 05:00:00,8443.708435520597
SEN,2025-12-26 06:00:00,8611.367687568303
SEN,2025-12-26 07:00:00,8943.052072076305
SEN,2025-12-26 08:00:00,9755.844558706809
SEN,2025-12-26 09:00:00,10635.244766732401
SEN,2025-12-26 10:00:00,11632.636074957101
SEN,2025-12-26 11:00:00,12161.739819129312
SEN,2025-12-26 12:00:00,12356.327906005612
SEN,2025-12-26 13:00:00,12351.575694704485
SEN,2025-12-26 14:00:00,12445.844224387905
SEN,2025-12-26 15:00:00,12318.62164415421
SEN,2025-12-26 16:00:00,12073.21447663509
SEN,2025-12-26 17:00:00,11421.580528665805
SEN,2025-12-26 18:00:00,11082.880997759326
SEN,2025-12-26 19:00:00,10822.555725461183
SEN,2025-12-26 20:00:00,9970.924588152502
SEN,2025-12-26 21:00:00,9739.856840098597
SEN,2025-12-26 22:00:00,9476.514173369405
SEN,2025-12-26 23:00:00,9217.948898961904
SEN,2025-12-27 00:00:00,8895.302221782094
SEN,2025-12-27 01:00:00,8813.913514147205
SEN,2025-12-27 02:00:00,8773.958709786497
SEN,2025-12-27 03:00:00,8637.9886840342
SEN,2025-12-27 04:00:00,8374.796921956702
SEN,2025-12-27 05:00:00,8586.587280413605
SEN,2025-12-27 06:00:00,8727.373168830805
SEN,2025-12-27 07:00:00,8765.0970302291
SEN,2025-12-27 08:00:00,9360.865047591513
SEN,2025-12-27 09:00:00,10042.959524141197
SEN,2025-12-27 10:00:00,10913.061563940293
SEN,2025-12-27 11:00:00,11260.539652365997
SEN,2025-12-27 12:00:00,11704.95375209509
SEN,2025-12-27 13:00:00,12085.839765076593
SEN,2025-12-27 14:00:00,12028.420072881509
SEN,2025-12-27 15:00:00,11625.716412150703
SEN,2025-12-27 16:00:00,11247.033899283992
SEN,2025-12-27 17:00:00,11071.177615684295
SEN,2025-12-27 18:00:00,10865.166591285404
SEN,2025-12-27 19:00:00,10532.077385532597
SEN,2025-12-27 20:00:00,9415.506265404101
SEN,2025-12-27 21:00:00,9118.494260552687
SEN,2025-12-27 22:00:00,8905.345257063704
SEN,2025-12-27 23:00:00,8676.898366211797
SEN,2025-12-28 00:00:00,8698.008608373899
SEN,2025-12-28 01:00:00,8541.634957983302
SEN,2025-12-28 02:00:00,8452.000564636599
SEN,2025-12-28 03:00:00,8329.768100715304
SEN,2025-12-28 04:00:00,8384.292802012595
SEN,2025-12-28 05:00:00,8477.382976850797
SEN,2025-12-28 06:00:00,8353.308578357908
SEN,2025-12-28 07:00:00,8214.776256708597
SEN,2025-12-28 08:00:00,8816.639051006792
SEN,2025-12-28 09:00:00,9934.183769832594
SEN,2025-12-28 10:00:00,10685.0751544942
SEN,2025-12-28 11:00:00,11079.806159496418
SEN,2025-12-28 12:00:00,11268.431252755392
SEN,2025-12-28 13:00:00,11333.228873855302
SEN,2025-12-28 14:00:00,11124.718345498302
SEN,2025-12-28 15:00:00,10844.407203728291
SEN,2025-12-28 16:00:00,10323.981164267292
SEN,2025-12-28 17:00:00,10211.90492461901
SEN,2025-12-28 18:00:00,10216.016761929204
SEN,2025-12-28 19:00:00,10161.999593424684
SEN,2025-12-28 20:00:00,9614.632236843705
SEN,2025-12-28 21:00:00,9180.934203013798
SEN,2025-12-28 22:00:00,8962.5085894279
SEN,2025-12-28 23:00:00,8883.262195709898
SEN,2025-12-29 00:00:00,8450.417851731298
SEN,2025-12-29 01:00:00,8257.646089647398
SEN,2025-12-29 02:00:00,8287.244169956502
SEN,2025-12-29 03:00:00,8470.70558573591
SEN,2025-12-29 04:00:00,8510.167266460701
SEN,2025-12-29 05:00:00,8674.9233840626
SEN,2025-12-29 06:00:00,8714.996012593301
SEN,2025-12-29 07:00:00,9265.790454207288
SEN,2025-12-29 08:00:00,10281.482965906695
SEN,2025-12-29 09:00:00,11483.745770764495
SEN,2025-12-29 10:00:00,12105.422032013497
SEN,2025-12-29 11:00:00,12578.874678742099
SEN,2025-12-29 12:00:00,12992.522188771813
SEN,2025-12-29 13:00:00,13158.200049165487
SEN,2025-12-29 14:00:00,13153.549213916494
SEN,2025-12-29 15:00:00,13039.0799521256
SEN,2025-12-29 16:00:00,12498.952246797513
SEN,2025-12-29 17:00:00,11979.662484452803
SEN,2025-12-29 18:00:00,11562.75174937069
SEN,2025-12-29 19:00:00,11252.930659692887
SEN,2025-12-29 20:00:00,10019.322861198296
SEN,2025-12-29 21:00:00,9849.346142441116
SEN,2025-12-29 22:00:00,9821.465931213399
SEN,2025-12-29 23:00:00,9636.182200334202
SEN,2025-12-30 00:00:00,9359.517310564297
SEN,2025-12-30 01:00:00,9209.212388330605
SEN,2025-12-30 02:00:00,8880.895960502598
SEN,2025-12-30 03:00:00,8747.138084990404
SEN,2025-12-30 04:00:00,8553.296146992196
SEN,2025-12-30 05:00:00,8704.399147973001
SEN,2025-12-30 06:00:00,9140.787730320988
SEN,2025-12-30 07:00:00,9552.916926364005
SEN,2025-12-30 08:00:00,10486.696073748537
SEN,2025-12-30 09:00:00,11691.764880028295
SEN,2025-12-30 10:00:00,12230.566964312411
SEN,2025-12-30 11:00:00,12607.9678231304
SEN,2025-12-30 12:00:00,12850.133546690504
SEN,2025-12-30 13:00:00,12999.521569933799
SEN,2025-12-30 14:00:00,13000.264950495712
SEN,2025-12-30 15:00:00,12811.007901559395
SEN,2025-12-30 16:00:00,12371.0362881009
SEN,2025-12-30 17:00:00,11981.759973186172
SEN,2025-12-30 18:00:00,11647.232970493988
SEN,2025-12-30 19:00:00,11448.400313699394
SEN,2025-12-30 20:00:00,10655.482064547403
SEN,2025-12-30 21:00:00,10142.616258732198
SEN,2025-12-30 22:00:00,9804.9691522181
SEN,2025-12-30 23:00:00,9633.693938221193
SEN,2025-12-31 00:00:00,9362.967742113593
SEN,2025-12-31 01:00:00,9181.990230098403
SEN,2025-12-31 02:00:00,8911.823883371597
SEN,2025-12-31 03:00:00,8806.6528435496
SEN,2025-12-31 04:00:00,9024.628648688002
SEN,2025-12-31 05:00:00,8875.2155785092
SEN,2025-12-31 06:00:00,9004.457634226896
SEN,2025-12-31 07:00:00,9467.725740544602
SEN,2025-12-31 08:00:00,10609.6909629628
SEN,2025-12-31 09:00:00,11554.285750415915
SEN,2025-12-31 10:00:00,12192.67987395138
SEN,2025-12-31 11:00:00,12470.254888772006
SEN,2025-12-31 12:00:00,12615.320070760317
SEN,2025-12-31 13:00:00,12560.117104102797
SEN,2025-12-31 14:00:00,12157.723720537897
SEN,2025-12-31 15:00:00,11917.52968828671
SEN,2025-12-31 16:00:00,11584.560604227601
SEN,2025-12-31 17:00:00,11099.435513478924
SEN,2025-12-31 18:00:00,10640.002339560893
SEN,2025-12-31 19:00:00,10484.313611714513
SEN,2025-12-31 20:00:00,9715.934304295308
SEN,2025-12-31 21:00:00,9248.027594895302
SEN,2025-12-31 22:00:00,8810.616673360397
SEN,2025-12-31 23:00:00,8393.413013229301
