latitud,longitud,area_construida,area_total,dormitorios,banos,estacionamiento,bodega,piscina,quincho,precio_uf,comuna,distancia_a_estacion_cercana,estacion_cercana,metro
-33.2860411,-70.8946749,50.0,120.0,3,1,No,No,No,No,1010.26,LAMPA,21898.81094,No metro,No
-33.280238,-70.885977,103.0,243.0,3,3,No,No,No,No,827.24,LAMPA,21316.06967,No metro,No
-33.280178,-70.885673,46.0,166.0,3,2,No,No,No,No,1144.0,LAMPA,21290.61472,No metro,No
-33.279629,-70.885345,103.0,90.0,5,2,Si,Si,Si,Si,741.235,LAMPA,21282.65947,No metro,No
-33.2809964,-70.8827818,70.0,90.0,3,1,Si,Si,Si,Si,888.615,LAMPA,20992.96901,No metro,No
-33.2870147,-70.8848462,50.0,129.0,3,1,No,No,No,No,789.4,LAMPA,20949.28525,No metro,No
-33.2828477,-70.8826475,76.0,73.0,3,1,Si,Si,Si,Si,888.615,LAMPA,20906.79794,No metro,No
-33.281844,-70.881747,50.0,72.0,3,1,Si,Si,Si,Si,942.47,LAMPA,20864.15511,No metro,No
-33.2845352,-70.8815088,51.0,130.0,3,1,Si,Si,Si,Si,1198.28,LAMPA,20735.78281,No metro,No
-33.2853156,-70.8809131,55.0,195.0,2,1,No,No,No,No,1149.55,LAMPA,20650.52718,No metro,No
-33.285384,-70.880893,55.0,195.0,3,2,No,No,No,No,1001.67,LAMPA,20646.01971,No metro,No
-33.293859,-70.882925,54.0,158.0,3,2,No,No,No,No,1219.66,LAMPA,20522.45294,No metro,No
-33.2887426,-70.8808469,112.0,114.0,5,1,,Si,Si,Si,1023.25,LAMPA,20513.75054,No metro,No
-33.2888013,-70.8807772,114.0,114.0,5,1,Si,Si,Si,Si,1023.25,LAMPA,20505.09064,No metro,No
-33.294134,-70.882359,54.0,152.0,3,1,No,No,No,No,1393.26,LAMPA,20459.81463,No metro,No
-33.2918707,-70.8805032,60.0,73.0,4,1,Si,Si,Si,Si,605.875,LAMPA,20366.7183,No metro,No
-33.2956779,-70.8817765,65.0,175.0,3,1,Si,Si,Si,Si,1475.0,LAMPA,20351.7503,No metro,No
-33.2918616,-70.879717,,82.0,4,1,Si,Si,Si,Si,740.51,LAMPA,20293.76584,No metro,No
-33.2917323,-70.8794871,70.0,85.0,4,1,Si,Si,Si,Si,605.875,LAMPA,20277.04483,No metro,No
-33.2978714,-70.881529,88.0,298.0,2,1,No,No,No,No,2010.25,LAMPA,20254.21197,No metro,No
-33.288346,-70.876965,49.0,146.0,2,1,No,No,No,No,1087.42,LAMPA,20169.42067,No metro,No
-33.2974561,-70.8782344,150.0,230.0,5,4,Si,Si,Si,Si,2261.925,LAMPA,19958.08422,No metro,No
-33.2988325,-70.8781478,89.0,325.0,4,3,,No,No,No,2588.21,LAMPA,19903.41853,No metro,No
-33.2921643,-70.8749214,51.0,103.0,3,1,Si,Si,Si,Si,1048.835,LAMPA,19836.44334,No metro,No
-33.299523,-70.8774719,75.0,181.0,3,2,Si,Si,Si,Si,1830.95,LAMPA,19816.64969,No metro,No
-33.299523,-70.8774719,75.0,181.0,3,2,Si,Si,Si,Si,1884.805,LAMPA,19816.64969,No metro,No
-33.289819,-70.871148,60.0,159.0,3,2,No,No,No,No,1345.31,LAMPA,19575.80704,No metro,No
-33.291606,-70.8712633,82.0,100.0,4,2,Si,Si,Si,Si,1050.0,LAMPA,19518.08821,No metro,No
-33.2975832,-70.8735198,80.0,200.0,4,2,Si,Si,Si,Si,1481.025,LAMPA,19511.10475,No metro,No
-33.297836,-70.87327,107.0,306.0,1,1,No,No,No,No,1631.21,LAMPA,19478.89298,No metro,No
-33.3004718,-70.8724661,100.0,220.0,2,3,Si,Si,Si,Si,2650.0,LAMPA,19313.19347,No metro,No
-33.297472,-70.870215,67.0,195.0,3,2,No,No,No,No,1533.57,LAMPA,19205.57357,No metro,No
-33.182001,-70.667551,79.0,166.0,3,1,No,No,No,No,499.3,COLINA,18494.22791,No metro,No
-33.185053,-70.6636323,49.0,80.0,2,1,Si,Si,Si,Si,1561.81,COLINA,18245.26516,No metro,No
-33.1840997,-70.6732471,43.0,111.0,2,1,No,No,No,No,557.13,COLINA,18222.94539,No metro,No
-33.1844298,-70.6732124,65.0,90.0,3,1,Si,Si,Si,Si,1804.15,COLINA,18190.41743,No metro,No
-33.186076,-70.6627352,64.0,104.0,3,2,Si,Si,Si,Si,1481.02,COLINA,18157.65183,No metro,No
-33.241348,-70.819568,141.0,300.0,4,2,Si,Si,Si,Si,1050.18,LAMPA,17900.73377,No metro,No
-33.6127672,-70.9030806,85.0,214.0,4,2,No,No,No,No,1889.04,PENAFLOR,17862.08865,No metro,No
-33.606694,-70.906166,61.0,167.0,3,2,No,No,No,No,1583.2,PENAFLOR,17777.73746,No metro,No
-33.1896222,-70.6740851,46.0,112.0,2,1,Si,Si,Si,Si,1884.94,COLINA,17665.25004,No metro,No
-33.6132553,-70.8996141,80.0,90.0,3,2,Si,Si,Si,Si,2342.71,PENAFLOR,17608.29868,No metro,No
-33.6054921,-70.9048246,110.0,220.0,4,3,Si,Si,Si,Si,4700.0,PENAFLOR,17599.82089,No metro,No
-33.6054921,-70.9048246,110.0,220.0,4,3,Si,Si,Si,Si,4700.0,PENAFLOR,17599.82089,No metro,No
-33.6054921,-70.9048246,110.0,220.0,4,3,Si,Si,Si,Si,4700.0,PENAFLOR,17599.82089,No metro,No
-33.230163,-70.802495,41.0,119.0,2,1,No,No,No,No,407.39,LAMPA,17559.65063,No metro,No
-33.613059,-70.896783,108.0,264.0,3,2,No,No,No,No,1782.22,PENAFLOR,17368.1317,No metro,No
-33.6119978,-70.8969611,115.0,168.0,4,3,Si,Si,Si,Si,4200.0,PENAFLOR,17319.7508,No metro,No
-33.192623,-70.681124,51.0,143.0,3,1,No,No,No,No,1185.9,COLINA,17313.71142,No metro,No
-33.197292,-70.650845,94.0,345.0,3,2,,Si,Si,Si,5990.0,COLINA,17284.46297,No metro,No
-33.193009,-70.680291,134.0,134.0,2,2,Si,Si,Si,Si,2590.0,COLINA,17279.94429,No metro,No
-33.19758,-70.65059,100.0,280.0,3,2,,Si,Si,Si,6500.0,COLINA,17262.33091,No metro,No
-33.197351,-70.651881,94.0,399.0,3,2,No,No,Si,No,4390.0,COLINA,17255.17288,No metro,No
-33.19764,-70.65097,100.0,350.0,3,2,Si,Si,Si,Si,5600.0,COLINA,17247.72115,No metro,No
-33.611904,-70.895316,66.0,135.0,2,1,No,No,No,No,1500.0,PENAFLOR,17181.51439,No metro,No
-33.199135,-70.648448,94.0,504.45,3,2,No,No,Si,No,4440.0,COLINA,17162.46829,No metro,No
-33.1985736,-70.6508417,107.0,523.0,4,3,Si,Si,Si,Si,7900.0,COLINA,17159.84273,No metro,No
-33.1992805,-70.6492099,108.0,448.53,4,3,No,No,No,No,6000.0,COLINA,17129.79079,No metro,No
-33.1992805,-70.6492099,94.0,465.0,3,2,No,No,No,No,4800.0,COLINA,17129.79079,No metro,No
-33.199149,-70.649777,94.0,465.0,3,2,No,No,No,No,4780.0,COLINA,17128.94356,No metro,No
-33.199006,-70.650377,108.0,108.0,4,3,No,No,No,Si,5530.000008,COLINA,17128.63882,No metro,No
-33.199416,-70.650029,94.0,465.0,3,2,No,No,No,No,4330.000005,COLINA,17097.01546,No metro,No
-33.1998173,-70.6487841,100.0,370.0,3,2,Si,Si,Si,Si,6100.0,COLINA,17088.07966,No metro,No
-33.2389791,-70.8054358,42.0,90.0,2,1,Si,Si,Si,Si,942.47,LAMPA,17085.74635,No metro,No
-33.199743,-70.649748,108.0,554.7,4,3,No,No,No,No,4510.0,COLINA,17071.9559,No metro,No
-33.200384,-70.647319,108.0,435.0,4,3,No,No,No,No,6400.0,COLINA,17069.7073,No metro,No
-33.195124,-70.683332,91.0,91.0,2,1,Si,Si,Si,Si,2208.07,COLINA,17053.142,No metro,No
-33.200122,-70.649174,108.0,651.57,4,3,No,No,No,No,4190.0,COLINA,17049.01987,No metro,No
-33.200409,-70.649396,94.0,504.45,4,3,No,No,No,No,4930.0,COLINA,17015.79105,No metro,No
-33.200409,-70.649396,108.0,534.0,4,4,No,No,No,No,4910.0,COLINA,17015.79105,No metro,No
-33.200335,-70.649704,94.0,461.67,4,3,No,No,Si,No,5290.000011,COLINA,17015.53992,No metro,No
-33.2011233,-70.6471227,167.0,500.0,5,3,Si,Si,Si,Si,8500.0,COLINA,17003.21491,No metro,No
-33.200919,-70.6484123,137.9,511.0,5,4,Si,Si,Si,Si,9300.0,COLINA,16990.47846,No metro,No
-33.200919,-70.6484123,,511.0,5,4,Si,Si,Si,Si,9300.0,COLINA,16990.47846,No metro,No
-33.200919,-70.6484123,137.9,511.0,5,4,Si,Si,Si,Si,9300.0,COLINA,16990.47846,No metro,No
-33.20151013,-70.64641285,112.0,462.0,3,3,,Si,Si,Si,9000.0,COLINA,16984.1557,No metro,No
-33.20056519,-70.65252522,94.0,438.84,3,2,No,No,No,No,4640.0,COLINA,16927.49817,No metro,No
-33.20056519,-70.65252522,94.0,510.1,3,2,No,No,No,No,4290.0,COLINA,16927.49817,No metro,No
-33.6162059,-70.8886516,76.0,183.0,3,3,Si,Si,Si,Si,3800.0,PENAFLOR,16916.46035,No metro,No
-33.2015807,-70.6492334,108.0,435.0,4,3,No,No,No,No,4025.75,COLINA,16906.1062,No metro,No
-33.201278,-70.650944,94.0,504.75,3,2,No,No,No,No,4900.0,COLINA,16894.47726,No metro,No
-33.201354,-70.650888,108.0,558.0,4,3,No,No,Si,No,5539.999989,COLINA,16888.4061,No metro,No
-33.20132,-70.651973,108.0,558.5,4,3,No,No,No,No,5240.000011,COLINA,16866.52526,No metro,No
-33.20168446,-70.65254806,190.0,450.0,4,4,Si,Si,Si,Si,7420.0,COLINA,16817.9422,No metro,No
-33.1999352,-70.6740229,51.0,305.0,3,1,Si,Si,Si,Si,3497.91,COLINA,16639.3714,No metro,No
-33.6110225,-70.8876913,63.0,97.0,3,2,Si,Si,Si,Si,2700.0,PENAFLOR,16519.80169,No metro,No
-33.6110225,-70.8876913,63.0,97.0,3,2,,Si,Si,Si,2700.0,PENAFLOR,16519.80169,No metro,No
-33.6124202,-70.8864437,,122.0,3,3,Si,Si,Si,Si,3700.0,PENAFLOR,16507.64606,No metro,No
-33.2025612,-70.6812598,80.0,250.0,3,2,Si,Si,Si,Si,3100.0,COLINA,16320.69162,No metro,No
-33.2025612,-70.6812598,80.0,250.0,3,2,Si,Si,Si,Si,3100.0,COLINA,16320.69162,No metro,No
-33.616198,-70.880317,52.0,70.0,2,1,Si,Si,Si,Si,1698.0,PENAFLOR,16275.70997,No metro,No
-33.6089415,-70.8857968,73.0,181.0,3,2,No,No,No,No,2475.47,PENAFLOR,16242.71192,No metro,No
-33.2034399,-70.6843908,112.0,223.0,3,2,Si,Si,Si,Si,4300.0,COLINA,16217.94281,No metro,No
-33.203618,-70.686447,66.0,183.0,2,1,No,No,No,No,1916.12,COLINA,16193.55453,No metro,No
-33.2045451,-70.6759654,80.0,160.0,4,2,Si,Si,Si,Si,2692.77,COLINA,16161.98423,No metro,No
-33.2045451,-70.6759654,111.0,272.0,4,4,Si,Si,Si,Si,7800.0,COLINA,16161.98423,No metro,No
-33.2045451,-70.6759654,100.0,202.0,3,2,Si,Si,Si,Si,7100.0,COLINA,16161.98423,No metro,No
-33.2045451,-70.6759654,150.0,518.0,4,4,Si,Si,Si,Si,12700.0,COLINA,16161.98423,No metro,No
-33.616787,-70.877488,46.0,128.0,3,1,No,No,No,No,1344.99999,PENAFLOR,16101.42935,No metro,No
-33.2095579,-70.7278602,140.0,400.0,3,3,Si,Si,Si,Si,10300.0,COLINA,16032.91659,No metro,No
-33.2095579,-70.7278602,,400.0,3,3,Si,Si,Si,Si,10270.0,COLINA,16032.91659,No metro,No
-33.205659,-70.6821313,98.0,105.0,4,1,Si,Si,Si,Si,2019.58,COLINA,16006.57696,No metro,No
-33.205659,-70.6821313,98.0,105.0,4,1,Si,Si,Si,Si,2019.58,COLINA,16006.57696,No metro,No
-33.205659,-70.6821313,98.0,105.0,4,1,Si,Si,Si,Si,2021.92,COLINA,16006.57696,No metro,No
-33.2060006,-70.6813711,120.0,150.0,4,1,,Si,Si,Si,1696.44,COLINA,15976.68124,No metro,No
-33.206358,-70.682166,61.0,161.0,3,1,No,No,No,No,535.86,COLINA,15936.59129,No metro,No
-33.60605,-70.88339,97.0,97.0,3,2,,Si,Si,Si,1534.88,PENAFLOR,15875.90728,No metro,No
-33.207343,-70.679014,47.0,209.0,2,1,No,No,No,No,1001.67,COLINA,15858.16101,No metro,No
-33.6166569,-70.8742181,75.0,115.0,3,2,Si,Si,Si,Si,2207.0,PENAFLOR,15849.45864,No metro,No
-33.6166569,-70.8742181,75.0,115.0,3,2,Si,Si,Si,Si,2207.0,PENAFLOR,15849.45864,No metro,No
-33.6169997,-70.8738642,60.0,96.0,4,2,Si,Si,Si,Si,2019.58,PENAFLOR,15846.43322,No metro,No
-33.21000364,-70.66126986,167.0,330.0,4,3,Si,Si,Si,Si,9990.0,COLINA,15824.03912,No metro,No
-33.2094145,-70.6787218,85.0,462.0,3,1,Si,Si,Si,Si,2800.0,COLINA,15653.76517,No metro,No
-33.6069091,-70.8780298,52.0,94.0,2,1,Si,Si,Si,Si,2288.85,PENAFLOR,15506.12629,No metro,No
-33.6069091,-70.8780298,52.0,94.0,2,1,Si,Si,Si,Si,2423.49,PENAFLOR,15506.12629,No metro,No
-33.6060255,-70.8781837,116.0,91.0,3,2,Si,Si,Si,Si,2390.0,PENAFLOR,15463.1052,No metro,No
-33.6060255,-70.8781837,45.0,75.0,2,1,Si,Si,Si,Si,1750.0,PENAFLOR,15463.1052,No metro,No
-33.619803,-70.8658302,110.0,266.0,3,2,Si,Si,Si,Si,4500.0,PENAFLOR,15461.41556,No metro,No
-33.211866,-70.677173,102.0,102.0,4,2,Si,Si,Si,Si,1615.66,COLINA,15422.05752,No metro,No
-33.211335,-70.6921758,72.0,246.0,3,1,No,No,No,No,1582.08,COLINA,15417.29413,No metro,No
-33.215483,-70.6653102,91.0,249.0,3,3,Si,Si,Si,Si,5490.0,COLINA,15213.55671,No metro,No
-33.215483,-70.6653102,91.0,249.0,3,3,Si,Si,Si,Si,5490.0,COLINA,15213.55671,No metro,No
-33.21577508,-70.66587567,93.0,199.0,3,3,Si,Si,Si,Si,5490.0,COLINA,15175.4368,No metro,No
-33.2145117,-70.683566,76.0,197.0,3,2,Si,Si,Si,Si,3904.51,COLINA,15115.25678,No metro,No
-33.2145117,-70.683566,76.0,197.0,3,2,Si,Si,Si,Si,3800.0,COLINA,15115.25678,No metro,No
-33.2148129,-70.6807083,99.0,167.0,3,2,Si,Si,Si,Si,3990.0,COLINA,15101.21372,No metro,No
-33.5999949,-70.8780837,102.0,200.0,3,3,Si,Si,Si,Si,4900.0,PENAFLOR,15087.90612,No metro,No
-33.214875,-70.682749,62.0,140.0,3,2,Si,Si,Si,Si,3400.0,COLINA,15083.00423,No metro,No
-33.2149144,-70.6822796,75.0,170.0,3,3,Si,Si,Si,Si,2695.0,COLINA,15081.58982,No metro,No
-33.215192,-70.680781,67.0,200.0,3,2,No,No,No,No,2127.37,COLINA,15062.90934,No metro,No
-33.2152271,-70.6828922,86.0,187.0,3,2,Si,Si,Si,Si,4270.0,COLINA,15047.10083,No metro,No
-33.597753,-70.878889,105.0,257.0,3,3,No,No,No,No,2850.0,PENAFLOR,15020.51386,No metro,No
-33.597753,-70.878889,105.0,257.0,3,3,No,No,No,No,2850.0,PENAFLOR,15020.51386,No metro,No
-33.2158447,-70.6788496,79.0,207.0,3,3,Si,Si,Si,Si,4100.0,COLINA,15011.67524,No metro,No
-33.597146,-70.879039,95.0,192.0,3,3,No,No,No,No,1900.0,PENAFLOR,14997.32876,No metro,No
-33.615575,-70.863418,90.0,230.0,4,2,No,No,No,No,2196.67,PENAFLOR,14991.83847,No metro,No
-33.615575,-70.863418,60.0,200.0,1,1,No,No,No,No,1973.27,PENAFLOR,14991.83847,No metro,No
-33.596522,-70.878686,95.0,190.0,3,3,No,No,No,No,2080.000006,PENAFLOR,14932.36666,No metro,No
-33.596522,-70.878686,95.0,191.0,3,3,No,No,No,No,1900.0,PENAFLOR,14932.36666,No metro,No
-33.596442,-70.878621,101.0,253.0,3,3,No,No,No,No,3000.0,PENAFLOR,14922.43341,No metro,No
-33.596722,-70.878139,62.0,164.0,3,1,No,No,No,No,1142.53,PENAFLOR,14899.45813,No metro,No
-33.6114633,-70.8655802,84.0,134.0,4,3,Si,Si,Si,Si,4873.91,PENAFLOR,14862.358,No metro,No
-33.6114633,-70.8655802,84.0,134.0,4,3,Si,Si,Si,Si,4873.91,PENAFLOR,14862.358,No metro,No
-33.612172,-70.863841,73.0,181.0,3,2,No,No,No,No,2542.94,PENAFLOR,14784.66801,No metro,No
-33.612172,-70.863841,,180.0,3,2,No,No,No,No,2428.7,PENAFLOR,14784.66801,No metro,No
-33.60334289,-70.87072524,89.0,180.0,3,3,Si,Si,Si,Si,3900.0,PENAFLOR,14714.12759,No metro,No
-33.218695,-70.6831575,85.0,205.0,3,2,Si,Si,Si,Si,4630.0,COLINA,14699.40907,No metro,No
-33.218695,-70.6831575,85.0,205.0,3,2,Si,Si,Si,Si,4630.0,COLINA,14699.40907,No metro,No
-33.6090683,-70.8649671,69.0,169.0,3,2,No,No,No,No,1163.16,PENAFLOR,14654.63596,No metro,No
-33.2190379,-70.6862378,130.0,232.0,4,3,Si,Si,Si,Si,5850.0,COLINA,14652.7375,No metro,No
-33.2190379,-70.6862378,130.0,232.0,4,3,Si,Si,Si,Si,5850.0,COLINA,14652.7375,No metro,No
-33.6078372,-70.8659753,82.0,90.0,2,2,Si,Si,Si,Si,2154.21,PENAFLOR,14646.53739,No metro,No
-33.6102323,-70.8627882,91.0,132.0,3,3,Si,Si,Si,Si,3096.68,PENAFLOR,14574.6702,No metro,No
-33.6102323,-70.8627882,91.0,132.0,3,3,Si,Si,Si,Si,3096.68,PENAFLOR,14574.6702,No metro,No
-33.6102323,-70.8627882,,132.0,3,3,Si,Si,Si,Si,3096.68,PENAFLOR,14574.6702,No metro,No
-33.60162538,-70.86754596,85.0,269.0,3,2,No,No,No,No,2959.9,PENAFLOR,14359.58389,No metro,No
-33.6011862,-70.8679039,78.0,260.0,3,2,Si,Si,Si,Si,3850.0,PENAFLOR,14359.22316,No metro,No
-33.6011862,-70.8679039,78.0,260.0,3,2,Si,Si,Si,Si,3850.0,PENAFLOR,14359.22316,No metro,No
-33.60010999,-70.86748395,110.0,220.0,4,3,Si,Si,Si,Si,5300.0,PENAFLOR,14258.54219,No metro,No
-33.6048874,-70.8631562,90.0,95.0,3,2,,Si,Si,Si,2500.0,PENAFLOR,14239.73332,No metro,No
-33.6046673,-70.8629618,79.0,89.0,3,2,Si,Si,Si,Si,1588.73,PENAFLOR,14210.5715,No metro,No
-33.6046673,-70.8629618,79.0,89.0,3,2,Si,Si,Si,Si,1588.73,PENAFLOR,14210.5715,No metro,No
-33.6046673,-70.8629618,79.0,89.0,3,2,Si,Si,Si,Si,1590.58,PENAFLOR,14210.5715,No metro,No
-33.2268677,-70.6716811,125.0,476.0,4,3,Si,Si,Si,Si,10000.0,COLINA,13991.87468,No metro,No
-33.6010749,-70.862616,90.0,140.0,3,3,Si,Si,Si,Si,4250.0,PENAFLOR,13947.57032,No metro,No
-33.599476,-70.861445,63.0,212.0,3,2,No,No,No,No,2366.95,PENAFLOR,13754.54097,No metro,No
-33.601685,-70.857104,64.0,261.0,3,2,No,No,No,No,1978.04,PENAFLOR,13576.09482,No metro,No
-33.59996235,-70.85611869,88.0,160.0,3,3,Si,Si,Si,Si,4450.0,PENAFLOR,13387.21509,No metro,No
-33.60004724,-70.85589593,60.0,153.0,3,2,Si,Si,Si,Si,3204.39,PENAFLOR,13376.44409,No metro,No
-33.5991281,-70.856566,91.0,171.0,3,3,Si,Si,Si,Si,4300.0,PENAFLOR,13364.57676,No metro,No
-33.5999477,-70.8543046,93.0,140.0,3,3,Si,Si,Si,Si,4580.0,PENAFLOR,13252.46246,No metro,No
-33.5999477,-70.8543046,93.0,140.0,3,3,Si,Si,Si,Si,4580.0,PENAFLOR,13252.46246,No metro,No
-33.5999477,-70.8543046,93.0,140.0,3,3,Si,Si,Si,Si,4580.0,PENAFLOR,13252.46246,No metro,No
-33.59619,-70.8519549,80.0,140.0,3,3,Si,Si,Si,Si,4120.0,PENAFLOR,12825.36333,No metro,No
-33.59619,-70.8519549,80.0,140.0,3,3,Si,Si,Si,Si,4120.0,PENAFLOR,12825.36333,No metro,No
-33.59619,-70.8519549,,140.0,3,3,Si,Si,Si,Si,4150.0,PENAFLOR,12825.36333,No metro,No
-33.255736,-70.637457,140.0,576.0,3,3,Si,Si,Si,Si,11500.0,COLINA,12195.68916,No metro,No
-33.255736,-70.637457,150.0,410.0,4,4,Si,Si,Si,Si,10990.0,COLINA,12195.68916,No metro,No
-33.255736,-70.637457,155.0,400.0,4,4,Si,Si,Si,Si,10900.0,COLINA,12195.68916,No metro,No
-33.2588123,-70.6426845,159.0,457.0,3,4,Si,Si,Si,Si,13600.0,COLINA,11695.81751,No metro,No
-33.2588123,-70.6426845,160.0,480.0,3,3,Si,Si,Si,Si,12990.0,COLINA,11695.81751,No metro,No
-33.2588123,-70.6426845,154.0,594.0,3,3,Si,Si,Si,Si,11500.0,COLINA,11695.81751,No metro,No
-33.2588123,-70.6426845,154.0,594.0,3,3,Si,Si,Si,Si,11900.0,COLINA,11695.81751,No metro,No
-33.643883,-70.701595,72.0,213.0,3,3,No,No,No,No,2328.26,SAN BERNARDO,11281.40338,No metro,No
-33.6449496,-70.6952524,77.0,151.0,3,2,Si,Si,Si,Si,2459.8413,SAN BERNARDO,11190.93599,No metro,No
-33.643501,-70.699084,91.0,266.0,3,3,No,No,No,No,1713.4,SAN BERNARDO,11164.80143,No metro,No
-33.643908,-70.6977,95.0,273.0,3,3,No,No,No,No,3101.28,SAN BERNARDO,11161.42048,No metro,No
-33.6408588,-70.7058764,,222.0,3,2,No,No,No,No,1628.39,SAN BERNARDO,11148.46025,No metro,No
-33.6436392,-70.697735,140.0,178.0,4,2,Si,Si,Si,Si,2541.2751,SAN BERNARDO,11136.81502,No metro,No
-33.642988,-70.69943,110.0,335.0,3,3,No,No,No,No,1708.48,SAN BERNARDO,11126.89678,No metro,No
-33.642492,-70.699696,91.0,190.0,4,2,No,No,No,No,2023.01,SAN BERNARDO,11088.26966,No metro,No
-33.64385,-70.69503,94.0,180.0,4,3,Si,Si,Si,Si,2765.7,SAN BERNARDO,11079.10983,No metro,No
-33.6378,-70.708819,,236.0,4,3,No,No,No,No,1180.000011,SAN BERNARDO,10980.8434,No metro,No
-33.643294,-70.688881,82.0,150.0,3,2,Si,Si,Si,Si,2261.7,SAN BERNARDO,10870.90857,No metro,No
-33.6431284,-70.6890056,90.0,170.0,3,2,Si,Si,Si,Si,2551.5,SAN BERNARDO,10857.59195,No metro,No
-33.642531,-70.689458,81.0,346.0,3,3,No,No,No,No,1743.84,SAN BERNARDO,10809.81366,No metro,No
-33.640877,-70.693977,76.0,225.0,3,2,No,No,No,No,2666.9,SAN BERNARDO,10764.30184,No metro,No
-33.640877,-70.693977,76.0,225.0,3,2,No,No,No,No,2821.62,SAN BERNARDO,10764.30184,No metro,No
-33.2902523,-70.7675401,54.0,105.0,3,1,Si,Si,Si,Si,1548.34,LAMPA,10761.18153,No metro,No
-33.640936,-70.693298,,211.0,3,3,No,No,No,No,1863.04,SAN BERNARDO,10751.52415,No metro,No
-33.6418258,-70.68987833,85.0,146.0,5,2,Si,Si,Si,Si,2387.7,SAN BERNARDO,10751.11208,No metro,No
-33.2654212,-70.6528967,140.0,590.0,3,3,Si,Si,Si,Si,11214.0,COLINA,10694.92152,No metro,No
-33.2654212,-70.6528967,140.0,480.0,3,3,Si,Si,Si,Si,11010.0,COLINA,10694.92152,No metro,No
-33.454188,-70.8539574,85.0,192.0,3,3,Si,Si,Si,Si,7135.84,PUDAHUEL,10589.44431,No metro,No
-33.4627308,-70.8570669,95.0,150.0,3,3,Si,Si,Si,Si,4800.0,PUDAHUEL,10567.7083,No metro,No
-33.4582065,-70.8518804,110.0,190.0,3,3,Si,Si,Si,Si,5980.0,PUDAHUEL,10241.01429,No metro,No
-33.4562513,-70.850481,165.0,320.0,5,3,Si,Si,Si,Si,7950.0,PUDAHUEL,10188.19173,No metro,No
-33.6276321,-70.7097853,48.0,107.0,3,1,No,No,No,No,676.63,SAN BERNARDO,10102.42562,No metro,No
-33.63706049,-70.67728052,,200.0,3,2,Si,Si,Si,Si,3213.0,SAN BERNARDO,10051.16108,No metro,No
-33.637363,-70.674042,76.0,246.0,3,2,No,No,No,No,1607.42,SAN BERNARDO,10044.91227,No metro,No
-33.637363,-70.674042,112.0,274.0,3,2,No,No,No,No,2102.01,SAN BERNARDO,10044.91227,No metro,No
-33.636948,-70.673724,,262.0,1,1,No,No,No,No,2202.99,SAN BERNARDO,10000.5889,No metro,No
-33.629085,-70.7038167,59.0,62.0,3,1,,Si,Si,Si,998.55,SAN BERNARDO,9982.027147,No metro,No
-33.6365893,-70.6749917,103.0,303.0,3,3,No,No,No,No,2595.96,SAN BERNARDO,9977.539634,No metro,No
-33.636422,-70.674584,,301.0,4,2,No,No,No,No,1850.12,SAN BERNARDO,9956.650494,No metro,No
-33.45815098,-70.84876309,165.0,320.0,5,3,Si,Si,Si,Si,7950.0,PUDAHUEL,9955.34644,No metro,No
-33.4500159,-70.8446374,137.0,280.0,3,3,Si,Si,Si,Si,5990.0,PUDAHUEL,9934.462308,No metro,No
-33.6273745,-70.7051145,70.0,116.0,3,3,Si,Si,Si,Si,2268.0,SAN BERNARDO,9877.896952,No metro,No
-33.626452,-70.7069152,58.0,74.0,4,1,Si,Si,Si,Si,1357.1523,SAN BERNARDO,9870.144278,No metro,No
-33.626452,-70.7069152,58.0,74.0,4,1,Si,Si,Si,Si,1357.1523,SAN BERNARDO,9870.144278,No metro,No
-33.626452,-70.7069152,58.0,74.0,4,1,Si,Si,Si,Si,1357.1523,SAN BERNARDO,9870.144278,No metro,No
-33.62454,-70.71038,65.0,120.0,3,2,Si,Si,Si,Si,1921.5,SAN BERNARDO,9854.770689,No metro,No
-33.45171,-70.843792,140.0,315.0,3,3,,Si,Si,Si,7500.0,PUDAHUEL,9780.496012,No metro,No
-33.633988,-70.67465,90.0,265.0,3,3,No,No,No,No,2706.34,SAN BERNARDO,9715.254041,No metro,No
-33.6225486,-70.7108014,98.0,98.0,4,3,Si,Si,Si,Si,3143.7,SAN BERNARDO,9699.174936,No metro,No
-33.6237346,-70.7079437,,100.0,1,2,Si,Si,Si,Si,2120.5548,SAN BERNARDO,9671.492876,No metro,No
-33.4480713,-70.840528,140.0,210.0,4,3,Si,Si,Si,Si,5300.0,PUDAHUEL,9671.162272,No metro,No
-33.3871871,-70.8178947,42.0,100.0,5,2,Si,Si,Si,Si,2412.0,PUDAHUEL,9612.635088,No metro,No
-33.386923,-70.817554,42.0,100.0,3,1,Si,Si,Si,Si,2181.14,PUDAHUEL,9601.357905,No metro,No
-33.6457944,-70.6639564,52.0,70.0,3,2,Si,Si,Si,Si,1108.8,SAN BERNARDO,9521.474128,No metro,No
-33.449117,-70.839345,142.0,215.0,3,3,Si,Si,Si,Si,6400.0,PUDAHUEL,9516.27247,No metro,No
-33.4509181,-70.8392897,140.0,284.0,3,3,Si,Si,Si,Si,6900.0,PUDAHUEL,9422.154702,No metro,No
-33.4509181,-70.8392897,140.0,284.0,3,3,Si,Si,Si,Si,6900.0,PUDAHUEL,9422.154702,No metro,No
-33.4506491,-70.8386236,140.0,276.0,4,3,Si,Si,Si,Si,6750.0,PUDAHUEL,9377.361468,No metro,No
-33.629937,-70.67677,109.0,150.0,4,3,Si,Si,Si,Si,2544.6645,SAN BERNARDO,9338.233029,No metro,No
-33.627059,-70.684545,83.0,245.0,3,3,No,No,No,No,2100.0,SAN BERNARDO,9191.639497,No metro,No
-33.6157432,-70.7092866,78.0,198.0,3,3,No,No,No,No,1594.55,SAN BERNARDO,9031.1576,No metro,No
-33.6167572,-70.7060192,147.0,90.0,4,3,Si,Si,Si,Si,2035.7316,SAN BERNARDO,8962.959849,No metro,No
-33.6167572,-70.7060192,147.0,90.0,4,3,Si,Si,Si,Si,2035.7316,SAN BERNARDO,8962.959849,No metro,No
-33.6167572,-70.7060192,147.0,90.0,4,3,Si,Si,Si,Si,2035.7316,SAN BERNARDO,8962.959849,No metro,No
-33.6154869,-70.7077585,70.0,79.0,3,2,Si,Si,Si,Si,2188.4121,SAN BERNARDO,8933.76737,No metro,No
-33.622248,-70.690907,58.0,142.0,3,3,No,No,No,No,1486.601999,SAN BERNARDO,8891.398653,No metro,No
-33.32681703,-70.77061124,51.0,127.0,2,1,Si,Si,Si,Si,1009.79,LAMPA,8886.174975,No metro,No
-33.623372,-70.686575,78.0,285.0,5,2,No,No,No,No,2285.44,SAN BERNARDO,8880.783592,No metro,No
-33.3361708,-70.7740646,51.0,142.31,3,1,Si,Si,Si,Si,1250.0,LAMPA,8845.736445,No metro,No
-33.6220676,-70.6897367,58.0,83.0,3,2,Si,Si,Si,Si,1594.656,SAN BERNARDO,8839.92576,No metro,No
-33.622232,-70.688962,61.0,145.0,2,2,No,No,No,No,1548.46,SAN BERNARDO,8833.821676,No metro,No
-33.6216797,-70.6888415,55.0,171.0,2,1,,No,No,No,1759.5,SAN BERNARDO,8777.42001,No metro,No
-33.323796,-70.76751,59.0,254.0,3,2,,Si,Si,Si,1700.0,LAMPA,8747.959658,No metro,No
-33.6217614,-70.6853776,98.0,200.0,3,2,Si,Si,Si,Si,2799.1341,SAN BERNARDO,8695.253747,No metro,No
-33.3252878,-70.7674474,50.0,125.0,3,1,Si,Si,Si,Si,1550.0,LAMPA,8672.285393,No metro,No
-33.6210286,-70.6871551,92.0,102.0,3,2,Si,Si,Si,Si,2097.9,SAN BERNARDO,8669.114139,No metro,No
-33.323806,-70.7665,60.0,211.0,3,2,No,No,No,No,1632.19,LAMPA,8658.82784,No metro,No
-33.6163091,-70.699451,143.0,103.0,4,2,Si,Si,Si,Si,1924.65,SAN BERNARDO,8636.493191,No metro,No
-33.3269689,-70.7673722,51.0,120.0,2,1,Si,Si,Si,Si,1183.5,LAMPA,8588.904175,No metro,No
-33.3265044,-70.7669888,50.0,174.0,3,1,No,No,No,No,1451.07,LAMPA,8575.677905,No metro,No
-33.3255436,-70.7652767,73.0,75.0,1,2,Si,Si,Si,Si,1210.0,LAMPA,8468.459516,No metro,No
-33.301225,-70.745365,110.0,200.0,4,3,Si,Si,Si,Si,2550.0,LAMPA,8443.504095,No metro,No
-33.328275,-70.766062,118.0,325.0,4,3,No,No,No,Si,3000.0,LAMPA,8413.414305,No metro,No
-33.6190458,-70.684444,63.0,231.0,3,2,No,No,No,No,1713.32,SAN BERNARDO,8409.228125,No metro,No
-33.6174347,-70.6888316,62.0,103.0,3,2,Si,Si,Si,Si,1645.5537,SAN BERNARDO,8370.259788,No metro,No
-33.6168918,-70.689899,100.0,143.0,3,3,Si,Si,Si,Si,1509.8328,SAN BERNARDO,8350.327176,No metro,No
-33.3220677,-70.761881,86.0,166.0,3,2,Si,Si,Si,Si,2350.0,LAMPA,8346.123401,No metro,No
-33.3220677,-70.761881,97.0,170.0,3,3,Si,Si,Si,Si,2250.0,LAMPA,8346.123401,No metro,No
-33.3220677,-70.761881,74.0,138.0,3,2,Si,Si,Si,Si,1850.0,LAMPA,8346.123401,No metro,No
-33.3220677,-70.761881,120.0,180.0,3,3,Si,Si,Si,Si,3000.0,LAMPA,8346.123401,No metro,No
-33.3220677,-70.761881,86.42,148.0,3,3,Si,Si,Si,Si,2080.0,LAMPA,8346.123401,No metro,No
-33.325767,-70.763968,55.0,140.0,3,2,No,No,No,No,1235.2,LAMPA,8342.637915,No metro,No
-33.619329,-70.67873,75.0,197.0,4,3,No,No,No,No,2024.11,SAN BERNARDO,8319.495952,No metro,No
-33.3012464,-70.7428401,,250.0,4,3,Si,Si,Si,Si,3500.0,LAMPA,8280.340573,No metro,No
-33.618716,-70.677949,57.0,190.0,3,1,No,No,No,No,2289.98,SAN BERNARDO,8245.924416,No metro,No
-33.6168754,-70.6845833,92.0,292.0,3,2,,No,No,No,1668.95,SAN BERNARDO,8202.026161,No metro,No
-33.60776,-70.70626,90.0,101.0,5,3,,Si,Si,Si,1827.0,SAN BERNARDO,8189.100496,No metro,No
-33.3022817,-70.7420605,160.0,340.0,4,3,Si,Si,Si,Si,4300.0,LAMPA,8150.830942,No metro,No
-33.3056826,-70.7458507,113.0,200.0,3,3,Si,Si,Si,Si,3000.0,LAMPA,8142.202281,No metro,No
-33.61634804,-70.68328232,113.0,230.0,5,2,Si,Si,Si,Si,2583.0,SAN BERNARDO,8119.681144,No metro,No
-33.3309457,-70.7639418,75.0,163.0,1,3,Si,Si,Si,Si,2275.0,LAMPA,8106.420836,No metro,No
-33.3030603,-70.741887,131.0,252.0,4,3,Si,Si,Si,Si,3600.0,LAMPA,8079.569489,No metro,No
-33.3030603,-70.741887,131.0,252.0,4,3,Si,Si,Si,Si,3600.0,LAMPA,8079.569489,No metro,No
-33.3032762,-70.7419077,101.0,190.0,3,3,Si,Si,Si,Si,2750.0,LAMPA,8064.212744,No metro,No
-33.3032762,-70.7419077,101.0,190.0,3,3,Si,Si,Si,Si,2750.0,LAMPA,8064.212744,No metro,No
-33.3036677,-70.7419674,93.0,200.0,3,3,Si,Si,Si,Si,2495.0,LAMPA,8037.856147,No metro,No
-33.3036677,-70.7419674,93.0,200.0,3,3,Si,Si,Si,Si,2495.0,LAMPA,8037.856147,No metro,No
-33.3088853,-70.7476631,130.0,232.0,4,3,Si,Si,Si,Si,3445.0,LAMPA,8037.516016,No metro,No
-33.3086701,-70.747352,123.0,300.0,4,3,Si,Si,Si,Si,3100.0,LAMPA,8030.677814,No metro,No
-33.3086701,-70.747352,123.0,300.0,4,3,Si,Si,Si,Si,3100.0,LAMPA,8030.677814,No metro,No
-33.6134158,-70.6893026,75.0,124.0,3,3,Si,Si,Si,Si,2714.3109,SAN BERNARDO,8001.272361,No metro,No
-33.304503,-70.7423782,126.0,240.0,4,3,Si,Si,Si,Si,3400.0,LAMPA,8000.298122,No metro,No
-33.304503,-70.7423782,,240.0,4,3,Si,Si,Si,Si,3400.0,LAMPA,8000.298122,No metro,No
-33.6131696,-70.6899182,75.0,124.0,3,3,,Si,Si,Si,2714.3109,SAN BERNARDO,7997.310973,No metro,No
-33.3087201,-70.7468782,136.0,296.0,4,4,Si,Si,Si,Si,4300.0,LAMPA,7993.719309,No metro,No
-33.3087201,-70.7468782,136.0,296.0,4,4,Si,Si,Si,Si,4300.0,LAMPA,7993.719309,No metro,No
-33.3021938,-70.7390329,112.0,219.0,3,3,Si,Si,Si,Si,3050.0,LAMPA,7970.166471,No metro,No
-33.609882,-70.695693,84.0,209.0,4,2,No,No,No,No,2022.27,SAN BERNARDO,7897.005529,No metro,No
-33.3082956,-70.7447999,100.0,200.0,3,3,Si,Si,Si,Si,2850.0,LAMPA,7879.581374,No metro,No
-33.3082956,-70.7447999,100.0,200.0,3,3,Si,Si,Si,Si,2850.0,LAMPA,7879.581374,No metro,No
-33.612852,-70.686336,85.0,221.0,3,3,No,No,No,Si,2322.45,SAN BERNARDO,7859.799232,No metro,No
-33.612787,-70.685524,76.0,194.0,3,3,No,No,No,No,1970.422023,SAN BERNARDO,7831.262612,No metro,No
-33.3096436,-70.7453277,104.0,200.0,3,3,Si,Si,Si,Si,2700.0,LAMPA,7819.114195,No metro,No
-33.3096436,-70.7453277,,200.0,3,3,Si,Si,Si,Si,2700.0,LAMPA,7819.114195,No metro,No
-33.613434,-70.682483,73.0,215.0,3,3,No,No,No,No,2256.06,SAN BERNARDO,7817.68414,No metro,No
-33.325149,-70.757334,95.0,257.0,3,3,No,No,No,No,2039.11,LAMPA,7797.539311,No metro,No
-33.6134431,-70.681039,66.0,116.0,3,3,Si,Si,Si,Si,2079.0,SAN BERNARDO,7786.434102,No metro,No
-33.327767,-70.758383,119.0,304.0,3,3,No,No,No,No,2405.44,LAMPA,7756.818467,No metro,No
-33.3277735,-70.7583588,107.0,190.0,3,3,Si,Si,Si,Si,2850.0,LAMPA,7754.387924,No metro,No
-33.3278401,-70.7582644,73.0,138.0,3,2,Si,Si,Si,Si,1850.0,LAMPA,7742.900361,No metro,No
-33.3278401,-70.7582644,89.0,170.0,3,3,Si,Si,Si,Si,2019.575,LAMPA,7742.900361,No metro,No
-33.597323,-70.500058,81.0,203.0,3,3,No,No,No,No,1237.69,PUENTE ALTO,7682.509984,No metro,No
-33.61050474,-70.68791807,56.0,90.0,2,1,Si,Si,Si,Si,1866.0915,SAN BERNARDO,7681.640995,No metro,No
-33.6097631,-70.68972507,141.0,141.0,3,3,Si,Si,Si,Si,2162.9664,SAN BERNARDO,7668.842046,No metro,No
-33.611838,-70.681542,51.0,142.0,3,2,No,No,No,No,1521.23,SAN BERNARDO,7640.839368,No metro,No
-33.6094303,-70.6895735,67.0,167.0,3,3,Si,Si,Si,Si,2160.9,SAN BERNARDO,7632.424312,No metro,No
-33.6118581,-70.6804991,51.0,83.0,4,2,Si,Si,Si,Si,1696.4451,SAN BERNARDO,7620.080656,No metro,No
-33.325328,-70.754816,106.0,319.0,3,2,No,No,No,No,3207.92,LAMPA,7573.685767,No metro,No
-33.609281,-70.688011,67.0,171.0,3,3,No,No,No,No,2107.8,SAN BERNARDO,7568.132137,No metro,No
-33.3208173,-70.7512057,100.0,180.0,4,3,Si,Si,Si,Si,2150.0,LAMPA,7528.785657,No metro,No
-33.3208173,-70.7512057,87.0,160.0,4,3,Si,Si,Si,Si,2089.0,LAMPA,7528.785657,No metro,No
-33.6109852,-70.6782222,100.0,100.0,2,1,Si,Si,Si,Si,1417.5,SAN BERNARDO,7489.429916,No metro,No
-33.3210189,-70.7502046,109.0,192.0,5,3,Si,Si,Si,Si,2021.92,LAMPA,7436.373725,No metro,No
-33.6104095,-70.6773276,60.0,120.0,3,2,Si,Si,Si,Si,1946.7,SAN BERNARDO,7416.738103,No metro,No
-33.3227786,-70.7510444,62.0,115.0,2,2,,Si,Si,Si,1514.68,LAMPA,7400.887686,No metro,No
-33.6093777,-70.6810627,92.0,72.0,4,2,Si,Si,Si,Si,1764.3024,SAN BERNARDO,7390.333116,No metro,No
-33.3230067,-70.7510292,81.0,258.0,3,2,No,No,No,No,1619.75,LAMPA,7386.50082,No metro,No
-33.3226817,-70.7506598,129.0,199.0,3,3,Si,Si,Si,Si,2900.0,LAMPA,7375.13742,No metro,No
-33.325759,-70.752725,106.0,353.0,3,3,No,No,No,No,2405.44,LAMPA,7373.937942,No metro,No
-33.32616,-70.752961,106.0,296.0,3,3,,No,No,No,2397.78,LAMPA,7372.352474,No metro,No
-33.3606486,-70.7618986,,109.0,3,1,No,No,No,No,594.27,QUILICURA,7145.248768,No metro,No
-33.3309809,-70.7521066,51.0,159.0,3,1,No,No,No,No,854.27,LAMPA,7052.146541,No metro,No
-33.3255797,-70.7485358,,268.0,3,3,No,No,No,No,2215.46,LAMPA,7034.850963,No metro,No
-33.3239662,-70.7473611,124.0,300.0,3,2,Si,Si,Si,Si,2625.45,LAMPA,7032.517609,No metro,No
-33.360444,-70.760698,44.0,78.0,2,1,Si,Si,Si,Si,1260.216,QUILICURA,7026.913053,No metro,No
-33.32724,-70.749148,106.0,268.0,3,3,No,No,No,No,1907.7,LAMPA,6993.145193,No metro,No
-33.6031526,-70.6866338,73.0,126.0,5,4,Si,Si,Si,Si,2290.2012,SAN BERNARDO,6943.178868,No metro,No
-33.325566,-70.746363,106.0,268.0,3,2,No,No,No,No,2463.49,LAMPA,6857.849415,No metro,No
-33.3269441,-70.747303,96.8,180.0,3,3,Si,Si,Si,Si,2575.0,LAMPA,6856.048635,No metro,No
-33.59185,-70.70504,90.0,90.0,3,2,Si,Si,Si,Si,1492.8732,SAN BERNARDO,6796.360962,No metro,No
-33.6020671,-70.6847996,71.0,97.0,3,3,Si,Si,Si,Si,2331.0,SAN BERNARDO,6783.02716,No metro,No
-33.604475,-70.674335,70.0,110.0,3,2,Si,Si,Si,Si,1883.7,SAN BERNARDO,6782.898535,No metro,No
-33.32574863,-70.74549226,92.0,156.0,3,3,Si,Si,Si,Si,1995.0,LAMPA,6776.521415,No metro,No
-33.327042,-70.746006,114.0,314.0,3,3,No,No,No,No,2463.49,LAMPA,6743.607187,No metro,No
-33.330305,-70.748023,67.0,161.0,3,2,No,No,No,No,1706.91,LAMPA,6734.1115,No metro,No
-33.5904027,-70.511301,128.0,214.4,3,2,Si,Si,Si,Si,2550.0,PUENTE ALTO,6708.584417,No metro,No
-33.587585,-70.708718,80.0,326.0,3,2,No,No,No,No,1978.18,SAN BERNARDO,6697.084358,No metro,No
-33.602149,-70.68131,44.0,152.0,2,1,No,No,No,No,913.4781205,SAN BERNARDO,6694.275174,No metro,No
-33.324955,-70.743862,129.0,378.0,3,3,No,No,No,No,3887.42,LAMPA,6692.956018,No metro,No
-33.60344,-70.67472,61.0,169.0,2,2,No,No,No,No,1685.47,SAN BERNARDO,6686.368351,No metro,No
-33.6034855,-70.6738952,86.0,120.0,3,2,Si,Si,Si,Si,2016.0,SAN BERNARDO,6678.635609,No metro,No
-33.3306876,-70.7474889,54.0,102.0,3,1,Si,Si,Si,Si,1385.0,LAMPA,6668.582085,No metro,No
-33.6017672,-70.6801809,60.0,82.0,4,2,Si,Si,Si,Si,1197.0,SAN BERNARDO,6629.555472,No metro,No
-33.327344,-70.744558,105.0,258.0,3,3,No,No,No,No,2366.97,LAMPA,6607.69184,No metro,No
-33.59814,-70.689327,36.0,134.0,2,1,No,No,No,No,699.03,SAN BERNARDO,6567.743558,No metro,No
-33.5904966,-70.5131326,120.0,120.0,4,3,Si,Si,Si,Si,3231.32,PUENTE ALTO,6526.45301,No metro,No
-33.5904966,-70.5131326,120.0,120.0,4,3,Si,Si,Si,Si,3235.07,PUENTE ALTO,6526.45301,No metro,No
-33.6021703,-70.6711654,,130.0,4,2,,Si,Si,Si,1638.0,SAN BERNARDO,6514.486455,No metro,No
-33.6017107,-70.6717927,100.0,220.0,4,2,Si,Si,Si,Si,1628.5878,SAN BERNARDO,6475.641024,No metro,No
-33.6017107,-70.6717927,80.0,100.0,4,2,Si,Si,Si,Si,1669.5,SAN BERNARDO,6475.641024,No metro,No
-33.3677649,-70.7552518,53.0,79.0,3,2,Si,Si,Si,Si,1551.0312,QUILICURA,6468.046689,No metro,No
-33.3677649,-70.7552518,53.0,79.0,3,2,Si,Si,Si,Si,1551.0312,QUILICURA,6468.046689,No metro,No
-33.3689238,-70.7546355,71.0,71.0,2,1,Si,Si,Si,Si,1454.0976,QUILICURA,6411.59809,No metro,No
-33.3689238,-70.7546355,71.0,71.0,2,1,Si,Si,Si,Si,1454.0976,QUILICURA,6411.59809,No metro,No
-33.3689238,-70.7546355,71.0,71.0,2,1,Si,Si,Si,Si,1454.0976,QUILICURA,6411.59809,No metro,No
-33.59991142,-70.67816556,123.0,168.0,2,1,Si,Si,Si,Si,1441.9755,SAN BERNARDO,6403.125691,No metro,No
-33.5133861,-70.5217289,120.0,331.0,3,3,,Si,Si,Si,8100.0,LA FLORIDA,6389.726853,No metro,No
-33.5997581,-70.6782238,123.0,168.0,2,1,Si,Si,Si,Si,1441.9755,SAN BERNARDO,6389.410986,No metro,No
-33.367058,-70.495797,144.0,174.0,4,4,,Si,Si,Si,14900.0,LAS CONDES,6384.63858,No metro,No
-33.327059,-70.741114,102.0,279.0,4,2,No,No,No,No,2098.09,LAMPA,6346.86024,No metro,No
-33.5141073,-70.5226833,130.0,454.0,3,4,Si,Si,Si,Si,9180.0,LA FLORIDA,6331.791094,No metro,No
-33.597831,-70.683001,54.0,165.0,3,1,No,No,No,No,823.41,SAN BERNARDO,6325.088161,No metro,No
-33.5191137,-70.5256334,105.0,316.0,3,3,Si,Si,Si,Si,8100.0,LA FLORIDA,6296.799496,No metro,No
-33.3025928,-70.6905244,131.0,264.0,3,3,Si,Si,Si,Si,7800.0,COLINA,6290.725961,No metro,No
-33.3683657,-70.753265,53.0,79.0,3,1,Si,Si,Si,Si,1454.0976,QUILICURA,6271.950217,No metro,No
-33.3683657,-70.753265,53.0,79.0,3,1,Si,Si,Si,Si,1454.0976,QUILICURA,6271.950217,No metro,No
-33.3683657,-70.753265,,79.0,3,1,Si,Si,Si,Si,1455.7824,QUILICURA,6271.950217,No metro,No
-33.511246,-70.522282,120.0,244.0,3,3,Si,Si,Si,Si,7700.0,LA FLORIDA,6256.139047,No metro,No
-33.517574,-70.525596,150.0,355.0,4,3,Si,Si,Si,Si,9600.0,LA FLORIDA,6225.255234,No metro,No
-33.6025369,-70.5141058,86.0,160.0,3,3,Si,Si,Si,Si,2221.535,PUENTE ALTO,6219.360039,No metro,No
-33.6025369,-70.5141058,,210.0,3,3,Si,Si,Si,Si,2800.0,PUENTE ALTO,6219.360039,No metro,No
-33.3678743,-70.752169,75.0,88.0,3,1,Si,Si,Si,Si,1609.2,QUILICURA,6160.377151,No metro,No
-33.576122,-70.712209,53.0,173.0,3,2,No,No,No,No,1142.41,SAN BERNARDO,6153.929541,No metro,No
-33.3543858,-70.7511089,110.0,70.0,4,2,Si,Si,Si,Si,1647.972,QUILICURA,6151.033528,No metro,No
-33.556133,-70.797196,86.0,229.0,3,2,No,No,No,No,3102.8,MAIPU,6120.430299,No metro,No
-33.5681946,-70.775342,94.0,255.0,4,3,No,No,No,No,2647.33,MAIPU,6103.574567,No metro,No
-33.60220071,-70.51539595,71.0,117.0,4,2,,Si,Si,Si,1845.0,PUENTE ALTO,6095.166505,No metro,No
-33.6019249,-70.5154778,72.0,120.0,3,3,Si,Si,Si,Si,1912.5,PUENTE ALTO,6090.444141,No metro,No
-33.6019249,-70.5154778,94.0,180.0,3,3,Si,Si,Si,Si,2338.5,PUENTE ALTO,6090.444141,No metro,No
-33.6019249,-70.5154778,72.0,120.0,3,3,Si,Si,Si,Si,1912.5,PUENTE ALTO,6090.444141,No metro,No
-33.6019249,-70.5154778,94.0,154.0,3,3,Si,Si,Si,Si,2500.0,PUENTE ALTO,6090.444141,No metro,No
-33.6019249,-70.5154778,94.0,180.0,3,3,Si,Si,Si,Si,2338.5,PUENTE ALTO,6090.444141,No metro,No
-33.3633614,-70.7513865,136.0,176.0,3,2,Si,Si,Si,Si,3295.9512,QUILICURA,6081.311545,No metro,No
-33.5765899,-70.7108182,70.0,120.0,3,2,Si,Si,Si,Si,1355.4576,SAN BERNARDO,6076.595191,No metro,No
-33.356157,-70.750614,46.0,115.0,2,1,No,No,No,No,1115.57,QUILICURA,6072.603773,No metro,No
-33.568042,-70.774753,95.0,254.0,3,3,No,No,No,No,2870.07,MAIPU,6071.536261,No metro,No
-33.5144975,-70.525756,119.0,351.0,4,3,Si,Si,Si,Si,9000.0,LA FLORIDA,6070.342766,No metro,No
-33.5675506,-70.7759197,80.0,110.0,3,3,Si,Si,Si,Si,2058.0318,MAIPU,6059.973118,No metro,No
-33.5675506,-70.7759197,80.0,110.0,3,3,Si,Si,Si,Si,2058.0318,MAIPU,6059.973118,No metro,No
-33.5675506,-70.7759197,80.0,110.0,3,3,Si,Si,Si,Si,2060.4144,MAIPU,6059.973118,No metro,No
-33.60226194,-70.51583129,72.0,120.0,3,3,Si,Si,Si,Si,2000.0,PUENTE ALTO,6051.21151,No metro,No
-33.5662889,-70.7788561,101.0,123.0,4,3,Si,Si,Si,Si,2488.1208,MAIPU,6040.198552,No metro,No
-33.5671932,-70.7761427,78.0,128.0,3,3,Si,Si,Si,Si,1978.68,MAIPU,6033.070244,No metro,No
-33.3513162,-70.7491827,51.0,79.0,4,1,Si,Si,Si,Si,1473.48,QUILICURA,6026.461834,No metro,No
-33.3595656,-70.7505103,80.0,80.0,3,1,Si,Si,Si,Si,1647.972,QUILICURA,6019.25514,No metro,No
-33.563027,-70.7849273,100.26,146.15,3,2,Si,Si,Si,Si,2384.2434,MAIPU,5994.981046,No metro,No
-33.5652124,-70.7798407,143.0,116.0,4,2,Si,Si,Si,Si,2630.298,MAIPU,5976.907374,No metro,No
-33.3627075,-70.7500907,72.0,98.0,2,3,Si,Si,Si,Si,1454.0976,QUILICURA,5954.521617,No metro,No
-33.559919,-70.789411,46.0,174.0,2,1,No,No,No,No,1323.66,MAIPU,5953.546204,No metro,No
-33.60243,-70.5168018,92.0,176.0,3,3,Si,Si,Si,Si,2490.81,PUENTE ALTO,5952.843001,No metro,No
-33.60243,-70.5168018,92.0,176.0,3,3,Si,Si,Si,Si,2490.81,PUENTE ALTO,5952.843001,No metro,No
-33.5596241,-70.7897661,75.0,159.0,4,2,Si,Si,Si,Si,1863.18,MAIPU,5948.320177,No metro,No
-33.354108,-70.7489592,83.0,77.0,3,3,Si,Si,Si,Si,1651.2696,QUILICURA,5944.989577,No metro,No
-33.354108,-70.7489592,83.0,77.0,3,3,Si,Si,Si,Si,1666.7784,QUILICURA,5944.989577,No metro,No
-33.354108,-70.7489592,83.0,77.0,3,3,Si,Si,Si,Si,1675.116,QUILICURA,5944.989577,No metro,No
-33.519702,-70.5302816,119.0,340.0,3,3,Si,Si,Si,Si,9700.0,LA FLORIDA,5928.83719,No metro,No
-33.519702,-70.5302816,,331.0,3,3,Si,Si,Si,Si,9050.0,LA FLORIDA,5928.83719,No metro,No
-33.519702,-70.5302816,120.0,375.0,3,3,Si,Si,Si,Si,9990.0,LA FLORIDA,5928.83719,No metro,No
-33.5566189,-70.7932854,125.0,125.0,4,1,Si,Si,Si,Si,2273.7,MAIPU,5909.265344,No metro,No
-33.60263397,-70.51725626,72.0,120.0,3,3,Si,Si,Si,Si,1925.33,PUENTE ALTO,5905.296146,No metro,No
-33.3602163,-70.7492204,82.0,86.0,4,1,Si,Si,Si,Si,1688.4,QUILICURA,5884.708365,No metro,No
-33.51748,-70.529614,180.0,416.0,5,5,Si,Si,Si,Si,10200.0,LA FLORIDA,5870.342686,No metro,No
-33.350449,-70.747125,51.0,133.0,2,1,No,No,No,No,1296.33,QUILICURA,5848.388493,No metro,No
-33.353468,-70.7477391,73.0,77.0,3,1,Si,Si,Si,Si,1512.2592,QUILICURA,5838.140829,No metro,No
-33.563938,-70.778472,92.0,230.0,3,3,,No,No,No,3616.52,MAIPU,5807.351784,No metro,No
-33.3568066,-70.7480256,85.0,90.0,3,2,Si,Si,Si,Si,1706.1408,QUILICURA,5806.902356,No metro,No
-33.3640331,-70.7484645,47.0,89.0,3,2,Si,Si,Si,Si,1357.1568,QUILICURA,5787.209395,No metro,No
-33.357132,-70.747865,60.0,172.0,3,2,No,No,No,No,1568.76,QUILICURA,5786.228426,No metro,No
-33.552015,-70.796323,51.0,131.0,3,2,,No,No,No,1659.999995,MAIPU,5756.206591,No metro,No
-33.633183,-70.628359,56.0,166.0,3,1,No,No,No,No,1095.999993,PUENTE ALTO,5752.678995,No metro,No
-33.35676,-70.747106,60.0,172.0,3,2,No,No,No,No,1797.88,QUILICURA,5716.705892,No metro,No
-33.5521203,-70.7955617,40.0,152.0,2,1,Si,Si,Si,Si,1565.7708,MAIPU,5712.229591,No metro,No
-33.5551198,-70.7912196,85.0,130.0,1,2,Si,Si,Si,Si,2576.9766,MAIPU,5664.536712,No metro,No
-33.4974418,-70.5236261,230.0,500.0,5,3,Si,Si,Si,Si,14430.0,PENALOLEN,5659.592245,No metro,No
-33.504948,-70.526467,150.0,450.0,3,2,No,No,No,No,9233.37,PENALOLEN,5649.274849,No metro,No
-33.5565388,-70.7882506,82.0,134.0,3,2,Si,Si,Si,Si,2369.4,MAIPU,5607.509477,No metro,No
-33.562031,-70.777316,134.0,304.0,3,3,No,No,No,No,3119.81,MAIPU,5587.543522,No metro,No
-33.5502593,-70.7957068,50.0,60.0,3,1,Si,Si,Si,Si,1288.4916,MAIPU,5586.403196,No metro,No
-33.5502593,-70.7957068,50.0,60.0,3,1,Si,Si,Si,Si,1306.2588,MAIPU,5586.403196,No metro,No
-33.5604963,-70.7807493,103.0,260.0,3,3,No,No,No,No,2644.65,MAIPU,5582.084995,No metro,No
-33.5595387,-70.7826309,127.0,134.0,5,3,Si,Si,Si,Si,3293.4,MAIPU,5579.482466,No metro,No
-33.5595387,-70.7826309,,152.0,4,3,Si,Si,Si,Si,3069.0,MAIPU,5579.482466,No metro,No
-33.5595387,-70.7826309,112.0,122.0,4,2,Si,Si,Si,Si,2224.2,MAIPU,5579.482466,No metro,No
-33.5611676,-70.7791539,104.0,150.0,3,3,Si,Si,Si,Si,3300.0,MAIPU,5577.630534,No metro,No
-33.3622308,-70.746285,47.0,87.0,2,1,Si,Si,Si,Si,1581.4728,QUILICURA,5576.990178,No metro,No
-33.3622308,-70.746285,47.0,87.0,2,1,Si,Si,Si,Si,1582.6392,QUILICURA,5576.990178,No metro,No
-33.3622308,-70.746285,47.0,87.0,2,1,Si,Si,Si,Si,1585.8288,QUILICURA,5576.990178,No metro,No
-33.55107,-70.794654,68.0,60.0,4,2,Si,Si,Si,Si,1379.4,MAIPU,5573.468911,No metro,No
-33.55107,-70.794654,68.0,60.0,4,2,Si,Si,Si,Si,1379.4,MAIPU,5573.468911,No metro,No
-33.5624603,-70.7755082,,144.0,3,3,Si,Si,Si,Si,3425.4,MAIPU,5564.837333,No metro,No
-33.5592808,-70.7825476,104.0,150.0,3,3,Si,Si,Si,Si,3300.0,MAIPU,5552.750166,No metro,No
-33.3629828,-70.7459806,85.0,80.0,3,2,Si,Si,Si,Si,1434.708,QUILICURA,5542.678865,No metro,No
-33.506019,-70.528044,165.0,503.0,5,4,Si,Si,Si,Si,12590.0,PENALOLEN,5533.209674,No metro,No
-33.3129927,-70.67380428,99.0,200.0,3,3,Si,Si,Si,Si,7200.0,COLINA,5513.149566,No metro,No
-33.3550149,-70.7446946,53.0,100.0,2,1,Si,Si,Si,Si,1803.0744,QUILICURA,5509.059004,No metro,No
-33.3550149,-70.7446946,53.0,100.0,2,1,Si,Si,Si,Si,1805.1696,QUILICURA,5509.059004,No metro,No
-33.3513594,-70.7437392,,160.0,3,1,Si,Si,Si,Si,2268.0,QUILICURA,5497.783375,No metro,No
-33.3541038,-70.7443293,109.0,85.0,4,2,Si,Si,Si,Si,2055.1176,QUILICURA,5491.383368,No metro,No
-33.5574674,-70.7844702,108.0,172.0,5,2,Si,Si,Si,Si,2363.7108,MAIPU,5486.105088,No metro,No
-33.5916272,-70.6721251,70.0,100.0,3,2,Si,Si,Si,Si,1436.4,SAN BERNARDO,5479.68907,No metro,No
-33.5192592,-70.535383,131.25,282.65,5,3,Si,Si,Si,Si,8500.0,LA FLORIDA,5479.527903,No metro,No
-33.5192592,-70.535383,140.0,330.0,5,3,Si,Si,Si,Si,6950.0,LA FLORIDA,5479.527903,No metro,No
-33.5192592,-70.535383,140.0,330.0,5,3,Si,Si,Si,Si,6950.0,LA FLORIDA,5479.527903,No metro,No
-33.5917233,-70.6707085,120.0,120.0,4,2,Si,Si,Si,Si,1526.7987,SAN BERNARDO,5471.057178,No metro,No
-33.3503028,-70.7429822,72.0,192.0,2,2,Si,Si,Si,Si,2872.8,QUILICURA,5453.161906,No metro,No
-33.3620117,-70.745015,72.0,83.0,3,1,Si,Si,Si,Si,1850.4,QUILICURA,5451.571748,No metro,No
-33.559967,-70.778363,109.0,291.0,3,3,No,No,No,No,4260.3,MAIPU,5436.088807,No metro,No
-33.356738,-70.744222,52.0,52.0,2,1,No,No,No,No,1273.333138,QUILICURA,5432.229713,No metro,No
-33.5911774,-70.6718539,75.0,104.0,3,1,Si,Si,Si,Si,1190.7,SAN BERNARDO,5431.372569,No metro,No
-33.3612344,-70.7446435,65.0,147.0,3,2,No,No,No,No,1360.11,QUILICURA,5420.061254,No metro,No
-33.5042383,-70.5287879,162.0,501.0,5,4,,Si,Si,Si,13990.0,PENALOLEN,5406.58763,No metro,No
-33.3593357,-70.7441771,,72.0,2,2,Si,Si,Si,Si,1851.5448,QUILICURA,5391.962225,No metro,No
-33.3593357,-70.7441771,64.0,72.0,2,2,Si,Si,Si,Si,1851.5448,QUILICURA,5391.962225,No metro,No
-33.5501866,-70.7925653,100.0,81.0,3,2,,Si,Si,Si,1510.641,MAIPU,5368.048282,No metro,No
-33.5551947,-70.5320992,139.0,221.0,4,3,Si,Si,Si,Si,2733.0,PUENTE ALTO,5353.834254,No metro,No
-33.5551947,-70.5320992,139.0,221.0,4,3,Si,Si,Si,Si,2733.0,PUENTE ALTO,5353.834254,No metro,No
-33.5551947,-70.5320992,139.0,221.0,4,3,Si,Si,Si,Si,2733.0,PUENTE ALTO,5353.834254,No metro,No
-33.6099623,-70.5224514,50.0,144.0,3,2,Si,Si,Si,Si,1240.11,PUENTE ALTO,5345.001047,No metro,No
-33.5901493,-70.6724722,85.0,70.0,3,2,Si,Si,Si,Si,1115.1,SAN BERNARDO,5338.556882,No metro,No
-33.5493406,-70.7929866,90.0,143.0,3,3,Si,Si,Si,Si,2838.0,MAIPU,5333.319248,No metro,No
-33.3613286,-70.7436313,66.0,157.0,3,2,No,No,No,No,1246.76,QUILICURA,5318.41404,No metro,No
-33.6077424,-70.5228701,56.0,139.0,3,2,No,No,No,No,1518.76,PUENTE ALTO,5306.152139,No metro,No
-33.6077424,-70.5228701,56.0,139.0,3,2,No,No,No,No,1518.76,PUENTE ALTO,5306.152139,No metro,No
-33.348843,-70.74089,78.0,109.0,3,3,Si,Si,Si,Si,2326.5504,QUILICURA,5296.634299,No metro,No
-33.548304,-70.793373,124.0,267.0,3,4,No,No,No,No,2738.03,MAIPU,5283.810845,No metro,No
-33.36108,-70.74326,46.0,132.0,3,1,No,No,No,No,972.84,QUILICURA,5283.420862,No metro,No
-33.6224198,-70.627051,50.0,129.0,2,1,No,No,No,No,725.42,PUENTE ALTO,5273.935323,No metro,No
-33.350218,-70.740939,61.0,165.0,3,2,No,No,No,No,1487.11,QUILICURA,5259.702566,No metro,No
-33.3567417,-70.7424652,69.0,100.0,3,1,Si,Si,Si,Si,1483.1784,QUILICURA,5258.864779,No metro,No
-33.350389,-70.740949,61.0,166.0,3,2,No,No,No,No,1126.23,QUILICURA,5255.717425,No metro,No
-33.5546736,-70.533168,140.0,228.0,4,3,Si,Si,Si,Si,3231.32,PUENTE ALTO,5254.092402,No metro,No
-33.5546736,-70.533168,140.0,228.0,4,3,Si,Si,Si,Si,3184.5,PUENTE ALTO,5254.092402,No metro,No
-33.5546736,-70.533168,140.0,228.0,4,3,Si,Si,Si,Si,3250.0,PUENTE ALTO,5254.092402,No metro,No
-33.4985424,-70.5289083,148.0,352.0,4,3,Si,Si,Si,Si,11750.0,PENALOLEN,5250.992922,No metro,No
-33.350543,-70.740943,61.0,166.0,3,2,No,No,No,No,1500.0,QUILICURA,5250.735256,No metro,No
-33.350543,-70.740943,61.0,166.0,3,2,No,No,No,No,2050.0,QUILICURA,5250.735256,No metro,No
-33.36224,-70.742845,45.0,133.0,2,1,No,No,No,No,1104.58,QUILICURA,5233.56318,No metro,No
-33.5151208,-70.535631,140.0,400.0,3,4,Si,Si,Si,Si,9700.0,LA FLORIDA,5232.631771,No metro,No
-33.5151208,-70.535631,140.0,400.0,3,4,Si,Si,Si,Si,9700.0,LA FLORIDA,5232.631771,No metro,No
-33.5151208,-70.535631,140.0,400.0,3,4,Si,Si,Si,Si,9700.0,LA FLORIDA,5232.631771,No metro,No
-33.547419,-70.793504,79.0,187.0,3,3,No,No,No,No,1961.54,MAIPU,5229.115502,No metro,No
-33.3576509,-70.7422303,51.0,72.0,2,1,Si,Si,Si,Si,1416.96,QUILICURA,5221.264697,No metro,No
-33.6313479,-70.623328,64.0,91.32,2,1,Si,Si,Si,Si,780.905,PUENTE ALTO,5218.733472,No metro,No
-33.6313479,-70.623328,64.0,91.32,2,1,Si,Si,Si,Si,780.905,PUENTE ALTO,5218.733472,No metro,No
-33.6313479,-70.623328,64.0,91.32,2,1,Si,Si,Si,Si,781.81,PUENTE ALTO,5218.733472,No metro,No
-33.5473672,-70.7933219,91.0,107.0,4,3,Si,Si,Si,Si,2455.2,MAIPU,5212.702092,No metro,No
-33.62289,-70.6262,68.4,72.0,4,1,Si,Si,Si,Si,673.19,PUENTE ALTO,5203.273831,No metro,No
-33.394591,-70.754088,66.0,157.0,3,1,No,No,No,No,1669.2,RENCA,5201.09068,No metro,No
-33.35833,-70.74202,75.0,79.0,4,1,Si,Si,Si,Si,1656.0,QUILICURA,5190.659092,No metro,No
-33.6219475,-70.6262704,73.0,154.0,2,1,No,No,No,No,826.62,PUENTE ALTO,5186.791589,No metro,No
-33.3490584,-70.739653,65.0,105.0,3,2,Si,Si,Si,Si,1944.0,QUILICURA,5172.469405,No metro,No
-33.6310276,-70.6228762,49.0,128.0,3,2,No,No,No,No,693.84,PUENTE ALTO,5164.320206,No metro,No
-33.5347852,-70.5380304,108.0,263.0,4,2,Si,Si,Si,Si,7800.0,LA FLORIDA,5148.379086,No metro,No
-33.5347852,-70.5380304,127.0,287.0,3,3,Si,Si,Si,Si,8370.0,LA FLORIDA,5148.379086,No metro,No
-33.5347852,-70.5380304,,263.0,4,2,Si,Si,Si,Si,7800.0,LA FLORIDA,5148.379086,No metro,No
-33.3580636,-70.7413308,70.0,90.0,3,2,Si,Si,Si,Si,1708.1136,QUILICURA,5126.205377,No metro,No
-33.5711656,-70.7028945,67.0,84.0,3,1,Si,Si,Si,Si,1475.9073,SAN BERNARDO,5122.166944,No metro,No
-33.5352723,-70.5383617,140.0,264.0,5,4,Si,Si,Si,Si,8700.0,LA FLORIDA,5105.604646,No metro,No
-33.630109,-70.622511,50.0,127.0,2,1,No,No,No,No,927.27,PUENTE ALTO,5093.399205,No metro,No
-33.394214,-70.745577,,222.0,3,1,No,No,No,No,2099.800768,RENCA,5092.932907,No metro,No
-33.630124,-70.622425,50.0,127.0,2,1,No,No,No,No,750.0,PUENTE ALTO,5086.136181,No metro,No
-33.5347656,-70.5387605,140.0,256.0,5,4,Si,Si,Si,Si,8550.0,LA FLORIDA,5077.575501,No metro,No
-33.3955343,-70.7526844,138.0,215.0,3,2,Si,Si,Si,Si,4173.79,RENCA,5075.835188,No metro,No
-33.3955343,-70.7526844,138.0,215.0,3,2,Si,Si,Si,Si,4173.79,RENCA,5075.835188,No metro,No
-33.3955343,-70.7526844,138.0,215.0,3,2,Si,Si,Si,Si,4178.63,RENCA,5075.835188,No metro,No
-33.55536603,-70.53495922,140.0,220.0,5,4,Si,Si,Si,Si,3000.0,PUENTE ALTO,5067.79579,No metro,No
-33.3492121,-70.7385839,83.0,163.0,5,2,,No,No,No,1446.58,QUILICURA,5066.255837,No metro,No
-33.546228,-70.792333,124.0,269.0,3,3,No,No,No,No,3499.73,MAIPU,5062.092359,No metro,No
-33.630499,-70.621932,,132.0,2,1,No,No,No,No,1061.71,PUENTE ALTO,5056.481632,No metro,No
-33.5851571,-70.6805442,85.0,165.0,2,1,Si,Si,Si,Si,1747.3365,SAN BERNARDO,5043.386228,No metro,No
-33.3948703,-70.7470325,60.0,140.0,3,2,Si,Si,Si,Si,3501.96,RENCA,5042.746832,No metro,No
-33.633012,-70.620346,50.0,165.0,3,1,No,No,No,No,815.61,PUENTE ALTO,5024.725624,No metro,No
-33.631191,-70.621174,49.0,128.0,3,1,No,No,No,No,605.09,PUENTE ALTO,5017.000862,No metro,No
-33.3657085,-70.7407547,90.0,90.0,3,2,,Si,Si,Si,1454.0976,QUILICURA,5014.413347,No metro,No
-33.5461651,-70.7915038,84.0,199.0,3,2,No,No,No,No,2153.5,MAIPU,5000.008339,No metro,No
-33.3617836,-70.7404714,46.0,84.0,2,1,Si,Si,Si,Si,1395.9288,QUILICURA,4999.871115,No metro,No
-33.559678,-70.709042,118.0,216.0,3,1,No,No,No,No,1219.66,SAN BERNARDO,4990.456918,No metro,No
-33.559646,-70.709053,118.0,216.0,3,1,No,No,No,No,1203.35,SAN BERNARDO,4990.012184,No metro,No
-33.545475,-70.791939,71.0,167.0,3,2,No,No,No,No,2290.36,MAIPU,4980.730268,No metro,No
-33.5858973,-70.6756442,110.0,63.0,3,2,Si,Si,Si,Si,1170.5463,SAN BERNARDO,4980.584283,No metro,No
-33.612523,-70.526204,80.0,80.0,3,2,Si,Si,Si,Si,1171.355,PUENTE ALTO,4978.342111,No metro,No
-33.630249,-70.621184,50.0,127.0,2,1,No,No,No,No,472.29,PUENTE ALTO,4978.048092,No metro,No
-33.3967683,-70.7535516,60.0,198.0,3,2,Si,Si,Si,Si,3985.3,RENCA,4976.866859,No metro,No
-33.5363355,-70.5395095,140.0,296.0,5,3,Si,Si,Si,Si,8950.0,LA FLORIDA,4971.711338,No metro,No
-33.51784653,-70.54040271,140.0,328.0,5,3,Si,Si,Si,Si,8490.0,LA FLORIDA,4970.649356,No metro,No
-33.3535162,-70.7385176,97.0,243.0,4,3,No,No,Si,No,1926.24,QUILICURA,4938.272761,No metro,No
-33.61318,-70.5266698,59.0,91.0,3,2,Si,Si,Si,Si,1184.82,PUENTE ALTO,4936.208898,No metro,No
-33.5188807,-70.5414148,110.0,221.0,4,3,Si,Si,Si,Si,6650.0,LA FLORIDA,4918.478578,No metro,No
-33.5341845,-70.7997173,76.0,130.0,3,3,,Si,Si,Si,2363.7108,MAIPU,4910.023874,No metro,No
-33.5341845,-70.7997173,76.0,130.0,3,3,Si,Si,Si,Si,2363.7108,MAIPU,4910.023874,No metro,No
-33.5349612,-70.7991463,66.0,116.0,3,3,Si,Si,Si,Si,2316.6,MAIPU,4899.565167,No metro,No
-33.5349612,-70.7991463,66.0,116.0,3,3,Si,Si,Si,Si,2316.6,MAIPU,4899.565167,No metro,No
-33.5349612,-70.7991463,66.0,116.0,3,3,Si,Si,Si,Si,2316.6,MAIPU,4899.565167,No metro,No
-33.5146196,-70.5392871,140.0,460.0,5,1,Si,Si,Si,Si,10990.0,LA FLORIDA,4896.455608,No metro,No
-33.3637424,-70.7394511,46.0,84.0,2,1,Si,Si,Si,Si,1415.3184,QUILICURA,4887.171499,No metro,No
-33.5350476,-70.5408076,170.0,294.0,5,4,Si,Si,Si,Si,7990.0,LA FLORIDA,4871.726903,No metro,No
-33.3983311,-70.7552011,50.0,124.0,2,1,Si,Si,Si,Si,3231.32,RENCA,4871.082767,No metro,No
-33.3656605,-70.7393117,130.0,150.0,2,2,Si,Si,Si,Si,2675.5344,QUILICURA,4870.096447,No metro,No
-33.5886774,-70.5305187,58.0,188.0,3,2,Si,Si,Si,Si,2086.895,PUENTE ALTO,4867.12955,No metro,No
-33.630773,-70.619685,49.0,128.0,3,1,No,No,No,No,605.09,PUENTE ALTO,4864.693028,No metro,No
-33.360222,-70.738938,88.0,88.0,3,3,Si,Si,Si,Si,2124.0,QUILICURA,4861.436221,No metro,No
-33.398162,-70.754246,68.0,181.0,3,2,No,No,No,No,1473.26,RENCA,4860.476982,No metro,No
-33.37487,-70.50938,,80.0,5,2,,Si,Si,Si,2665.84,LAS CONDES,4848.215409,No metro,No
-33.544981,-70.7904103,107.0,86.0,3,3,Si,Si,Si,Si,3102.0,MAIPU,4838.851741,No metro,No
-33.56737721,-70.70203722,83.0,76.0,3,1,Si,Si,Si,Si,1696.4451,SAN BERNARDO,4813.251253,No metro,No
-33.629543,-70.619691,50.0,126.0,3,1,No,No,No,No,765.96,PUENTE ALTO,4812.912468,No metro,No
-33.623757,-70.621852,77.0,153.0,3,1,No,No,No,No,733.12,PUENTE ALTO,4809.099493,No metro,No
-33.56734,-70.702,76.0,83.0,3,1,Si,Si,Si,Si,1696.4451,SAN BERNARDO,4808.021478,No metro,No
-33.616051,-70.623406,52.0,167.0,3,1,No,No,No,No,544.06,PUENTE ALTO,4794.55062,No metro,No
-33.616084,-70.623395,52.0,167.0,3,1,No,No,No,No,572.38,PUENTE ALTO,4793.907722,No metro,No
-33.615897,-70.623407,52.0,167.0,3,1,No,No,No,No,472.29,PUENTE ALTO,4792.593638,No metro,No
-33.533737,-70.798457,76.0,219.0,3,3,No,No,No,No,2425.18,MAIPU,4778.367018,No metro,No
-33.5068012,-70.5366775,160.0,220.0,4,3,,Si,Si,Si,8100.0,PENALOLEN,4756.287284,No metro,No
-33.3631245,-70.7380146,46.0,84.0,2,1,Si,Si,Si,Si,1415.3184,QUILICURA,4746.308348,No metro,No
-33.6296421,-70.618862,70.0,70.0,3,2,Si,Si,Si,Si,807.83,PUENTE ALTO,4741.795105,No metro,No
-33.5661999,-70.7020333,124.0,242.0,1,2,No,No,No,No,1075.39,SAN BERNARDO,4740.456726,No metro,No
-33.352467,-70.736037,83.0,198.0,3,2,No,No,No,No,2035.21,QUILICURA,4725.865598,No metro,No
-33.624229,-70.6208288,70.0,60.0,3,1,Si,Si,Si,Si,1078.0,PUENTE ALTO,4725.850288,No metro,No
-33.58135,-70.681087,120.0,282.0,4,2,No,No,No,No,1110.48,SAN BERNARDO,4703.289151,No metro,No
-33.5374688,-70.5421434,115.0,311.0,4,3,Si,Si,Si,Si,9290.0,LA FLORIDA,4691.716988,No metro,No
-33.566288,-70.70133,118.0,242.0,1,2,No,No,No,No,916.4,SAN BERNARDO,4690.239428,No metro,No
-33.4572687,-70.7864333,,60.0,3,1,Si,Si,Si,Si,3769.88,PUDAHUEL,4681.392932,No metro,No
-33.5854483,-70.5333494,80.0,170.0,3,2,Si,Si,Si,Si,1884.94,PUENTE ALTO,4671.802768,No metro,No
-33.5890549,-70.5324531,70.0,200.0,3,2,Si,Si,Si,Si,2092.5,PUENTE ALTO,4670.625133,No metro,No
-33.5350293,-70.5430174,115.0,307.0,4,2,Si,Si,Si,Si,8350.0,LA FLORIDA,4657.083594,No metro,No
-33.5350293,-70.5430174,115.0,307.0,4,2,Si,Si,Si,Si,8350.0,LA FLORIDA,4657.083594,No metro,No
-33.3984951,-70.7435159,140.0,74.0,4,2,Si,Si,Si,Si,2611.99,RENCA,4651.215321,No metro,No
-33.5760918,-70.6901379,74.0,90.0,4,1,Si,Si,Si,Si,2390.0,EL BOSQUE,4649.03457,No metro,No
-33.3844279,-70.7329929,96.0,162.0,3,3,Si,Si,Si,Si,4392.0,QUILICURA,4641.649325,No metro,No
-33.611928,-70.529559,61.0,115.0,3,1,Si,Si,Si,Si,1279.065,PUENTE ALTO,4640.074996,No metro,No
-33.3992047,-70.7487631,49.0,63.0,2,1,Si,Si,Si,Si,2369.64,RENCA,4638.260723,No metro,No
-33.5893916,-70.5329699,68.0,196.0,3,2,Si,Si,Si,Si,2100.0,PUENTE ALTO,4611.848362,No metro,No
-33.5829,-70.67049,75.0,140.0,2,2,No,No,No,No,970.49,EL BOSQUE,4592.79559,No metro,No
-33.5920999,-70.5325516,102.61,211.0,3,3,Si,Si,Si,Si,2850.0,PUENTE ALTO,4588.7295,No metro,No
-33.5874256,-70.5338273,100.0,156.0,3,2,Si,Si,Si,Si,2100.0,PUENTE ALTO,4586.006406,No metro,No
-33.54486911,-70.78656708,84.0,116.0,3,3,Si,Si,Si,Si,2633.4,MAIPU,4573.368603,No metro,No
-33.54486911,-70.78656708,84.0,116.0,3,3,Si,Si,Si,Si,2633.4,MAIPU,4573.368603,No metro,No
-33.538267,-70.792863,76.0,216.0,3,1,No,No,No,No,1499.81,MAIPU,4567.786939,No metro,No
-33.535682,-70.544009,115.0,320.0,4,3,,Si,Si,Si,7940.0,LA FLORIDA,4545.527912,No metro,No
-33.5318416,-70.7968503,60.0,150.0,3,2,Si,Si,Si,Si,1779.2874,MAIPU,4545.515761,No metro,No
-33.3857293,-70.7312745,95.0,150.0,3,2,Si,Si,Si,Si,3988.8,QUILICURA,4541.745051,No metro,No
-33.553701,-70.769167,89.0,207.0,4,3,No,No,No,No,2736.39,MAIPU,4538.223551,No metro,No
-33.553701,-70.769167,89.0,207.0,4,3,No,No,No,No,2052.06,MAIPU,4538.223551,No metro,No
-33.5808438,-70.6770775,38.0,120.0,3,1,Si,Si,Si,Si,1884.94,EL BOSQUE,4527.770809,No metro,No
-33.5808438,-70.6770775,38.0,120.0,3,1,Si,Si,Si,Si,1884.94,EL BOSQUE,4527.770809,No metro,No
-33.5808438,-70.6770775,38.0,120.0,3,1,Si,Si,Si,Si,1884.94,EL BOSQUE,4527.770809,No metro,No
-33.3530834,-70.7340467,72.0,72.0,2,1,Si,Si,Si,Si,1552.8312,QUILICURA,4517.556851,No metro,No
-33.497394,-70.536218,164.0,362.0,4,4,Si,Si,Si,Si,10990.0,PENALOLEN,4512.041676,No metro,No
-33.5359207,-70.5443313,102.0,338.0,3,3,No,No,No,No,1958.95,LA FLORIDA,4508.754145,No metro,No
-33.631836,-70.615081,48.0,120.0,2,1,,No,No,No,905.56,PUENTE ALTO,4506.381481,No metro,No
-33.3900874,-70.5035682,150.0,250.0,4,3,Si,Si,Si,Si,14300.0,LAS CONDES,4498.558504,No metro,No
-33.3630001,-70.7355076,74.0,113.0,4,1,Si,Si,Si,Si,2229.6096,QUILICURA,4496.614495,No metro,No
-33.3575623,-70.7348514,77.0,95.0,3,2,Si,Si,Si,Si,2811.2472,QUILICURA,4494.685833,No metro,No
-33.4002453,-70.7452937,100.0,150.0,2,1,Si,Si,Si,Si,3339.03,RENCA,4489.742228,No metro,No
-33.4002453,-70.7452937,100.0,150.0,2,1,Si,Si,Si,Si,3339.03,RENCA,4489.742228,No metro,No
-33.4002453,-70.7452937,100.0,150.0,2,1,Si,Si,Si,Si,3342.9,RENCA,4489.742228,No metro,No
-33.403168,-70.75748,56.0,164.0,3,2,No,No,No,No,2359.999989,RENCA,4488.778681,No metro,No
-33.576279,-70.686615,62.0,182.0,2,2,No,No,No,No,1551.2,EL BOSQUE,4479.874245,No metro,No
-33.57698228,-70.68528471,107.0,107.0,5,2,Si,Si,Si,Si,3339.03,EL BOSQUE,4477.494579,No metro,No
-33.35437,-70.733965,114.0,247.0,3,3,No,No,No,No,2712.56,QUILICURA,4475.987283,No metro,No
-33.3901696,-70.5040109,147.0,270.0,5,4,Si,Si,Si,Si,13900.0,LAS CONDES,4454.659793,No metro,No
-33.613343,-70.620322,55.0,151.0,3,1,No,No,No,No,1360.3,PUENTE ALTO,4445.778006,No metro,No
-33.613343,-70.620322,55.0,151.0,3,1,,No,No,No,1360.87,PUENTE ALTO,4445.778006,No metro,No
-33.579764,-70.677509,76.0,202.0,3,1,No,No,No,No,1003.34,EL BOSQUE,4436.775338,No metro,No
-33.5769335,-70.6844375,100.0,80.0,3,1,Si,Si,Si,Si,2040.0,EL BOSQUE,4434.252158,No metro,No
-33.543689,-70.785741,92.0,214.0,3,3,No,No,No,No,2353.85,MAIPU,4429.951241,No metro,No
-33.3900261,-70.5044765,150.0,207.0,4,3,Si,Si,Si,Si,14100.0,LAS CONDES,4417.761051,No metro,No
-33.3902287,-70.5043963,147.0,270.0,5,5,Si,Si,Si,Si,13900.0,LAS CONDES,4416.959497,No metro,No
-33.5311635,-70.7957364,137.0,169.0,3,4,Si,Si,Si,Si,2665.839,MAIPU,4415.245654,No metro,No
-33.5918765,-70.5344345,103.0,211.0,3,3,Si,Si,Si,Si,2850.0,PUENTE ALTO,4409.528481,No metro,No
-33.530185,-70.796059,59.0,187.0,3,1,No,No,No,No,1539.46,MAIPU,4397.773823,No metro,No
-33.404355,-70.757466,90.0,241.0,3,2,No,No,No,No,1589.75,RENCA,4378.003127,No metro,No
-33.46460872,-70.51589546,221.0,476.0,5,4,Si,Si,Si,Si,11650.0,PENALOLEN,4375.440255,No metro,No
-33.57530632,-70.53850293,,232.0,3,3,Si,Si,Si,Si,2900.0,PUENTE ALTO,4374.973064,No metro,No
-33.4772348,-70.5220573,140.0,280.0,3,3,Si,Si,Si,Si,12320.0,PENALOLEN,4361.010526,No metro,No
-33.3908285,-70.5047626,139.54,212.54,4,4,Si,Si,Si,Si,14500.0,LAS CONDES,4359.592644,No metro,No
-33.496247,-70.537563,126.0,307.0,3,3,Si,Si,Si,Si,10900.0,PENALOLEN,4357.268095,No metro,No
-33.48072,-70.524934,79.0,79.0,4,1,Si,Si,Si,Si,1999.0,PENALOLEN,4346.191549,No metro,No
-33.60303827,-70.53293266,135.0,205.0,3,2,Si,Si,Si,Si,1945.0,PUENTE ALTO,4346.157085,No metro,No
-33.55141,-70.7699578,50.0,136.0,3,1,No,No,No,No,1165.31,MAIPU,4340.903567,No metro,No
-33.525901,-70.797334,74.0,226.0,2,1,No,No,No,No,2245.44,MAIPU,4336.496246,No metro,No
-33.54343927,-70.78442631,114.0,130.0,4,4,Si,Si,Si,Si,2838.0,MAIPU,4326.457359,No metro,No
-33.54343927,-70.78442631,114.0,130.0,4,4,Si,Si,Si,Si,2838.0,MAIPU,4326.457359,No metro,No
-33.54340122,-70.78438696,114.0,140.0,4,4,Si,Si,Si,Si,2937.0,MAIPU,4321.019453,No metro,No
-33.54340122,-70.78438696,114.0,140.0,4,4,Si,Si,Si,Si,2937.0,MAIPU,4321.019453,No metro,No
-33.4754664,-70.5214965,140.0,422.0,3,3,Si,Si,Si,Si,11300.0,PENALOLEN,4310.136495,No metro,No
-33.5215333,-70.7985194,76.0,120.0,3,2,Si,Si,Si,Si,2316.6,MAIPU,4309.948187,No metro,No
-33.52617703,-70.79685721,76.0,130.0,3,1,Si,Si,Si,Si,1954.953,MAIPU,4302.496926,No metro,No
-33.6297508,-70.6136942,67.0,80.0,4,2,,Si,Si,Si,982.86,PUENTE ALTO,4284.279183,No metro,No
-33.6297508,-70.6136942,67.0,80.0,4,2,Si,Si,Si,Si,1009.79,PUENTE ALTO,4284.279183,No metro,No
-33.560863,-70.54199,115.0,180.0,3,2,Si,Si,Si,Si,3195.0,PUENTE ALTO,4276.867735,No metro,No
-33.540093,-70.78735,61.0,189.0,4,1,,No,No,No,1477.1,MAIPU,4275.555114,No metro,No
-33.5251807,-70.7969499,65.0,176.0,2,1,Si,Si,Si,Si,2310.396,MAIPU,4274.652148,No metro,No
-33.391723,-70.505361,139.0,413.0,5,4,No,No,No,No,12640.00001,LAS CONDES,4269.930975,No metro,No
-33.5498861,-70.7721801,,200.0,3,1,No,No,No,No,1965.37,MAIPU,4269.59428,No metro,No
-33.5105147,-70.7996659,50.0,110.0,3,1,No,No,No,No,844.87,MAIPU,4267.223761,No metro,No
-33.5187494,-70.5488732,110.0,140.0,4,3,Si,Si,Si,Si,6250.0,LA FLORIDA,4227.79824,No metro,No
-33.521792,-70.797478,91.0,226.0,4,2,No,No,No,No,2256.06,MAIPU,4216.884018,No metro,No
-33.395239,-70.721971,70.0,232.0,3,1,No,No,No,No,1019.68,RENCA,4216.155747,No metro,No
-33.51760476,-70.54887772,117.0,138.0,4,3,Si,Si,Si,Si,6550.0,LA FLORIDA,4189.109408,No metro,No
-33.5470537,-70.7763286,116.0,156.0,4,3,Si,Si,Si,Si,2541.4356,MAIPU,4181.023611,No metro,No
-33.550532,-70.766931,51.0,151.0,3,2,No,No,No,No,1436.43,MAIPU,4175.006535,No metro,No
-33.5464231,-70.7771661,96.0,123.0,3,3,Si,Si,Si,Si,2046.1782,MAIPU,4165.116142,No metro,No
-33.5506777,-70.7657941,92.0,120.0,4,3,Si,Si,Si,Si,2434.7994,MAIPU,4163.664683,No metro,No
-33.4963698,-70.5395999,226.0,360.0,4,3,Si,Si,Si,Si,13300.0,PENALOLEN,4159.988895,No metro,No
-33.5491185,-70.7710052,80.0,138.0,3,2,Si,Si,Si,Si,2397.4764,MAIPU,4156.890152,No metro,No
-33.5765317,-70.5405185,74.0,169.0,3,3,Si,Si,Si,Si,1952.255,PUENTE ALTO,4150.361549,No metro,No
-33.5765317,-70.5405185,74.0,169.0,3,3,Si,Si,Si,Si,1954.52,PUENTE ALTO,4150.361549,No metro,No
-33.5169043,-70.5489784,138.0,117.0,4,3,Si,Si,Si,Si,6290.0,LA FLORIDA,4149.154162,No metro,No
-33.524397,-70.795869,40.0,60.0,3,1,Si,Si,Si,Si,1254.0,MAIPU,4145.905739,No metro,No
-33.524397,-70.795869,40.0,60.0,3,1,,Si,Si,Si,1254.0,MAIPU,4145.905739,No metro,No
-33.3647363,-70.7320429,60.0,101.0,3,1,Si,Si,Si,Si,1974.96,QUILICURA,4143.893791,No metro,No
-33.50949,-70.54526,132.0,166.0,4,3,Si,Si,Si,Si,7100.0,PENALOLEN,4117.39475,No metro,No
-33.508486,-70.5447023,108.0,155.0,3,3,Si,Si,Si,Si,7680.0,PENALOLEN,4113.909185,No metro,No
-33.55008626,-70.76615782,88.0,124.0,3,2,Si,Si,Si,Si,2579.9664,MAIPU,4113.820954,No metro,No
-33.4621078,-70.5180568,162.0,422.0,4,1,Si,Si,Si,Si,13700.0,PENALOLEN,4102.130116,No metro,No
-33.5750846,-70.5413236,,120.0,3,3,Si,Si,Si,Si,2450.0,PUENTE ALTO,4094.064595,No metro,No
-33.5085244,-70.5450341,120.0,280.0,4,3,Si,Si,Si,Si,8300.0,PENALOLEN,4087.139864,No metro,No
-33.5085244,-70.5450341,120.0,280.0,4,3,,Si,Si,Si,8300.0,PENALOLEN,4087.139864,No metro,No
-33.5085244,-70.5450341,120.0,280.0,4,3,Si,Si,Si,Si,8300.0,PENALOLEN,4087.139864,No metro,No
-33.577686,-70.540852,69.0,206.0,3,2,No,No,No,No,2729.999995,PUENTE ALTO,4083.265067,No metro,No
-33.5916748,-70.6205033,48.0,102.0,2,1,Si,Si,Si,Si,1204.48,LA PINTANA,4067.844049,No metro,No
-33.5916748,-70.6205033,48.0,102.0,2,1,Si,Si,Si,Si,1203.67,LA PINTANA,4067.844049,No metro,No
-33.5916748,-70.6205033,48.0,102.0,2,1,Si,Si,Si,Si,1205.95,LA PINTANA,4067.844049,No metro,No
-33.5915131,-70.5380426,95.0,203.0,3,2,Si,Si,Si,Si,1945.0,PUENTE ALTO,4067.167327,No metro,No
-33.5077819,-70.5448624,120.0,280.0,4,3,Si,Si,Si,Si,8300.0,PENALOLEN,4065.192606,No metro,No
-33.5077819,-70.5448624,120.0,280.0,4,3,Si,Si,Si,Si,8300.0,PENALOLEN,4065.192606,No metro,No
-33.5115241,-70.5473193,104.0,150.0,4,3,Si,Si,Si,Si,6750.0,PENALOLEN,4058.279823,No metro,No
-33.5099023,-70.5463846,105.0,155.0,4,3,Si,Si,Si,Si,6590.0,PENALOLEN,4044.289123,No metro,No
-33.573089,-70.683209,108.0,279.0,5,1,No,No,No,No,1332.99,EL BOSQUE,4036.293925,No metro,No
-33.3795497,-70.7284337,77.0,128.0,3,2,Si,Si,Si,Si,3528.0,QUILICURA,4034.787114,No metro,No
-33.3795497,-70.7284337,77.0,128.0,3,2,Si,Si,Si,Si,3528.0,QUILICURA,4034.787114,No metro,No
-33.549474,-70.764567,82.0,82.0,3,3,Si,Si,Si,Si,1709.4,MAIPU,4021.196276,No metro,No
-33.6144034,-70.5359926,60.0,108.0,3,2,,Si,Si,Si,1009.79,PUENTE ALTO,4019.85532,No metro,No
-33.6144375,-70.5361321,65.0,110.0,3,1,Si,Si,Si,Si,1319.455,PUENTE ALTO,4006.419228,No metro,No
-33.4092666,-70.7592424,100.0,166.0,3,3,Si,Si,Si,Si,4800.0,RENCA,4004.483035,No metro,No
-33.5431474,-70.7793975,90.0,165.0,4,3,Si,Si,Si,Si,2843.5638,MAIPU,4002.239984,No metro,No
-33.6144693,-70.5363791,60.0,90.0,3,1,Si,Si,Si,Si,1319.455,PUENTE ALTO,3982.29268,No metro,No
-33.54938,-70.76202,73.0,124.0,3,2,Si,Si,Si,Si,2132.6712,MAIPU,3971.790188,No metro,No
-33.379842,-70.727639,89.0,236.0,3,3,,No,No,No,2411.36,QUILICURA,3970.850977,No metro,No
-33.3518546,-70.7277396,60.0,156.0,3,2,No,No,No,No,1388.29,QUILICURA,3955.666668,No metro,No
-33.3576747,-70.7292718,89.0,86.0,4,1,Si,Si,Si,Si,1706.1408,QUILICURA,3944.480671,No metro,No
-33.510369,-70.5479052,174.0,282.0,4,3,Si,Si,Si,Si,9500.0,PENALOLEN,3943.894042,No metro,No
-33.49321183,-70.54126614,220.0,360.0,4,3,Si,Si,Si,Si,12780.0,PENALOLEN,3942.33661,No metro,No
-33.49321183,-70.54126614,220.0,360.0,4,3,Si,Si,Si,Si,12990.0,PENALOLEN,3942.33661,No metro,No
-33.5765122,-70.5427534,137.0,177.0,3,2,Si,Si,Si,Si,2250.0,PUENTE ALTO,3939.742643,No metro,No
-33.5083906,-70.5466719,120.0,181.0,3,3,Si,Si,Si,Si,7200.0,PENALOLEN,3939.585307,No metro,No
-33.5083906,-70.5466719,120.0,181.0,3,3,Si,Si,Si,Si,7200.0,PENALOLEN,3939.585307,No metro,No
-33.5381798,-70.5497106,121.0,243.0,4,3,Si,Si,Si,Si,7990.0,LA FLORIDA,3935.241434,No metro,No
-33.5167388,-70.7956863,79.0,82.0,4,2,Si,Si,Si,Si,1332.9228,MAIPU,3927.505309,No metro,No
-33.5087422,-70.5471347,105.0,155.0,3,3,Si,Si,Si,Si,7100.0,PENALOLEN,3918.683262,No metro,No
-33.380406,-70.726813,104.0,253.0,3,3,No,No,No,No,2074.41,QUILICURA,3915.065312,No metro,No
-33.379256,-70.727259,89.0,236.0,3,3,No,No,No,No,2881.91785,QUILICURA,3914.464765,No metro,No
-33.3521923,-70.7274174,91.0,183.0,3,3,Si,Si,Si,Si,3858.1992,QUILICURA,3913.829276,No metro,No
-33.5261858,-70.5545249,125.0,287.0,3,3,Si,Si,Si,Si,8670.0,LA FLORIDA,3913.466759,No metro,No
-33.6308426,-70.6086723,74.0,74.0,3,1,Si,Si,Si,Si,1346.385,PUENTE ALTO,3906.887499,No metro,No
-33.6308426,-70.6086723,74.0,74.0,3,1,Si,Si,Si,Si,1346.385,PUENTE ALTO,3906.887499,No metro,No
-33.6308426,-70.6086723,74.0,74.0,3,1,Si,Si,Si,Si,1347.945,PUENTE ALTO,3906.887499,No metro,No
-33.5030972,-70.7956562,50.0,60.0,3,2,Si,Si,Si,Si,1457.3262,MAIPU,3904.713632,No metro,No
-33.5030972,-70.7956562,50.0,60.0,3,2,,Si,Si,Si,1457.3262,MAIPU,3904.713632,No metro,No
-33.5030972,-70.7956562,50.0,60.0,3,2,Si,Si,Si,Si,1457.3262,MAIPU,3904.713632,No metro,No
-33.5762299,-70.6678414,44.0,110.0,2,1,No,No,No,No,415.59,EL BOSQUE,3900.428214,No metro,No
-33.351386,-70.726957,118.0,275.0,5,2,No,No,No,No,2500.0,QUILICURA,3899.021303,No metro,No
-33.351394,-70.726869,106.0,280.0,4,3,No,No,No,No,2600.0,QUILICURA,3890.52927,No metro,No
-33.49614481,-70.54231047,,364.0,5,4,Si,Si,Si,Si,11950.0,PENALOLEN,3890.151242,No metro,No
-33.533317,-70.787921,46.0,168.0,2,1,,No,No,No,1500.0,MAIPU,3874.096891,No metro,No
-33.548562,-70.760339,52.0,122.0,3,1,No,No,No,No,1545.88,MAIPU,3872.547643,No metro,No
-33.4369513,-70.7789205,73.0,178.0,3,3,No,No,No,No,2215.46,PUDAHUEL,3870.140621,No metro,No
-33.508361,-70.547487,125.0,240.0,3,3,Si,Si,Si,Si,8100.0,PENALOLEN,3868.607549,No metro,No
-33.533569,-70.5517092,,419.0,4,2,No,No,No,No,4950.000014,LA FLORIDA,3862.225323,No metro,No
-33.548355,-70.7611773,100.0,110.0,3,2,Si,Si,Si,Si,2046.0,MAIPU,3860.102051,No metro,No
-33.5191907,-70.7944603,56.0,120.0,3,1,Si,Si,Si,Si,957.0,MAIPU,3857.87172,No metro,No
-33.4063683,-70.7282002,80.0,120.0,3,3,Si,Si,Si,Si,3769.88,RENCA,3851.012472,No metro,No
-33.4063683,-70.7282002,80.0,120.0,3,3,Si,Si,Si,Si,3769.88,RENCA,3851.012472,No metro,No
-33.4063683,-70.7282002,80.0,120.0,3,3,Si,Si,Si,Si,3774.25,RENCA,3851.012472,No metro,No
-33.5102291,-70.7954965,51.0,180.0,2,1,No,No,No,No,1126.51,MAIPU,3850.02994,No metro,No
-33.3555928,-70.727645,107.0,245.0,4,2,No,No,No,No,2120.65,QUILICURA,3833.627222,No metro,No
-33.6129677,-70.5377204,85.0,155.0,4,2,,Si,Si,Si,1480.89,PUENTE ALTO,3833.013248,No metro,No
-33.63057962,-70.60794252,92.0,98.0,3,1,Si,Si,Si,Si,767.44,PUENTE ALTO,3831.395515,No metro,No
-33.380584,-70.725822,94.0,178.0,3,3,Si,Si,Si,Si,3096.0,QUILICURA,3830.589481,No metro,No
-33.380584,-70.725822,76.0,128.0,3,3,,Si,Si,Si,3096.0,QUILICURA,3830.589481,No metro,No
-33.5911867,-70.540593,68.0,95.0,3,2,,Si,Si,Si,1811.5,PUENTE ALTO,3829.301798,No metro,No
-33.54726,-70.765465,54.0,120.0,2,2,Si,Si,Si,Si,1260.6,MAIPU,3822.866549,No metro,No
-33.54726,-70.765465,80.0,125.0,3,3,Si,Si,Si,Si,2211.0,MAIPU,3822.866549,No metro,No
-33.54726,-70.765465,42.0,136.0,3,1,,Si,Si,Si,1601.358,MAIPU,3822.866549,No metro,No
-33.5912339,-70.5407506,90.0,260.0,3,3,Si,Si,Si,Si,2500.0,PUENTE ALTO,3812.852357,No metro,No
-33.5286106,-70.7901621,85.0,160.0,3,2,Si,Si,Si,Si,2754.7014,MAIPU,3803.926727,No metro,No
-33.407429,-70.747026,56.0,246.0,2,1,No,No,No,No,1500.0,RENCA,3798.554854,No metro,No
-33.52861512,-70.79009414,85.0,160.0,3,2,Si,Si,Si,Si,3021.2886,MAIPU,3798.224723,No metro,No
-33.48086,-70.53276,180.0,400.0,4,4,Si,Si,Si,Si,12000.0,PENALOLEN,3797.208051,No metro,No
-33.614395,-70.5383193,81.0,191.0,3,2,No,No,No,No,1487.91,PUENTE ALTO,3788.866656,No metro,No
-33.5459592,-70.7686612,47.0,75.0,2,1,Si,Si,Si,Si,1510.641,MAIPU,3782.174556,No metro,No
-33.5459592,-70.7686612,47.0,75.0,2,1,Si,Si,Si,Si,1510.641,MAIPU,3782.174556,No metro,No
-33.4341464,-70.7772197,,199.0,3,2,No,No,No,No,2077.94,PUDAHUEL,3774.354472,No metro,No
-33.5380919,-70.5514498,139.0,299.0,5,3,Si,Si,Si,Si,9500.0,LA FLORIDA,3766.767989,No metro,No
-33.4855776,-70.5403046,200.0,400.0,5,4,Si,Si,Si,Si,10340.0,PENALOLEN,3754.759681,No metro,No
-33.624549,-70.61033,50.0,111.25,2,1,,No,No,No,472.29,PUENTE ALTO,3754.564589,No metro,No
-33.536268,-70.5521244,108.0,277.0,4,2,Si,Si,Si,Si,9280.0,LA FLORIDA,3743.980833,No metro,No
-33.5621706,-70.5472043,116.0,209.0,4,3,Si,Si,Si,Si,2750.0,PUENTE ALTO,3739.879091,No metro,No
-33.5326177,-70.7867111,84.0,236.0,4,2,No,No,No,No,1993.89,MAIPU,3735.435618,No metro,No
-33.530018,-70.788472,118.0,294.0,4,2,No,No,No,No,2309.34,MAIPU,3731.162009,No metro,No
-33.6307343,-70.6065779,56.0,94.0,3,1,Si,Si,Si,Si,1140.0,PUENTE ALTO,3726.783928,No metro,No
-33.379419,-70.7250536,90.0,52.0,2,1,Si,Si,Si,Si,1607.76,QUILICURA,3714.877193,No metro,No
-33.4646077,-70.5228384,150.31,260.0,4,4,Si,Si,Si,Si,13000.0,PENALOLEN,3713.652305,No metro,No
-33.6263088,-70.6090419,43.0,68.0,2,1,Si,Si,Si,Si,807.83,PUENTE ALTO,3712.733584,No metro,No
-33.45581884,-70.5209852,140.0,280.0,3,3,Si,Si,Si,Si,10990.0,LA REINA,3708.814351,No metro,No
-33.3562622,-70.7265212,84.0,224.0,4,3,No,No,No,No,2266.9,QUILICURA,3707.93664,No metro,No
-33.6205445,-70.6110853,,80.0,3,2,Si,Si,Si,Si,900.0,PUENTE ALTO,3685.589785,No metro,No
-33.433695,-70.776136,59.0,172.0,3,1,Si,Si,Si,Si,4039.15,PUDAHUEL,3684.17141,No metro,No
-33.5225158,-70.79148134,98.0,134.0,3,2,Si,Si,Si,Si,2381.4846,MAIPU,3669.183215,No metro,No
-33.5586095,-70.5488274,130.0,220.0,5,3,Si,Si,Si,Si,3250.0,PUENTE ALTO,3655.642024,No metro,No
-33.5586095,-70.5488274,130.0,220.0,5,3,Si,Si,Si,Si,3250.0,PUENTE ALTO,3655.642024,No metro,No
-33.5079433,-70.5497511,140.0,340.0,4,3,Si,Si,Si,Si,9200.0,PENALOLEN,3655.277091,No metro,No
-33.5079433,-70.5497511,140.0,340.0,4,3,Si,Si,Si,Si,9200.0,PENALOLEN,3655.277091,No metro,No
-33.5363768,-70.5531259,126.0,353.0,4,2,Si,Si,Si,Si,9350.0,LA FLORIDA,3644.472226,No metro,No
-33.44005343,-70.52364406,145.0,285.0,4,4,Si,Si,Si,Si,13250.0,LA REINA,3643.476522,No metro,No
-33.5930932,-70.5420198,97.0,137.0,3,3,Si,Si,Si,Si,2154.215,PUENTE ALTO,3643.130526,No metro,No
-33.5078924,-70.5498706,112.0,198.0,4,3,Si,Si,Si,Si,8350.0,PENALOLEN,3642.491853,No metro,No
-33.46456173,-70.52363497,140.0,368.0,4,3,Si,Si,Si,Si,12000.0,PENALOLEN,3636.965321,No metro,No
-33.351971,-70.724359,120.0,135.0,4,2,Si,Si,Si,Si,3672.0,QUILICURA,3635.878635,No metro,No
-33.5913143,-70.5426121,57.19,111.61,3,2,Si,Si,Si,Si,1561.805,PUENTE ALTO,3631.750598,No metro,No
-33.52474955,-70.79012779,91.0,166.0,3,2,Si,Si,Si,Si,2310.396,MAIPU,3627.33938,No metro,No
-33.5080507,-70.5501695,140.0,120.0,3,3,Si,Si,Si,Si,6600.0,PENALOLEN,3626.29466,No metro,No
-33.5080507,-70.5501695,140.0,120.0,3,3,Si,Si,Si,Si,6600.0,PENALOLEN,3626.29466,No metro,No
-33.46618294,-70.52438335,160.0,160.0,4,3,Si,Si,Si,Si,11900.0,PENALOLEN,3624.922741,No metro,No
-33.511528,-70.552475,109.0,166.0,4,3,Si,Si,Si,Si,7150.0,PENALOLEN,3615.659006,No metro,No
-33.5391855,-70.7782939,80.0,195.0,3,2,Si,Si,Si,Si,2665.839,MAIPU,3614.499647,No metro,No
-33.5391855,-70.7782939,110.0,100.0,3,1,Si,Si,Si,Si,2132.6712,MAIPU,3614.499647,No metro,No
-33.44044522,-70.52382731,160.0,249.0,5,4,Si,Si,Si,Si,15000.0,LA REINA,3613.074149,No metro,No
-33.473982,-70.5289337,98.0,180.0,5,2,Si,Si,Si,Si,7027.0,PENALOLEN,3612.59035,No metro,No
-33.5366832,-70.5534038,108.0,252.0,4,3,Si,Si,Si,Si,8890.0,LA FLORIDA,3609.65534,No metro,No
-33.557387,-70.5496525,80.0,124.0,3,2,,Si,Si,Si,1875.0,PUENTE ALTO,3584.957816,No metro,No
-33.4391333,-70.5246735,160.0,320.0,4,3,Si,Si,Si,Si,14990.0,LA REINA,3579.925946,No metro,No
-33.4837098,-70.5406004,186.0,505.0,4,3,Si,Si,Si,Si,10490.0,PENALOLEN,3576.456301,No metro,No
-33.4837262,-70.5406536,170.0,505.0,4,3,Si,Si,Si,Si,10490.0,PENALOLEN,3575.319544,No metro,No
-33.5974924,-70.541962,83.0,144.0,3,3,Si,Si,Si,Si,2221.535,PUENTE ALTO,3572.206275,No metro,No
-33.4650105,-70.5244906,166.8,292.0,4,3,Si,Si,Si,Si,12800.0,PENALOLEN,3572.002882,No metro,No
-33.5950257,-70.5423605,92.0,120.0,3,3,Si,Si,Si,Si,1871.475,PUENTE ALTO,3569.546667,No metro,No
-33.5454116,-70.7609972,58.0,87.0,2,1,Si,Si,Si,Si,1438.8,MAIPU,3565.570104,No metro,No
-33.338578,-70.66728,140.0,320.0,3,2,No,No,No,No,6227.45,HUECHURABA,3562.484589,No metro,No
-33.338578,-70.66728,140.0,320.0,3,2,No,No,No,No,6170.92,HUECHURABA,3562.484589,No metro,No
-33.6099568,-70.5403183,80.0,150.0,3,3,Si,Si,Si,Si,1900.0,PUENTE ALTO,3558.375909,No metro,No
-33.593723,-70.542778,90.0,234.0,3,3,No,No,No,No,3218.89,PUENTE ALTO,3554.998577,No metro,No
-33.5578544,-70.5499057,76.0,155.0,3,3,Si,Si,Si,Si,2154.215,PUENTE ALTO,3554.845994,No metro,No
-33.527557,-70.787879,77.0,207.0,3,3,No,No,No,No,2342.0,MAIPU,3553.327595,No metro,No
-33.5147288,-70.7922054,96.0,111.0,2,1,Si,Si,Si,Si,1652.8182,MAIPU,3552.707468,No metro,No
-33.6040147,-70.5408243,88.0,132.0,3,2,Si,Si,Si,Si,1992.65,PUENTE ALTO,3551.352625,No metro,No
-33.5933255,-70.5429481,80.0,128.0,3,2,Si,Si,Si,Si,1875.0,PUENTE ALTO,3547.44324,No metro,No
-33.50847474,-70.55147425,120.0,257.0,4,3,Si,Si,Si,Si,9000.0,PENALOLEN,3542.939656,No metro,No
-33.4927525,-70.5452406,200.0,370.0,3,3,Si,Si,Si,Si,11180.0,PENALOLEN,3542.33012,No metro,No
-33.596489,-70.542402,59.0,164.0,3,2,No,No,No,No,1453.2,PUENTE ALTO,3541.510553,No metro,No
-33.535589,-70.781451,,128.0,3,1,Si,Si,Si,Si,1652.8182,MAIPU,3540.858342,No metro,No
-33.5084371,-70.551603,112.0,198.0,4,3,Si,Si,Si,Si,8350.0,PENALOLEN,3530.272267,No metro,No
-33.5697427,-70.6784478,132.0,135.0,3,1,Si,Si,Si,Si,2611.99,EL BOSQUE,3528.312326,No metro,No
-33.409914,-70.736857,120.0,85.0,2,1,Si,Si,Si,Si,1938.79,RENCA,3527.8424,No metro,No
-33.50201083,-70.54805542,122.0,122.0,4,3,Si,Si,Si,Si,10500.0,PENALOLEN,3521.84217,No metro,No
-33.5641695,-70.5490769,132.0,258.0,4,4,Si,Si,Si,Si,3500.0,PUENTE ALTO,3520.941148,No metro,No
-33.5641695,-70.5490769,132.0,258.0,3,2,Si,Si,Si,Si,3500.0,PUENTE ALTO,3520.941148,No metro,No
-33.5962195,-70.5427442,92.0,120.0,3,3,Si,Si,Si,Si,1871.475,PUENTE ALTO,3511.657634,No metro,No
-33.4100617,-70.7377031,60.0,75.0,3,1,Si,Si,Si,Si,1777.23,RENCA,3504.079277,No metro,No
-33.54119,-70.77281,90.0,100.0,3,2,Si,Si,Si,Si,1332.9228,MAIPU,3498.646381,No metro,No
-33.516826,-70.705905,126.0,126.0,3,2,Si,Si,Si,Si,3400.0,CERRILLOS,3497.24742,No metro,No
-33.591016,-70.544145,80.0,165.0,3,3,Si,Si,Si,Si,1831.085,PUENTE ALTO,3493.873933,No metro,No
-33.4390808,-70.5256723,184.0,343.0,5,3,Si,Si,Si,Si,14300.0,LA REINA,3489.376604,No metro,No
-33.5678116,-70.5485648,90.0,120.0,3,2,Si,Si,Si,Si,2100.0,PUENTE ALTO,3487.417155,No metro,No
-33.511415,-70.791831,67.0,159.0,2,1,No,No,No,No,1255.000014,MAIPU,3486.350401,No metro,No
-33.339185,-70.66775,139.0,327.0,3,2,No,No,No,No,4254.74,HUECHURABA,3485.834973,No metro,No
-33.439309,-70.525632,184.0,343.0,4,4,Si,Si,Si,Si,14300.0,LA REINA,3484.452452,No metro,No
-33.439309,-70.525632,,343.0,4,4,Si,Si,Si,Si,14300.0,LA REINA,3484.452452,No metro,No
-33.5623041,-70.5498576,100.0,145.0,4,3,Si,Si,Si,Si,2086.895,PUENTE ALTO,3477.232172,No metro,No
-33.5677064,-70.5488044,90.0,120.0,3,2,Si,Si,Si,Si,2100.0,PUENTE ALTO,3467.087024,No metro,No
-33.5357429,-70.5552292,125.0,364.0,5,2,Si,Si,Si,Si,8500.0,LA FLORIDA,3460.263835,No metro,No
-33.48547786,-70.54461385,200.0,270.0,5,2,,Si,Si,Si,8600.0,PENALOLEN,3450.752462,No metro,No
-33.606359,-70.54155,86.0,213.0,3,3,No,No,No,No,684.51,PUENTE ALTO,3450.012645,No metro,No
-33.5956672,-70.5435612,83.0,145.0,3,3,Si,Si,Si,Si,2290.0,PUENTE ALTO,3439.989631,No metro,No
-33.542353,-70.5540687,116.0,196.0,3,4,Si,Si,Si,Si,6999.0,LA FLORIDA,3437.996728,No metro,No
-33.62445971,-70.60688221,,80.0,3,1,Si,Si,Si,Si,970.52,PUENTE ALTO,3437.269011,No metro,No
-33.5564934,-70.5512569,80.0,178.0,3,2,Si,Si,Si,Si,1817.62,PUENTE ALTO,3437.153102,No metro,No
-33.5623562,-70.5502716,70.0,189.0,3,2,Si,Si,Si,Si,2325.0,PUENTE ALTO,3435.646215,No metro,No
-33.5623562,-70.5502716,70.0,189.0,3,2,Si,Si,Si,Si,2325.0,PUENTE ALTO,3435.646215,No metro,No
-33.3544912,-70.7231344,,110.0,3,3,Si,Si,Si,Si,2617.3728,QUILICURA,3433.606304,No metro,No
-33.607023,-70.541675,77.0,196.0,3,2,No,No,No,No,1571.52,PUENTE ALTO,3431.993919,No metro,No
-33.60547,-70.541956,76.0,248.0,3,2,No,No,No,No,3089.999997,PUENTE ALTO,3419.1197,No metro,No
-33.6045372,-70.5421674,90.0,120.0,3,3,Si,Si,Si,Si,1817.62,PUENTE ALTO,3410.656325,No metro,No
-33.532422,-70.557005,101.0,252.0,3,2,No,No,No,No,3516.849768,LA FLORIDA,3409.061853,No metro,No
-33.59607877,-70.54394176,74.0,123.0,3,2,Si,Si,Si,Si,2019.575,PUENTE ALTO,3395.600661,No metro,No
-33.542295,-70.554527,,174.0,3,3,Si,Si,Si,Si,5990.0,LA FLORIDA,3395.520574,No metro,No
-33.5938338,-70.5444678,104.0,208.0,3,3,Si,Si,Si,Si,2300.0,PUENTE ALTO,3387.848424,No metro,No
-33.543469,-70.554285,97.0,371.0,4,2,Si,Si,Si,Si,7250.0,LA FLORIDA,3382.4886,No metro,No
-33.5566971,-70.5519416,80.0,124.0,3,2,Si,Si,Si,Si,1817.62,PUENTE ALTO,3366.495939,No metro,No
-33.3416012,-70.6669215,100.0,133.0,3,2,Si,Si,Si,Si,4050.0,HUECHURABA,3365.033509,No metro,No
-33.4812381,-70.5405846,115.0,256.0,4,3,Si,Si,Si,Si,8190.0,PENALOLEN,3363.135286,No metro,No
-33.4812381,-70.5405846,115.0,256.0,4,3,Si,Si,Si,Si,8190.0,PENALOLEN,3363.135286,No metro,No
-33.553965,-70.552485,80.0,276.0,3,2,No,No,No,No,2361.45,PUENTE ALTO,3362.285867,No metro,No
-33.5069246,-70.5526388,170.0,363.0,4,4,Si,Si,Si,Si,9671.0,PENALOLEN,3358.671643,No metro,No
-33.58821175,-70.5464081,80.0,130.0,3,3,Si,Si,Si,Si,1992.65,PUENTE ALTO,3349.773807,No metro,No
-33.605024,-70.542737,86.0,204.0,3,2,No,No,No,No,2373.82,PUENTE ALTO,3347.367726,No metro,No
-33.384145,-70.718389,,130.0,3,2,Si,Si,Si,Si,3636.0,QUILICURA,3345.524337,No metro,No
-33.5930194,-70.5451199,89.0,155.0,3,3,Si,Si,Si,Si,2400.0,PUENTE ALTO,3344.299115,No metro,No
-33.5930194,-70.5451199,89.0,155.0,3,3,Si,Si,Si,Si,2400.0,PUENTE ALTO,3344.299115,No metro,No
-33.4821889,-70.5427036,140.0,300.0,5,4,,Si,Si,Si,9990.0,PENALOLEN,3343.371904,No metro,No
-33.5101256,-70.5549346,124.0,454.0,4,3,No,No,No,No,4387.54,PENALOLEN,3336.44583,No metro,No
-33.52571,-70.786296,52.0,193.0,2,1,No,No,No,No,1373.999998,MAIPU,3325.406504,No metro,No
-33.5104126,-70.5551951,112.0,246.0,3,3,Si,Si,Si,Si,6990.0,PENALOLEN,3321.820843,No metro,No
-33.5104126,-70.5551951,112.0,246.0,3,3,Si,Si,Si,Si,7200.0,PENALOLEN,3321.820843,No metro,No
-33.3590509,-70.7230383,126.0,173.0,3,3,Si,Si,Si,Si,3780.648,QUILICURA,3306.237554,No metro,No
-33.4828926,-70.5451555,172.0,180.0,5,4,Si,Si,Si,Si,9300.0,PENALOLEN,3303.964403,No metro,No
-33.4811,-70.54153,140.0,300.0,5,4,Si,Si,Si,Si,9800.0,PENALOLEN,3303.404695,No metro,No
-33.501549,-70.789772,67.0,66.0,3,1,Si,Si,Si,Si,1599.5034,MAIPU,3299.854354,No metro,No
-33.5696294,-70.5500475,73.0,204.0,3,2,Si,Si,Si,Si,2652.375,PUENTE ALTO,3299.548186,No metro,No
-33.442059,-70.773856,68.0,177.0,3,1,No,No,No,No,2180.01,PUDAHUEL,3292.944728,No metro,No
-33.5518387,-70.5537701,88.0,198.0,3,2,Si,Si,Si,Si,2690.5,PUENTE ALTO,3283.501188,No metro,No
-33.47149,-70.53121,140.0,305.0,4,4,Si,Si,Si,Si,10900.0,PENALOLEN,3281.8336,No metro,No
-33.47149,-70.53121,140.0,420.0,5,3,,Si,Si,Si,12500.0,PENALOLEN,3281.8336,No metro,No
-33.58779861,-70.5471568,110.0,154.0,3,3,Si,Si,Si,Si,2250.0,PUENTE ALTO,3277.139523,No metro,No
-33.58779861,-70.5471568,110.0,154.0,3,3,Si,Si,Si,Si,2250.0,PUENTE ALTO,3277.139523,No metro,No
-33.519409,-70.558922,74.0,169.0,3,2,No,No,No,No,2433.78,LA FLORIDA,3276.225421,No metro,No
-33.5929171,-70.5459798,73.0,184.0,3,2,No,No,No,No,1725.98,PUENTE ALTO,3263.943505,No metro,No
-33.537318,-70.774814,62.0,135.0,2,1,No,No,No,No,1271.95,MAIPU,3263.061535,No metro,No
-33.5394631,-70.5563664,132.0,144.0,5,3,Si,Si,Si,Si,5385.54,LA FLORIDA,3257.437517,No metro,No
-33.536208,-70.5572462,91.0,140.0,3,2,Si,Si,Si,Si,4798.68,LA FLORIDA,3253.871686,No metro,No
-33.5414452,-70.5560782,114.0,152.0,4,3,Si,Si,Si,Si,5989.0,LA FLORIDA,3252.136517,No metro,No
-33.50572033,-70.71920071,81.0,189.0,3,1,,Si,Si,Si,4039.15,CERRILLOS,3250.567499,No metro,No
-33.5360604,-70.776363,84.0,102.0,4,2,Si,Si,Si,Si,2132.6712,MAIPU,3248.348904,No metro,No
-33.48117904,-70.5430246,172.0,244.0,5,5,Si,Si,Si,Si,9500.0,PENALOLEN,3238.886117,No metro,No
-33.48117904,-70.5430246,172.0,244.0,5,5,Si,Si,Si,Si,9500.0,PENALOLEN,3238.886117,No metro,No
-33.514965,-70.702389,70.0,194.0,3,2,No,No,No,No,2494.27,CERRILLOS,3227.609718,No metro,No
-33.53149552,-70.5595126,118.0,173.0,4,4,Si,Si,Si,Si,6390.0,LA FLORIDA,3221.172016,No metro,No
-33.5298494,-70.5604561,118.0,292.0,4,4,No,No,No,No,3875.66,LA FLORIDA,3216.54305,No metro,No
-33.5335578,-70.5587358,125.0,178.0,4,3,Si,Si,Si,Si,5900.0,LA FLORIDA,3205.275337,No metro,No
-33.5949967,-70.5461057,137.0,137.0,3,2,Si,Si,Si,Si,2275.39,PUENTE ALTO,3202.716306,No metro,No
-33.5949967,-70.5461057,137.0,137.0,3,2,Si,Si,Si,Si,2275.39,PUENTE ALTO,3202.716306,No metro,No
-33.5949967,-70.5461057,137.0,137.0,3,2,Si,Si,Si,Si,2278.025,PUENTE ALTO,3202.716306,No metro,No
-33.442123,-70.772926,74.0,209.0,3,1,No,No,No,No,1526.91,PUDAHUEL,3199.742005,No metro,No
-33.5113341,-70.7888776,77.0,61.0,3,1,Si,Si,Si,Si,1030.7946,MAIPU,3190.930172,No metro,No
-33.5113341,-70.7888776,77.0,61.0,3,1,Si,Si,Si,Si,1030.7946,MAIPU,3190.930172,No metro,No
-33.5304205,-70.7814173,112.0,239.0,4,2,No,No,No,No,1316.26,MAIPU,3184.531696,No metro,No
-33.5041345,-70.5530202,173.0,471.0,5,3,No,No,No,No,7775.78,PENALOLEN,3176.215043,No metro,No
-33.483679,-70.547199,165.0,270.0,4,4,,Si,Si,Si,8900.0,PENALOLEN,3169.585514,No metro,No
-33.4495733,-70.5264236,140.0,242.0,3,3,Si,Si,Si,Si,13000.0,LA REINA,3162.152547,No metro,No
-33.432516,-70.525167,140.0,370.0,3,3,Si,Si,Si,Si,14900.0,LA REINA,3154.928773,No metro,No
-33.3687902,-70.7218673,86.0,116.0,3,1,Si,Si,Si,Si,2640.4056,QUILICURA,3142.899467,No metro,No
-33.58940171,-70.54869533,59.0,117.0,3,1,Si,Si,Si,Si,1600.0,PUENTE ALTO,3117.826422,No metro,No
-33.58940171,-70.54869533,59.0,117.0,3,1,Si,Si,Si,Si,1600.0,PUENTE ALTO,3117.826422,No metro,No
-33.348704,-70.6645563,140.0,323.0,4,4,Si,Si,Si,Si,10500.0,HUECHURABA,3099.924206,No metro,No
-33.4843517,-70.5480424,85.0,265.0,3,1,No,No,No,No,4490.05,PENALOLEN,3094.754217,No metro,No
-33.4893425,-70.5492097,,260.0,4,3,Si,Si,Si,Si,7990.0,PENALOLEN,3093.022408,No metro,No
-33.4893425,-70.5492097,120.0,260.0,4,3,Si,Si,Si,Si,7990.0,PENALOLEN,3093.022408,No metro,No
-33.5001788,-70.7878472,73.0,119.0,3,2,Si,Si,Si,Si,2237.4,MAIPU,3092.162126,No metro,No
-33.5001788,-70.7878472,73.0,119.0,3,2,Si,Si,Si,Si,2237.4,MAIPU,3092.162126,No metro,No
-33.5896471,-70.5489258,90.0,190.0,3,3,Si,Si,Si,Si,1950.0,PUENTE ALTO,3091.770988,No metro,No
-33.5896471,-70.5489258,80.0,130.0,3,3,Si,Si,Si,Si,1992.65,PUENTE ALTO,3091.770988,No metro,No
-33.5896471,-70.5489258,90.0,190.0,3,3,Si,Si,Si,Si,1950.0,PUENTE ALTO,3091.770988,No metro,No
-33.4804973,-70.5450892,181.0,319.0,4,3,Si,Si,Si,Si,10300.0,PENALOLEN,3087.160023,No metro,No
-33.4804973,-70.5450892,,319.0,4,3,Si,Si,Si,Si,10300.0,PENALOLEN,3087.160023,No metro,No
-33.53273,-70.777829,157.6,317.6,5,3,No,No,No,No,3100.0,MAIPU,3084.621897,No metro,No
-33.3563215,-70.7200336,111.0,149.0,4,3,Si,Si,Si,Si,3299.7672,QUILICURA,3082.100344,No metro,No
-33.37719739,-70.54347539,138.0,185.0,5,4,Si,Si,Si,Si,11990.0,VITACURA,3072.087482,No metro,No
-33.3689994,-70.7210622,90.0,120.0,5,2,Si,Si,Si,Si,2160.0,QUILICURA,3065.161304,No metro,No
-33.4320961,-70.5261374,140.0,250.0,4,3,Si,Si,Si,Si,12500.0,LA REINA,3061.905389,No metro,No
-33.5322005,-70.5609906,135.0,151.0,4,4,Si,Si,Si,Si,6250.0,LA FLORIDA,3057.459636,No metro,No
-33.4052999,-70.70239,100.0,180.0,3,1,Si,Si,Si,Si,3096.68,RENCA,3055.525714,No metro,No
-33.5625753,-70.6816606,110.0,172.0,3,1,Si,Si,Si,Si,3228.63,EL BOSQUE,3054.399797,No metro,No
-33.4357884,-70.7701608,75.0,120.0,4,1,Si,Si,Si,Si,2677.0,PUDAHUEL,3051.315149,No metro,No
-33.4357884,-70.7701608,75.0,120.0,4,1,Si,Si,Si,Si,2683.0,PUDAHUEL,3051.315149,No metro,No
-33.364762,-70.7210913,57.0,122.0,3,2,No,No,No,No,1127.72,QUILICURA,3048.923305,No metro,No
-33.585532,-70.549691,54.0,142.0,3,1,No,No,No,No,927.27,PUENTE ALTO,3046.977168,No metro,No
-33.4373123,-70.7704337,65.0,75.0,3,1,Si,Si,Si,Si,2316.0,PUDAHUEL,3035.519485,No metro,No
-33.4998839,-70.7870282,73.0,142.0,3,3,Si,Si,Si,Si,2541.4356,MAIPU,3007.719684,No metro,No
-33.4112557,-70.7080478,101.0,202.0,4,1,Si,Si,Si,Si,4620.0,QUINTA NORMAL,2988.820167,No metro,No
-33.48950419,-70.55036966,170.0,390.0,5,3,Si,Si,Si,Si,11960.0,PENALOLEN,2987.883916,No metro,No
-33.48950419,-70.55036966,170.0,390.0,5,3,Si,Si,Si,Si,11960.0,PENALOLEN,2987.883916,No metro,No
-33.59080487,-70.54961801,59.0,117.0,3,1,Si,Si,Si,Si,1582.0,PUENTE ALTO,2984.317958,No metro,No
-33.52165026,-70.56306558,160.0,219.0,4,4,Si,Si,Si,Si,6900.0,LA FLORIDA,2971.388127,No metro,No
-33.4958306,-70.5517215,140.0,290.0,4,3,Si,Si,Si,Si,9970.0,PENALOLEN,2968.440476,No metro,No
-33.4958306,-70.5517215,140.0,290.0,4,3,Si,Si,Si,Si,9970.0,PENALOLEN,2968.440476,No metro,No
-33.48661734,-70.54976555,140.0,330.0,4,4,Si,Si,Si,Si,11000.0,PENALOLEN,2967.057941,No metro,No
-33.48661734,-70.54976555,140.0,330.0,4,4,Si,Si,Si,Si,11000.0,PENALOLEN,2967.057941,No metro,No
-33.3550531,-70.7182492,74.0,144.0,2,1,No,No,No,No,938.03,QUILICURA,2954.670572,No metro,No
-33.5901375,-70.5502683,60.0,120.0,3,1,Si,Si,Si,Si,1481.025,PUENTE ALTO,2949.001901,No metro,No
-33.4892613,-70.55081,192.0,308.0,5,3,Si,Si,Si,Si,11690.0,PENALOLEN,2938.401267,No metro,No
-33.4892613,-70.55081,192.0,308.0,5,3,Si,Si,Si,Si,11690.0,PENALOLEN,2938.401267,No metro,No
-33.5244018,-70.7825887,137.0,156.0,3,2,Si,Si,Si,Si,2043.8088,MAIPU,2937.506735,No metro,No
-33.5244018,-70.7825887,137.0,156.0,3,2,Si,Si,Si,Si,1670.592,MAIPU,2937.506735,No metro,No
-33.5971094,-70.5484646,60.0,98.0,3,2,Si,Si,Si,Si,1650.0,PUENTE ALTO,2932.737623,No metro,No
-33.5049533,-70.7268981,75.0,216.0,3,2,No,No,No,No,1645.33,CERRILLOS,2931.839219,No metro,No
-33.5383922,-70.5599694,88.0,179.0,3,2,Si,Si,Si,Si,5400.0,LA FLORIDA,2931.232664,No metro,No
-33.351765,-70.664733,155.0,308.0,5,4,Si,Si,Si,Si,9990.0,HUECHURABA,2929.711776,No metro,No
-33.592685,-70.549536,,130.0,3,3,Si,Si,Si,Si,1850.0,PUENTE ALTO,2929.54518,No metro,No
-33.55741587,-70.55626029,60.0,144.0,3,2,Si,Si,Si,Si,1561.805,PUENTE ALTO,2928.844497,No metro,No
-33.518533,-70.7849464,84.0,160.0,3,1,Si,Si,Si,Si,1546.1886,MAIPU,2922.850773,No metro,No
-33.5185708,-70.78492284,84.0,160.0,3,1,Si,Si,Si,Si,1546.1886,MAIPU,2921.707042,No metro,No
-33.5574491,-70.5563771,75.0,168.0,3,2,Si,Si,Si,Si,1676.0,PUENTE ALTO,2916.821614,No metro,No
-33.4968594,-70.5526651,170.0,260.0,3,3,Si,Si,Si,Si,9600.0,PENALOLEN,2907.558786,No metro,No
-33.4968594,-70.5526651,170.0,260.0,3,3,Si,Si,Si,Si,9600.0,PENALOLEN,2907.558786,No metro,No
-33.4968594,-70.5526651,170.0,260.0,3,3,Si,Si,Si,Si,9600.0,PENALOLEN,2907.558786,No metro,No
-33.5093669,-70.7085454,140.0,160.0,3,3,Si,Si,Si,Si,5200.0,CERRILLOS,2901.799871,No metro,No
-33.5792401,-70.5528247,90.55,171.0,2,1,Si,Si,Si,Si,2100.0,PUENTE ALTO,2900.554897,No metro,No
-33.5579393,-70.5565025,70.0,151.0,3,2,Si,Si,Si,Si,2019.575,PUENTE ALTO,2898.154293,No metro,No
-33.5579393,-70.5565025,70.0,151.0,3,2,Si,Si,Si,Si,2019.575,PUENTE ALTO,2898.154293,No metro,No
-33.3547016,-70.7174398,83.0,100.0,3,1,Si,Si,Si,Si,1825.2,QUILICURA,2892.040719,No metro,No
-33.5205359,-70.5635103,74.0,156.0,3,2,No,No,No,No,2552.05,LA FLORIDA,2885.68005,No metro,No
-33.4532434,-70.7686883,100.88,162.0,4,2,Si,Si,Si,Si,4550.0,PUDAHUEL,2885.520833,No metro,No
-33.4532434,-70.7686883,101.0,162.0,4,2,Si,Si,Si,Si,4500.0,PUDAHUEL,2885.520833,No metro,No
-33.4788318,-70.5465066,140.0,240.0,4,4,Si,Si,Si,Si,8500.0,PENALOLEN,2877.392721,No metro,No
-33.4541251,-70.7683143,90.0,284.0,3,2,Si,Si,Si,Si,5260.0,PUDAHUEL,2876.643536,No metro,No
-33.509569,-70.707435,85.0,241.0,3,3,No,No,No,No,2879.13,CERRILLOS,2872.18141,No metro,No
-33.532897,-70.5627712,121.0,240.0,4,4,,Si,Si,Si,6530.0,LA FLORIDA,2867.17948,No metro,No
-33.5002806,-70.7186939,62.0,145.0,3,2,Si,Si,Si,Si,2959.54,CERRILLOS,2863.387487,No metro,No
-33.516544,-70.784851,71.0,71.0,4,1,Si,Si,Si,Si,917.4,MAIPU,2861.674833,No metro,No
-33.5067285,-70.7121082,81.0,190.0,3,3,No,No,No,No,2162.17,CERRILLOS,2859.020893,No metro,No
-33.3991871,-70.704293,50.0,148.0,3,1,No,No,No,No,1473.06,RENCA,2858.748601,No metro,No
-33.47030436,-70.5356743,174.0,80.0,4,2,Si,Si,Si,Si,5383.0,PENALOLEN,2854.286841,No metro,No
-33.5183709,-70.5630744,,180.0,3,2,Si,Si,Si,Si,5350.0,LA FLORIDA,2849.412838,No metro,No
-33.45909,-70.5302322,100.0,220.0,3,2,Si,Si,Si,Si,4227.65,LA REINA,2847.765931,No metro,No
-33.35516,-70.71701,100.0,110.0,3,2,Si,Si,Si,Si,1744.9128,QUILICURA,2835.176892,No metro,No
-33.3561836,-70.6633406,140.0,405.0,4,4,Si,Si,Si,Si,11350.0,HUECHURABA,2835.0549,No metro,No
-33.3804134,-70.5380527,150.0,293.0,3,4,Si,Si,Si,Si,14800.0,VITACURA,2830.895174,No metro,No
-33.4777492,-70.5453287,134.0,247.0,3,3,Si,Si,Si,Si,6499.0,PENALOLEN,2828.755298,No metro,No
-33.4777492,-70.5453287,134.0,247.0,3,3,Si,Si,Si,Si,6499.0,PENALOLEN,2828.755298,No metro,No
-33.4973578,-70.55375092,142.0,267.0,5,4,Si,Si,Si,Si,9999.0,PENALOLEN,2820.711825,No metro,No
-33.500134,-70.785048,89.0,218.0,3,2,No,No,No,No,2389.51,MAIPU,2813.391578,No metro,No
-33.5337176,-70.5629717,140.0,232.0,5,4,Si,Si,Si,Si,8900.0,LA FLORIDA,2812.604318,No metro,No
-33.5112001,-70.7850933,75.0,100.0,3,1,Si,Si,Si,Si,1332.9228,MAIPU,2812.273597,No metro,No
-33.4793604,-70.5499155,99.0,198.0,3,2,Si,Si,Si,Si,5900.0,PENALOLEN,2810.64193,No metro,No
-33.3583677,-70.6621947,128.0,146.0,4,4,Si,Si,Si,Si,7500.0,HUECHURABA,2807.161862,No metro,No
-33.379912,-70.5431917,,257.0,3,3,Si,Si,Si,Si,14100.0,VITACURA,2802.508112,No metro,No
-33.379912,-70.5431917,151.55,257.0,3,3,Si,Si,Si,Si,14100.0,VITACURA,2802.508112,No metro,No
-33.482577,-70.5507912,142.0,295.0,5,3,Si,Si,Si,Si,7809.03,PENALOLEN,2800.645477,No metro,No
-33.52509372,-70.78047139,132.0,128.0,3,2,Si,Si,Si,Si,2178.0,MAIPU,2791.847931,No metro,No
-33.504504,-70.557938,223.0,480.0,4,4,Si,Si,Si,Si,12600.0,PENALOLEN,2786.572714,No metro,No
-33.4974651,-70.5541985,160.0,289.0,5,4,Si,Si,Si,Si,10999.0,PENALOLEN,2782.23444,No metro,No
-33.4959857,-70.5537078,104.0,228.0,3,3,Si,Si,Si,Si,7990.0,PENALOLEN,2781.949915,No metro,No
-33.4959857,-70.5537078,104.0,228.0,3,3,Si,Si,Si,Si,7990.0,PENALOLEN,2781.949915,No metro,No
-33.4959857,-70.5537078,104.0,228.0,3,3,Si,Si,Si,Si,8400.0,PENALOLEN,2781.949915,No metro,No
-33.3585631,-70.717509,90.0,70.0,2,1,Si,Si,Si,Si,1647.972,QUILICURA,2777.810263,No metro,No
-33.493798,-70.553197,186.0,323.0,5,4,Si,Si,Si,Si,9950.0,PENALOLEN,2776.49036,No metro,No
-33.5876956,-70.6078187,48.0,60.0,2,1,Si,Si,Si,Si,565.48,PUENTE ALTO,2776.306816,No metro,No
-33.4773654,-70.5462391,140.0,250.0,4,3,Si,Si,Si,Si,8500.0,PENALOLEN,2754.625221,No metro,No
-33.4046426,-70.6987703,125.0,165.0,2,1,Si,Si,Si,Si,2154.21,RENCA,2745.69038,No metro,No
-33.4046426,-70.6987703,125.0,165.0,2,1,Si,Si,Si,Si,2154.21,RENCA,2745.69038,No metro,No
-33.4046426,-70.6987703,125.0,165.0,2,1,,Si,Si,Si,2156.71,RENCA,2745.69038,No metro,No
-33.3805711,-70.5429015,80.01,93.0,2,2,,Si,Si,Si,8724.57,VITACURA,2738.66775,No metro,No
-33.573291,-70.610998,45.0,205.0,3,1,No,No,No,No,1350.77,PUENTE ALTO,2738.060061,No metro,No
-33.5206544,-70.7820859,80.0,130.0,3,2,Si,Si,Si,Si,1954.953,MAIPU,2726.489264,No metro,No
-33.3464072,-70.6711479,114.0,140.0,3,3,Si,Si,Si,Si,6850.0,HUECHURABA,2726.439571,No metro,No
-33.3464072,-70.6711479,114.0,140.0,3,3,Si,Si,Si,Si,6850.0,HUECHURABA,2726.439571,No metro,No
-33.4768574,-70.5458723,220.64,220.64,5,3,Si,Si,Si,Si,8600.0,PENALOLEN,2724.716408,No metro,No
-33.4768574,-70.5458723,,220.64,5,2,Si,Si,Si,Si,8600.0,PENALOLEN,2724.716408,No metro,No
-33.34632,-70.671299,114.0,138.0,4,3,Si,Si,Si,Si,5500.0,HUECHURABA,2721.811426,No metro,No
-33.5498455,-70.5596107,65.0,135.0,3,1,Si,Si,Si,Si,2019.575,PUENTE ALTO,2720.718158,No metro,No
-33.4691934,-70.5365101,100.0,200.0,4,2,Si,Si,Si,Si,3300.0,PENALOLEN,2719.748085,No metro,No
-33.361563,-70.717482,78.0,173.0,3,3,No,No,No,No,2258.426007,QUILICURA,2715.788302,No metro,No
-33.5090087,-70.7841319,60.0,80.0,4,1,Si,Si,Si,Si,940.1502,MAIPU,2715.231418,No metro,No
-33.5090087,-70.7841319,60.0,80.0,4,1,Si,Si,Si,Si,941.2458,MAIPU,2715.231418,No metro,No
-33.49584826,-70.55437088,119.0,214.0,3,3,Si,Si,Si,Si,9500.0,PENALOLEN,2714.511508,No metro,No
-33.3535222,-70.6662796,,327.0,3,3,No,No,Si,No,4264.49,HUECHURABA,2711.982151,No metro,No
-33.3812609,-70.5531766,132.0,350.0,5,2,,Si,Si,Si,12298.0,VITACURA,2711.534677,No metro,No
-33.5240578,-70.7801702,120.0,90.0,3,2,Si,Si,Si,Si,2381.4846,MAIPU,2711.371418,No metro,No
-33.4808656,-70.551582,,240.0,5,3,Si,Si,Si,Si,9490.0,PENALOLEN,2710.625518,No metro,No
-33.50657,-70.56039,138.0,275.28,5,3,Si,Si,Si,Si,8270.0,PENALOLEN,2707.015545,No metro,No
-33.4848018,-70.5520462,,260.0,4,3,Si,Si,Si,Si,8700.0,PENALOLEN,2706.837455,No metro,No
-33.6013406,-70.5501206,75.0,148.0,5,2,Si,Si,Si,Si,1590.575,PUENTE ALTO,2706.226783,No metro,No
-33.5882,-70.606841,34.0,94.0,2,1,No,No,No,No,273.4,PUENTE ALTO,2701.163175,No metro,No
-33.532409,-70.772018,,213.0,3,1,No,No,No,No,1233.21,MAIPU,2699.34367,No metro,No
-33.5523972,-70.5595979,117.0,163.0,3,2,Si,Si,Si,Si,1845.0,PUENTE ALTO,2698.678403,No metro,No
-33.5420651,-70.5617174,116.0,196.0,3,4,Si,Si,Si,Si,7113.49,LA FLORIDA,2685.141154,No metro,No
-33.5118215,-70.7837828,60.0,73.17,4,2,Si,Si,Si,Si,1066.3356,MAIPU,2684.895756,No metro,No
-33.3810582,-70.5455481,108.0,298.0,2,1,Si,Si,Si,Si,15000.0,VITACURA,2683.604313,No metro,No
-33.600287,-70.550682,52.0,146.0,2,1,No,No,No,No,1355.25,PUENTE ALTO,2679.896953,No metro,No
-33.5314305,-70.77297238,84.0,141.0,4,2,Si,Si,Si,Si,2132.6712,MAIPU,2674.49811,No metro,No
-33.5314305,-70.77297238,84.0,141.0,4,2,Si,Si,Si,Si,2132.6712,MAIPU,2674.49811,No metro,No
-33.5314305,-70.77297238,84.0,141.0,4,2,Si,Si,Si,Si,2132.6712,MAIPU,2674.49811,No metro,No
-33.5336548,-70.5645547,119.0,200.0,4,3,Si,Si,Si,Si,5924.09,LA FLORIDA,2673.940547,No metro,No
-33.401969,-70.700199,67.0,104.0,3,1,Si,Si,Si,Si,2021.92,RENCA,2673.789291,No metro,No
-33.5902665,-70.5531629,53.0,175.0,2,1,No,No,No,No,1277.5,PUENTE ALTO,2671.475197,No metro,No
-33.4144168,-70.7070328,104.0,554.0,3,1,No,No,No,No,2077.94,QUINTA NORMAL,2670.298537,No metro,No
-33.5199268,-70.7816465,62.0,100.0,3,2,Si,Si,Si,Si,1563.9624,MAIPU,2658.038352,No metro,No
-33.5822988,-70.5543553,56.0,88.0,2,1,Si,Si,Si,Si,1090.0,PUENTE ALTO,2657.313813,No metro,No
-33.3457746,-70.6728203,,140.0,3,3,Si,Si,Si,Si,6200.0,HUECHURABA,2656.314009,No metro,No
-33.3455914,-70.6730473,114.0,135.0,4,3,Si,Si,Si,Si,6200.0,HUECHURABA,2654.874595,No metro,No
-33.5943051,-70.5519229,,107.0,3,2,Si,Si,Si,Si,1817.62,PUENTE ALTO,2654.212276,No metro,No
-33.5200238,-70.7815246,100.0,130.0,3,2,Si,Si,Si,Si,1957.2168,MAIPU,2650.398071,No metro,No
-33.52970066,-70.77470041,100.0,130.0,5,2,Si,Si,Si,Si,2399.2584,MAIPU,2650.048333,No metro,No
-33.58609929,-70.55363059,42.0,57.0,2,1,Si,Si,Si,Si,834.76,PUENTE ALTO,2648.960974,No metro,No
-33.4944151,-70.7834482,128.0,200.0,5,3,Si,Si,Si,Si,3828.0,MAIPU,2648.022595,No metro,No
-33.512852,-70.783279,67.0,127.0,1,1,No,No,No,No,991.42,MAIPU,2643.834649,No metro,No
-33.3727329,-70.7160323,45.0,80.0,2,1,Si,Si,Si,Si,1279.6056,QUILICURA,2643.023526,No metro,No
-33.366506,-70.717002,48.0,93.0,2,1,Si,Si,Si,Si,1357.1568,QUILICURA,2641.016692,No metro,No
-33.499198,-70.783407,73.0,214.0,3,2,No,No,No,No,2116.13,MAIPU,2640.872875,No metro,No
-33.49687786,-70.55552946,148.0,350.0,4,5,Si,Si,Si,Si,11800.0,PENALOLEN,2637.087227,No metro,No
-33.628655,-70.5940387,42.0,99.0,2,1,Si,Si,Si,Si,565.48,PUENTE ALTO,2632.673544,No metro,No
-33.628655,-70.5940387,42.0,99.0,2,1,Si,Si,Si,Si,565.48,PUENTE ALTO,2632.673544,No metro,No
-33.628655,-70.5940387,42.0,99.0,2,1,Si,Si,Si,Si,565.48,PUENTE ALTO,2632.673544,No metro,No
-33.628655,-70.5940387,42.0,99.0,2,1,Si,Si,Si,Si,566.135,PUENTE ALTO,2632.673544,No metro,No
-33.588921,-70.553596,60.0,157.0,3,1,No,No,No,No,1487.11,PUENTE ALTO,2628.805417,No metro,No
-33.5305599,-70.5670302,80.0,200.0,3,1,Si,Si,Si,Si,5090.0,LA FLORIDA,2625.94947,No metro,No
-33.5305599,-70.5670302,80.0,200.0,3,1,Si,Si,Si,Si,5090.0,LA FLORIDA,2625.94947,No metro,No
-33.5332166,-70.5653442,65.0,189.0,4,3,Si,Si,Si,Si,5100.0,LA FLORIDA,2625.174986,No metro,No
-33.5303506,-70.5671045,80.0,200.0,3,2,Si,Si,Si,Si,5090.0,LA FLORIDA,2624.851502,No metro,No
-33.5303506,-70.5671045,80.0,200.0,3,2,Si,Si,Si,Si,5090.0,LA FLORIDA,2624.851502,No metro,No
-33.4992894,-70.5566825,121.0,253.0,4,1,Si,Si,Si,Si,9700.0,PENALOLEN,2624.050177,No metro,No
-33.4992894,-70.5566825,121.0,253.0,4,1,Si,Si,Si,Si,9990.0,PENALOLEN,2624.050177,No metro,No
-33.5040987,-70.5597172,223.0,480.0,4,4,Si,Si,Si,Si,12600.0,PENALOLEN,2620.490093,No metro,No
-33.5040987,-70.5597172,223.0,480.0,4,4,Si,Si,Si,Si,12600.0,PENALOLEN,2620.490093,No metro,No
-33.363549,-70.716734,69.0,149.0,3,3,No,No,No,No,1348.99,QUILICURA,2619.575405,No metro,No
-33.5129882,-70.782935,80.0,75.0,3,1,Si,Si,Si,Si,977.4732,MAIPU,2611.174249,No metro,No
-33.5382921,-70.5633369,75.0,234.0,3,2,,Si,Si,Si,6600.0,LA FLORIDA,2610.372046,No metro,No
-33.590757,-70.605942,70.0,134.0,3,1,No,No,No,No,610.53,PUENTE ALTO,2609.07359,No metro,No
-33.6131135,-70.5500667,68.0,68.0,3,2,Si,Si,Si,Si,1063.645,PUENTE ALTO,2607.465147,No metro,No
-33.6131135,-70.5500667,68.0,68.0,3,2,Si,Si,Si,Si,1063.645,PUENTE ALTO,2607.465147,No metro,No
-33.4357183,-70.5378929,155.0,360.0,3,2,Si,Si,Si,Si,14200.0,LA REINA,2607.318858,No metro,No
-33.4960762,-70.5556251,,350.0,4,5,Si,Si,Si,Si,11800.0,PENALOLEN,2601.867214,No metro,No
-33.3598702,-70.7159782,47.0,107.0,2,1,Si,Si,Si,Si,2329.2,QUILICURA,2598.440848,No metro,No
-33.3598702,-70.7159782,47.0,107.0,2,1,Si,Si,Si,Si,2329.2,QUILICURA,2598.440848,No metro,No
-33.4503514,-70.7664444,109.0,136.0,4,2,Si,Si,Si,Si,4500.0,PUDAHUEL,2596.121727,No metro,No
-33.5037891,-70.5598039,132.0,428.0,4,3,,Si,Si,Si,10900.0,PENALOLEN,2594.626773,No metro,No
-33.5027631,-70.7823368,57.0,149.0,3,3,No,No,No,No,1668.74,MAIPU,2589.984611,No metro,No
-33.49978,-70.7828,107.0,248.0,4,3,No,No,No,No,3259.29,MAIPU,2586.057403,No metro,No
-33.5304589,-70.5674999,80.0,200.0,1,1,Si,Si,Si,Si,5045.0,LA FLORIDA,2583.887739,No metro,No
-33.5304589,-70.5674999,80.0,200.0,1,1,Si,Si,Si,Si,5050.0,LA FLORIDA,2583.887739,No metro,No
-33.4812474,-70.5528968,,270.0,4,3,Si,Si,Si,Si,7590.0,PENALOLEN,2580.899826,No metro,No
-33.6281921,-70.5935661,60.0,90.0,3,1,Si,Si,Si,Si,875.15,PUENTE ALTO,2566.563338,No metro,No
-33.3828565,-70.5597698,105.0,150.0,4,3,Si,Si,Si,Si,11950.0,VITACURA,2562.30712,No metro,No
-33.5205255,-70.5671245,123.0,243.0,3,2,No,No,No,No,3151.8,LA FLORIDA,2556.451276,No metro,No
-33.491718,-70.555067,140.0,240.0,4,2,Si,Si,Si,Si,9500.0,PENALOLEN,2554.956696,No metro,No
-33.54139182,-70.56322425,,140.0,3,2,Si,Si,Si,Si,4712.34,LA FLORIDA,2547.444726,No metro,No
-33.622611,-70.597781,56.0,117.0,1,3,No,No,No,No,700.7,PUENTE ALTO,2547.040498,No metro,No
-33.4160507,-70.711209,100.0,150.0,5,2,Si,Si,Si,Si,3630.0,QUINTA NORMAL,2544.823817,No metro,No
-33.536923,-70.564553,118.0,224.0,4,2,Si,Si,Si,Si,7990.0,LA FLORIDA,2539.992033,No metro,No
-33.4379657,-70.5370307,194.0,510.0,5,5,No,No,Si,No,11514.02,LA REINA,2539.837789,No metro,No
-33.480265,-70.553296,122.0,322.0,3,2,No,No,No,No,3794.45,PENALOLEN,2537.825092,No metro,No
-33.5280567,-70.5686957,64.0,221.0,3,2,Si,Si,Si,Si,5800.0,LA FLORIDA,2534.948919,No metro,No
-33.495742,-70.7823875,109.0,138.0,4,2,Si,Si,Si,Si,2843.5638,MAIPU,2532.553275,No metro,No
-33.6170066,-70.6000333,97.0,231.0,3,2,No,No,No,No,2439.46,PUENTE ALTO,2525.192491,No metro,No
-33.54026414,-70.56374881,147.0,200.0,5,3,Si,Si,Si,Si,7001.2,LA FLORIDA,2519.063649,No metro,No
-33.54026414,-70.56374881,147.0,200.0,5,3,Si,Si,Si,Si,7001.2,LA FLORIDA,2519.063649,No metro,No
-33.627321,-70.593753,115.0,205.0,3,1,No,No,No,No,1101.5,PUENTE ALTO,2517.3113,No metro,No
-33.36019276,-70.71521233,111.0,149.0,4,3,Si,Si,Si,Si,3295.9512,QUILICURA,2516.728465,No metro,No
-33.383187,-70.5570821,140.0,175.0,3,2,Si,Si,Si,Si,10500.0,VITACURA,2504.883101,No metro,No
-33.5313168,-70.5679979,67.0,219.0,3,2,Si,Si,Si,Si,5500.0,LA FLORIDA,2503.17713,No metro,No
-33.3832419,-70.5576572,158.0,231.0,4,3,Si,Si,Si,Si,13900.0,VITACURA,2502.291659,No metro,No
-33.4923249,-70.7816648,139.0,136.0,4,3,Si,Si,Si,Si,3029.4,MAIPU,2500.891701,No metro,No
-33.364596,-70.7155965,,120.0,3,3,Si,Si,Si,Si,2520.432,QUILICURA,2500.184846,No metro,No
-33.364596,-70.7155965,96.0,120.0,3,3,,Si,Si,Si,2520.432,QUILICURA,2500.184846,No metro,No
-33.364596,-70.7155965,96.0,120.0,3,3,Si,Si,Si,Si,2523.3552,QUILICURA,2500.184846,No metro,No
-33.38325,-70.5571353,140.0,175.0,3,3,Si,Si,Si,Si,10500.0,VITACURA,2498.800271,No metro,No
-33.3642955,-70.7155635,71.0,101.0,3,3,Si,Si,Si,Si,3024.0,QUILICURA,2498.155473,No metro,No
-33.34955132,-70.67138323,160.0,350.0,5,4,Si,Si,Si,Si,10090.0,HUECHURABA,2498.134739,No metro,No
-33.3876062,-70.5804227,,265.0,3,4,Si,Si,Si,Si,13000.0,VITACURA,2497.49177,No metro,No
-33.44292188,-70.53488816,127.0,340.0,4,3,Si,Si,Si,Si,11990.0,LA REINA,2490.953151,No metro,No
-33.3453011,-70.6760365,138.0,200.0,4,3,Si,Si,Si,Si,8490.0,HUECHURABA,2490.806318,No metro,No
-33.576322,-70.557401,91.0,168.0,3,2,,Si,Si,Si,2550.0,PUENTE ALTO,2482.879226,No metro,No
-33.496662,-70.557144,140.0,280.56,3,2,Si,Si,Si,Si,10500.0,PENALOLEN,2478.139062,No metro,No
-33.5027379,-70.7811652,85.0,79.0,3,1,Si,Si,Si,Si,1866.0906,MAIPU,2475.33831,No metro,No
-33.582504,-70.55624,,60.0,3,1,Si,Si,Si,Si,1077.105,PUENTE ALTO,2470.827378,No metro,No
-33.4975461,-70.5576121,121.0,280.0,3,3,Si,Si,Si,Si,9500.0,PENALOLEN,2467.514129,No metro,No
-33.4975461,-70.5576121,121.0,280.0,3,3,Si,Si,Si,Si,9500.0,PENALOLEN,2467.514129,No metro,No
-33.579293,-70.557522,69.0,158.0,2,1,No,No,No,No,1355.25,PUENTE ALTO,2466.135187,No metro,No
-33.579293,-70.557522,69.0,158.0,2,1,No,No,No,No,953.85,PUENTE ALTO,2466.135187,No metro,No
-33.512567,-70.5656989,55.0,115.0,3,1,No,No,No,No,607.85,LA FLORIDA,2459.669662,No metro,No
-33.450113,-70.7650043,170.0,230.0,4,3,Si,Si,Si,Si,4852.0,PUDAHUEL,2450.314291,No metro,No
-33.566622,-70.609188,81.0,142.0,3,1,No,No,No,No,572.38,LA FLORIDA,2447.595532,No metro,No
-33.5002156,-70.7288937,97.0,180.0,4,2,Si,Si,Si,Si,3250.0,CERRILLOS,2442.943407,No metro,No
-33.5002156,-70.7288937,97.0,180.0,4,2,Si,Si,Si,Si,3250.0,CERRILLOS,2442.943407,No metro,No
-33.5076335,-70.6985477,110.0,175.0,3,2,Si,Si,Si,Si,4577.71,CERRILLOS,2439.64943,No metro,No
-33.5076335,-70.6985477,110.0,175.0,3,2,Si,Si,Si,Si,4583.01,CERRILLOS,2439.64943,No metro,No
-33.3470861,-70.67462127,124.0,201.0,4,3,Si,Si,Si,Si,8700.0,HUECHURABA,2438.735601,No metro,No
-33.52849,-70.772875,59.0,190.0,3,1,No,No,No,No,2485.84,MAIPU,2438.634792,No metro,No
-33.49183989,-70.55630207,186.0,323.0,5,4,Si,Si,Si,Si,9950.0,PENALOLEN,2434.821205,No metro,No
-33.49183989,-70.55630207,186.0,323.0,5,4,Si,Si,Si,Si,9800.0,PENALOLEN,2434.821205,No metro,No
-33.49183989,-70.55630207,186.0,323.0,5,4,Si,Si,Si,Si,9800.0,PENALOLEN,2434.821205,No metro,No
-33.56461702,-70.64979993,,103.0,4,2,Si,Si,Si,Si,1346.38,LA PINTANA,2433.975598,No metro,No
-33.522747,-70.569839,117.0,317.0,5,3,No,No,No,No,3022.3,LA FLORIDA,2431.722455,No metro,No
-33.5093325,-70.7327383,65.0,200.0,3,1,Si,Si,Si,Si,4443.07,CERRILLOS,2426.736652,No metro,No
-33.484958,-70.554994,140.0,247.0,4,4,Si,Si,Si,Si,9500.0,PENALOLEN,2420.658268,No metro,No
-33.3849247,-70.5633754,113.0,286.0,4,2,Si,Si,Si,Si,11200.0,VITACURA,2416.022137,No metro,No
-33.4437983,-70.7651455,37.0,101.0,2,1,No,No,No,No,491.15,PUDAHUEL,2411.963113,No metro,No
-33.357233,-70.668008,137.0,377.0,3,3,No,No,No,No,1614.92,HUECHURABA,2405.860572,No metro,No
-33.459893,-70.7624,56.0,165.0,2,1,No,No,No,No,1264.92,PUDAHUEL,2402.587033,No metro,No
-33.5351097,-70.5668955,149.0,153.0,4,2,Si,Si,Si,Si,4950.0,LA FLORIDA,2399.236362,No metro,No
-33.4944215,-70.7808673,108.0,241.0,4,2,No,No,No,No,2153.5,MAIPU,2391.203154,No metro,No
-33.41575,-70.69866,207.0,207.0,4,2,Si,Si,Si,Si,4712.34,QUINTA NORMAL,2379.943567,No metro,No
-33.53544794,-70.56696677,,182.0,4,3,Si,Si,Si,Si,6300.0,LA FLORIDA,2377.702902,No metro,No
-33.5405992,-70.5651341,75.0,140.0,3,2,Si,Si,Si,Si,4254.57,LA FLORIDA,2376.544958,No metro,No
-33.5405992,-70.5651341,75.0,140.0,3,2,Si,Si,Si,Si,4281.5,LA FLORIDA,2376.544958,No metro,No
-33.5863326,-70.6039916,83.0,95.0,5,2,Si,Si,Si,Si,942.47,PUENTE ALTO,2370.783192,No metro,No
-33.5863326,-70.6039916,83.0,95.0,5,2,Si,Si,Si,Si,942.47,PUENTE ALTO,2370.783192,No metro,No
-33.5863326,-70.6039916,83.0,95.0,5,2,Si,Si,Si,Si,943.56,PUENTE ALTO,2370.783192,No metro,No
-33.5206377,-70.778005,74.0,132.0,2,2,Si,Si,Si,Si,1643.4,MAIPU,2355.63435,No metro,No
-33.5203888,-70.5693168,70.0,110.0,3,3,Si,Si,Si,Si,4712.34,LA FLORIDA,2355.149753,No metro,No
-33.5323826,-70.5691431,140.0,223.0,4,3,Si,Si,Si,Si,7900.0,LA FLORIDA,2348.002785,No metro,No
-33.5606726,-70.6615085,70.0,109.0,3,1,Si,Si,Si,Si,1858.01,EL BOSQUE,2347.300197,No metro,No
-33.5606726,-70.6615085,70.0,109.0,3,1,Si,Si,Si,Si,1884.94,EL BOSQUE,2347.300197,No metro,No
-33.5064965,-70.6992669,120.0,150.0,4,2,Si,Si,Si,Si,4846.98,CERRILLOS,2337.210582,No metro,No
-33.502899,-70.682696,74.0,203.0,3,1,No,No,No,No,1188.88,PEDRO AGUIRRE CERDA,2333.566236,No metro,No
-33.5946971,-70.5551597,74.0,132.0,4,1,No,No,No,No,1149.56,PUENTE ALTO,2332.730123,No metro,No
-33.48461854,-70.55584938,140.0,335.0,3,3,Si,Si,Si,Si,10900.0,PENALOLEN,2329.983528,No metro,No
-33.49228339,-70.55748452,200.0,470.0,5,3,Si,Si,Si,Si,13900.0,PENALOLEN,2326.101196,No metro,No
-33.49228339,-70.55748452,,470.0,5,3,Si,Si,Si,Si,13900.0,PENALOLEN,2326.101196,No metro,No
-33.6243706,-70.5938063,84.0,137.0,3,2,Si,Si,Si,Si,1412.5,PUENTE ALTO,2322.875268,No metro,No
-33.5005,-70.78,89.0,232.0,3,2,No,No,No,No,1849.81,MAIPU,2317.762043,No metro,No
-33.5061884,-70.6998558,120.0,150.0,4,2,Si,Si,Si,Si,4846.98,CERRILLOS,2317.018548,No metro,No
-33.579792,-70.558941,36.0,97.0,2,1,No,No,No,No,628.84,PUENTE ALTO,2316.489555,No metro,No
-33.4254177,-70.5299098,90.0,200.0,4,1,Si,Si,Si,Si,4981.62,LAS CONDES,2305.552479,No metro,No
-33.5034798,-70.7791868,72.0,188.0,2,1,No,No,No,No,750.43,MAIPU,2303.242519,No metro,No
-33.6127613,-70.5531067,80.0,100.0,3,2,Si,Si,Si,Si,1070.375,PUENTE ALTO,2301.506911,No metro,No
-33.49329811,-70.55808176,87.0,240.0,3,2,Si,Si,Si,Si,7500.0,PENALOLEN,2289.148834,No metro,No
-33.49329811,-70.55808176,87.0,240.0,3,2,Si,Si,Si,Si,7500.0,PENALOLEN,2289.148834,No metro,No
-33.51213306,-70.56741612,140.0,190.0,5,2,Si,Si,Si,Si,4981.62,LA FLORIDA,2283.757413,No metro,No
-33.5651581,-70.635659,60.0,80.0,2,1,Si,Si,Si,Si,1157.89,LA PINTANA,2281.299527,No metro,No
-33.586194,-70.557359,65.0,124.0,3,1,No,No,No,No,1215.07,PUENTE ALTO,2278.698528,No metro,No
-33.5011695,-70.6807896,112.0,129.0,3,1,Si,Si,Si,Si,2611.99,PEDRO AGUIRRE CERDA,2278.076269,No metro,No
-33.3982224,-70.6980502,83.0,245.0,3,1,No,No,No,No,772.21,RENCA,2277.315827,No metro,No
-33.38708929,-70.57405094,134.0,210.0,3,3,Si,Si,Si,Si,13200.0,VITACURA,2275.490396,No metro,No
-33.6101105,-70.5986188,56.0,88.0,2,1,Si,Si,Si,Si,1130.965,PUENTE ALTO,2272.513379,No metro,No
-33.6115544,-70.5532817,90.0,96.0,4,2,Si,Si,Si,Si,1211.745,PUENTE ALTO,2270.483383,No metro,No
-33.3994692,-70.6969832,117.0,149.0,3,2,Si,Si,Si,Si,2827.41,RENCA,2266.528642,No metro,No
-33.3994692,-70.6969832,117.0,149.0,3,2,Si,Si,Si,Si,2827.41,RENCA,2266.528642,No metro,No
-33.3600397,-70.6675759,128.0,177.0,5,4,Si,Si,Si,Si,8500.0,HUECHURABA,2265.770584,No metro,No
-33.3600397,-70.6675759,128.0,177.0,5,4,Si,Si,Si,Si,8500.0,HUECHURABA,2265.770584,No metro,No
-33.4186184,-70.7043418,98.0,142.0,3,1,Si,Si,Si,Si,3392.89,QUINTA NORMAL,2263.753942,No metro,No
-33.38564,-70.55473,170.0,298.0,3,3,Si,Si,Si,Si,13000.0,VITACURA,2261.919738,No metro,No
-33.5910347,-70.5573332,68.0,124.0,3,2,Si,Si,Si,Si,1615.66,PUENTE ALTO,2257.72859,No metro,No
-33.5340334,-70.5691307,123.0,299.0,4,3,Si,Si,Si,Si,7400.0,LA FLORIDA,2257.42915,No metro,No
-33.5330147,-70.5698108,123.0,175.0,4,3,Si,Si,Si,Si,7200.0,LA FLORIDA,2256.995595,No metro,No
-33.5276832,-70.7709477,,140.0,5,2,,Si,Si,Si,2541.4356,MAIPU,2253.863162,No metro,No
-33.4945045,-70.7794865,108.0,162.0,4,3,Si,Si,Si,Si,2953.5,MAIPU,2253.035731,No metro,No
-33.521651,-70.776253,47.0,303.0,2,1,No,No,No,No,1685.46,MAIPU,2251.627047,No metro,No
-33.4884017,-70.5579443,182.0,148.3,3,3,Si,Si,Si,Si,9700.0,PENALOLEN,2239.325986,No metro,No
-33.4884017,-70.5579443,182.0,148.3,3,3,Si,Si,Si,Si,9700.0,PENALOLEN,2239.325986,No metro,No
-33.4884017,-70.5579443,182.0,148.3,3,3,Si,Si,Si,Si,9700.0,PENALOLEN,2239.325986,No metro,No
-33.4406892,-70.5388831,,313.0,4,4,Si,Si,Si,Si,12700.0,LA REINA,2235.68925,No metro,No
-33.386728,-70.563596,88.0,280.0,4,2,Si,Si,Si,Si,11900.0,VITACURA,2234.478897,No metro,No
-33.57909,-70.56006,37.0,75.0,2,1,Si,Si,Si,Si,996.325,PUENTE ALTO,2226.565876,No metro,No
-33.57909,-70.56006,37.0,75.0,2,1,Si,Si,Si,Si,996.325,PUENTE ALTO,2226.565876,No metro,No
-33.57909,-70.56006,37.0,75.0,2,1,Si,Si,Si,Si,997.48,PUENTE ALTO,2226.565876,No metro,No
-33.6242339,-70.5926199,84.0,137.0,3,1,Si,Si,Si,Si,1209.0,PUENTE ALTO,2223.663023,No metro,No
-33.557052,-70.5635032,80.0,200.0,3,1,,Si,Si,Si,3716.02,LA FLORIDA,2220.251076,No metro,No
-33.581927,-70.603743,74.0,206.0,4,2,No,No,No,No,1289.999992,PUENTE ALTO,2209.035378,No metro,No
-33.5332714,-70.5702564,156.0,319.0,4,3,Si,Si,Si,Si,9500.0,LA FLORIDA,2205.781626,No metro,No
-33.4636551,-70.7599096,51.0,115.0,2,1,No,No,No,No,482.85,PUDAHUEL,2204.535707,No metro,No
-33.6283506,-70.5873932,90.0,162.0,3,3,Si,Si,Si,Si,1279.065,PUENTE ALTO,2201.486665,No metro,No
-33.3512479,-70.6738763,139.0,162.0,4,3,Si,Si,Si,Si,7700.0,HUECHURABA,2198.118601,No metro,No
-33.3512479,-70.6738763,139.0,162.0,4,3,Si,Si,Si,Si,7700.0,HUECHURABA,2198.118601,No metro,No
-33.493015,-70.77869,109.0,247.0,4,2,No,No,No,No,3135.14,MAIPU,2195.803279,No metro,No
-33.5922517,-70.5575705,75.0,97.0,3,3,Si,Si,Si,Si,1682.98,PUENTE ALTO,2195.71957,No metro,No
-33.5341496,-70.5698913,123.0,175.0,4,3,Si,Si,Si,Si,7200.0,LA FLORIDA,2186.964634,No metro,No
-33.42963529,-70.547143,116.0,252.0,5,3,Si,Si,Si,Si,11600.0,LAS CONDES,2186.63991,No metro,No
-33.5000332,-70.6780291,60.0,106.0,2,1,Si,Si,Si,Si,1612.97,PEDRO AGUIRRE CERDA,2183.363734,No metro,No
-33.4965658,-70.7290683,125.0,165.0,3,2,Si,Si,Si,Si,3100.27,CERRILLOS,2175.24956,No metro,No
-33.351254,-70.674219,107.0,188.0,4,3,Si,Si,Si,Si,6040.0,HUECHURABA,2171.741651,No metro,No
-33.521504,-70.7753384,52.0,158.0,2,1,Si,Si,Si,Si,1688.3658,MAIPU,2166.071289,No metro,No
-33.35764399,-70.6705524,120.0,190.0,4,4,Si,Si,Si,Si,7500.0,HUECHURABA,2154.215386,No metro,No
-33.6037271,-70.55518,65.0,60.0,3,2,Si,Si,Si,Si,1000.0,PUENTE ALTO,2152.915789,No metro,No
-33.4648851,-70.5404181,97.0,118.0,4,2,Si,Si,Si,Si,4460.0,PENALOLEN,2148.639148,No metro,No
-33.5670987,-70.5625461,103.0,103.0,3,2,Si,Si,Si,Si,1682.98,PUENTE ALTO,2147.137193,No metro,No
-33.5336135,-70.5707906,140.0,223.0,4,3,Si,Si,Si,Si,7900.0,LA FLORIDA,2142.411838,No metro,No
-33.5336135,-70.5707906,140.0,223.0,4,3,Si,Si,Si,Si,7900.0,LA FLORIDA,2142.411838,No metro,No
-33.5337042,-70.5707616,140.0,234.0,4,3,,Si,Si,Si,7800.0,LA FLORIDA,2139.560674,No metro,No
-33.4859492,-70.7754223,96.0,105.0,3,2,Si,Si,Si,Si,2132.6712,MAIPU,2139.084299,No metro,No
-33.4859492,-70.7754223,96.0,105.0,3,2,Si,Si,Si,Si,2132.6712,MAIPU,2139.084299,No metro,No
-33.4859492,-70.7754223,96.0,105.0,3,2,Si,Si,Si,Si,2135.1462,MAIPU,2139.084299,No metro,No
-33.5586963,-70.6627592,133.0,178.0,3,2,Si,Si,Si,Si,2965.48,EL BOSQUE,2138.112026,No metro,No
-33.5822426,-70.6028545,49.0,128.0,3,1,Si,Si,Si,Si,1211.745,PUENTE ALTO,2130.200033,No metro,No
-33.3577736,-70.6707919,140.0,276.0,4,4,Si,Si,Si,Si,7990.0,HUECHURABA,2127.190593,No metro,No
-33.582073,-70.602852,57.0,192.0,3,2,No,No,No,No,1398.73,PUENTE ALTO,2125.802298,No metro,No
-33.53948525,-70.56809045,68.0,168.0,3,2,Si,Si,Si,Si,4173.79,LA FLORIDA,2121.127501,No metro,No
-33.5618761,-70.6124843,75.0,60.0,1,1,Si,Si,Si,Si,1265.6,LA PINTANA,2107.942909,No metro,No
-33.5163832,-70.7770793,138.0,240.0,4,2,Si,Si,Si,Si,2633.4,MAIPU,2107.811515,No metro,No
-33.357127,-70.671299,122.0,367.0,3,2,No,No,No,No,4878.66,HUECHURABA,2104.900171,No metro,No
-33.4932737,-70.7778016,132.0,147.0,4,3,Si,Si,Si,Si,2967.36,MAIPU,2103.775544,No metro,No
-33.359349,-70.710719,113.0,247.0,3,2,,No,No,No,3000.0,QUILICURA,2102.775464,No metro,No
-33.613431,-70.596557,55.0,99.0,3,1,Si,Si,Si,Si,1211.745,PUENTE ALTO,2101.399767,No metro,No
-33.6119253,-70.5967643,62.0,110.0,2,1,Si,Si,Si,Si,1251.5,PUENTE ALTO,2099.637174,No metro,No
-33.3596242,-70.7107177,97.0,131.0,5,3,Si,Si,Si,Si,3363.12,QUILICURA,2094.765883,No metro,No
-33.3596242,-70.7107177,97.0,131.0,5,3,Si,Si,Si,Si,3364.56,QUILICURA,2094.765883,No metro,No
-33.3596242,-70.7107177,97.0,131.0,5,3,Si,Si,Si,Si,3362.4,QUILICURA,2094.765883,No metro,No
-33.5719506,-70.5619685,,90.0,3,1,Si,Si,Si,Si,1230.0,PUENTE ALTO,2085.996898,No metro,No
-33.5475965,-70.5666152,80.0,157.0,3,3,Si,Si,Si,Si,2665.84,PUENTE ALTO,2082.59759,No metro,No
-33.6029122,-70.5561687,80.32,78.54,3,1,Si,Si,Si,Si,1129.0,PUENTE ALTO,2082.555591,No metro,No
-33.4661722,-70.7587537,98.27,70.94,4,3,,Si,Si,Si,2381.4846,MAIPU,2081.351572,No metro,No
-33.4661722,-70.7587537,98.27,70.94,4,3,,Si,Si,Si,2381.4846,MAIPU,2081.351572,No metro,No
-33.4661722,-70.7587537,98.27,70.94,4,3,Si,Si,Si,Si,2381.4846,MAIPU,2081.351572,No metro,No
-33.428592,-70.5465964,116.0,252.0,4,3,,Si,Si,Si,11400.0,LAS CONDES,2077.677009,No metro,No
-33.5610488,-70.6104243,50.0,60.0,2,1,Si,Si,Si,Si,1455.78,LA FLORIDA,2073.293095,No metro,No
-33.351997,-70.674935,140.0,354.0,4,2,No,No,No,No,4178.78,HUECHURABA,2068.980389,No metro,No
-33.574074,-70.604048,54.0,144.0,3,1,No,No,No,No,1269.48,PUENTE ALTO,2068.386282,No metro,No
-33.3682922,-70.6659895,88.0,180.0,3,3,Si,Si,Si,Si,7200.0,HUECHURABA,2066.324214,No metro,No
-33.5258369,-70.5748448,42.0,116.0,1,1,Si,Si,Si,Si,3096.68,LA FLORIDA,2066.234743,No metro,No
-33.430935,-70.7562253,68.0,118.0,3,1,Si,Si,Si,Si,1870.0,PUDAHUEL,2064.932774,No metro,No
-33.4569976,-70.7596196,82.2,95.65,3,1,Si,Si,Si,Si,2800.0,PUDAHUEL,2061.765781,No metro,No
-33.5695888,-70.5629713,54.0,80.0,3,1,Si,Si,Si,Si,1050.18,PUENTE ALTO,2060.796976,No metro,No
-33.5619828,-70.6278399,70.0,70.0,3,1,Si,Si,Si,Si,1400.24,LA PINTANA,2059.641146,No metro,No
-33.351092,-70.675946,143.0,306.0,4,3,No,No,No,No,4954.57,HUECHURABA,2055.851865,No metro,No
-33.454445,-70.7598355,83.0,112.0,3,1,Si,Si,Si,Si,2680.0,PUDAHUEL,2048.20252,No metro,No
-33.394,-70.58759,,80.0,1,1,Si,Si,Si,Si,7000.0,VITACURA,2047.913301,No metro,No
-33.5868121,-70.5596627,65.0,108.0,3,2,Si,Si,Si,Si,1460.0,PUENTE ALTO,2041.700885,No metro,No
-33.5237172,-70.5757598,92.0,438.0,3,1,No,No,No,No,2405.94,LA FLORIDA,2034.471758,No metro,No
-33.352281,-70.675254,119.0,294.0,4,2,No,No,No,No,4459.9,HUECHURABA,2026.275919,No metro,No
-33.36182269,-70.66927861,110.0,250.0,3,3,Si,Si,Si,Si,8180.0,HUECHURABA,2024.385049,No metro,No
-33.4515886,-70.7601607,116.0,132.0,5,4,Si,Si,Si,Si,4820.06,PUDAHUEL,2023.070663,No metro,No
-33.500517,-70.564614,,239.0,4,3,Si,Si,Si,Si,10290.0,PENALOLEN,2014.251687,No metro,No
-33.4639908,-70.5414748,87.0,128.0,3,2,Si,Si,Si,Si,5107.0,PENALOLEN,2010.718248,No metro,No
-33.3613406,-70.7102416,120.0,165.0,4,3,Si,Si,Si,Si,4284.0,QUILICURA,2006.641634,No metro,No
-33.4510646,-70.7601464,98.0,187.0,4,4,,Si,Si,Si,5035.48,PUDAHUEL,2005.103873,No metro,No
-33.4510646,-70.7601464,98.0,187.0,4,4,Si,Si,Si,Si,5035.48,PUDAHUEL,2005.103873,No metro,No
-33.4510646,-70.7601464,98.0,187.0,4,4,Si,Si,Si,Si,5035.48,PUDAHUEL,2005.103873,No metro,No
-33.367652,-70.666791,110.0,160.0,3,3,Si,Si,Si,Si,7500.0,HUECHURABA,2004.94874,No metro,No
-33.3883429,-70.5586385,91.0,252.0,3,1,,Si,Si,Si,11309.63,VITACURA,2003.417348,No metro,No
-33.42400014,-70.53298111,50.0,240.0,3,1,Si,Si,Si,Si,7405.11,LAS CONDES,2003.298514,No metro,No
-33.4240299,-70.5330737,50.0,240.0,3,1,Si,Si,Si,Si,7405.11,LAS CONDES,2000.212673,No metro,No
-33.581447,-70.561683,52.0,141.0,4,1,Si,Si,Si,Si,1831.085,PUENTE ALTO,1998.080632,Protectora de la Infancia,No
-33.3905216,-70.6986012,61.0,223.0,4,2,No,No,No,No,638.75,RENCA,1997.631842,Vivaceta,No
-33.4215231,-70.53029127,120.0,270.0,4,2,Si,Si,Si,Si,6500.0,LAS CONDES,1997.220822,Los Dominicos,No
-33.5617274,-70.6391156,61.25,61.25,4,2,Si,Si,Si,Si,1292.53,LA PINTANA,1995.119844,Santa Rosa,No
-33.5617274,-70.6391156,61.25,61.25,4,2,Si,Si,Si,Si,1292.53,LA PINTANA,1995.119844,Santa Rosa,No
-33.5617274,-70.6391156,61.25,61.25,4,2,Si,Si,Si,Si,1294.03,LA PINTANA,1995.119844,Santa Rosa,No
-33.54013033,-70.5692351,70.0,144.0,3,2,Si,Si,Si,Si,4039.15,LA FLORIDA,1992.574036,Trinidad,No
-33.42159073,-70.5304294,120.0,270.0,4,2,Si,Si,Si,Si,6500.0,LAS CONDES,1991.798304,Los Dominicos,No
-33.418604,-70.694119,63.0,111.0,3,2,No,No,No,No,1517.78,QUINTA NORMAL,1991.625279,Gruta de Lourdes,No
-33.587253,-70.59959,36.0,96.0,2,1,No,No,No,No,589.94,PUENTE ALTO,1987.135677,Protectora de la Infancia,No
-33.5243394,-70.5768196,100.0,200.0,3,2,Si,Si,Si,Si,5700.0,LA FLORIDA,1984.751569,Rojas Magallanes,No
-33.49712768,-70.67448019,80.0,192.0,4,2,,Si,Si,Si,2000.0,PEDRO AGUIRRE CERDA,1980.755538,Lo Valledor,No
-33.3608663,-70.7098365,133.0,122.0,4,3,Si,Si,Si,Si,3456.0,QUILICURA,1977.602149,Los Libertadores,No
-33.3885271,-70.554405,136.0,273.0,3,3,Si,Si,Si,Si,13900.0,VITACURA,1976.366864,Hernando de Magallanes,No
-33.595534,-70.598753,76.0,204.0,3,2,No,No,No,No,2751.77,PUENTE ALTO,1975.676213,Protectora de la Infancia,No
-33.4372617,-70.759196,91.0,162.0,4,1,Si,Si,Si,Si,2490.0,PUDAHUEL,1970.166128,Pudahuel,No
-33.55874,-70.56578,80.0,111.0,3,2,Si,Si,Si,Si,2692.77,LA FLORIDA,1967.71239,Los Quillayes,No
-33.418747,-70.693261,141.0,463.0,5,2,No,No,No,No,3280.000006,QUINTA NORMAL,1965.597273,Gruta de Lourdes,No
-33.51371884,-70.77627232,36.0,230.0,2,1,Si,Si,Si,Si,2178.0,MAIPU,1963.439352,Plaza de Maipu,No
-33.3620705,-70.6698527,140.0,363.0,3,3,No,No,No,No,5273.61,HUECHURABA,1962.944926,Cardenal Caro,No
-33.5587949,-70.5658283,80.0,111.0,3,2,Si,Si,Si,Si,2590.0,LA FLORIDA,1962.193122,Los Quillayes,No
-33.4236676,-70.7167891,74.0,256.0,3,2,No,No,No,No,1233.21,QUINTA NORMAL,1949.343881,Lo Prado,No
-33.4206851,-70.5302229,71.0,195.0,2,1,Si,Si,Si,Si,4300.0,LAS CONDES,1946.112774,Los Dominicos,No
-33.4206851,-70.5302229,71.0,195.0,2,1,Si,Si,Si,Si,4300.0,LAS CONDES,1946.112774,Los Dominicos,No
-33.4206851,-70.5302229,71.0,195.0,2,1,Si,Si,Si,Si,4320.0,LAS CONDES,1946.112774,Los Dominicos,No
-33.3588862,-70.6723442,100.0,220.0,4,1,Si,Si,Si,Si,4039.15,HUECHURABA,1942.725747,Los Libertadores,No
-33.579952,-70.601383,52.0,177.0,3,1,,No,No,No,1146.48,PUENTE ALTO,1939.566923,Hospital Sotero del Rio,No
-33.39379807,-70.57943612,111.0,165.0,5,2,Si,Si,Si,Si,9600.0,VITACURA,1935.683384,Manquehue,No
-33.44588971,-70.53971918,81.0,264.0,3,3,Si,Si,Si,Si,10232.52,LA REINA,1933.303079,Fernando Castillo Velasco,No
-33.44588971,-70.53971918,81.0,264.0,3,3,Si,Si,Si,Si,10232.52,LA REINA,1933.303079,Fernando Castillo Velasco,No
-33.44588971,-70.53971918,81.0,264.0,3,3,Si,Si,Si,Si,10232.52,LA REINA,1933.303079,Fernando Castillo Velasco,No
-33.44588971,-70.53971918,81.0,264.0,3,3,Si,Si,Si,Si,10244.38,LA REINA,1933.303079,Fernando Castillo Velasco,No
-33.3543461,-70.6748417,112.0,225.0,3,3,Si,Si,Si,Si,6500.0,HUECHURABA,1931.528689,Los Libertadores,No
-33.4334142,-70.5544662,105.0,198.0,3,2,Si,Si,Si,Si,9000.0,LA REINA,1931.358145,Fernando Castillo Velasco,No
-33.4334142,-70.5544662,105.0,198.0,3,2,Si,Si,Si,Si,8250.0,LA REINA,1931.358145,Fernando Castillo Velasco,No
-33.5274731,-70.7651319,130.0,260.0,3,2,Si,Si,Si,Si,1650.0,MAIPU,1929.119386,Plaza de Maipu,No
-33.5274731,-70.7651319,,260.0,3,2,Si,Si,Si,Si,2188.56,MAIPU,1929.119386,Plaza de Maipu,No
-33.5274731,-70.7651319,130.0,260.0,3,2,Si,Si,Si,Si,2188.56,MAIPU,1929.119386,Plaza de Maipu,No
-33.4382533,-70.5448766,,350.0,3,3,Si,Si,Si,Si,14900.0,LA REINA,1925.259541,Fernando Castillo Velasco,No
-33.5009299,-70.68755,64.0,65.0,3,1,Si,Si,Si,Si,1884.94,PEDRO AGUIRRE CERDA,1924.865095,Cerrillos,No
-33.47276178,-70.5575495,125.0,180.0,5,3,Si,Si,Si,Si,3769.88,PENALOLEN,1924.587536,Los Orientales,No
-33.4659584,-70.7568772,70.0,80.0,3,2,Si,Si,Si,Si,2114.8974,MAIPU,1924.180476,Las Parcelas,No
-33.492829,-70.7758784,,150.0,4,3,Si,Si,Si,Si,2470.347,MAIPU,1923.845474,Santiago Bueras,No
-33.471466,-70.555442,140.0,180.0,3,1,Si,Si,Si,Si,3365.96,PENALOLEN,1920.91131,Fernando Castillo Velasco,No
-33.3500359,-70.6792207,172.0,260.0,5,5,Si,Si,Si,Si,8700.0,HUECHURABA,1920.617929,Los Libertadores,No
-33.3500359,-70.6792207,172.0,260.0,5,5,Si,Si,Si,Si,8700.0,HUECHURABA,1920.617929,Los Libertadores,No
-33.55962,-70.61112,90.0,110.0,3,2,Si,Si,Si,Si,2611.99,LA FLORIDA,1917.011116,La Granja,No
-33.586311,-70.5989163,60.0,72.0,3,1,Si,Si,Si,Si,727.05,PUENTE ALTO,1914.263152,Hospital Sotero del Rio,No
-33.5968261,-70.597629,88.3,153.0,3,3,Si,Si,Si,Si,2065.0,PUENTE ALTO,1912.721495,Protectora de la Infancia,No
-33.5242585,-70.6281197,122.0,124.0,4,1,Si,Si,Si,Si,3635.24,LA GRANJA,1912.47849,Santa Rosa,No
-33.58017044,-70.56331435,60.0,60.0,3,1,Si,Si,Si,Si,1682.98,PUENTE ALTO,1911.262575,Protectora de la Infancia,No
-33.5571336,-70.6057471,116.0,131.0,3,2,Si,Si,Si,Si,2900.0,LA FLORIDA,1908.229897,La Granja,No
-33.5571336,-70.6057471,116.0,131.0,3,2,Si,Si,Si,Si,2900.0,LA FLORIDA,1908.229897,La Granja,No
-33.3527274,-70.6764448,115.0,225.0,3,3,Si,Si,Si,Si,6500.0,HUECHURABA,1907.408014,Los Libertadores,No
-33.5594931,-70.6110444,80.0,75.0,4,1,Si,Si,Si,Si,1750.3,LA FLORIDA,1906.756502,La Granja,No
-33.42671,-70.547858,87.0,237.0,5,2,Si,Si,Si,Si,8790.0,LAS CONDES,1905.763891,Los Dominicos,No
-33.480768,-70.559636,,140.0,4,2,Si,Si,Si,Si,7380.0,PENALOLEN,1905.45684,Los Presidentes,No
-33.4910993,-70.7751903,100.0,166.0,1,3,Si,Si,Si,Si,2838.0,MAIPU,1902.819785,Santiago Bueras,No
-33.4910993,-70.7751903,100.0,166.0,1,3,Si,Si,Si,Si,2838.0,MAIPU,1902.819785,Santiago Bueras,No
-33.4910993,-70.7751903,100.0,166.0,1,3,Si,Si,Si,Si,2838.0,MAIPU,1902.819785,Santiago Bueras,No
-33.5926535,-70.5986253,90.0,200.0,3,2,Si,Si,Si,Si,1795.0,PUENTE ALTO,1898.18148,Protectora de la Infancia,No
-33.47802,-70.559718,110.0,162.0,3,3,Si,Si,Si,Si,3365.96,PENALOLEN,1896.136105,Grecia,No
-33.4241917,-70.5353063,90.0,200.0,3,1,Si,Si,Si,Si,4712.08,LAS CONDES,1891.002473,Los Dominicos,No
-33.4241917,-70.5353063,90.0,200.0,3,1,Si,Si,Si,Si,4712.08,LAS CONDES,1891.002473,Los Dominicos,No
-33.5428762,-70.5696732,96.0,133.0,4,2,Si,Si,Si,Si,4800.0,LA FLORIDA,1886.587069,Trinidad,No
-33.536812,-70.571834,121.0,121.0,4,2,Si,Si,Si,Si,4308.43,LA FLORIDA,1883.258041,Trinidad,No
-33.536812,-70.571834,,144.0,5,4,Si,Si,Si,Si,2638.91,LA FLORIDA,1883.258041,Trinidad,No
-33.4682782,-70.7579855,51.0,68.0,2,1,Si,Si,Si,Si,1555.0722,MAIPU,1877.238324,Monte Tabor,No
-33.5572552,-70.6049511,80.0,145.0,3,1,No,No,No,No,811.07,LA FLORIDA,1875.336116,San Jose de la Estrella,No
-33.5436928,-70.5697775,,154.0,3,3,Si,Si,Si,Si,5116.26,LA FLORIDA,1864.506043,Trinidad,No
-33.5285167,-70.5757427,90.0,180.0,3,2,Si,Si,Si,Si,5200.0,LA FLORIDA,1862.634051,Rojas Magallanes,No
-33.4838468,-70.6007196,54.0,62.0,2,2,Si,Si,Si,Si,4100.0,MACUL,1860.719191,Carlos Valdovinos,No
-33.35664,-70.6743,125.0,339.0,3,3,No,No,No,No,4068.96,HUECHURABA,1856.201285,Los Libertadores,No
-33.5274983,-70.76290056,74.0,180.0,3,2,Si,Si,Si,Si,2739.0,MAIPU,1848.533776,Plaza de Maipu,No
-33.4260293,-70.5481765,150.0,265.0,3,2,Si,Si,Si,Si,11900.0,LAS CONDES,1843.980686,Los Dominicos,No
-33.4260293,-70.5481765,150.0,265.0,4,2,Si,Si,Si,Si,13500.0,LAS CONDES,1843.980686,Los Dominicos,No
-33.4945068,-70.7753348,130.0,155.0,5,3,Si,Si,Si,Si,3501.135,MAIPU,1840.901309,Santiago Bueras,No
-33.4486762,-70.7590574,70.0,80.0,2,1,Si,Si,Si,Si,2315.78,PUDAHUEL,1838.756833,Pudahuel,No
-33.4486762,-70.7590574,70.0,80.0,2,1,Si,Si,Si,Si,2315.78,PUDAHUEL,1838.756833,Pudahuel,No
-33.4486762,-70.7590574,70.0,80.0,2,1,Si,Si,Si,Si,2318.47,PUDAHUEL,1838.756833,Pudahuel,No
-33.4992695,-70.7370815,74.0,74.0,3,1,Si,Si,Si,Si,1359.5802,MAIPU,1838.672773,Del Sol,No
-33.561537,-70.566899,63.0,128.0,3,1,No,No,No,No,2289.999989,LA FLORIDA,1837.959589,Los Quillayes,No
-33.4850993,-70.5610523,170.0,228.0,5,4,Si,Si,Si,Si,6795.0,PENALOLEN,1836.318369,Los Presidentes,No
-33.52373643,-70.76914982,104.0,247.0,5,1,Si,Si,Si,Si,3110.1444,MAIPU,1835.491456,Plaza de Maipu,No
-33.52373643,-70.76914982,104.0,247.0,5,1,Si,Si,Si,Si,3110.1444,MAIPU,1835.491456,Plaza de Maipu,No
-33.52373643,-70.76914982,104.0,247.0,5,1,Si,Si,Si,Si,3110.1444,MAIPU,1835.491456,Plaza de Maipu,No
-33.535057,-70.573551,100.0,165.0,4,2,Si,Si,Si,Si,5500.0,LA FLORIDA,1834.164499,Trinidad,No
-33.5830504,-70.562786,52.0,152.0,3,1,Si,Si,Si,Si,1780.0,PUENTE ALTO,1834.052757,Protectora de la Infancia,No
-33.5181643,-70.7733436,99.0,260.0,3,2,Si,Si,Si,Si,3643.3188,MAIPU,1828.052872,Plaza de Maipu,No
-33.5181643,-70.7733436,99.0,260.0,3,2,Si,Si,Si,Si,3643.3188,MAIPU,1828.052872,Plaza de Maipu,No
-33.5358681,-70.5730819,,196.0,5,3,Si,Si,Si,Si,5870.24,LA FLORIDA,1825.882092,Trinidad,No
-33.5881031,-70.5980472,47.0,126.0,3,1,Si,Si,Si,Si,1205.015,PUENTE ALTO,1824.67139,Protectora de la Infancia,No
-33.52361,-70.76912,103.0,247.0,4,1,Si,Si,Si,Si,3062.1624,MAIPU,1824.052549,Plaza de Maipu,No
-33.52361,-70.76912,103.0,247.0,4,1,Si,Si,Si,Si,3069.2706,MAIPU,1824.052549,Plaza de Maipu,No
-33.52361,-70.76912,103.0,247.0,4,1,Si,Si,Si,Si,3078.1674,MAIPU,1824.052549,Plaza de Maipu,No
-33.3667005,-70.6690132,119.0,170.0,4,3,Si,Si,Si,Si,7490.0,HUECHURABA,1823.383071,Cardenal Caro,No
-33.3667005,-70.6690132,119.0,170.0,4,3,Si,Si,Si,Si,7490.0,HUECHURABA,1823.383071,Cardenal Caro,No
-33.5759213,-70.6009091,76.0,93.0,3,1,Si,Si,Si,Si,1238.675,PUENTE ALTO,1821.096426,Elisa Correa,No
-33.4259638,-70.5469484,74.0,208.0,3,2,Si,Si,Si,Si,9290.0,LAS CONDES,1819.540409,Los Dominicos,No
-33.4821747,-70.5606178,139.0,268.0,3,3,Si,Si,Si,Si,7480.0,PENALOLEN,1819.357834,Los Presidentes,No
-33.4821747,-70.5606178,139.0,268.0,3,3,Si,Si,Si,Si,7480.0,PENALOLEN,1819.357834,Los Presidentes,No
-33.5854582,-70.598208,82.0,75.0,3,1,Si,Si,Si,Si,1144.425,PUENTE ALTO,1811.19794,Hospital Sotero del Rio,No
-33.5854582,-70.598208,82.0,75.0,3,1,Si,Si,Si,Si,1145.755,PUENTE ALTO,1811.19794,Hospital Sotero del Rio,No
-33.4235626,-70.7025639,110.0,500.0,4,2,Si,Si,Si,Si,6731.92,QUINTA NORMAL,1806.681294,Blanqueado,No
-33.4235626,-70.7025639,100.0,500.0,4,2,Si,Si,Si,Si,6597.28,QUINTA NORMAL,1806.681294,Blanqueado,No
-33.5398208,-70.5713439,76.0,176.0,3,2,Si,Si,Si,Si,4577.71,LA FLORIDA,1802.429048,Trinidad,No
-33.4218216,-70.5334536,71.0,279.0,3,2,Si,Si,Si,Si,6412.0,LAS CONDES,1802.309995,Los Dominicos,No
-33.58893,-70.56188,71.0,130.0,3,2,Si,Si,Si,Si,1682.98,PUENTE ALTO,1800.920412,Protectora de la Infancia,No
-33.3633204,-70.6709708,134.0,134.0,4,2,Si,Si,Si,Si,7490.0,HUECHURABA,1800.651097,Cardenal Caro,No
-33.5735034,-70.5645684,76.0,117.0,3,1,Si,Si,Si,Si,1425.0,PUENTE ALTO,1798.575329,Hospital Sotero del Rio,No
-33.42583306,-70.54590927,90.0,237.0,3,2,Si,Si,Si,Si,10097.88,LAS CONDES,1797.638296,Los Dominicos,No
-33.42583306,-70.54590927,90.0,237.0,3,2,Si,Si,Si,Si,10501.8,LAS CONDES,1797.638296,Los Dominicos,No
-33.49624162,-70.67881292,116.0,172.0,4,1,Si,Si,Si,Si,2585.06,PEDRO AGUIRRE CERDA,1797.408424,Lo Valledor,No
-33.4782739,-70.5978809,85.0,170.0,3,1,Si,Si,Si,Si,2405.0,MACUL,1795.648042,Estadio Nacional,No
-33.366359,-70.669492,114.0,264.0,4,3,Si,Si,Si,Si,8400.0,HUECHURABA,1791.23082,Cardenal Caro,No
-33.5740236,-70.6011759,78.0,162.0,3,3,No,No,No,No,1700.13,PUENTE ALTO,1788.322252,Elisa Correa,No
-33.554897,-70.667949,105.0,285.0,1,1,No,No,No,No,1599.85,EL BOSQUE,1787.545985,La Cisterna,No
-33.4234496,-70.5360975,140.0,279.0,5,3,Si,Si,Si,Si,9500.0,LAS CONDES,1787.206354,Los Dominicos,No
-33.368506,-70.631917,87.0,285.0,4,2,No,No,No,No,1052.74,HUECHURABA,1786.578702,Vespucio Norte,No
-33.351356,-70.679698,110.0,225.0,3,2,No,No,Si,No,4157.47,HUECHURABA,1786.466638,Los Libertadores,No
-33.4913496,-70.7740318,132.0,147.0,5,3,Si,Si,Si,Si,2808.0162,MAIPU,1784.942434,Santiago Bueras,No
-33.527011,-70.577428,76.0,134.0,3,2,Si,Si,Si,Si,3980.0,LA FLORIDA,1784.231762,Rojas Magallanes,No
-33.5941101,-70.5612497,95.0,145.0,4,1,Si,Si,Si,Si,1346.385,PUENTE ALTO,1783.744522,Las Mercedes,No
-33.499917,-70.672253,96.0,272.0,3,1,No,No,No,No,285.87,PEDRO AGUIRRE CERDA,1782.676914,Departamental,No
-33.39118781,-70.56435162,110.0,370.0,4,3,Si,Si,Si,Si,14900.0,VITACURA,1782.154851,Manquehue,No
-33.4483153,-70.5405991,144.0,340.0,4,1,Si,Si,Si,Si,11990.0,LA REINA,1779.701108,Fernando Castillo Velasco,No
-33.5890798,-70.5621205,70.0,72.0,3,1,Si,Si,Si,Si,1345.0,PUENTE ALTO,1776.293264,Protectora de la Infancia,No
-33.5964515,-70.5962721,55.0,135.0,3,2,Si,Si,Si,Si,1817.62,PUENTE ALTO,1772.898108,Protectora de la Infancia,No
-33.4925509,-70.7742509,90.0,210.0,4,2,Si,Si,Si,Si,2790.249,MAIPU,1772.005954,Santiago Bueras,No
-33.4925509,-70.7742509,90.0,210.0,4,2,Si,Si,Si,Si,2790.249,MAIPU,1772.005954,Santiago Bueras,No
-33.4925509,-70.7742509,90.0,210.0,4,2,Si,Si,Si,Si,2793.483,MAIPU,1772.005954,Santiago Bueras,No
-33.4312976,-70.5572265,94.0,348.0,4,3,Si,Si,Si,Si,9690.0,LA REINA,1771.321131,Principe de Gales,No
-33.4709502,-70.7590596,144.0,100.0,3,3,Si,Si,Si,Si,2648.0718,MAIPU,1769.252643,Monte Tabor,No
-33.42309608,-70.53587437,56.0,250.0,5,2,Si,Si,Si,Si,8078.31,LAS CONDES,1767.772463,Los Dominicos,No
-33.585916,-70.597426,73.0,148.0,3,1,No,No,No,No,963.12,PUENTE ALTO,1765.384944,Hospital Sotero del Rio,No
-33.5357121,-70.5739398,142.0,275.0,4,3,Si,Si,Si,Si,7900.0,LA FLORIDA,1764.151464,Trinidad,No
-33.5357121,-70.5739398,142.0,275.0,4,3,Si,Si,Si,Si,7900.0,LA FLORIDA,1764.151464,Trinidad,No
-33.3665758,-70.6697073,180.0,217.0,5,3,Si,Si,Si,Si,8890.0,HUECHURABA,1763.157365,Cardenal Caro,No
-33.3566519,-70.6753619,125.0,339.0,3,3,No,No,No,No,2303.46,HUECHURABA,1763.019922,Los Libertadores,No
-33.557371,-70.6093987,70.0,180.0,3,1,Si,Si,Si,Si,2692.77,LA FLORIDA,1759.097983,La Granja,No
-33.483428,-70.561457,109.0,233.0,3,2,Si,Si,Si,Si,6950.0,PENALOLEN,1756.739098,Los Presidentes,No
-33.4054657,-70.6256993,120.0,260.0,3,1,Si,Si,Si,Si,3231.32,RECOLETA,1750.226834,Einstein,No
-33.4054657,-70.6256993,120.0,260.0,3,1,Si,Si,Si,Si,3231.32,RECOLETA,1750.226834,Einstein,No
-33.5626038,-70.6027337,117.0,275.0,3,2,No,No,No,No,600.48,LA FLORIDA,1749.791992,Los Quillayes,No
-33.5210683,-70.7705309,81.0,81.0,3,1,Si,Si,Si,Si,2132.6712,MAIPU,1749.556145,Plaza de Maipu,No
-33.3668745,-70.6697533,139.0,288.0,4,3,,Si,Si,Si,8700.0,HUECHURABA,1748.007535,Cardenal Caro,No
-33.3668745,-70.6697533,120.0,280.0,4,3,Si,Si,Si,Si,9000.0,HUECHURABA,1748.007535,Cardenal Caro,No
-33.3668745,-70.6697533,120.0,280.0,4,3,Si,Si,Si,Si,9000.0,HUECHURABA,1748.007535,Cardenal Caro,No
-33.3668745,-70.6697533,139.0,288.0,4,3,Si,Si,Si,Si,8700.0,HUECHURABA,1748.007535,Cardenal Caro,No
-33.53573,-70.57421,137.0,182.0,4,3,Si,Si,Si,Si,5650.0,LA FLORIDA,1741.202392,Trinidad,No
-33.53573,-70.57421,137.0,182.0,4,3,Si,Si,Si,Si,5650.0,LA FLORIDA,1741.202392,Trinidad,No
-33.53573,-70.57422,137.0,182.0,4,3,Si,Si,Si,Si,5650.0,LA FLORIDA,1740.394372,Trinidad,No
-33.467624,-70.755658,50.0,110.0,2,1,,No,No,No,1207.33,MAIPU,1739.450315,Las Parcelas,No
-33.575911,-70.5999903,80.0,85.0,3,1,Si,Si,Si,Si,1548.34,PUENTE ALTO,1735.148267,Elisa Correa,No
-33.4932269,-70.7739804,109.0,132.0,4,3,Si,Si,Si,Si,2985.741,MAIPU,1729.931525,Santiago Bueras,No
-33.39148967,-70.56744933,90.0,350.0,3,1,Si,Si,Si,Si,13500.0,VITACURA,1729.538072,Manquehue,No
-33.511389,-70.572948,70.0,243.0,3,1,No,No,No,No,1931.79,LA FLORIDA,1725.608696,Macul,No
-33.511314,-70.57297,70.0,243.0,3,1,No,No,No,No,1741.0,LA FLORIDA,1722.514267,Macul,No
-33.391627,-70.69526,78.0,240.0,3,1,No,No,No,No,756.19,RENCA,1715.620756,Vivaceta,No
-33.391627,-70.69526,77.0,239.0,3,1,No,No,No,No,941.62,RENCA,1715.620756,Vivaceta,No
-33.4245232,-70.7111495,260.0,630.0,1,2,Si,Si,Si,Si,8078.31,QUINTA NORMAL,1714.922564,Blanqueado,No
-33.4245232,-70.7111495,,630.0,1,2,Si,Si,Si,Si,8078.31,QUINTA NORMAL,1714.922564,Blanqueado,No
-33.4245232,-70.7111495,260.0,630.0,1,2,Si,Si,Si,Si,8078.31,QUINTA NORMAL,1714.922564,Blanqueado,No
-33.6067338,-70.5937917,65.0,106.0,2,1,Si,Si,Si,Si,969.395,PUENTE ALTO,1713.663842,Las Mercedes,No
-33.365888,-70.6705524,125.0,180.0,3,3,Si,Si,Si,Si,7980.0,HUECHURABA,1712.808411,Cardenal Caro,No
-33.5260144,-70.5789777,90.0,135.0,3,2,Si,Si,Si,Si,3950.0,LA FLORIDA,1711.600164,Rojas Magallanes,No
-33.4707569,-70.7581283,82.0,146.0,3,3,Si,Si,Si,Si,2665.839,MAIPU,1711.507688,Monte Tabor,No
-33.4184229,-70.6731116,80.0,140.0,4,1,Si,Si,Si,Si,2550.0,INDEPENDENCIA,1705.364838,Plaza Chacabuco,No
-33.352086,-70.680106,134.0,276.0,4,1,No,No,No,No,2941.48,HUECHURABA,1703.791129,Los Libertadores,No
-33.577941,-70.59923,,90.0,3,1,Si,Si,Si,Si,1117.5,PUENTE ALTO,1703.719675,Hospital Sotero del Rio,No
-33.58979049,-70.5628413,55.0,68.0,3,1,Si,Si,Si,Si,1077.105,PUENTE ALTO,1703.085856,Protectora de la Infancia,No
-33.573326,-70.600414,54.0,159.0,3,2,No,No,No,No,1637.24,PUENTE ALTO,1697.485049,Elisa Correa,No
-33.598395,-70.594413,69.0,213.0,3,3,No,No,No,No,2580.000006,PUENTE ALTO,1693.364595,Protectora de la Infancia,No
-33.4934818,-70.7736447,109.0,138.0,4,3,Si,Si,Si,Si,2843.5638,MAIPU,1691.727885,Santiago Bueras,No
-33.39155,-70.54905,92.0,220.0,4,3,,Si,Si,Si,4820.06,LAS CONDES,1685.908613,Los Dominicos,No
-33.4243169,-70.7081327,80.0,192.0,4,1,Si,Si,Si,Si,3400.0,QUINTA NORMAL,1685.267951,Blanqueado,No
-33.5041039,-70.5704516,73.0,285.0,4,1,Si,Si,Si,Si,3365.96,PENALOLEN,1673.073903,Las Torres,No
-33.5041039,-70.5704516,73.0,285.0,4,1,Si,Si,Si,Si,3365.96,PENALOLEN,1673.073903,Las Torres,No
-33.5182554,-70.6256063,152.0,152.0,3,1,Si,Si,Si,Si,2490.0,LA GRANJA,1671.272201,Pedrero,No
-33.5915816,-70.563276,69.0,130.0,3,2,Si,Si,Si,Si,1413.705,PUENTE ALTO,1670.041763,Protectora de la Infancia,No
-33.485562,-70.769238,53.0,124.0,2,1,No,No,No,No,1139.999989,MAIPU,1666.678988,Santiago Bueras,No
-33.60063783,-70.59403288,110.0,150.0,4,3,Si,Si,Si,Si,2800.0,PUENTE ALTO,1660.933856,Las Mercedes,No
-33.397797,-70.5796354,119.0,222.0,5,3,Si,Si,Si,Si,13980.0,VITACURA,1660.585625,Manquehue,No
-33.56283,-70.56866,94.58,96.17,4,3,Si,Si,Si,Si,1386.775,PUENTE ALTO,1660.323574,Elisa Correa,No
-33.56283,-70.56866,94.58,96.17,4,3,Si,Si,Si,Si,1386.775,PUENTE ALTO,1660.323574,Elisa Correa,No
-33.56283,-70.56866,94.58,96.17,4,3,Si,Si,Si,Si,1386.775,PUENTE ALTO,1660.323574,Elisa Correa,No
-33.56283,-70.56866,94.58,96.17,4,3,Si,Si,Si,Si,1388.385,PUENTE ALTO,1660.323574,Elisa Correa,No
-33.5186694,-70.5763985,,57.0,2,1,Si,Si,Si,Si,1758.0,LA FLORIDA,1659.936903,Macul,No
-33.4934833,-70.7732425,110.0,132.0,5,3,Si,Si,Si,Si,2843.5638,MAIPU,1652.363819,Santiago Bueras,No
-33.5539264,-70.6056911,60.0,65.0,2,1,Si,Si,Si,Si,1319.46,LA FLORIDA,1651.692445,La Granja,No
-33.4489231,-70.5418043,171.0,319.0,5,3,Si,Si,Si,Si,12100.0,LA REINA,1648.715981,Fernando Castillo Velasco,No
-33.4489231,-70.5418043,171.0,319.0,5,3,Si,Si,Si,Si,12000.0,LA REINA,1648.715981,Fernando Castillo Velasco,No
-33.4489231,-70.5418043,171.0,319.0,5,3,Si,Si,Si,Si,12050.0,LA REINA,1648.715981,Fernando Castillo Velasco,No
-33.594095,-70.595748,,204.0,3,2,No,No,No,No,2921.66,PUENTE ALTO,1646.858403,Protectora de la Infancia,No
-33.504579,-70.570905,134.0,432.0,5,2,No,No,No,No,2316.41,PENALOLEN,1646.017017,Las Torres,No
-33.5633971,-70.5685848,56.0,92.0,3,1,Si,Si,Si,Si,1077.105,PUENTE ALTO,1645.550173,Elisa Correa,No
-33.5633971,-70.5685848,,92.0,3,1,Si,Si,Si,Si,1078.355,PUENTE ALTO,1645.550173,Elisa Correa,No
-33.36669,-70.65232,140.0,333.0,3,3,Si,Si,Si,Si,9500.0,HUECHURABA,1643.548311,Vespucio Norte,No
-33.569096,-70.6002958,58.0,139.0,3,1,No,No,No,No,1350.77,PUENTE ALTO,1641.049025,Elisa Correa,No
-33.524156,-70.580383,95.0,162.0,4,2,Si,Si,Si,Si,3990.0,LA FLORIDA,1640.774259,Vicuna Mackenna,No
-33.524156,-70.580383,95.0,162.0,4,2,Si,Si,Si,Si,3990.0,LA FLORIDA,1640.774259,Vicuna Mackenna,No
-33.5829498,-70.56496,90.0,126.0,3,3,Si,Si,Si,Si,1588.735,PUENTE ALTO,1637.567525,Protectora de la Infancia,No
-33.4825601,-70.5957663,125.0,125.0,2,1,,Si,Si,Si,3976.0,MACUL,1633.81982,Quilin,No
-33.4940901,-70.6765026,92.0,120.0,3,2,Si,Si,Si,Si,2018.0,PEDRO AGUIRRE CERDA,1630.499537,Lo Valledor,No
-33.4348355,-70.7538129,100.0,122.0,4,1,Si,Si,Si,Si,2558.13,PUDAHUEL,1627.748108,Pudahuel,No
-33.4777175,-70.5947743,157.0,157.0,3,1,Si,Si,Si,Si,3231.32,MACUL,1625.318294,Los Presidentes,No
-33.39256909,-70.56805015,120.0,350.0,3,2,Si,Si,Si,Si,14000.0,VITACURA,1623.708184,Manquehue,No
-33.3974225,-70.5787779,130.0,228.0,4,2,Si,Si,Si,Si,13980.0,VITACURA,1623.276521,Manquehue,No
-33.416457,-70.67373,142.0,142.0,3,2,Si,Si,Si,Si,3695.0,INDEPENDENCIA,1620.36876,Plaza Chacabuco,No
-33.39213715,-70.54866756,160.0,168.0,5,3,Si,Si,Si,Si,11000.0,LAS CONDES,1619.72022,Los Dominicos,No
-33.3550671,-70.6782798,132.0,162.0,4,4,Si,Si,Si,Si,5950.0,HUECHURABA,1615.25198,Los Libertadores,No
-33.5234597,-70.5805029,112.0,112.0,4,2,Si,Si,Si,Si,3830.0,LA FLORIDA,1611.483735,Vicuna Mackenna,No
-33.541959,-70.572753,66.0,270.0,3,1,No,No,No,No,2890.000011,LA FLORIDA,1604.168049,Trinidad,No
-33.5234105,-70.5805682,82.0,124.0,4,1,Si,Si,Si,Si,3837.2,LA FLORIDA,1603.98417,Vicuna Mackenna,No
-33.5234105,-70.5805682,82.0,124.0,4,1,Si,Si,Si,Si,3837.2,LA FLORIDA,1603.98417,Vicuna Mackenna,No
-33.4237969,-70.5430823,114.0,265.0,3,3,Si,Si,Si,Si,9950.0,LAS CONDES,1601.247199,Los Dominicos,No
-33.558954,-70.569485,45.0,167.0,3,1,No,No,No,No,1604.45,LA FLORIDA,1597.961433,Los Quillayes,No
-33.47885167,-70.59461474,72.0,210.0,3,1,Si,Si,Si,Si,3231.32,MACUL,1597.896409,Los Presidentes,No
-33.423211,-70.550753,,241.0,4,3,Si,Si,Si,Si,11700.0,LAS CONDES,1592.256889,Hernando de Magallanes,No
-33.5398426,-70.5735963,147.0,116.0,4,2,Si,Si,Si,Si,5358.61,LA FLORIDA,1591.797027,Trinidad,No
-33.46933,-70.75478,50.0,62.0,3,2,Si,Si,Si,Si,1421.7786,MAIPU,1590.299657,Las Parcelas,No
-33.5441173,-70.5725334,95.0,137.0,1,1,Si,Si,Si,Si,4700.0,LA FLORIDA,1585.80877,Trinidad,No
-33.5441173,-70.5725334,95.0,137.0,1,1,Si,Si,Si,Si,4700.0,LA FLORIDA,1585.80877,Trinidad,No
-33.4318433,-70.5590994,152.0,334.0,3,3,Si,Si,Si,Si,11600.0,LA REINA,1579.583514,Principe de Gales,No
-33.5111858,-70.6409068,190.0,190.0,2,1,Si,Si,Si,Si,4308.43,SAN MIGUEL,1578.348656,Cuidad del Nino,No
-33.5052755,-70.5719375,66.0,185.0,3,1,No,No,No,No,1329.61,PENALOLEN,1576.717643,Las Torres,No
-33.5087861,-70.6401985,105.26,178.88,3,1,Si,Si,Si,Si,3231.32,SAN MIGUEL,1575.39035,Departamental,No
-33.5471564,-70.5721876,88.0,165.0,4,3,Si,Si,Si,Si,4950.0,LA FLORIDA,1574.76895,San Jose de la Estrella,No
-33.57381745,-70.5990153,82.0,108.0,3,3,Si,Si,Si,Si,1575.27,PUENTE ALTO,1574.585954,Elisa Correa,No
-33.5506818,-70.6032897,90.0,120.0,3,2,Si,Si,Si,Si,3300.0,LA FLORIDA,1572.614426,Trinidad,No
-33.5627484,-70.5696366,88.0,128.0,4,1,Si,Si,Si,Si,2950.0,LA FLORIDA,1570.036185,Los Quillayes,No
-33.583006,-70.565683,51.0,126.0,3,1,Si,Si,Si,Si,1300.0,PUENTE ALTO,1569.602631,Protectora de la Infancia,No
-33.6055944,-70.5926226,75.0,171.0,4,3,Si,Si,Si,Si,1871.475,PUENTE ALTO,1569.596659,Las Mercedes,No
-33.553732,-70.606859,,93.0,2,1,No,No,No,No,572.38,LA FLORIDA,1564.893431,La Granja,No
-33.5738521,-70.5988838,68.0,123.0,3,2,Si,Si,Si,Si,1615.66,PUENTE ALTO,1562.931133,Elisa Correa,No
-33.46774996,-70.55492878,125.0,180.0,5,3,Si,Si,Si,Si,3769.88,PENALOLEN,1562.142939,Fernando Castillo Velasco,No
-33.478187,-70.724669,74.0,191.0,4,1,No,No,No,No,1869.999995,MAIPU,1561.927431,Las Parcelas,No
-33.4600336,-70.7532335,90.0,147.0,3,1,Si,Si,Si,Si,2423.49,PUDAHUEL,1551.502727,Laguna Sur,No
-33.4600336,-70.7532335,90.0,147.0,3,1,Si,Si,Si,Si,2426.3,PUDAHUEL,1551.502727,Laguna Sur,No
-33.570804,-70.599302,54.0,133.0,3,1,No,No,No,No,1405.72,PUENTE ALTO,1547.288496,Elisa Correa,No
-33.39354,-70.56473,103.45,155.33,4,3,Si,Si,Si,Si,12400.0,VITACURA,1543.911455,Manquehue,No
-33.47339021,-70.59259604,143.0,201.0,4,2,Si,Si,Si,Si,7674.39,NUNOA,1538.207997,Los Presidentes,No
-33.5773578,-70.5669194,60.0,130.0,3,1,Si,Si,Si,Si,1295.0,PUENTE ALTO,1530.819379,Hospital Sotero del Rio,No
-33.555025,-70.609734,47.0,109.0,3,1,,No,No,No,1141.26,LA FLORIDA,1530.573504,La Granja,No
-33.35832,-70.6771,130.0,196.0,4,1,Si,Si,Si,Si,6990.0,HUECHURABA,1530.031114,Los Libertadores,No
-33.4190986,-70.5346036,75.0,304.0,3,1,Si,Si,Si,Si,6335.34,LAS CONDES,1521.145828,Los Dominicos,No
-33.4265686,-70.7025269,64.0,65.0,1,1,Si,Si,Si,Si,3360.0,QUINTA NORMAL,1517.279148,Blanqueado,No
-33.4234427,-70.5708524,154.0,203.0,4,2,Si,Si,Si,Si,12000.0,LAS CONDES,1511.195886,Manquehue,No
-33.4234427,-70.5708524,154.0,203.0,4,2,Si,Si,Si,Si,12000.0,LAS CONDES,1511.195886,Manquehue,No
-33.59401,-70.594318,76.0,204.0,3,3,No,No,No,No,2074.35,PUENTE ALTO,1507.039366,Protectora de la Infancia,No
-33.59401,-70.594318,76.0,204.0,3,3,No,No,No,No,2027.63,PUENTE ALTO,1507.039366,Protectora de la Infancia,No
-33.5065644,-70.7716707,86.0,171.0,3,3,Si,Si,Si,Si,3293.4,MAIPU,1506.620812,Plaza de Maipu,No
-33.5889484,-70.5948985,54.0,147.0,3,1,Si,Si,Si,Si,1616.5,PUENTE ALTO,1504.614396,Protectora de la Infancia,No
-33.41956034,-70.53545235,75.0,270.0,3,1,Si,Si,Si,Si,7809.03,LAS CONDES,1500.757721,Los Dominicos,No
-33.48058487,-70.59361306,127.0,377.0,3,2,Si,Si,Si,Si,5190.0,MACUL,1495.553633,Los Presidentes,No
-33.3540042,-70.6810527,117.0,180.0,4,3,,Si,Si,Si,6200.0,HUECHURABA,1495.040189,Los Libertadores,No
-33.3540042,-70.6810527,117.0,180.0,4,3,Si,Si,Si,Si,6200.0,HUECHURABA,1495.040189,Los Libertadores,No
-33.3540042,-70.6810527,117.0,180.0,4,3,Si,Si,Si,Si,6450.0,HUECHURABA,1495.040189,Los Libertadores,No
-33.3939814,-70.5503613,74.0,240.0,3,2,Si,Si,Si,Si,11300.0,LAS CONDES,1494.488782,Los Dominicos,No
-33.39955857,-70.58240263,125.0,352.0,4,3,Si,Si,Si,Si,14800.0,VITACURA,1487.913638,Escuela Militar,No
-33.4195624,-70.5356676,75.0,270.0,3,1,Si,Si,Si,Si,7809.03,LAS CONDES,1487.487526,Los Dominicos,No
-33.422077,-70.550721,115.0,253.0,4,3,Si,Si,Si,Si,10550.0,LAS CONDES,1487.11701,Hernando de Magallanes,No
-33.543195,-70.573726,92.0,373.0,5,2,Si,Si,Si,Si,6112.58,LA FLORIDA,1482.017901,Trinidad,No
-33.4224217,-70.5420033,200.0,254.0,4,4,Si,Si,Si,Si,13500.0,LAS CONDES,1481.820659,Los Dominicos,No
-33.57311393,-70.5679293,66.0,128.0,3,1,Si,Si,Si,Si,1211.745,PUENTE ALTO,1479.698312,Hospital Sotero del Rio,No
-33.4747559,-70.7252684,110.0,119.0,3,2,Si,Si,Si,Si,2079.3564,MAIPU,1473.829242,Las Parcelas,No
-33.47817603,-70.56405902,45.0,120.0,2,1,Si,Si,Si,Si,2235.0,PENALOLEN,1471.750931,Los Presidentes,No
-33.6011152,-70.5921501,86.0,113.0,3,3,Si,Si,Si,Si,1884.94,PUENTE ALTO,1470.728921,Las Mercedes,No
-33.6011152,-70.5921501,86.0,113.0,3,3,Si,Si,Si,Si,1884.94,PUENTE ALTO,1470.728921,Las Mercedes,No
-33.598427,-70.5918161,90.0,150.0,3,3,Si,Si,Si,Si,2250.0,PUENTE ALTO,1470.696207,Las Mercedes,No
-33.598427,-70.5918161,90.0,150.0,3,3,,Si,Si,Si,2250.0,PUENTE ALTO,1470.696207,Las Mercedes,No
-33.5866194,-70.5655963,100.0,223.0,3,2,No,No,No,No,2047.52,PUENTE ALTO,1460.789979,Protectora de la Infancia,No
-33.5553553,-70.5719789,64.0,81.0,3,2,Si,Si,Si,Si,2235.0,LA FLORIDA,1460.38213,Los Quillayes,No
-33.5241336,-70.7604738,125.0,147.0,3,2,Si,Si,Si,Si,3193.74,MAIPU,1457.340815,Plaza de Maipu,No
-33.508791,-70.742485,155.0,160.0,4,5,Si,Si,Si,Si,2039.4,MAIPU,1456.070891,Plaza de Maipu,No
-33.599534,-70.591858,,264.0,3,3,No,No,No,No,2331.64,PUENTE ALTO,1455.184335,Las Mercedes,No
-33.59378,-70.593839,133.0,133.0,3,3,Si,Si,Si,Si,2150.0,PUENTE ALTO,1454.596363,Protectora de la Infancia,No
-33.4909059,-70.598419,99.0,120.0,3,1,Si,Si,Si,Si,8078.31,MACUL,1446.055372,Las Torres,No
-33.5044751,-70.6701577,129.0,160.0,3,2,Si,Si,Si,Si,4981.62,PEDRO AGUIRRE CERDA,1445.893666,Cuidad del Nino,No
-33.421666,-70.549127,140.0,241.0,4,3,Si,Si,Si,Si,11700.0,LAS CONDES,1441.873559,Los Dominicos,No
-33.471034,-70.594689,,294.0,4,1,No,No,No,No,2850.0,NUNOA,1441.761648,Estadio Nacional,No
-33.55535701,-70.61393201,58.0,69.0,2,1,Si,Si,Si,Si,1427.17,LA GRANJA,1441.168964,La Granja,No
-33.3541101,-70.6818235,,200.0,4,4,Si,Si,Si,Si,6990.0,HUECHURABA,1438.575609,Los Libertadores,No
-33.39446,-70.55193,167.0,267.0,3,3,Si,Si,Si,Si,14990.0,LAS CONDES,1437.83104,Hernando de Magallanes,No
-33.5239189,-70.7605274,125.0,247.0,3,2,Si,Si,Si,Si,3193.74,MAIPU,1437.806595,Plaza de Maipu,No
-33.3867,-70.6600957,71.0,164.0,3,1,,Si,Si,Si,2750.0,CONCHALI,1432.931596,Conchali,No
-33.47097,-70.594756,101.0,294.0,4,1,No,No,No,No,2900.0,NUNOA,1432.560407,Estadio Nacional,No
-33.4883782,-70.7325092,130.0,142.0,4,3,Si,Si,Si,Si,2043.8088,MAIPU,1431.197675,Monte Tabor,No
-33.4883782,-70.7325092,130.0,142.0,4,3,Si,Si,Si,Si,2043.8088,MAIPU,1431.197675,Monte Tabor,No
-33.4883782,-70.7325092,,142.0,4,3,Si,Si,Si,Si,2046.1782,MAIPU,1431.197675,Monte Tabor,No
-33.4849429,-70.7663136,59.0,61.0,2,1,Si,Si,Si,Si,1762.2,MAIPU,1428.001711,Del Sol,No
-33.602553,-70.563256,133.0,245.0,5,2,No,No,No,No,976.62,PUENTE ALTO,1422.765336,Las Mercedes,No
-33.470827,-70.709891,84.0,263.0,3,1,No,No,No,No,1291.2,ESTACION CENTRAL,1420.214607,Las Rejas,No
-33.4220713,-70.5443819,116.0,265.0,4,2,Si,Si,Si,Si,11500.0,LAS CONDES,1419.414799,Los Dominicos,No
-33.4925064,-70.6820785,140.0,180.0,4,2,Si,Si,Si,Si,2019.58,PEDRO AGUIRRE CERDA,1416.658756,Lo Valledor,No
-33.4925064,-70.6820785,140.0,180.0,4,2,Si,Si,Si,Si,2019.58,PEDRO AGUIRRE CERDA,1416.658756,Lo Valledor,No
-33.4925064,-70.6820785,,180.0,4,2,Si,Si,Si,Si,2021.92,PEDRO AGUIRRE CERDA,1416.658756,Lo Valledor,No
-33.3542407,-70.6820204,110.0,130.0,3,3,Si,Si,Si,Si,7080.0,HUECHURABA,1416.228247,Los Libertadores,No
-33.3542407,-70.6820204,86.0,100.0,3,3,Si,Si,Si,Si,6000.0,HUECHURABA,1416.228247,Los Libertadores,No
-33.528866,-70.630357,,228.0,2,1,No,No,No,No,1506.4,LA GRANJA,1406.05219,Santa Rosa,No
-33.4707858,-70.7095235,103.0,153.0,2,2,Si,Si,Si,Si,3204.39,ESTACION CENTRAL,1405.546895,Las Rejas,No
-33.4707858,-70.7095235,103.0,153.0,2,2,Si,Si,Si,Si,3204.39,ESTACION CENTRAL,1405.546895,Las Rejas,No
-33.35362,-70.68311,115.0,281.0,4,3,Si,Si,Si,Si,6490.0,HUECHURABA,1404.988971,Los Libertadores,No
-33.5579747,-70.5999008,131.0,105.0,3,2,Si,Si,Si,Si,2600.0,LA FLORIDA,1404.259838,San Jose de la Estrella,No
-33.5579747,-70.5999008,131.0,105.0,3,2,Si,Si,Si,Si,2600.0,LA FLORIDA,1404.259838,San Jose de la Estrella,No
-33.418972,-70.5362665,70.0,283.0,3,1,Si,Si,Si,Si,7809.03,LAS CONDES,1404.077876,Los Dominicos,No
-33.5977015,-70.5914004,104.0,138.0,4,3,Si,Si,Si,Si,1911.865,PUENTE ALTO,1402.34178,Protectora de la Infancia,No
-33.41890525,-70.5362606,,283.0,3,1,Si,Si,Si,Si,7809.03,LAS CONDES,1399.177088,Los Dominicos,No
-33.5021553,-70.6400484,164.0,260.0,4,1,No,No,No,No,859.98,SAN MIGUEL,1397.720003,Lo Vial,No
-33.4392437,-70.5532677,140.0,240.0,3,3,Si,Si,Si,Si,14500.0,LA REINA,1396.967514,Fernando Castillo Velasco,No
-33.4719116,-70.5627854,110.0,240.0,5,5,Si,Si,Si,Si,9300.0,PENALOLEN,1396.967331,Grecia,No
-33.4719116,-70.5627854,151.0,420.0,3,3,Si,Si,Si,Si,11500.0,PENALOLEN,1396.967331,Grecia,No
-33.4719116,-70.5627854,110.0,240.0,5,5,Si,Si,Si,Si,9300.0,PENALOLEN,1396.967331,Grecia,No
-33.4719116,-70.5627854,63.0,150.0,2,2,Si,Si,Si,Si,3767.0,PENALOLEN,1396.967331,Grecia,No
-33.434617,-70.7504111,70.5,122.0,2,1,Si,Si,Si,Si,1884.94,PUDAHUEL,1393.483622,Pudahuel,No
-33.4903166,-70.672391,54.0,210.0,3,1,Si,Si,Si,Si,2288.85,PEDRO AGUIRRE CERDA,1390.720689,Pesidente Pedro Aguirre Cerda,No
-33.4903166,-70.672391,54.0,210.0,3,1,Si,Si,Si,Si,2288.85,PEDRO AGUIRRE CERDA,1390.720689,Pesidente Pedro Aguirre Cerda,No
-33.4697422,-70.6978087,,91.0,3,1,Si,Si,Si,Si,2260.0,ESTACION CENTRAL,1386.51784,Cerrillos,No
-33.35324638,-70.68413388,94.0,160.0,3,3,Si,Si,Si,Si,4800.0,HUECHURABA,1386.01646,Los Libertadores,No
-33.35324638,-70.68413388,94.0,160.0,3,3,Si,Si,Si,Si,4800.0,HUECHURABA,1386.01646,Los Libertadores,No
-33.5308975,-70.5799123,60.0,97.0,2,1,Si,Si,Si,Si,3769.88,LA FLORIDA,1385.049788,Rojas Magallanes,No
-33.5929526,-70.5933318,79.0,122.0,3,2,Si,Si,Si,Si,1736.835,PUENTE ALTO,1384.324107,Protectora de la Infancia,No
-33.5929526,-70.5933318,79.0,122.0,3,2,Si,Si,Si,Si,1736.835,PUENTE ALTO,1384.324107,Protectora de la Infancia,No
-33.5929526,-70.5933318,79.0,122.0,3,2,Si,Si,Si,Si,1736.835,PUENTE ALTO,1384.324107,Protectora de la Infancia,No
-33.5929526,-70.5933318,,122.0,3,2,Si,Si,Si,Si,1738.85,PUENTE ALTO,1384.324107,Protectora de la Infancia,No
-33.4723533,-70.7264896,101.0,119.0,4,1,Si,Si,Si,Si,2261.82,MAIPU,1380.704925,Las Parcelas,No
-33.440973,-70.754267,138.0,287.0,5,2,No,No,No,No,1640.56,PUDAHUEL,1379.720106,Pudahuel,No
-33.35272053,-70.68543365,,240.0,4,3,Si,Si,Si,Si,6950.0,HUECHURABA,1378.839391,Los Libertadores,No
-33.384811,-70.657708,88.0,144.0,4,1,Si,Si,Si,Si,2900.0,CONCHALI,1367.607034,Vespucio Norte,No
-33.41860973,-70.53643227,90.0,270.0,4,2,Si,Si,Si,Si,8347.58,LAS CONDES,1365.332277,Los Dominicos,No
-33.475824,-70.608304,70.0,343.0,4,2,No,No,No,No,4390.000011,MACUL,1361.993392,Estadio Nacional,No
-33.475824,-70.608304,70.0,343.0,4,2,No,No,No,No,3989.999989,MACUL,1361.993392,Estadio Nacional,No
-33.48862604,-70.59518075,93.0,375.0,4,2,Si,Si,Si,Si,9000.0,MACUL,1351.883497,Las Torres,No
-33.3955508,-70.5514334,103.0,216.0,3,2,Si,Si,Si,Si,10490.0,LAS CONDES,1350.231699,Hernando de Magallanes,No
-33.5631691,-70.5719176,49.0,153.0,3,1,No,No,No,No,972.84,LA FLORIDA,1347.846594,Los Quillayes,No
-33.61189785,-70.5626516,60.0,100.0,2,1,Si,Si,Si,Si,1831.085,PUENTE ALTO,1345.066143,Plaza Puente Alto,No
-33.5940508,-70.5924967,112.0,138.0,3,3,Si,Si,Si,Si,2100.0,PUENTE ALTO,1334.784149,Protectora de la Infancia,No
-33.5940508,-70.5924967,112.0,138.0,3,3,Si,Si,Si,Si,2100.0,PUENTE ALTO,1334.784149,Protectora de la Infancia,No
-33.49776291,-70.59963048,60.0,185.0,2,2,Si,Si,Si,Si,4590.0,MACUL,1333.884658,Las Torres,No
-33.5529187,-70.5998481,108.2,210.0,4,3,Si,Si,Si,Si,4930.0,LA FLORIDA,1330.739828,San Jose de la Estrella,No
-33.496065,-70.691426,78.0,186.0,2,1,No,No,No,No,1596.31,PEDRO AGUIRRE CERDA,1329.82923,Cerrillos,No
-33.5517858,-70.6082198,45.0,105.0,2,1,No,No,No,No,680.05,LA FLORIDA,1327.487825,La Granja,No
-33.356665,-70.680705,108.0,315.0,3,2,No,No,No,No,3737.3,HUECHURABA,1327.350975,Los Libertadores,No
-33.4928567,-70.6655707,140.0,200.0,4,2,Si,Si,Si,Si,4450.0,PEDRO AGUIRRE CERDA,1320.495261,Lo Vial,No
-33.516505,-70.7455862,56.0,216.0,2,1,Si,Si,Si,Si,1438.8,MAIPU,1314.415964,Plaza de Maipu,No
-33.516505,-70.7455862,56.0,216.0,2,1,Si,Si,Si,Si,1438.8,MAIPU,1314.415964,Plaza de Maipu,No
-33.4581131,-70.7514529,,150.0,3,2,No,No,No,No,901.76,PUDAHUEL,1311.751501,Barrancas,No
-33.46461742,-70.55312097,90.0,162.0,4,1,Si,Si,Si,Si,3500.6,PENALOLEN,1310.923918,Fernando Castillo Velasco,No
-33.42045372,-70.55161708,177.0,250.0,4,4,Si,Si,Si,Si,13500.0,LAS CONDES,1303.582253,Hernando de Magallanes,No
-33.5765391,-70.5693072,85.0,138.0,4,2,Si,Si,Si,Si,1615.66,PUENTE ALTO,1292.114558,Hospital Sotero del Rio,No
-33.5064254,-70.5758707,61.0,139.0,3,2,Si,Si,Si,Si,4963.0,PENALOLEN,1291.933393,Las Torres,No
-33.5449812,-70.6021906,100.0,150.0,3,2,Si,Si,Si,Si,2423.49,LA FLORIDA,1289.543848,Rojas Magallanes,No
-33.5449812,-70.6021906,100.0,150.0,3,2,Si,Si,Si,Si,2423.49,LA FLORIDA,1289.543848,Rojas Magallanes,No
-33.5449812,-70.6021906,100.0,150.0,3,2,Si,Si,Si,Si,2426.3,LA FLORIDA,1289.543848,Rojas Magallanes,No
-33.3603426,-70.6787961,157.0,212.0,4,4,Si,Si,Si,Si,7990.0,HUECHURABA,1289.149475,Los Libertadores,No
-33.3573837,-70.680676,125.0,125.0,3,4,Si,Si,Si,Si,8300.0,HUECHURABA,1282.88172,Los Libertadores,No
-33.5099681,-70.6437864,175.0,175.0,5,2,Si,Si,Si,Si,5385.54,SAN MIGUEL,1282.214735,Cuidad del Nino,No
-33.420961,-70.555034,,357.0,4,2,Si,Si,Si,Si,9990.0,LAS CONDES,1278.942786,Hernando de Magallanes,No
-33.420961,-70.555034,60.0,357.0,4,2,Si,Si,Si,Si,9990.0,LAS CONDES,1278.942786,Hernando de Magallanes,No
-33.5325822,-70.5804955,70.0,70.0,3,1,Si,Si,Si,Si,3473.67,LA FLORIDA,1272.788898,Rojas Magallanes,No
-33.4137305,-70.5335811,139.0,298.0,4,3,Si,Si,Si,Si,13971.0,LAS CONDES,1272.364428,Los Dominicos,No
-33.4137305,-70.5335811,139.0,298.0,4,3,Si,Si,Si,Si,13973.0,LAS CONDES,1272.364428,Los Dominicos,No
-33.4137305,-70.5335811,139.0,298.0,4,3,Si,Si,Si,Si,14003.0,LAS CONDES,1272.364428,Los Dominicos,No
-33.458984,-70.750579,54.0,138.0,2,1,No,No,No,No,2041.31,PUDAHUEL,1271.241728,Barrancas,No
-33.437321,-70.560555,172.0,284.0,4,4,Si,Si,Si,Si,13000.0,LA REINA,1268.65031,Principe de Gales,No
-33.3548993,-70.6836473,100.0,140.0,3,3,Si,Si,Si,Si,4850.0,HUECHURABA,1268.33733,Los Libertadores,No
-33.3541374,-70.6850065,86.0,133.0,3,3,Si,Si,Si,Si,5600.0,HUECHURABA,1266.961321,Los Libertadores,No
-33.3541374,-70.6850065,86.0,133.0,3,3,Si,Si,Si,Si,5600.0,HUECHURABA,1266.961321,Los Libertadores,No
-33.3541374,-70.6850065,86.0,133.0,3,3,Si,Si,Si,Si,5600.0,HUECHURABA,1266.961321,Los Libertadores,No
-33.4890357,-70.5943341,185.0,340.0,4,2,Si,Si,Si,Si,8100.0,MACUL,1266.057219,Las Torres,No
-33.35413,-70.68508,82.0,122.0,3,2,Si,Si,Si,Si,4990.0,HUECHURABA,1264.392585,Los Libertadores,No
-33.35413,-70.68508,100.0,140.0,3,3,Si,Si,Si,Si,4850.0,HUECHURABA,1264.392585,Los Libertadores,No
-33.5394875,-70.5774462,73.0,414.0,5,2,Si,Si,Si,Si,5287.0,LA FLORIDA,1263.421518,Trinidad,No
-33.35467022,-70.68413982,90.0,120.0,3,3,Si,Si,Si,Si,5100.0,HUECHURABA,1261.587569,Los Libertadores,No
-33.5375209,-70.5789281,120.0,200.0,4,3,Si,Si,Si,Si,7500.0,LA FLORIDA,1261.485856,Trinidad,No
-33.57556693,-70.59491012,78.0,78.0,3,3,Si,Si,Si,Si,1675.0,PUENTE ALTO,1260.775197,Elisa Correa,No
-33.354005,-70.6854362,79.0,131.0,3,2,Si,Si,Si,Si,4990.0,HUECHURABA,1260.609297,Los Libertadores,No
-33.600768,-70.590022,75.0,202.0,3,3,No,No,No,No,2255.66,PUENTE ALTO,1259.787415,Las Mercedes,No
-33.446151,-70.5470002,137.81,285.42,4,3,Si,Si,Si,Si,13800.0,LA REINA,1258.726651,Fernando Castillo Velasco,No
-33.4771095,-70.7568556,134.0,303.0,4,4,No,No,No,No,3984.61,MAIPU,1251.724058,Monte Tabor,No
-33.5956538,-70.5664372,80.0,105.0,3,2,Si,Si,Si,Si,1279.065,PUENTE ALTO,1250.369439,Las Mercedes,No
-33.5956538,-70.5664372,80.0,105.0,3,2,Si,Si,Si,Si,1279.065,PUENTE ALTO,1250.369439,Las Mercedes,No
-33.5956538,-70.5664372,80.0,105.0,3,2,Si,Si,Si,Si,1279.065,PUENTE ALTO,1250.369439,Las Mercedes,No
-33.5956538,-70.5664372,80.0,105.0,3,2,Si,Si,Si,Si,1280.55,PUENTE ALTO,1250.369439,Las Mercedes,No
-33.489385,-70.7352,100.0,300.0,3,2,No,No,No,No,1872.38,MAIPU,1248.437303,Monte Tabor,No
-33.49234,-70.63918,,467.0,3,2,Si,Si,Si,Si,6700.0,SAN JOAQUIN,1243.454864,San Miguel,No
-33.566276,-70.5718672,75.0,87.0,3,1,Si,Si,Si,Si,1050.18,PUENTE ALTO,1243.221216,Elisa Correa,No
-33.481059,-70.591051,60.0,282.0,2,1,No,No,No,No,2897.68,MACUL,1243.065022,Los Presidentes,No
-33.5664275,-70.5718365,78.0,87.0,2,2,Si,Si,Si,Si,1144.425,PUENTE ALTO,1242.425163,Elisa Correa,No
-33.42091,-70.5696739,140.0,213.0,3,3,Si,Si,Si,Si,11000.0,LAS CONDES,1238.017414,Manquehue,No
-33.4721727,-70.7005918,54.0,161.0,3,1,Si,Si,Si,Si,3231.32,ESTACION CENTRAL,1232.787826,Cerrillos,No
-33.4721727,-70.7005918,54.0,161.0,3,1,Si,Si,Si,Si,3231.32,ESTACION CENTRAL,1232.787826,Cerrillos,No
-33.5664454,-70.5719759,78.0,87.0,1,2,Si,Si,Si,Si,1144.425,PUENTE ALTO,1228.468777,Elisa Correa,No
-33.5452,-70.654933,111.0,285.0,4,1,No,No,No,No,1318.69,LA CISTERNA,1227.806907,La Cisterna,No
-33.42044887,-70.55707709,136.0,308.0,4,2,Si,Si,Si,Si,13619.0,LAS CONDES,1226.996225,Hernando de Magallanes,No
-33.4836581,-70.7633986,115.0,257.0,3,3,No,No,No,No,3627.68,MAIPU,1221.336088,Del Sol,No
-33.501267,-70.6280113,152.0,347.0,2,1,Si,Si,Si,Si,5100.0,SAN JOAQUIN,1221.174719,San Joaquin,No
-33.5578242,-70.573606,47.0,77.0,2,1,Si,Si,Si,Si,2396.56,LA FLORIDA,1220.423627,Los Quillayes,No
-33.5861695,-70.5681994,64.0,113.0,3,2,Si,Si,Si,Si,1680.0,PUENTE ALTO,1219.976832,Protectora de la Infancia,No
-33.57304446,-70.57066898,70.0,128.0,4,1,,Si,Si,Si,1279.065,PUENTE ALTO,1219.338782,Hospital Sotero del Rio,No
-33.5332492,-70.5808742,120.0,200.0,4,2,Si,Si,Si,Si,6300.0,LA FLORIDA,1218.328815,Rojas Magallanes,No
-33.5332492,-70.5808742,120.0,200.0,4,2,Si,Si,Si,Si,6800.0,LA FLORIDA,1218.328815,Rojas Magallanes,No
-33.4405012,-70.5603443,110.0,168.0,4,3,Si,Si,Si,Si,8500.0,LA REINA,1216.051294,Fernando Castillo Velasco,No
-33.591849,-70.567904,95.0,241.0,3,1,No,No,No,No,1143.36,PUENTE ALTO,1215.641592,Protectora de la Infancia,No
-33.490155,-70.594722,132.0,450.0,4,3,Si,Si,Si,Si,9950.0,MACUL,1208.006709,Las Torres,No
-33.4841,-70.763449,100.0,116.0,5,3,Si,Si,Si,Si,3432.0,MAIPU,1203.406469,Del Sol,No
-33.49079,-70.73699,117.0,128.0,3,2,,Si,Si,Si,2043.8088,MAIPU,1201.889783,Monte Tabor,No
-33.49079,-70.73699,117.0,128.0,3,2,Si,Si,Si,Si,2043.8088,MAIPU,1201.889783,Monte Tabor,No
-33.49079,-70.73699,117.0,128.0,3,2,Si,Si,Si,Si,2046.1782,MAIPU,1201.889783,Monte Tabor,No
-33.3599419,-70.6800362,140.0,238.0,4,4,Si,Si,Si,Si,8500.0,HUECHURABA,1194.650035,Los Libertadores,No
-33.4966072,-70.7430428,148.3,216.2,5,3,Si,Si,Si,Si,2576.805,MAIPU,1191.773491,Del Sol,No
-33.536359,-70.5807837,117.0,444.0,3,2,Si,Si,Si,Si,10636.44,LA FLORIDA,1189.157587,Rojas Magallanes,No
-33.4423451,-70.5516178,120.0,305.0,5,2,Si,Si,Si,Si,9500.0,LA REINA,1187.952399,Fernando Castillo Velasco,No
-33.39667888,-70.55336109,220.0,375.0,5,5,Si,Si,Si,Si,14500.0,LAS CONDES,1186.129133,Hernando de Magallanes,No
-33.5673828,-70.5955528,79.0,104.0,3,2,Si,Si,Si,Si,3000.0,LA FLORIDA,1184.452514,Elisa Correa,No
-33.4904717,-70.594701,99.0,538.0,4,1,Si,Si,Si,Si,9385.0,MACUL,1183.93047,Las Torres,No
-33.4904717,-70.594701,99.0,538.0,4,1,Si,Si,Si,Si,9385.0,MACUL,1183.93047,Las Torres,No
-33.3559539,-70.6837066,87.0,175.0,3,3,Si,Si,Si,Si,5700.0,HUECHURABA,1178.128875,Los Libertadores,No
-33.3559539,-70.6837066,89.0,130.0,3,3,Si,Si,Si,Si,5700.0,HUECHURABA,1178.128875,Los Libertadores,No
-33.3559539,-70.6837066,89.0,130.0,3,3,Si,Si,Si,Si,5700.0,HUECHURABA,1178.128875,Los Libertadores,No
-33.3559539,-70.6837066,87.0,130.0,3,3,Si,Si,Si,Si,5700.0,HUECHURABA,1178.128875,Los Libertadores,No
-33.3559539,-70.6837066,89.0,130.0,3,3,Si,Si,Si,Si,5700.0,HUECHURABA,1178.128875,Los Libertadores,No
-33.3559539,-70.6837066,89.0,130.0,3,3,Si,Si,Si,Si,5900.0,HUECHURABA,1178.128875,Los Libertadores,No
-33.3559539,-70.6837066,89.0,130.0,3,3,Si,Si,Si,Si,5900.0,HUECHURABA,1178.128875,Los Libertadores,No
-33.3559539,-70.6837066,89.0,130.0,3,3,Si,Si,Si,Si,5900.0,HUECHURABA,1178.128875,Los Libertadores,No
-33.3559539,-70.6837066,89.0,130.0,3,3,Si,Si,Si,Si,5900.0,HUECHURABA,1178.128875,Los Libertadores,No
-33.3559539,-70.6837066,89.0,130.0,3,3,Si,Si,Si,Si,5700.0,HUECHURABA,1178.128875,Los Libertadores,No
-33.4650007,-70.5908768,82.0,166.0,3,1,Si,Si,Si,Si,6490.0,NUNOA,1176.425406,Chile Espana,No
-33.4199381,-70.5708395,94.0,254.0,4,2,Si,Si,Si,Si,11150.0,LAS CONDES,1173.909061,Manquehue,No
-33.4192834,-70.5476527,104.0,252.0,3,2,Si,Si,Si,Si,9424.69,LAS CONDES,1172.910759,Los Dominicos,No
-33.404795,-70.678698,99.0,236.0,3,1,No,No,No,No,1019.68,INDEPENDENCIA,1170.103914,Conchali,No
-33.41387434,-70.53486482,40.0,200.0,2,1,Si,Si,Si,Si,5654.81,LAS CONDES,1167.151232,Los Dominicos,No
-33.588625,-70.591492,65.0,264.0,2,2,No,No,No,No,1729.28,PUENTE ALTO,1167.119805,Protectora de la Infancia,No
-33.4807557,-70.7297439,75.0,103.0,3,1,Si,Si,Si,Si,1510.641,MAIPU,1166.419263,Las Parcelas,No
-33.5135785,-70.7459056,72.0,192.0,3,1,No,No,No,No,864.19,MAIPU,1166.023843,Plaza de Maipu,No
-33.3969547,-70.5531036,218.0,370.0,5,5,Si,Si,Si,Si,14500.0,LAS CONDES,1165.69231,Hernando de Magallanes,No
-33.41393508,-70.53494096,40.0,200.0,2,1,Si,Si,Si,Si,5654.81,LAS CONDES,1163.76771,Los Dominicos,No
-33.3585371,-70.6812891,,257.0,3,2,Si,Si,Si,Si,6690.0,HUECHURABA,1163.528238,Los Libertadores,No
-33.5008307,-70.6032655,55.0,131.0,3,1,,Si,Si,Si,3700.0,MACUL,1162.047028,Pedrero,No
-33.51351,-70.76805,90.0,133.0,3,3,Si,Si,Si,Si,2754.7014,MAIPU,1160.270012,Plaza de Maipu,No
-33.5709809,-70.5722911,73.0,180.0,3,1,No,No,No,No,1421.69,PUENTE ALTO,1158.36668,Hospital Sotero del Rio,No
-33.553929,-70.574984,72.0,451.0,4,1,No,No,No,No,2150.0,LA FLORIDA,1157.876073,San Jose de la Estrella,No
-33.4580148,-70.7497371,,200.0,2,1,No,No,No,No,1718.45,PUDAHUEL,1151.855528,Barrancas,No
-33.443193,-70.586522,,122.0,2,3,Si,Si,Si,Si,9500.0,NUNOA,1151.696523,Francisco Bilbao,No
-33.419384,-70.544651,166.0,250.0,3,3,Si,Si,Si,Si,11900.0,LAS CONDES,1150.034034,Los Dominicos,No
-33.4852937,-70.7634521,100.0,100.0,3,2,Si,Si,Si,Si,1954.953,MAIPU,1149.965817,Del Sol,No
-33.471536,-70.750871,45.0,138.0,3,2,No,No,No,No,1651.17,MAIPU,1147.185848,Las Parcelas,No
-33.5157094,-70.747075,70.0,205.0,3,1,Si,Si,Si,Si,2402.037,MAIPU,1145.690406,Plaza de Maipu,No
-33.41934674,-70.55880068,110.0,254.0,4,2,Si,Si,Si,Si,11990.0,LAS CONDES,1145.013061,Hernando de Magallanes,No
-33.41927,-70.667336,120.0,180.0,3,2,Si,Si,Si,Si,5116.26,INDEPENDENCIA,1144.426079,Hospitales,No
-33.42312829,-70.5773346,136.0,224.0,4,2,Si,Si,Si,Si,11900.0,LAS CONDES,1142.739956,Francisco Bilbao,No
-33.489044,-70.669514,92.0,226.0,3,1,Si,Si,Si,Si,4300.0,PEDRO AGUIRRE CERDA,1139.845402,Pesidente Pedro Aguirre Cerda,No
-33.5500978,-70.6091628,158.0,89.0,3,1,Si,Si,Si,Si,2638.91,LA FLORIDA,1135.957999,La Granja,No
-33.5122684,-70.6455892,190.0,212.0,3,1,Si,Si,Si,Si,4308.43,SAN MIGUEL,1135.349088,Cuidad del Nino,No
-33.497758,-70.604801,55.0,149.0,3,1,Si,Si,Si,Si,5000.0,MACUL,1126.652284,San Joaquin,No
-33.4421015,-70.5893147,178.0,412.0,5,3,Si,Si,Si,Si,12900.0,PROVIDENCIA,1125.181144,Francisco Bilbao,No
-33.442039,-70.589449,178.0,401.0,5,3,Si,Si,Si,Si,12900.0,PROVIDENCIA,1124.994262,Francisco Bilbao,No
-33.54601171,-70.65339051,92.0,250.0,4,1,Si,Si,Si,Si,3300.0,LA CISTERNA,1121.766381,San Ramon,No
-33.429739,-70.676999,,106.0,2,1,No,No,No,No,1126.83,SANTIAGO,1115.788372,Quinta Normal,No
-33.602919,-70.588515,65.0,133.0,3,2,Si,Si,Si,Si,1481.025,PUENTE ALTO,1114.6325,Las Mercedes,No
-33.4441467,-70.5973981,105.0,132.0,3,3,Si,Si,Si,Si,7000.0,PROVIDENCIA,1113.176641,Chile Espana,No
-33.4696514,-70.5978381,62.0,64.0,2,2,Si,Si,Si,Si,4250.0,NUNOA,1109.800715,Estadio Nacional,No
-33.4670734,-70.7003869,114.0,131.0,4,1,Si,Si,Si,Si,2073.43,ESTACION CENTRAL,1107.411936,Las Rejas,No
-33.463786,-70.5861417,,339.0,4,2,No,No,No,No,6606.86,NUNOA,1105.384587,Grecia,No
-33.4929072,-70.7423027,120.0,128.0,3,2,Si,Si,Si,Si,2488.1208,MAIPU,1104.496229,Del Sol,No
-33.4929072,-70.7423027,120.0,128.0,3,2,,Si,Si,Si,2488.1208,MAIPU,1104.496229,Del Sol,No
-33.4929072,-70.7423027,120.0,128.0,3,2,Si,Si,Si,Si,2491.005,MAIPU,1104.496229,Del Sol,No
-33.4225843,-70.5775046,137.0,350.0,3,2,Si,Si,Si,Si,11000.0,LAS CONDES,1096.513659,Escuela Militar,No
-33.441889,-70.588984,138.0,238.0,4,2,Si,Si,Si,Si,10400.0,PROVIDENCIA,1092.586308,Francisco Bilbao,No
-33.464137,-70.591119,,210.0,2,2,No,No,No,No,4206.71,NUNOA,1091.783138,Chile Espana,No
-33.4665823,-70.6978784,100.0,130.0,3,1,Si,Si,Si,Si,3904.51,ESTACION CENTRAL,1088.375377,Ecuador,No
-33.5017698,-70.6265514,87.0,283.0,4,1,No,No,No,No,1369.53,SAN JOAQUIN,1088.186515,San Joaquin,No
-33.58483076,-70.57022978,72.0,140.0,3,2,Si,Si,Si,Si,1611.0,PUENTE ALTO,1080.961424,Protectora de la Infancia,No
-33.4239819,-70.6648919,84.0,146.0,3,1,Si,Si,Si,Si,3231.32,INDEPENDENCIA,1078.645577,Hospitales,No
-33.471089,-70.672451,82.0,180.0,3,1,No,No,No,No,1222.42,SANTIAGO,1077.928421,Pesidente Pedro Aguirre Cerda,No
-33.5644512,-70.5744397,56.0,81.0,3,2,Si,Si,Si,Si,997.48,PUENTE ALTO,1068.725046,Elisa Correa,No
-33.59282,-70.590053,113.0,133.0,5,3,Si,Si,Si,Si,1930.0,PUENTE ALTO,1064.337212,Protectora de la Infancia,No
-33.497636,-70.5757628,140.0,300.0,5,4,Si,Si,Si,Si,9100.0,PENALOLEN,1064.266669,Las Torres,No
-33.448839,-70.5479067,117.0,238.0,4,3,Si,Si,Si,Si,10750.0,LA REINA,1063.053104,Fernando Castillo Velasco,No
-33.4445657,-70.5837791,150.0,405.0,4,3,Si,Si,Si,Si,14800.0,NUNOA,1062.584474,Villa Frei,No
-33.43037,-70.6769,80.0,80.0,3,1,,Si,Si,Si,2396.56,SANTIAGO,1058.846056,Quinta Normal,No
-33.5418854,-70.6016509,63.0,113.0,4,1,Si,Si,Si,Si,2073.43,LA FLORIDA,1058.346425,Rojas Magallanes,No
-33.4434671,-70.6205059,65.0,82.0,5,4,Si,Si,Si,Si,4500.0,PROVIDENCIA,1057.837734,Santa Isabel,No
-33.58689034,-70.56968242,76.01,125.0,2,1,Si,Si,Si,Si,1548.34,PUENTE ALTO,1057.437751,Protectora de la Infancia,No
-33.46316442,-70.59050922,82.0,166.0,3,1,Si,Si,Si,Si,6490.0,NUNOA,1053.88159,Chile Espana,No
-33.551521,-70.6146016,110.0,160.0,5,2,Si,Si,Si,Si,3365.96,LA GRANJA,1051.88587,La Granja,No
-33.4422149,-70.5974161,93.0,93.0,3,3,Si,Si,Si,Si,10600.0,PROVIDENCIA,1050.117925,Ines de Suarez,No
-33.5186845,-70.7511338,160.0,186.0,5,3,Si,Si,Si,Si,3036.0,MAIPU,1049.419013,Plaza de Maipu,No
-33.5186845,-70.7511338,160.0,186.0,5,3,Si,Si,Si,Si,3036.0,MAIPU,1049.419013,Plaza de Maipu,No
-33.4360122,-70.7465529,130.0,180.0,4,2,,Si,Si,Si,4577.71,PUDAHUEL,1048.762261,Pudahuel,No
-33.5971429,-70.5872746,86.0,128.0,4,2,Si,Si,Si,Si,2019.575,PUENTE ALTO,1048.534585,Protectora de la Infancia,No
-33.3715551,-70.6403319,75.0,221.0,3,2,Si,Si,Si,Si,3025.0,HUECHURABA,1048.239333,Vespucio Norte,No
-33.3991273,-70.5508968,90.0,224.0,3,2,Si,Si,Si,Si,11495.43,LAS CONDES,1047.905185,Hernando de Magallanes,No
-33.3991273,-70.5508968,90.0,224.0,3,2,Si,Si,Si,Si,11600.0,LAS CONDES,1047.905185,Hernando de Magallanes,No
-33.3989537,-70.5503613,157.0,325.0,5,3,Si,Si,Si,Si,14500.0,LAS CONDES,1047.844235,Los Dominicos,No
-33.5939427,-70.5894102,123.0,159.0,4,3,Si,Si,Si,Si,2356.17,PUENTE ALTO,1043.234392,Protectora de la Infancia,No
-33.5299949,-70.584373,93.0,112.0,3,3,,Si,Si,Si,4443.07,LA FLORIDA,1041.155846,Rojas Magallanes,No
-33.5299949,-70.584373,93.0,112.0,3,3,Si,Si,Si,Si,4443.07,LA FLORIDA,1041.155846,Rojas Magallanes,No
-33.5299949,-70.584373,,112.0,3,3,Si,Si,Si,Si,4448.22,LA FLORIDA,1041.155846,Rojas Magallanes,No
-33.44492,-70.598155,90.0,90.0,3,3,,Si,Si,Si,6999.0,NUNOA,1037.868918,Chile Espana,No
-33.5064306,-70.6450721,90.0,175.0,3,1,Si,Si,Si,Si,3712.0,SAN MIGUEL,1034.536683,Departamental,No
-33.4808496,-70.5889714,,177.0,4,2,Si,Si,Si,Si,4200.0,MACUL,1034.063978,Los Presidentes,No
-33.4808496,-70.5889714,150.0,177.0,4,2,Si,Si,Si,Si,4200.0,MACUL,1034.063978,Los Presidentes,No
-33.518595,-70.762628,65.0,200.0,3,1,Si,Si,Si,Si,2310.396,MAIPU,1029.121747,Plaza de Maipu,No
-33.4663761,-70.7104021,85.0,121.0,3,1,Si,Si,Si,Si,2525.0,ESTACION CENTRAL,1028.145249,Las Rejas,No
-33.3991642,-70.5503077,171.0,325.0,4,3,Si,Si,Si,Si,14500.0,LAS CONDES,1027.11813,Los Dominicos,No
-33.4450314,-70.5968876,136.0,205.0,4,3,Si,Si,Si,Si,10800.0,PROVIDENCIA,1026.488409,Chile Espana,No
-33.4731806,-70.6951286,99.0,196.0,4,1,Si,Si,Si,Si,2423.49,ESTACION CENTRAL,1025.002488,Cerrillos,No
-33.5652847,-70.5745331,80.0,90.0,4,2,Si,Si,Si,Si,1215.0,PUENTE ALTO,1023.878124,Elisa Correa,No
-33.498071,-70.605827,118.0,151.0,5,3,Si,Si,Si,Si,5890.0,MACUL,1021.008452,San Joaquin,No
-33.4624636,-70.6336872,,170.0,5,2,Si,Si,Si,Si,3500.6,SANTIAGO,1019.177728,Nuble,No
-33.480648,-70.568529,37.0,102.0,2,1,No,No,No,No,629.43,PENALOLEN,1016.859331,Los Presidentes,No
-33.5502437,-70.5769653,80.0,500.0,4,2,Si,Si,Si,Si,7200.0,LA FLORIDA,1016.191489,San Jose de la Estrella,No
-33.5990552,-70.5676082,72.0,96.0,3,1,Si,Si,Si,Si,1243.0,PUENTE ALTO,1015.925289,Las Mercedes,No
-33.519731,-70.759787,57.0,172.0,5,2,No,No,No,No,2190.751203,MAIPU,1014.133127,Plaza de Maipu,No
-33.50509008,-70.57838202,90.0,115.0,4,1,Si,Si,Si,Si,2773.55,PENALOLEN,1010.9619,Las Torres,No
-33.5310832,-70.6723056,,294.0,3,1,Si,Si,Si,Si,4500.0,LA CISTERNA,1010.794049,La Cisterna,No
-33.487589,-70.5904252,93.0,504.0,4,2,Si,Si,Si,Si,7405.11,MACUL,1009.76923,Quilin,No
-33.41678977,-70.57491846,117.0,160.0,4,3,Si,Si,Si,Si,12100.0,LAS CONDES,1005.322053,Escuela Militar,No
-33.4621006,-70.5866639,129.0,283.0,3,2,Si,Si,Si,Si,10286.38,NUNOA,1003.257273,Villa Frei,No
-33.4441098,-70.5988684,161.0,270.0,4,2,Si,Si,Si,Si,10097.88,PROVIDENCIA,1002.256483,Ines de Suarez,No
-33.41528287,-70.53812206,65.0,160.0,3,1,Si,Si,Si,Si,4443.07,LAS CONDES,1002.117735,Los Dominicos,No
-33.515544,-70.668737,79.0,188.0,3,1,Si,Si,Si,Si,3231.32,LA CISTERNA,1000.917704,Lo Ovalle,No
-33.417536,-70.542226,170.0,287.0,5,3,Si,Si,Si,Si,13300.0,LAS CONDES,1000.910331,Los Dominicos,No
-33.595062,-70.588314,89.0,241.0,4,3,No,No,No,No,2624.13,PUENTE ALTO,999.1816101,Protectora de la Infancia,Si
-33.5896089,-70.569893,50.0,90.0,2,1,Si,Si,Si,Si,1165.0,PUENTE ALTO,997.9585493,Protectora de la Infancia,Si
-33.4938664,-70.7437604,75.0,160.0,3,2,Si,Si,Si,Si,2043.8088,MAIPU,997.8478577,Del Sol,Si
-33.4938664,-70.7437604,75.0,160.0,3,2,Si,Si,Si,Si,2046.1782,MAIPU,997.8478577,Del Sol,Si
-33.5198473,-70.7584211,80.0,180.0,3,2,Si,Si,Si,Si,2345.937,MAIPU,996.8547362,Plaza de Maipu,Si
-33.587689,-70.57013,50.0,175.0,2,1,Si,Si,Si,Si,1682.98,PUENTE ALTO,995.0846597,Protectora de la Infancia,Si
-33.4603159,-70.5889247,151.0,180.0,5,4,Si,Si,Si,Si,9800.0,NUNOA,994.5662698,Chile Espana,Si
-33.415277,-70.5382764,65.0,160.0,3,1,Si,Si,Si,Si,4443.07,LAS CONDES,991.3326614,Los Dominicos,Si
-33.60176,-70.587346,95.0,223.0,3,3,No,No,No,No,2846.11,PUENTE ALTO,989.7729083,Las Mercedes,Si
-33.4926968,-70.7434531,80.0,108.0,5,2,Si,Si,Si,Si,2040.06,MAIPU,988.0336606,Del Sol,Si
-33.5813066,-70.5910836,78.0,207.0,3,1,No,No,No,No,1277.5,PUENTE ALTO,987.7258391,Hospital Sotero del Rio,Si
-33.5017784,-70.7656771,60.0,65.0,3,2,Si,Si,Si,Si,2706.0,MAIPU,983.7509521,Santiago Bueras,Si
-33.59033,-70.5700683,90.0,140.0,3,2,Si,Si,Si,Si,1682.98,PUENTE ALTO,982.2845957,Protectora de la Infancia,Si
-33.4821912,-70.5883107,129.0,600.0,4,1,Si,Si,Si,Si,9459.0,MACUL,982.271683,Quilin,Si
-33.4821912,-70.5883107,129.0,600.0,4,1,Si,Si,Si,Si,9459.0,MACUL,982.271683,Quilin,Si
-33.5079502,-70.6221887,,200.0,5,2,Si,Si,Si,Si,4281.5,SAN JOAQUIN,982.0238079,Pedrero,Si
-33.4017567,-70.6784242,50.0,248.0,4,2,Si,Si,Si,Si,4577.71,CONCHALI,981.1041858,Conchali,Si
-33.4403966,-70.5893814,140.0,321.0,4,2,Si,Si,Si,Si,13000.0,PROVIDENCIA,974.8482452,Francisco Bilbao,Si
-33.5505707,-70.6137601,117.0,140.0,4,1,Si,Si,Si,Si,2692.77,LA GRANJA,974.7443506,La Granja,Si
-33.5000379,-70.6640489,151.0,240.0,3,2,,Si,Si,Si,6900.0,SAN MIGUEL,973.967287,Departamental,Si
-33.4611294,-70.5622522,110.0,167.0,4,2,Si,Si,Si,Si,6123.0,LA REINA,973.1385965,Fernando Castillo Velasco,Si
-33.4611294,-70.5622522,110.0,167.0,4,2,Si,Si,Si,Si,6123.0,LA REINA,973.1385965,Fernando Castillo Velasco,Si
-33.4698277,-70.7480964,54.0,120.0,2,2,Si,Si,Si,Si,2399.2584,MAIPU,971.665067,Las Parcelas,Si
-33.5196832,-70.7570773,90.0,284.0,3,1,Si,Si,Si,Si,2838.0,MAIPU,970.2532295,Plaza de Maipu,Si
-33.4450828,-70.5822918,182.0,416.0,3,4,Si,Si,Si,Si,14800.0,NUNOA,970.0030953,Villa Frei,Si
-33.4241952,-70.6633485,120.0,171.0,4,2,Si,Si,Si,Si,4857.0,INDEPENDENCIA,968.6513691,Hospitales,Si
-33.4146739,-70.6660239,130.0,130.0,3,2,Si,Si,Si,Si,4577.71,INDEPENDENCIA,968.4231349,Plaza Chacabuco,Si
-33.41419927,-70.53756952,40.0,160.0,2,1,Si,Si,Si,Si,4308.43,LAS CONDES,966.1488902,Los Dominicos,Si
-33.445632,-70.597957,90.0,90.0,3,3,Si,Si,Si,Si,6999.0,NUNOA,965.6819611,Chile Espana,Si
-33.60348,-70.586881,90.0,130.0,4,3,Si,Si,Si,Si,2395.0,PUENTE ALTO,962.1475251,Las Mercedes,Si
-33.6114682,-70.5853084,65.0,79.0,3,2,Si,Si,Si,Si,1063.645,PUENTE ALTO,959.7186265,Plaza Puente Alto,Si
-33.3993714,-70.5525532,90.0,224.0,3,2,Si,Si,Si,Si,11690.0,LAS CONDES,953.4284462,Hernando de Magallanes,Si
-33.3993714,-70.5525532,90.0,224.0,3,2,Si,Si,Si,Si,11690.0,LAS CONDES,953.4284462,Hernando de Magallanes,Si
-33.496923,-70.595648,130.0,130.0,3,2,Si,Si,Si,Si,4335.36,MACUL,950.9294033,Las Torres,Si
-33.496923,-70.595648,130.0,130.0,3,2,Si,Si,Si,Si,4259.51,MACUL,950.9294033,Las Torres,Si
-33.4603592,-70.5894699,,170.0,5,4,Si,Si,Si,Si,9750.0,NUNOA,950.2689064,Chile Espana,Si
-33.4922937,-70.5932138,120.9,325.0,5,3,Si,Si,Si,Si,9000.0,MACUL,950.2063067,Las Torres,Si
-33.474064,-70.730618,51.0,262.0,3,1,Si,Si,Si,Si,3371.94,MAIPU,945.0524853,Las Parcelas,Si
-33.3814398,-70.6905209,60.0,250.0,2,1,,No,No,No,1597.11,CONCHALI,943.7365408,Cardenal Caro,Si
-33.4095681,-70.6699212,77.0,77.0,3,1,Si,Si,Si,Si,2692.77,INDEPENDENCIA,942.7473758,Plaza Chacabuco,Si
-33.604762,-70.586306,,245.0,5,2,No,No,No,No,932.53,PUENTE ALTO,941.1997928,Las Mercedes,Si
-33.54841525,-70.61020679,112.0,480.0,3,1,Si,Si,Si,Si,4846.98,LA FLORIDA,939.2113238,La Granja,Si
-33.37747434,-70.6740772,,255.0,3,1,Si,Si,Si,Si,2827.41,CONCHALI,938.5326455,Vivaceta,Si
-33.46088846,-70.56195174,90.0,160.0,3,2,Si,Si,Si,Si,6875.0,LA REINA,938.3217892,Fernando Castillo Velasco,Si
-33.4168983,-70.5423582,140.0,340.0,5,2,Si,Si,Si,Si,9800.0,LAS CONDES,935.9282362,Los Dominicos,Si
-33.3563219,-70.6888987,43.0,85.0,2,1,Si,Si,Si,Si,2050.0,HUECHURABA,933.6460298,Los Libertadores,Si
-33.4591051,-70.5514056,150.0,366.0,4,4,Si,Si,Si,Si,7190.0,LA REINA,933.4292237,Fernando Castillo Velasco,Si
-33.486741,-70.609744,66.0,229.0,3,1,No,No,No,No,2700.0,MACUL,933.3994697,Camino Agricola,Si
-33.486741,-70.609744,66.0,229.0,3,1,No,No,No,No,2600.0,MACUL,933.3994697,Camino Agricola,Si
-33.4705729,-70.6693925,76.0,89.0,3,1,Si,Si,Si,Si,3235.07,SANTIAGO,931.5118671,Pesidente Pedro Aguirre Cerda,Si
-33.5989462,-70.5863717,,80.0,3,3,Si,Si,Si,Si,1885.0,PUENTE ALTO,930.0931154,Las Mercedes,Si
-33.4631602,-70.5644904,75.0,97.0,3,1,Si,Si,Si,Si,2638.91,PENALOLEN,929.3086215,Los Orientales,Si
-33.44160704,-70.56378446,140.0,189.0,4,4,Si,Si,Si,Si,12300.0,LA REINA,928.7924236,Simon Bolivar,Si
-33.445478,-70.6986328,127.0,127.0,3,1,Si,Si,Si,Si,2638.91,QUINTA NORMAL,928.2358754,Blanqueado,Si
-33.5459924,-70.6256699,84.0,94.0,2,1,Si,Si,Si,Si,1965.72,LA GRANJA,925.6042057,Santa Rosa,Si
-33.5459924,-70.6256699,84.0,94.0,2,1,Si,Si,Si,Si,1965.72,LA GRANJA,925.6042057,Santa Rosa,Si
-33.5459924,-70.6256699,84.0,94.0,2,1,Si,Si,Si,Si,1968.0,LA GRANJA,925.6042057,Santa Rosa,Si
-33.4408316,-70.7493005,77.0,209.0,2,1,No,No,No,No,825.47,PUDAHUEL,921.5022757,Pudahuel,Si
-33.5466391,-70.6260265,78.0,130.0,4,1,Si,Si,Si,Si,2400.0,LA GRANJA,920.8416186,Santa Rosa,Si
-33.6006816,-70.5683301,47.0,124.0,2,1,No,No,No,No,831.18,PUENTE ALTO,916.3554964,Las Mercedes,Si
-33.4419354,-70.5987444,120.0,355.0,4,2,Si,Si,Si,Si,11000.0,PROVIDENCIA,915.7299412,Ines de Suarez,Si
-33.4419354,-70.5987444,120.0,355.0,4,2,Si,Si,Si,Si,11000.0,PROVIDENCIA,915.7299412,Ines de Suarez,Si
-33.5347509,-70.649761,97.0,258.0,5,2,Si,Si,Si,Si,5000.0,LA CISTERNA,912.683563,San Ramon,Si
-33.4676231,-70.6443219,84.0,123.0,3,1,Si,Si,Si,Si,4846.98,SANTIAGO,910.3643096,Bio Bio,Si
-33.4102641,-70.6692496,135.0,145.0,5,1,Si,Si,Si,Si,2437.0,INDEPENDENCIA,907.5751791,Plaza Chacabuco,Si
-33.5409214,-70.5807591,92.0,122.0,4,2,Si,Si,Si,Si,3635.24,LA FLORIDA,906.8029156,Trinidad,Si
-33.414403,-70.5386018,40.0,160.0,2,1,Si,Si,Si,Si,4308.43,LAS CONDES,905.1229885,Los Dominicos,Si
-33.502898,-70.750267,135.0,276.0,5,4,No,No,No,No,2894.05,MAIPU,903.6733591,Santiago Bueras,Si
-33.523029,-70.609436,95.0,180.0,4,2,Si,Si,Si,Si,4039.15,LA FLORIDA,901.8118318,Santa Julia,Si
-33.4743309,-70.7497417,,89.27,3,1,Si,Si,Si,Si,1510.641,MAIPU,900.5483357,Monte Tabor,Si
-33.490306,-70.58906,99.0,328.0,4,2,Si,Si,Si,Si,6847.56,MACUL,896.7726133,Las Torres,Si
-33.439994,-70.564187,144.0,290.0,4,3,Si,Si,Si,Si,9000.0,LA REINA,896.5151421,Principe de Gales,Si
-33.5763394,-70.5733494,,150.0,4,1,Si,Si,Si,Si,1750.3,PUENTE ALTO,889.3175581,Hospital Sotero del Rio,Si
-33.54308114,-70.65758225,108.0,272.0,5,1,Si,Si,Si,Si,5331.68,LA CISTERNA,888.6317053,La Cisterna,Si
-33.54766661,-70.61012918,112.0,480.0,3,1,Si,Si,Si,Si,4846.98,LA FLORIDA,887.458457,La Granja,Si
-33.417458,-70.5689749,136.0,224.0,4,2,Si,Si,Si,Si,11900.0,LAS CONDES,885.8133585,Manquehue,Si
-33.4731734,-70.7486171,77.0,125.0,3,2,,Si,Si,Si,2310.396,MAIPU,885.2204244,Las Parcelas,Si
-33.4959387,-70.576615,133.0,179.0,4,2,Si,Si,Si,Si,7250.0,PENALOLEN,883.6911389,Quilin,Si
-33.5684547,-70.5926703,88.0,196.0,4,1,No,No,No,No,1088.13,LA FLORIDA,883.6851486,Elisa Correa,Si
-33.5252445,-70.6703391,150.0,165.0,2,2,Si,Si,Si,Si,5900.0,LA CISTERNA,882.8824897,El Parron,Si
-33.602462,-70.586218,,207.0,3,2,No,No,No,No,2313.56,PUENTE ALTO,881.2751727,Las Mercedes,Si
-33.45964,-70.56287,111.0,220.0,3,3,Si,Si,Si,Si,10000.0,LA REINA,875.8078442,Fernando Castillo Velasco,Si
-33.450909,-70.5493137,98.0,233.0,4,3,Si,Si,Si,Si,8200.0,LA REINA,873.4462484,Fernando Castillo Velasco,Si
-33.5909151,-70.5885208,95.0,120.0,5,2,Si,Si,Si,Si,1588.735,PUENTE ALTO,873.1390786,Protectora de la Infancia,Si
-33.396615,-70.678327,68.0,198.0,1,1,No,No,No,No,116.03,CONCHALI,872.2409071,Conchali,Si
-33.4034739,-70.6758683,100.0,250.0,4,1,Si,Si,Si,Si,3769.88,INDEPENDENCIA,870.8052968,Conchali,Si
-33.41399971,-70.53868965,40.0,160.0,2,1,Si,Si,Si,Si,5520.18,LAS CONDES,870.2593869,Los Dominicos,Si
-33.5078958,-70.5986649,78.0,180.0,2,1,Si,Si,Si,Si,4739.27,MACUL,870.0202253,Macul,Si
-33.446952,-70.584326,112.0,220.0,3,2,No,No,No,No,5344.18,NUNOA,868.324968,Villa Frei,Si
-33.494991,-70.5753,,183.0,3,3,Si,Si,Si,Si,8300.0,PENALOLEN,867.7663856,Quilin,Si
-33.4859008,-70.7605907,70.0,177.0,3,2,,Si,Si,Si,2790.249,MAIPU,866.1787433,Del Sol,Si
-33.448663,-70.5864417,,280.0,3,1,Si,Si,Si,Si,13900.0,NUNOA,865.0508117,Villa Frei,Si
-33.4156066,-70.6643028,130.0,216.0,3,2,Si,Si,Si,Si,4846.98,INDEPENDENCIA,864.5240124,Hospitales,Si
-33.4156066,-70.6643028,130.0,216.0,3,2,Si,Si,Si,Si,5654.81,INDEPENDENCIA,864.5240124,Hospitales,Si
-33.4643745,-70.6983151,86.0,161.0,2,2,Si,Si,Si,Si,4012.23,ESTACION CENTRAL,863.8052851,Ecuador,Si
-33.4461194,-70.5819669,100.0,103.0,4,2,Si,Si,Si,Si,7990.0,NUNOA,861.7054785,Villa Frei,Si
-33.41375597,-70.53858876,40.0,160.0,2,1,Si,Si,Si,Si,5520.18,LAS CONDES,860.6625644,Los Dominicos,Si
-33.4669931,-70.5989767,98.0,180.0,3,2,Si,Si,Si,Si,6550.0,NUNOA,858.6657283,Estadio Nacional,Si
-33.4669931,-70.5989767,98.0,180.0,3,2,Si,Si,Si,Si,6750.0,NUNOA,858.6657283,Estadio Nacional,Si
-33.4669931,-70.5989767,98.0,180.0,3,2,Si,Si,Si,Si,6750.0,NUNOA,858.6657283,Estadio Nacional,Si
-33.46096641,-70.61899424,,220.0,4,2,Si,Si,Si,Si,9990.0,NUNOA,858.629251,Nuble,Si
-33.5113543,-70.6482454,217.0,457.0,4,3,Si,Si,Si,Si,6990.0,SAN MIGUEL,855.790685,Cuidad del Nino,Si
-33.5483863,-70.5964779,60.0,153.0,3,1,Si,Si,Si,Si,3400.0,LA FLORIDA,854.1112908,Trinidad,Si
-33.5027866,-70.5956329,75.19,355.19,3,3,No,No,No,No,2176.25,MACUL,853.2445533,Macul,Si
-33.4499227,-70.7098695,98.0,183.0,3,1,Si,Si,Si,Si,4981.62,LO PRADO,852.7024448,Las Rejas,Si
-33.5957917,-70.5858278,67.0,116.0,3,2,Si,Si,Si,Si,1750.3,PUENTE ALTO,850.7263586,Protectora de la Infancia,Si
-33.478339,-70.732157,71.0,120.0,3,1,Si,Si,Si,Si,1863.18,MAIPU,844.7838185,Las Parcelas,Si
-33.61779141,-70.57399163,100.0,200.0,5,2,Si,Si,Si,Si,1213.15,PUENTE ALTO,843.6092307,Plaza Puente Alto,Si
-33.529705,-70.5874286,125.0,125.0,5,1,Si,Si,Si,Si,4500.0,LA FLORIDA,841.0056002,Rojas Magallanes,Si
-33.4547846,-70.747602,71.0,225.0,3,1,No,No,No,No,1886.4,PUDAHUEL,840.2550682,Barrancas,Si
-33.4401838,-70.585385,77.0,102.0,1,2,Si,Si,Si,Si,7700.0,NUNOA,839.5797808,Francisco Bilbao,Si
-33.4401838,-70.585385,77.0,102.0,1,2,Si,Si,Si,Si,7700.0,NUNOA,839.5797808,Francisco Bilbao,Si
-33.4604963,-70.5601312,130.0,500.0,3,2,Si,Si,Si,Si,9200.0,LA REINA,837.7217326,Fernando Castillo Velasco,Si
-33.502634,-70.595199,75.0,335.0,3,3,No,No,No,No,2661.55,MACUL,837.6365859,Macul,Si
-33.4561207,-70.6669957,120.0,120.0,4,1,Si,Si,Si,Si,4990.0,SANTIAGO,837.6342148,Republica,Si
-33.470717,-70.60557,39.0,101.0,2,1,No,No,No,No,1010.21,NUNOA,837.5488105,Estadio Nacional,Si
-33.54735354,-70.61053883,112.0,480.0,3,1,Si,Si,Si,Si,4846.98,LA FLORIDA,836.770333,La Granja,Si
-33.4618407,-70.5841446,96.0,225.0,4,2,Si,Si,Si,Si,7387.0,NUNOA,836.4937289,Villa Frei,Si
-33.4982951,-70.6242362,112.0,347.0,3,1,No,No,No,No,2153.5,SAN JOAQUIN,831.6017391,San Joaquin,Si
-33.41311,-70.53843,40.0,180.0,2,1,Si,Si,Si,Si,3769.88,LAS CONDES,830.2492698,Los Dominicos,Si
-33.45,-70.55,71.0,260.0,3,1,Si,Si,Si,Si,7600.0,LA REINA,827.7727828,Fernando Castillo Velasco,Si
-33.61655813,-70.58031897,70.0,184.0,3,2,Si,Si,Si,Si,1077.105,PUENTE ALTO,826.4706705,Plaza Puente Alto,Si
-33.4813252,-70.6127299,105.0,191.0,4,2,Si,Si,Si,Si,6650.0,MACUL,825.5773231,Carlos Valdovinos,Si
-33.4594592,-70.5651453,79.0,295.0,4,2,No,No,No,No,3442.37,LA REINA,824.784957,Plaza Egana,Si
-33.4131011,-70.53850068,40.0,200.0,2,1,,Si,Si,Si,3769.88,LAS CONDES,824.2043229,Los Dominicos,Si
-33.449003,-70.709201,86.0,254.0,4,2,No,No,No,No,1900.0,LO PRADO,823.3382355,Blanqueado,Si
-33.4841961,-70.6578884,133.0,373.0,4,2,Si,Si,Si,Si,9424.69,SAN MIGUEL,820.2333191,San Miguel,Si
-33.4309444,-70.57339847,98.0,128.0,5,2,Si,Si,Si,Si,7500.0,LAS CONDES,819.6642579,Principe de Gales,Si
-33.40080152,-70.5595226,120.0,250.0,3,2,Si,Si,Si,Si,10367.16,LAS CONDES,816.2620488,Hernando de Magallanes,Si
-33.5324336,-70.6559986,145.0,280.0,5,2,Si,Si,Si,Si,7000.0,LA CISTERNA,815.9858511,El Parron,Si
-33.4650551,-70.7132855,100.0,200.0,4,2,Si,Si,Si,Si,3750.0,ESTACION CENTRAL,812.0468549,Pajaritos,Si
-33.4650551,-70.7132855,100.0,200.0,4,2,Si,Si,Si,Si,3750.0,ESTACION CENTRAL,812.0468549,Pajaritos,Si
-33.45730535,-70.62110775,,330.0,4,3,Si,Si,Si,Si,14800.0,NUNOA,810.1817912,Monsenor Eyzaguirre,Si
-33.3994676,-70.6504277,93.0,160.0,3,2,Si,Si,Si,Si,4039.15,RECOLETA,807.5387362,Dorsal,Si
-33.5491748,-70.615727,108.54,146.0,5,2,Si,Si,Si,Si,3365.96,LA GRANJA,807.2937906,La Granja,Si
-33.5621245,-70.5772479,86.0,496.0,3,1,Si,Si,Si,Si,5789.45,LA FLORIDA,806.3712933,Los Quillayes,Si
-33.444359,-70.557734,131.0,384.0,4,3,Si,Si,Si,Si,12750.0,LA REINA,806.0077729,Fernando Castillo Velasco,Si
-33.434127,-70.697866,147.0,347.0,4,2,No,No,No,No,3124.22,QUINTA NORMAL,805.7863799,Gruta de Lourdes,Si
-33.457171,-70.62252,,234.0,3,2,Si,Si,Si,Si,7990.0,NUNOA,803.4499736,Irarrazaval,Si
-33.5566096,-70.5940039,83.0,100.0,3,1,,Si,Si,Si,3689.09,LA FLORIDA,803.2259058,San Jose de la Estrella,Si
-33.5566096,-70.5940039,83.0,100.0,3,1,Si,Si,Si,Si,4227.65,LA FLORIDA,803.2259058,San Jose de la Estrella,Si
-33.4871332,-70.739091,124.0,160.0,4,3,Si,Si,Si,Si,3049.2,MAIPU,801.3796943,Monte Tabor,Si
-33.4872689,-70.5882995,105.0,328.0,3,1,Si,Si,Si,Si,7600.0,MACUL,799.3225998,Quilin,Si
-33.4637728,-70.7101967,,110.0,1,1,Si,Si,Si,Si,2288.85,ESTACION CENTRAL,795.3683243,Las Rejas,Si
-33.4619156,-70.5931249,193.0,338.0,5,2,Si,Si,Si,Si,11525.05,NUNOA,794.9794574,Chile Espana,Si
-33.4024918,-70.6757014,115.0,180.0,3,1,Si,Si,Si,Si,3500.6,INDEPENDENCIA,792.409374,Conchali,Si
-33.509864,-70.620078,109.0,309.0,4,2,No,No,No,No,2319.72,SAN JOAQUIN,791.8863681,Pedrero,Si
-33.4809556,-70.6723536,120.0,220.0,3,1,Si,Si,Si,Si,3770.0,PEDRO AGUIRRE CERDA,790.2061144,Pesidente Pedro Aguirre Cerda,Si
-33.40248919,-70.67563891,115.0,180.0,3,1,Si,Si,Si,Si,3500.6,INDEPENDENCIA,787.469733,Conchali,Si
-33.358459,-70.687132,73.0,212.0,3,1,No,No,No,No,2001.2,HUECHURABA,785.3605669,Los Libertadores,Si
-33.445616,-70.614863,213.0,263.0,5,4,Si,Si,Si,Si,14490.0,PROVIDENCIA,784.8590319,Monsenor Eyzaguirre,Si
-33.4766783,-70.634331,84.0,189.0,5,2,Si,Si,Si,Si,3365.96,SAN JOAQUIN,784.2793284,Bio Bio,Si
-33.4521119,-70.7304856,148.0,209.0,1,1,Si,Si,Si,Si,4981.62,LO PRADO,783.0920314,Neptuno,Si
-33.5176,-70.666709,,415.0,4,2,No,No,No,No,2575.14,LA CISTERNA,782.4556793,Lo Ovalle,Si
-33.4825173,-70.7372286,75.0,80.0,2,1,Si,Si,Si,Si,1683.0,MAIPU,782.4547096,Las Parcelas,Si
-33.5920077,-70.5724094,56.0,74.0,2,1,Si,Si,Si,Si,1009.79,PUENTE ALTO,780.6260645,Protectora de la Infancia,Si
-33.414564,-70.55156945,90.0,300.0,3,2,Si,Si,Si,Si,12500.0,LAS CONDES,780.449492,Hernando de Magallanes,Si
-33.414564,-70.55156945,90.0,300.0,3,2,Si,Si,Si,Si,12500.0,LAS CONDES,780.449492,Hernando de Magallanes,Si
-33.4479133,-70.5841983,,200.0,4,3,Si,Si,Si,Si,10990.0,NUNOA,779.0375484,Villa Frei,Si
-33.4148709,-70.5520597,101.0,273.0,4,2,Si,Si,Si,Si,10600.0,LAS CONDES,779.0212892,Hernando de Magallanes,Si
-33.4794215,-70.733459,111.0,186.0,3,2,Si,Si,Si,Si,3088.8,MAIPU,778.4969059,Las Parcelas,Si
-33.5388254,-70.672042,80.0,200.0,3,1,Si,Si,Si,Si,4443.07,LA CISTERNA,778.0809197,La Cisterna,Si
-33.5388254,-70.672042,80.0,200.0,3,1,Si,Si,Si,Si,4443.07,LA CISTERNA,778.0809197,La Cisterna,Si
-33.5388254,-70.672042,80.0,200.0,3,1,Si,Si,Si,Si,4448.22,LA CISTERNA,778.0809197,La Cisterna,Si
-33.49599,-70.6452745,152.0,320.0,4,3,Si,Si,Si,Si,5385.54,SAN MIGUEL,777.8910608,Lo Vial,Si
-33.4333943,-70.707354,90.0,500.0,5,1,Si,Si,Si,Si,4846.98,QUINTA NORMAL,774.2587816,Blanqueado,Si
-33.4333943,-70.707354,90.0,500.0,5,1,Si,Si,Si,Si,4846.98,QUINTA NORMAL,774.2587816,Blanqueado,Si
-33.52366,-70.607313,,450.0,4,3,No,No,No,No,3737.3,LA FLORIDA,772.367296,Santa Julia,Si
-33.4145453,-70.5517435,83.0,286.0,4,2,Si,Si,Si,Si,9899.0,LAS CONDES,768.9111596,Hernando de Magallanes,Si
-33.40121007,-70.55926165,120.0,250.0,3,2,Si,Si,Si,Si,10367.16,LAS CONDES,768.2681329,Hernando de Magallanes,Si
-33.4453204,-70.5643824,140.0,200.0,4,4,Si,Si,Si,Si,11299.0,LA REINA,766.6492204,Simon Bolivar,Si
-33.4453204,-70.5643824,140.0,200.0,4,4,Si,Si,Si,Si,11299.0,LA REINA,766.6492204,Simon Bolivar,Si
-33.4901232,-70.6586473,117.0,262.0,4,2,,Si,Si,Si,5509.0,SAN MIGUEL,766.2414471,San Miguel,Si
-33.49425,-70.576054,132.0,169.0,4,3,Si,Si,Si,Si,8000.0,PENALOLEN,763.8941353,Quilin,Si
-33.4954351,-70.5789578,159.0,330.0,4,3,No,No,No,No,3875.66,PENALOLEN,763.7921618,Quilin,Si
-33.435812,-70.7147579,95.0,200.0,3,2,Si,Si,Si,Si,5116.26,QUINTA NORMAL,763.4992797,Lo Prado,Si
-33.5173102,-70.7548939,93.0,200.0,3,1,Si,Si,Si,Si,2402.037,MAIPU,762.4972279,Plaza de Maipu,Si
-33.408335,-70.6537099,114.0,227.0,3,1,Si,Si,Si,Si,6446.0,INDEPENDENCIA,760.6698443,Plaza Chacabuco,Si
-33.4571185,-70.6206447,189.0,240.0,4,2,Si,Si,Si,Si,7674.39,NUNOA,760.6125186,Monsenor Eyzaguirre,Si
-33.4571185,-70.6206447,189.0,240.0,5,2,Si,Si,Si,Si,7674.39,NUNOA,760.6125186,Monsenor Eyzaguirre,Si
-33.4632505,-70.7454473,46.0,96.0,2,1,Si,Si,Si,Si,2266.0,PUDAHUEL,759.506995,Laguna Sur,Si
-33.5106341,-70.6640976,65.0,116.0,3,2,Si,Si,Si,Si,4173.79,SAN MIGUEL,758.2887878,Cuidad del Nino,Si
-33.5106341,-70.6640976,65.0,116.0,3,2,Si,Si,Si,Si,4173.79,SAN MIGUEL,758.2887878,Cuidad del Nino,Si
-33.5106341,-70.6640976,65.0,116.0,3,2,Si,Si,Si,Si,4178.63,SAN MIGUEL,758.2887878,Cuidad del Nino,Si
-33.41313,-70.55037,100.0,250.0,3,1,,Si,Si,Si,9500.0,LAS CONDES,755.6232527,Hernando de Magallanes,Si
-33.41313,-70.55037,100.0,250.0,3,1,Si,Si,Si,Si,9500.0,LAS CONDES,755.6232527,Hernando de Magallanes,Si
-33.43989,-70.565595,132.0,190.0,3,2,Si,Si,Si,Si,12500.0,LA REINA,755.3725703,Principe de Gales,Si
-33.44758,-70.63798,70.0,101.0,4,2,Si,Si,Si,Si,5930.96,SANTIAGO,754.6914933,Santa Isabel,Si
-33.524963,-70.654213,150.0,450.0,3,2,Si,Si,Si,Si,8000.0,LA CISTERNA,754.5206293,El Parron,Si
-33.4442482,-70.6022176,230.0,528.0,3,4,Si,Si,Si,Si,14500.0,PROVIDENCIA,752.158373,Ines de Suarez,Si
-33.4698526,-70.6057249,68.63,71.44,2,1,Si,Si,Si,Si,2665.84,NUNOA,750.2299752,Estadio Nacional,Si
-33.4675053,-70.5682998,57.0,270.0,3,2,Si,Si,Si,Si,3639.45,PENALOLEN,748.7018694,Los Orientales,Si
-33.52878,-70.58963,97.0,144.0,4,2,Si,Si,Si,Si,3790.0,LA FLORIDA,748.5232929,Vicente Valdes,Si
-33.4617099,-70.5821124,98.0,215.0,4,2,Si,Si,Si,Si,7674.39,NUNOA,746.3119453,Villa Frei,Si
-33.4617099,-70.5821124,98.0,215.0,4,2,Si,Si,Si,Si,7674.39,NUNOA,746.3119453,Villa Frei,Si
-33.4617099,-70.5821124,98.0,215.0,4,2,Si,Si,Si,Si,7674.39,NUNOA,746.3119453,Villa Frei,Si
-33.4617099,-70.5821124,98.0,215.0,4,2,Si,Si,Si,Si,7683.29,NUNOA,746.3119453,Villa Frei,Si
-33.4160729,-70.6632013,130.0,216.0,4,2,Si,Si,Si,Si,4846.98,INDEPENDENCIA,746.0796425,Hospitales,Si
-33.4555992,-70.6222603,129.0,313.0,3,2,Si,Si,Si,Si,13200.0,NUNOA,744.7948035,Irarrazaval,Si
-33.549184,-70.595002,74.0,199.0,3,1,No,No,No,No,1870.000003,LA FLORIDA,744.3053473,Trinidad,Si
-33.538864,-70.671654,65.0,209.0,3,1,Si,Si,Si,Si,4390.0,LA CISTERNA,740.7580239,La Cisterna,Si
-33.401672,-70.548887,200.0,200.0,5,4,Si,Si,Si,Si,12990.0,LAS CONDES,739.2280568,Los Dominicos,Si
-33.460107,-70.6868794,92.0,75.0,3,1,Si,Si,Si,Si,2580.0,ESTACION CENTRAL,738.5290323,Universidad de Santiago,Si
-33.4825816,-70.6570674,130.0,130.0,4,2,Si,Si,Si,Si,6731.92,SAN MIGUEL,736.835133,El Llano,Si
-33.4155003,-70.5551154,80.0,177.0,3,2,Si,Si,Si,Si,9475.0,LAS CONDES,735.1032461,Hernando de Magallanes,Si
-33.458253,-70.619509,111.0,231.0,3,2,No,No,No,No,6300.0,NUNOA,733.0482726,Monsenor Eyzaguirre,Si
-33.57545797,-70.57504634,82.0,132.0,2,1,Si,Si,Si,Si,1346.385,PUENTE ALTO,732.7912919,Hospital Sotero del Rio,Si
-33.517015,-70.754969,93.0,200.0,3,1,Si,Si,Si,Si,2399.2584,MAIPU,732.0515009,Plaza de Maipu,Si
-33.5087206,-70.6003361,60.0,80.0,3,1,Si,Si,Si,Si,2423.49,MACUL,730.0135353,Mirador,Si
-33.5087206,-70.6003361,60.0,80.0,3,1,Si,Si,Si,Si,2423.49,MACUL,730.0135353,Mirador,Si
-33.5433121,-70.5815107,97.0,115.0,3,2,Si,Si,Si,Si,3419.82,LA FLORIDA,727.9196611,Trinidad,Si
-33.5772639,-70.5749702,55.0,120.0,3,1,Si,Si,Si,Si,1144.425,PUENTE ALTO,725.8852475,Hospital Sotero del Rio,Si
-33.53819588,-70.60747043,109.0,162.0,3,2,Si,Si,Si,Si,3365.96,LA FLORIDA,724.8560537,Santa Julia,Si
-33.4481294,-70.6010199,70.0,160.0,3,1,Si,Si,Si,Si,6800.0,NUNOA,721.6072905,Nunoa,Si
-33.5988527,-70.5708011,70.0,167.0,3,2,Si,Si,Si,Si,1750.0,PUENTE ALTO,718.4621667,Las Mercedes,Si
-33.40116529,-70.55744848,120.0,250.0,3,2,Si,Si,Si,Si,10367.16,LAS CONDES,717.7426264,Hernando de Magallanes,Si
-33.43867674,-70.58269154,108.0,106.0,4,2,Si,Si,Si,Si,9693.97,NUNOA,717.1713617,Francisco Bilbao,Si
-33.4600516,-70.5846521,180.0,324.0,4,2,Si,Si,Si,Si,10164.0,NUNOA,716.8460907,Villa Frei,Si
-33.4937367,-70.7468462,70.0,110.0,5,2,Si,Si,Si,Si,2310.0,MAIPU,716.606127,Del Sol,Si
-33.4638632,-70.7129073,82.0,160.0,4,2,Si,Si,Si,Si,3710.0,ESTACION CENTRAL,716.098786,Pajaritos,Si
-33.4638632,-70.7129073,82.0,160.0,4,2,Si,Si,Si,Si,3710.0,ESTACION CENTRAL,716.098786,Pajaritos,Si
-33.42555146,-70.58139085,117.0,342.0,3,3,No,No,No,No,5365.180148,LAS CONDES,711.0554263,Francisco Bilbao,Si
-33.5613467,-70.5782242,86.0,496.0,3,1,Si,Si,Si,Si,5789.45,LA FLORIDA,705.3926831,Los Quillayes,Si
-33.4481026,-70.6013846,,174.0,2,1,Si,Si,Si,Si,8700.0,NUNOA,704.6019168,Nunoa,Si
-33.44713637,-70.63905619,114.0,80.0,3,2,Si,Si,Si,Si,5000.0,SANTIAGO,704.1083943,Universidad Catolica,Si
-33.4623878,-70.7110303,,116.0,3,1,Si,Si,Si,Si,2490.0,ESTACION CENTRAL,702.9777644,Pajaritos,Si
-33.4623878,-70.7110303,59.0,116.0,3,1,Si,Si,Si,Si,2580.0,ESTACION CENTRAL,702.9777644,Pajaritos,Si
-33.4155887,-70.5688499,105.0,179.0,3,2,Si,Si,Si,Si,11500.0,LAS CONDES,700.6861501,Manquehue,Si
-33.5093155,-70.6192534,94.0,336.0,3,1,Si,Si,Si,Si,7001.2,SAN JOAQUIN,699.9204927,Pedrero,Si
-33.55584,-70.59318,92.18,180.0,4,2,Si,Si,Si,Si,4500.0,LA FLORIDA,699.1561557,San Jose de la Estrella,Si
-33.4642103,-70.6502872,196.0,240.0,4,2,Si,Si,Si,Si,4577.71,SANTIAGO,697.3029322,Parque O'higgins,Si
-33.4359778,-70.6975395,374.0,560.0,1,1,Si,Si,Si,Si,10905.71,QUINTA NORMAL,697.2977763,Gruta de Lourdes,Si
-33.4359778,-70.6975395,374.0,560.0,1,1,Si,Si,Si,Si,10905.71,QUINTA NORMAL,697.2977763,Gruta de Lourdes,Si
-33.4359778,-70.6975395,374.0,560.0,1,1,Si,Si,Si,Si,10905.71,QUINTA NORMAL,697.2977763,Gruta de Lourdes,Si
-33.43770048,-70.62141351,142.6,141.9,3,3,Si,Si,Si,Si,10000.0,PROVIDENCIA,687.597341,Salvador,Si
-33.493911,-70.576956,132.0,169.0,4,3,Si,Si,Si,Si,8000.0,PENALOLEN,687.5481801,Quilin,Si
-33.594001,-70.585183,75.0,219.0,3,3,No,No,No,No,3434.28,PUENTE ALTO,682.3443192,Protectora de la Infancia,Si
-33.439836,-70.56633,132.0,190.0,3,2,Si,Si,Si,Si,12450.0,LA REINA,681.7034619,Principe de Gales,Si
-33.6097226,-70.5690953,41.0,113.0,2,1,No,No,No,No,647.8,PUENTE ALTO,680.6322359,Plaza Puente Alto,Si
-33.54221,-70.59601,90.0,90.0,2,1,Si,Si,Si,Si,3500.6,LA FLORIDA,680.5207491,Rojas Magallanes,Si
-33.54221,-70.59601,90.0,90.0,2,1,Si,Si,Si,Si,3500.6,LA FLORIDA,680.5207491,Rojas Magallanes,Si
-33.594635,-70.584536,90.0,220.0,3,2,No,No,No,No,1926.24,PUENTE ALTO,677.7877249,Protectora de la Infancia,Si
-33.6009314,-70.5841934,93.0,167.0,3,2,Si,Si,Si,Si,2356.17,PUENTE ALTO,677.4043439,Las Mercedes,Si
-33.4632751,-70.7126195,200.0,200.0,4,2,Si,Si,Si,Si,3769.88,ESTACION CENTRAL,677.250762,Pajaritos,Si
-33.4632751,-70.7126195,200.0,200.0,4,2,Si,Si,Si,Si,3769.88,ESTACION CENTRAL,677.250762,Pajaritos,Si
-33.4632751,-70.7126195,200.0,200.0,4,2,Si,Si,Si,Si,3774.25,ESTACION CENTRAL,677.250762,Pajaritos,Si
-33.44456891,-70.62418634,,351.0,4,4,Si,Si,Si,Si,14500.0,PROVIDENCIA,674.6400795,Santa Isabel,Si
-33.3787827,-70.6896557,52.0,252.0,3,1,Si,Si,Si,Si,2827.41,CONCHALI,670.316091,Cardenal Caro,Si
-33.54348,-70.66165,130.0,180.0,4,3,Si,Si,Si,Si,6150.0,LA CISTERNA,669.1816868,La Cisterna,Si
-33.431738,-70.692392,204.0,204.0,4,2,Si,Si,Si,Si,7539.75,QUINTA NORMAL,668.5698318,Gruta de Lourdes,Si
-33.4799903,-70.5853385,147.0,300.0,3,1,Si,Si,Si,Si,7800.0,MACUL,666.6800517,Los Presidentes,Si
-33.5247751,-70.6551737,142.0,360.0,5,2,,Si,Si,Si,6000.0,LA CISTERNA,665.376673,El Parron,Si
-33.5398866,-70.5856824,123.0,150.0,4,2,Si,Si,Si,Si,4039.15,LA FLORIDA,662.9887052,Trinidad,Si
-33.5502922,-70.5932943,144.0,398.0,4,1,Si,Si,Si,Si,5112.0,LA FLORIDA,660.8822537,Trinidad,Si
-33.4619759,-70.7102216,90.0,150.0,4,2,Si,Si,Si,Si,3365.96,ESTACION CENTRAL,659.0659874,Las Rejas,Si
-33.4619759,-70.7102216,90.0,150.0,4,2,Si,Si,Si,Si,3365.96,ESTACION CENTRAL,659.0659874,Las Rejas,Si
-33.4619759,-70.7102216,90.0,150.0,4,2,Si,Si,Si,Si,3365.96,ESTACION CENTRAL,659.0659874,Las Rejas,Si
-33.3812651,-70.6741177,140.0,220.0,4,1,Si,Si,Si,Si,4039.15,CONCHALI,656.3442854,Vivaceta,Si
-33.464128,-70.64092,111.0,111.0,3,1,Si,Si,Si,Si,2000.0,SANTIAGO,655.0032137,Matta,Si
-33.41163467,-70.53961211,90.0,200.0,3,2,Si,Si,Si,Si,7980.0,LAS CONDES,646.7983315,Los Dominicos,Si
-33.47227,-70.66418,94.0,94.0,4,3,Si,Si,Si,Si,2423.49,SANTIAGO,642.9905287,Pesidente Pedro Aguirre Cerda,Si
-33.48692069,-70.57398457,130.0,235.0,3,3,Si,Si,Si,Si,9990.0,PENALOLEN,642.6912543,Quilin,Si
-33.48692069,-70.57398457,130.0,235.0,3,3,Si,Si,Si,Si,9990.0,PENALOLEN,642.6912543,Quilin,Si
-33.4580211,-70.5610515,137.0,293.0,3,3,Si,Si,Si,Si,9190.0,LA REINA,642.1139078,Fernando Castillo Velasco,Si
-33.4580211,-70.5610515,137.0,293.0,3,3,Si,Si,Si,Si,9190.0,LA REINA,642.1139078,Fernando Castillo Velasco,Si
-33.442998,-70.67445,44.0,143.44,3,3,Si,Si,Si,Si,5600.0,SANTIAGO,641.3434104,Quinta Normal,Si
-33.5406334,-70.5847551,68.0,215.0,2,1,Si,Si,Si,Si,4450.0,LA FLORIDA,640.9547376,Trinidad,Si
-33.5406334,-70.5847551,68.0,215.0,2,1,Si,Si,Si,Si,4500.0,LA FLORIDA,640.9547376,Trinidad,Si
-33.53607305,-70.6336995,104.0,120.0,4,2,Si,Si,Si,Si,2962.05,LA GRANJA,633.850107,Santa Rosa,Si
-33.53607305,-70.6336995,104.0,120.0,4,2,Si,Si,Si,Si,2962.05,LA GRANJA,633.850107,Santa Rosa,Si
-33.50261197,-70.64826828,122.0,350.0,3,1,Si,Si,Si,Si,7000.0,SAN MIGUEL,633.5267117,Departamental,Si
-33.5071299,-70.5841172,57.0,57.0,3,1,Si,Si,Si,Si,3365.96,PENALOLEN,632.3642356,Macul,Si
-33.5065797,-70.6621806,96.0,250.0,4,2,Si,Si,Si,Si,6700.0,SAN MIGUEL,629.8511606,Cuidad del Nino,Si
-33.47031,-70.64098,113.0,164.0,5,2,Si,Si,Si,Si,3096.68,SANTIAGO,627.3098278,Bio Bio,Si
-33.47031,-70.64098,113.0,164.0,5,2,Si,Si,Si,Si,3096.68,SANTIAGO,627.3098278,Bio Bio,Si
-33.47031,-70.64098,113.0,164.0,5,2,Si,Si,Si,Si,3500.6,SANTIAGO,627.3098278,Bio Bio,Si
-33.4492278,-70.6011146,125.0,186.0,3,2,Si,Si,Si,Si,9460.0,NUNOA,626.6995404,Nunoa,Si
-33.461247,-70.7104366,150.0,160.0,3,1,Si,Si,Si,Si,3904.51,ESTACION CENTRAL,625.9683855,Las Rejas,Si
-33.50001,-70.62218,120.0,214.0,3,1,Si,Si,Si,Si,4039.15,SAN JOAQUIN,625.7811758,San Joaquin,Si
-33.5381525,-70.5986151,120.0,200.0,5,2,Si,Si,Si,Si,2611.99,LA FLORIDA,622.8847266,Rojas Magallanes,Si
-33.5312962,-70.588938,139.0,142.0,3,2,Si,Si,Si,Si,4712.34,LA FLORIDA,622.7640022,Rojas Magallanes,Si
-33.46000638,-70.72160484,85.0,150.0,3,3,Si,Si,Si,Si,4981.62,ESTACION CENTRAL,620.3693843,Pajaritos,Si
-33.4142661,-70.5547491,190.0,350.0,4,3,,Si,Si,Si,11900.0,LAS CONDES,620.051469,Hernando de Magallanes,Si
-33.43296544,-70.66771984,59.0,93.0,3,2,Si,Si,Si,Si,3365.96,SANTIAGO,617.8315183,Cumming,Si
-33.587453,-70.585619,140.0,197.0,5,3,Si,Si,Si,Si,2302.0,PUENTE ALTO,617.6868543,Protectora de la Infancia,Si
-33.5693939,-70.5900655,75.0,80.0,4,1,Si,Si,Si,Si,2315.78,LA FLORIDA,617.6703187,Elisa Correa,Si
-33.4149494,-70.5668273,123.0,390.0,4,3,Si,Si,Si,Si,11400.0,LAS CONDES,617.6650504,Manquehue,Si
-33.4149494,-70.5668273,123.0,390.0,4,3,Si,Si,Si,Si,11400.0,LAS CONDES,617.6650504,Manquehue,Si
-33.43803,-70.579185,152.0,200.0,3,2,Si,Si,Si,Si,10200.0,NUNOA,617.3873339,Principe de Gales,Si
-33.449635,-70.600784,170.0,186.0,3,1,,Si,Si,Si,9100.0,NUNOA,617.0767213,Nunoa,Si
-33.4192002,-70.6619954,70.0,70.0,2,2,,Si,Si,Si,2995.0,INDEPENDENCIA,615.8567187,Hospitales,Si
-33.4594217,-70.5683521,101.0,111.0,4,2,,Si,Si,Si,5920.0,LA REINA,615.1552202,Los Orientales,Si
-33.541338,-70.596139,,187.0,2,2,Si,Si,Si,Si,4308.43,LA FLORIDA,613.2120025,Rojas Magallanes,Si
-33.5813877,-70.5864312,124.0,105.0,4,2,Si,Si,Si,Si,1817.62,PUENTE ALTO,612.077073,Hospital Sotero del Rio,Si
-33.520013,-70.6643519,93.0,341.0,2,1,Si,Si,Si,Si,4580.0,LA CISTERNA,608.4872752,Lo Ovalle,Si
-33.4835636,-70.5845485,81.0,142.0,3,2,Si,Si,Si,Si,6058.73,MACUL,606.3504829,Quilin,Si
-33.3600024,-70.6880577,89.0,137.0,4,2,Si,Si,Si,Si,3300.0,HUECHURABA,606.1596048,Los Libertadores,Si
-33.435176,-70.70798,93.0,191.0,3,2,No,No,No,No,1845.26,QUINTA NORMAL,605.362313,Blanqueado,Si
-33.48698239,-70.57436803,114.0,310.0,3,3,,Si,Si,Si,9980.0,PENALOLEN,603.8518505,Quilin,Si
-33.48698239,-70.57436803,114.0,310.0,3,3,Si,Si,Si,Si,9980.0,PENALOLEN,603.8518505,Quilin,Si
-33.5959403,-70.5754178,,130.0,4,3,Si,Si,Si,Si,1952.255,PUENTE ALTO,598.9965019,Las Mercedes,Si
-33.444681,-70.607816,,337.0,3,2,No,No,No,No,9300.0,PROVIDENCIA,598.0686332,Ines de Suarez,Si
-33.536322,-70.6585516,155.0,429.0,3,2,Si,Si,Si,Si,7270.48,LA CISTERNA,594.0019963,La Cisterna,Si
-33.4227957,-70.6593359,130.0,198.0,4,1,No,No,No,No,1815.11,INDEPENDENCIA,592.6005138,Hospitales,Si
-33.4932354,-70.6117573,60.0,135.0,5,1,Si,Si,Si,Si,5385.54,MACUL,592.5006502,Camino Agricola,Si
-33.4476086,-70.6151433,177.0,322.0,4,2,Si,Si,Si,Si,10500.0,PROVIDENCIA,591.985181,Monsenor Eyzaguirre,Si
-33.4616159,-70.7119034,122.0,180.0,3,1,Si,Si,Si,Si,3540.0,ESTACION CENTRAL,586.7435962,Pajaritos,Si
-33.4616159,-70.7119034,122.0,180.0,3,1,Si,Si,Si,Si,3540.0,ESTACION CENTRAL,586.7435962,Pajaritos,Si
-33.4321929,-70.6322006,170.0,170.0,4,2,Si,Si,Si,Si,8354.0,PROVIDENCIA,586.1529184,Baquedano,Si
-33.4400954,-70.6016247,150.0,400.0,4,3,,Si,Si,Si,15000.0,PROVIDENCIA,585.781767,Ines de Suarez,Si
-33.4251527,-70.6509101,65.0,65.0,3,2,Si,Si,Si,Si,2558.13,RECOLETA,584.2272854,Patronato,Si
-33.570736,-70.5895149,90.0,135.0,4,2,Si,Si,Si,Si,2150.0,PUENTE ALTO,577.2349159,Elisa Correa,Si
-33.4312587,-70.6316812,163.4,125.76,4,2,Si,Si,Si,Si,8062.0,PROVIDENCIA,576.7036529,Salvador,Si
-33.5330936,-70.6605861,195.0,306.0,3,3,Si,Si,Si,Si,8100.0,LA CISTERNA,573.4024954,La Cisterna,Si
-33.4320431,-70.6369146,125.0,279.0,4,1,,Si,Si,Si,5924.09,RECOLETA,572.6018544,Baquedano,Si
-33.4320431,-70.6369146,125.0,279.0,4,1,Si,Si,Si,Si,5924.09,RECOLETA,572.6018544,Baquedano,Si
-33.4320431,-70.6369146,125.0,279.0,4,1,Si,Si,Si,Si,5924.09,RECOLETA,572.6018544,Baquedano,Si
-33.4320431,-70.6369146,125.0,279.0,4,1,,Si,Si,Si,5930.96,RECOLETA,572.6018544,Baquedano,Si
-33.5062341,-70.6612977,110.0,140.0,4,3,Si,Si,Si,Si,8049.0,SAN MIGUEL,572.140613,Cuidad del Nino,Si
-33.5062341,-70.6612977,110.0,140.0,4,3,Si,Si,Si,Si,8049.0,SAN MIGUEL,572.140613,Cuidad del Nino,Si
-33.3836491,-70.6738891,70.0,220.0,3,1,Si,Si,Si,Si,3500.6,CONCHALI,567.4409927,Vivaceta,Si
-33.455073,-70.56534,92.0,279.0,3,2,Si,Si,Si,Si,8000.0,LA REINA,566.2403465,Plaza Egana,Si
-33.455073,-70.56534,92.0,279.0,3,2,Si,Si,Si,Si,8000.0,LA REINA,566.2403465,Plaza Egana,Si
-33.5961063,-70.5760004,104.0,130.0,4,3,Si,Si,Si,Si,1952.255,PUENTE ALTO,565.7563066,Las Mercedes,Si
-33.4819889,-70.5838997,89.0,180.0,3,2,Si,Si,Si,Si,5924.09,MACUL,561.9633342,Los Presidentes,Si
-33.5186911,-70.5906685,82.0,231.0,4,2,Si,Si,Si,Si,4690.0,LA FLORIDA,558.5835789,Vicuna Mackenna,Si
-33.5398885,-70.5884146,,380.0,3,3,Si,Si,Si,Si,8024.45,LA FLORIDA,558.4506998,Rojas Magallanes,Si
-33.5029918,-70.6200329,154.0,210.0,5,2,Si,Si,Si,Si,4496.92,SAN JOAQUIN,554.0965697,San Joaquin,Si
-33.5029918,-70.6200329,154.0,210.0,5,2,Si,Si,Si,Si,4496.92,SAN JOAQUIN,554.0965697,San Joaquin,Si
-33.5270388,-70.6092614,62.37,297.0,3,1,,Si,Si,Si,2900.0,LA FLORIDA,553.4705123,Santa Julia,Si
-33.5270388,-70.6092614,62.37,297.0,3,1,Si,Si,Si,Si,2900.0,LA FLORIDA,553.4705123,Santa Julia,Si
-33.5270388,-70.6092614,62.37,297.0,3,1,Si,Si,Si,Si,2900.0,LA FLORIDA,553.4705123,Santa Julia,Si
-33.453753,-70.7098161,110.0,150.0,5,2,Si,Si,Si,Si,3766.0,LO PRADO,551.8860082,Las Rejas,Si
-33.593164,-70.575572,40.0,166.0,2,1,No,No,No,No,1478.000006,PUENTE ALTO,551.106242,Protectora de la Infancia,Si
-33.48252,-70.66086,168.0,206.0,5,2,Si,Si,Si,Si,4495.0,PEDRO AGUIRRE CERDA,550.0167452,Pesidente Pedro Aguirre Cerda,Si
-33.43207,-70.6361851,100.44,117.7,4,1,Si,Si,Si,Si,3500.6,RECOLETA,548.4615539,Baquedano,Si
-33.43207,-70.6361851,100.44,117.7,4,1,Si,Si,Si,Si,3500.6,RECOLETA,548.4615539,Baquedano,Si
-33.43207,-70.6361851,100.44,117.7,4,1,Si,Si,Si,Si,3500.6,RECOLETA,548.4615539,Baquedano,Si
-33.43207,-70.6361851,100.44,117.7,4,1,Si,Si,Si,Si,3504.66,RECOLETA,548.4615539,Baquedano,Si
-33.3706602,-70.6924004,105.0,172.0,2,2,Si,Si,Si,Si,2320.0,CONCHALI,546.1649604,Los Libertadores,Si
-33.59614639,-70.5768845,130.0,180.0,4,3,Si,Si,Si,Si,2200.0,PUENTE ALTO,545.7984681,Las Mercedes,Si
-33.5977065,-70.5736228,100.0,250.0,3,3,Si,Si,Si,Si,2019.575,PUENTE ALTO,544.1760018,Las Mercedes,Si
-33.4595021,-70.5691387,71.0,275.0,3,1,Si,Si,Si,Si,7600.0,LA REINA,543.142833,Los Orientales,Si
-33.3607232,-70.688056,100.0,120.0,2,1,Si,Si,Si,Si,3100.0,HUECHURABA,541.7180377,Los Libertadores,Si
-33.4357699,-70.7061833,140.0,200.0,4,4,Si,Si,Si,Si,4173.79,QUINTA NORMAL,538.7811142,Blanqueado,Si
-33.4829079,-70.6779741,80.0,180.0,3,1,Si,Si,Si,Si,2700.0,PEDRO AGUIRRE CERDA,538.28893,Lo Valledor,Si
-33.4522809,-70.7143512,117.0,207.0,3,2,Si,Si,Si,Si,2960.0,LO PRADO,536.5656516,Pajaritos,Si
-33.4612796,-70.7326644,109.0,190.0,2,2,Si,Si,Si,Si,4250.0,PUDAHUEL,535.4138915,Laguna Sur,Si
-33.4521079,-70.7068915,87.0,180.0,3,1,Si,Si,Si,Si,3624.0,LO PRADO,534.8626502,Las Rejas,Si
-33.4521079,-70.7068915,87.0,180.0,3,1,Si,Si,Si,Si,3624.0,LO PRADO,534.8626502,Las Rejas,Si
-33.4380828,-70.7184574,88.0,200.0,4,2,Si,Si,Si,Si,2990.0,LO PRADO,533.3203503,Lo Prado,Si
-33.4380828,-70.7184574,88.0,200.0,4,2,Si,Si,Si,Si,2990.0,LO PRADO,533.3203503,Lo Prado,Si
-33.4344249,-70.5755854,112.0,310.0,4,2,No,No,No,No,4318.93,LA REINA,532.1383144,Principe de Gales,Si
-33.45828581,-70.61187439,134.0,372.0,4,2,Si,Si,Si,Si,13500.0,NUNOA,531.2587059,Monsenor Eyzaguirre,Si
-33.4231725,-70.5953551,170.0,400.0,3,1,Si,Si,Si,Si,14000.0,PROVIDENCIA,531.2387059,Cristobal Colon,Si
-33.505476,-70.660059,97.0,407.0,1,1,No,No,No,No,2981.31,SAN MIGUEL,530.6341207,Cuidad del Nino,Si
-33.565671,-70.58021,96.0,186.0,3,1,No,No,No,No,1897.17,PUENTE ALTO,526.9778933,Elisa Correa,Si
-33.4462713,-70.7359607,36.0,108.0,1,1,Si,Si,Si,Si,1268.0,LO PRADO,526.2941932,Pudahuel,Si
-33.47795114,-70.74847805,45.0,128.0,3,1,Si,Si,Si,Si,1947.0,MAIPU,525.806968,Monte Tabor,Si
-33.45926148,-70.59408524,125.0,180.0,4,2,Si,Si,Si,Si,9909.39,NUNOA,524.6779847,Chile Espana,Si
-33.452095,-70.705266,140.0,140.0,4,3,Si,Si,Si,Si,3446.74,ESTACION CENTRAL,520.8655297,Las Rejas,Si
-33.4054984,-70.5494962,134.0,317.0,5,3,Si,Si,Si,Si,13800.0,LAS CONDES,519.4443955,Los Dominicos,Si
-33.3918409,-70.637411,112.0,162.0,4,1,,Si,Si,Si,4575.01,RECOLETA,517.5250121,Zapadores,Si
-33.5345428,-70.597536,113.0,374.0,3,2,Si,Si,Si,Si,6476.0,LA FLORIDA,516.1418414,Rojas Magallanes,Si
-33.5099621,-70.5850073,130.0,136.0,4,3,Si,Si,Si,Si,9424.69,PENALOLEN,511.3408149,Macul,Si
-33.4564555,-70.5547984,87.4,222.0,3,2,Si,Si,Si,Si,8300.0,LA REINA,510.2464915,Fernando Castillo Velasco,Si
-33.4561084,-70.5614195,50.0,300.0,2,1,Si,Si,Si,Si,6731.92,LA REINA,508.8608868,Fernando Castillo Velasco,Si
-33.3882194,-70.6834594,127.0,289.0,5,3,No,No,No,No,2026.16,CONCHALI,508.3749927,Vivaceta,Si
-33.4443978,-70.6375614,52.0,52.0,2,1,No,No,Si,Si,1926.82,SANTIAGO,504.1395719,Universidad Catolica,Si
-33.4478207,-70.7275002,100.0,170.0,5,1,Si,Si,Si,Si,4308.43,LO PRADO,503.3262037,San Pablo,Si
-33.4929486,-70.5801707,140.0,254.0,4,3,Si,Si,Si,Si,5200.0,PENALOLEN,502.9219507,Quilin,Si
-33.455903,-70.566404,115.0,365.0,3,2,No,No,No,No,6050.0,LA REINA,501.2371195,Plaza Egana,Si
-33.4706427,-70.7420272,71.0,122.0,3,2,,Si,Si,Si,1954.953,MAIPU,498.783752,Las Parcelas,Si
-33.4918603,-70.5773098,132.0,181.0,4,3,Si,Si,Si,Si,6990.0,PENALOLEN,496.4871109,Quilin,Si
-33.4918603,-70.5773098,132.0,181.0,4,3,Si,Si,Si,Si,6990.0,PENALOLEN,496.4871109,Quilin,Si
-33.49394,-70.58699,120.0,200.0,4,2,Si,Si,Si,Si,3177.47,MACUL,495.3364109,Las Torres,Si
-33.4612281,-70.5785567,115.0,240.0,4,2,Si,Si,Si,Si,8990.0,NUNOA,494.0938383,Los Orientales,Si
-33.45347568,-70.64086949,260.0,190.0,5,4,Si,Si,Si,Si,6462.64,SANTIAGO,492.5890397,Matta,Si
-33.48251,-70.74054,50.0,180.0,3,1,No,No,No,No,1305.97,MAIPU,490.6324999,Monte Tabor,Si
-33.4192413,-70.6606755,110.0,110.0,4,2,Si,Si,Si,Si,3769.88,INDEPENDENCIA,488.6377261,Hospitales,Si
-33.485031,-70.576429,132.0,181.0,4,3,Si,Si,Si,Si,6999.0,PENALOLEN,485.789018,Quilin,Si
-33.442379,-70.672198,205.0,228.0,4,2,Si,Si,Si,Si,7000.0,SANTIAGO,485.6222503,Cumming,Si
-33.4490817,-70.6161598,204.0,334.0,5,5,Si,Si,Si,Si,14300.0,NUNOA,484.3507214,Monsenor Eyzaguirre,Si
-33.4490817,-70.6161598,204.0,334.0,5,5,,Si,Si,Si,14300.0,NUNOA,484.3507214,Monsenor Eyzaguirre,Si
-33.4490817,-70.6161598,204.0,334.0,5,5,Si,Si,Si,Si,14300.0,NUNOA,484.3507214,Monsenor Eyzaguirre,Si
-33.4512536,-70.5836499,,243.0,5,2,Si,Si,Si,Si,9982.0,NUNOA,484.1949088,Villa Frei,Si
-33.5098234,-70.5852664,130.0,136.0,4,3,Si,Si,Si,Si,9424.69,PENALOLEN,483.8746586,Macul,Si
-33.4737398,-70.7354496,115.0,311.0,4,2,No,No,No,No,2357.27,MAIPU,477.894593,Las Parcelas,Si
-33.429061,-70.580887,210.0,210.0,4,3,Si,Si,Si,Si,13800.0,LAS CONDES,475.3275607,Francisco Bilbao,Si
-33.5308514,-70.5948318,120.0,427.0,3,2,Si,Si,Si,Si,7001.2,LA FLORIDA,474.8308709,Vicente Valdes,Si
-33.429072,-70.5809092,133.0,210.0,3,2,Si,Si,Si,Si,13850.0,LAS CONDES,472.8805773,Francisco Bilbao,Si
-33.4118641,-70.5423616,126.0,197.0,4,3,Si,Si,Si,Si,10083.0,LAS CONDES,470.9855366,Los Dominicos,Si
-33.477281,-70.6269574,120.0,165.0,5,1,Si,Si,Si,Si,6739.73,SAN JOAQUIN,467.7845461,Rodrigo de Araya,Si
-33.4685169,-70.6202145,100.0,120.0,3,2,Si,Si,Si,Si,4039.15,NUNOA,467.5490248,Nuble,Si
-33.41261349,-70.55767135,103.0,170.0,3,2,Si,Si,Si,Si,8920.0,LAS CONDES,466.5165766,Hernando de Magallanes,Si
-33.4526355,-70.7053818,140.0,140.0,4,2,Si,Si,Si,Si,5100.0,ESTACION CENTRAL,466.2842876,Las Rejas,Si
-33.4526355,-70.7053818,140.0,140.0,4,2,Si,Si,Si,Si,5100.0,ESTACION CENTRAL,466.2842876,Las Rejas,Si
-33.4497593,-70.5746024,78.0,242.0,3,1,Si,Si,Si,Si,5382.84,NUNOA,465.0805118,Simon Bolivar,Si
-33.4497593,-70.5746024,78.0,242.0,3,1,Si,Si,Si,Si,5645.0,NUNOA,465.0805118,Simon Bolivar,Si
-33.4507715,-70.5964622,110.0,130.0,3,3,Si,Si,Si,Si,9200.0,NUNOA,462.4453599,Chile Espana,Si
-33.4988944,-70.581734,,190.0,3,2,Si,Si,Si,Si,4577.71,PENALOLEN,460.221418,Las Torres,Si
-33.4404513,-70.5687126,140.0,200.0,4,4,Si,Si,Si,Si,11299.0,LA REINA,459.0853586,Principe de Gales,Si
-33.5306199,-70.6596232,142.0,400.0,3,2,Si,Si,Si,Si,8347.58,LA CISTERNA,456.9607669,El Parron,Si
-33.45693218,-70.56786945,93.0,93.0,3,3,Si,Si,Si,Si,7925.0,LA REINA,455.1214387,Plaza Egana,Si
-33.45693218,-70.56786945,93.0,93.0,3,3,Si,Si,Si,Si,7925.0,LA REINA,455.1214387,Plaza Egana,Si
-33.45693218,-70.56786945,93.0,93.0,3,3,Si,Si,Si,Si,7925.0,LA REINA,455.1214387,Plaza Egana,Si
-33.45693218,-70.56786945,93.0,93.0,3,3,Si,Si,Si,Si,7925.0,LA REINA,455.1214387,Plaza Egana,Si
-33.45546,-70.55454,123.96,204.0,3,3,Si,Si,Si,Si,8000.0,LA REINA,454.5764842,Fernando Castillo Velasco,Si
-33.3928554,-70.6384084,130.0,162.0,3,2,Si,Si,Si,Si,4600.0,RECOLETA,453.484065,Zapadores,Si
-33.449847,-70.606247,186.0,426.0,5,3,Si,Si,Si,Si,12990.0,NUNOA,450.4223018,Nunoa,Si
-33.46943907,-70.62080851,120.0,130.0,4,2,Si,Si,Si,Si,2558.13,NUNOA,445.481982,Nuble,Si
-33.4534466,-70.7139545,80.0,200.0,4,1,Si,Si,Si,Si,295.94,LO PRADO,443.5822247,Pajaritos,Si
-33.4953363,-70.7529711,84.0,250.0,4,3,Si,Si,Si,Si,3914.4336,MAIPU,443.4766567,Santiago Bueras,Si
-33.4441884,-70.6357014,221.24,160.0,5,5,Si,Si,Si,Si,6800.0,SANTIAGO,443.3728783,Parque Bustamante,Si
-33.5039988,-70.6105827,175.0,346.0,4,3,,Si,Si,Si,10200.0,MACUL,443.028276,Pedrero,Si
-33.5302529,-70.6638941,95.0,170.0,4,2,Si,Si,Si,Si,4000.0,LA CISTERNA,439.8539896,El Parron,Si
-33.4035319,-70.5444193,190.0,335.0,4,4,Si,Si,Si,Si,12600.0,LAS CONDES,437.8721788,Los Dominicos,Si
-33.535879,-70.597031,95.0,165.0,3,1,,Si,Si,Si,4230.0,LA FLORIDA,437.423559,Rojas Magallanes,Si
-33.535879,-70.597031,95.0,165.0,3,1,Si,Si,Si,Si,4230.0,LA FLORIDA,437.423559,Rojas Magallanes,Si
-33.4600887,-70.6985932,66.0,165.0,3,1,Si,Si,Si,Si,4039.15,ESTACION CENTRAL,435.6887023,Ecuador,Si
-33.599316,-70.5737981,130.9,139.0,4,2,Si,Si,Si,Si,2113.825,PUENTE ALTO,429.4118607,Las Mercedes,Si
-33.4543545,-70.7190075,130.0,130.0,4,2,Si,Si,Si,Si,4173.79,LO PRADO,429.1436881,Pajaritos,Si
-33.4543545,-70.7190075,,130.0,4,2,Si,Si,Si,Si,4178.63,LO PRADO,429.1436881,Pajaritos,Si
-33.485511,-70.576788,132.0,181.0,4,3,Si,Si,Si,Si,7500.0,PENALOLEN,428.7183924,Quilin,Si
-33.4976214,-70.5904262,118.0,138.0,3,2,Si,Si,Si,Si,4846.98,MACUL,427.0736939,Las Torres,Si
-33.497621,-70.590426,138.0,138.0,4,2,Si,Si,Si,Si,4981.62,MACUL,427.0660488,Las Torres,Si
-33.5224599,-70.6629675,111.0,471.0,4,2,No,No,No,No,3473.47,LA CISTERNA,426.5262508,El Parron,Si
-33.5361808,-70.6603099,104.0,345.0,4,2,Si,Si,Si,Si,5654.81,LA CISTERNA,425.8834847,La Cisterna,Si
-33.5056366,-70.6088693,95.0,278.0,3,1,Si,Si,Si,Si,5980.0,MACUL,425.2868332,Pedrero,Si
-33.45033,-70.58067,120.0,165.0,3,4,Si,Si,Si,Si,8350.0,NUNOA,423.8840997,Villa Frei,Si
-33.4781506,-70.7446206,52.2,162.0,3,1,Si,Si,Si,Si,2310.396,MAIPU,417.2449223,Monte Tabor,Si
-33.5529992,-70.5824317,90.0,137.0,4,3,Si,Si,Si,Si,3365.96,LA FLORIDA,416.9378434,San Jose de la Estrella,Si
-33.4190726,-70.5876858,,310.0,4,2,No,No,No,No,9618.81,LAS CONDES,416.3348388,Alcantara,Si
-33.40633246,-70.65689522,81.0,95.0,2,1,Si,Si,Si,Si,2827.41,INDEPENDENCIA,416.0882605,Plaza Chacabuco,Si
-33.6009049,-70.5815265,113.0,178.0,4,3,Si,Si,Si,Si,2745.0,PUENTE ALTO,413.1208813,Las Mercedes,Si
-33.4564084,-70.5569494,150.0,243.0,4,2,,Si,Si,Si,9500.0,LA REINA,410.7009097,Fernando Castillo Velasco,Si
-33.492013,-70.580665,106.0,133.2,4,2,Si,Si,Si,Si,5200.0,PENALOLEN,410.4449415,Quilin,Si
-33.410009,-70.6431262,145.0,213.0,5,3,Si,Si,Si,Si,6150.0,RECOLETA,405.3164818,Cementerios,Si
-33.4995553,-70.5823462,131.0,181.0,3,3,Si,Si,Si,Si,10000.0,PENALOLEN,405.1660416,Las Torres,Si
-33.525559,-70.6655382,134.0,331.0,3,1,Si,Si,Si,Si,5250.9,LA CISTERNA,404.9061649,El Parron,Si
-33.5127448,-70.6541816,104.0,104.0,3,3,Si,Si,Si,Si,6590.0,SAN MIGUEL,404.6898269,Cuidad del Nino,Si
-33.45908106,-70.59887931,140.0,420.0,3,2,Si,Si,Si,Si,12252.1,NUNOA,404.5461505,Chile Espana,Si
-33.4427898,-70.5748355,136.0,219.0,4,2,Si,Si,Si,Si,7943.67,NUNOA,404.0316162,Principe de Gales,Si
-33.4427898,-70.5748355,136.0,219.0,4,2,,Si,Si,Si,8051.38,NUNOA,404.0316162,Principe de Gales,Si
-33.5342354,-70.6669164,133.0,258.0,5,2,Si,Si,Si,Si,6480.0,LA CISTERNA,402.7817166,La Cisterna,Si
-33.4227193,-70.5893759,150.0,200.0,5,2,Si,Si,Si,Si,14990.0,LAS CONDES,402.1976691,Cristobal Colon,Si
-33.4227193,-70.5893759,150.0,200.0,5,2,Si,Si,Si,Si,14990.0,LAS CONDES,402.1976691,Cristobal Colon,Si
-33.4227416,-70.5893657,150.0,200.0,5,2,Si,Si,Si,Si,14900.0,LAS CONDES,400.624593,Cristobal Colon,Si
-33.5280762,-70.6579503,116.0,302.0,2,2,Si,Si,Si,Si,6900.0,LA CISTERNA,397.5514625,El Parron,Si
-33.4438608,-70.6276993,140.0,298.0,3,4,Si,Si,Si,Si,11740.0,PROVIDENCIA,395.3581406,Parque Bustamante,Si
-33.4065463,-70.548595,138.0,317.0,5,3,Si,Si,Si,Si,13800.0,LAS CONDES,394.6357826,Los Dominicos,Si
-33.4575342,-70.6006628,95.0,150.0,4,2,,Si,Si,Si,8350.0,NUNOA,388.5066573,Chile Espana,Si
-33.4575342,-70.6006628,95.0,150.0,4,2,Si,Si,Si,Si,8700.0,NUNOA,388.5066573,Chile Espana,Si
-33.44408807,-70.64053848,87.0,110.0,3,2,Si,Si,Si,Si,6460.0,SANTIAGO,386.9075781,Universidad Catolica,Si
-33.4969906,-70.5829511,116.0,185.0,3,1,Si,Si,Si,Si,4039.15,PENALOLEN,386.1983476,Las Torres,Si
-33.4842521,-70.6222414,180.0,140.0,4,4,Si,Si,Si,Si,5116.26,SAN JOAQUIN,386.0634633,Carlos Valdovinos,Si
-33.580125,-70.584359,74.0,178.0,3,2,No,No,No,No,2360.73,PUENTE ALTO,383.2170403,Hospital Sotero del Rio,Si
-33.4575073,-70.6005984,90.0,145.0,3,2,Si,Si,Si,Si,7830.0,NUNOA,381.7048736,Chile Espana,Si
-33.4801899,-70.7486569,61.74,72.72,3,1,Si,Si,Si,Si,1688.3658,MAIPU,381.654226,Monte Tabor,Si
-33.53866721,-70.58971167,109.0,412.0,3,1,Si,Si,Si,Si,6758.85,LA FLORIDA,380.6527172,Rojas Magallanes,Si
-33.5908984,-70.5834837,85.0,105.0,4,1,Si,Si,Si,Si,1485.0,PUENTE ALTO,380.0010901,Protectora de la Infancia,Si
-33.49077487,-70.61391844,95.0,195.0,4,2,Si,Si,Si,Si,5385.54,MACUL,377.8478274,Camino Agricola,Si
-33.441997,-70.738702,86.0,186.0,4,1,No,No,No,No,1288.1,LO PRADO,376.8318723,Pudahuel,Si
-33.450439,-70.6161904,160.0,280.0,5,2,Si,Si,Si,Si,13746.0,NUNOA,369.6800801,Monsenor Eyzaguirre,Si
-33.5999097,-70.5807229,140.0,150.0,4,3,Si,Si,Si,Si,2558.13,PUENTE ALTO,367.2206217,Las Mercedes,Si
-33.56504032,-70.58506638,96.48,83.3,4,2,Si,Si,Si,Si,3490.0,LA FLORIDA,365.744632,Los Quillayes,Si
-33.459059,-70.607768,134.0,372.0,4,2,Si,Si,Si,Si,12475.0,NUNOA,365.5627579,Estadio Nacional,Si
-33.3940619,-70.668127,115.0,160.0,4,2,,Si,Si,Si,4443.07,CONCHALI,365.455037,Conchali,Si
-33.3940619,-70.668127,115.0,160.0,4,2,Si,Si,Si,Si,4443.07,CONCHALI,365.455037,Conchali,Si
-33.3940619,-70.668127,115.0,160.0,4,2,Si,Si,Si,Si,4443.07,CONCHALI,365.455037,Conchali,Si
-33.4799265,-70.6520344,100.0,243.0,3,2,Si,Si,Si,Si,4173.79,SAN MIGUEL,362.5151805,El Llano,Si
-33.45307079,-70.57677269,127.0,375.0,4,2,Si,Si,Si,Si,13000.0,NUNOA,361.6851294,Villa Frei,Si
-33.5125274,-70.7544347,122.0,200.0,3,1,Si,Si,Si,Si,3366.0,MAIPU,361.2413909,Plaza de Maipu,Si
-33.4301639,-70.5815626,120.0,120.0,3,3,Si,Si,Si,Si,10500.0,LAS CONDES,360.0263931,Francisco Bilbao,Si
-33.4621434,-70.5773208,80.0,200.0,4,2,Si,Si,Si,Si,9500.0,NUNOA,357.810992,Los Orientales,Si
-33.5108422,-70.6084013,66.0,168.0,3,1,Si,Si,Si,Si,4308.43,LA FLORIDA,357.234611,Mirador,Si
-33.51126829,-70.60875328,72.0,168.0,3,1,Si,Si,Si,Si,3904.51,LA FLORIDA,355.1922448,Mirador,Si
-33.60094803,-70.58091402,118.0,118.0,4,3,Si,Si,Si,Si,2499.5,PUENTE ALTO,352.0303314,Las Mercedes,Si
-33.5069073,-70.5926764,118.0,406.0,3,2,Si,Si,Si,Si,4800.0,MACUL,350.8374246,Macul,Si
-33.5014923,-70.6133016,70.0,264.0,3,1,Si,Si,Si,Si,5240.0,MACUL,350.503898,San Joaquin,Si
-33.51392,-70.65811,132.0,284.0,4,2,Si,Si,Si,Si,4308.43,SAN MIGUEL,350.0772772,Lo Ovalle,Si
-33.451995,-70.598538,118.0,254.0,3,1,No,No,No,No,4686.37,NUNOA,344.318646,Chile Espana,Si
-33.451995,-70.598538,118.0,254.0,3,1,No,No,No,No,4042.57,NUNOA,344.318646,Chile Espana,Si
-33.3885384,-70.6399952,105.0,269.0,5,2,No,No,No,No,1415.3,RECOLETA,344.2553936,Zapadores,Si
-33.4802171,-70.742705,139.0,217.0,5,3,Si,Si,Si,Si,3894.0,MAIPU,340.2201642,Monte Tabor,Si
-33.547109,-70.591484,115.0,162.0,5,2,Si,Si,Si,Si,5116.26,LA FLORIDA,339.4162341,Trinidad,Si
-33.5067726,-70.5878356,44.0,183.0,3,1,No,No,No,No,1151.4,PENALOLEN,334.3456014,Macul,Si
-33.4478763,-70.5745741,100.0,300.0,4,2,Si,Si,Si,Si,9900.0,NUNOA,323.1705324,Simon Bolivar,Si
-33.4478763,-70.5745741,100.0,300.0,4,2,Si,Si,Si,Si,10000.0,NUNOA,323.1705324,Simon Bolivar,Si
-33.4813444,-70.679601,90.0,120.0,4,1,Si,Si,Si,Si,4039.15,PEDRO AGUIRRE CERDA,322.7877501,Lo Valledor,Si
-33.452704,-70.582722,126.0,214.0,4,1,Si,Si,Si,Si,7800.0,NUNOA,320.8005143,Villa Frei,Si
-33.4600258,-70.60403466,80.0,100.0,4,1,Si,Si,Si,Si,4039.15,NUNOA,319.5096267,Estadio Nacional,Si
-33.507336,-70.615456,55.0,175.0,3,1,Si,Si,Si,Si,4200.0,SAN JOAQUIN,316.9173078,Pedrero,Si
-33.5102234,-70.6596727,70.0,200.0,2,1,Si,Si,Si,Si,4176.0,SAN MIGUEL,315.6706013,Cuidad del Nino,Si
-33.4601002,-70.6040652,80.0,100.0,3,1,Si,Si,Si,Si,4033.0,NUNOA,311.993857,Estadio Nacional,Si
-33.5376525,-70.5954361,132.0,294.0,4,3,No,No,No,No,2814.1,LA FLORIDA,308.4302751,Rojas Magallanes,Si
-33.4630828,-70.5767397,76.0,150.0,4,1,Si,Si,Si,Si,6490.0,NUNOA,307.3034775,Los Orientales,Si
-33.5380154,-70.5901464,109.0,412.0,3,1,Si,Si,Si,Si,6731.92,LA FLORIDA,306.79597,Rojas Magallanes,Si
-33.4509809,-70.615847,160.0,280.0,5,2,Si,Si,Si,Si,13746.0,NUNOA,305.7121556,Monsenor Eyzaguirre,Si
-33.6099308,-70.5728703,140.0,205.0,4,2,Si,Si,Si,Si,3367.5,PUENTE ALTO,305.0637365,Plaza Puente Alto,Si
-33.5051495,-70.6117627,81.0,264.0,4,3,Si,Si,Si,Si,7135.84,MACUL,296.6127432,Pedrero,Si
-33.4777912,-70.7414174,60.0,180.0,3,1,Si,Si,Si,Si,2399.2584,MAIPU,295.3530125,Las Parcelas,Si
-33.5987715,-70.5782852,105.0,170.0,4,3,Si,Si,Si,Si,2558.13,PUENTE ALTO,292.5264311,Las Mercedes,Si
-33.5987715,-70.5782852,105.0,170.0,4,3,Si,Si,Si,Si,2558.13,PUENTE ALTO,292.5264311,Las Mercedes,Si
-33.41428,-70.59357,80.0,100.0,5,1,Si,Si,Si,Si,1534.88,LAS CONDES,292.1127351,El Golf,Si
-33.5307137,-70.6084437,139.0,144.0,4,1,Si,Si,Si,Si,2477.35,LA FLORIDA,288.0685228,Santa Julia,Si
-33.5307137,-70.6084437,139.0,144.0,4,1,Si,Si,Si,Si,2477.35,LA FLORIDA,288.0685228,Santa Julia,Si
-33.4699306,-70.6535239,196.0,137.0,4,2,Si,Si,Si,Si,8078.31,SANTIAGO,282.4709183,Rondizzoni,Si
-33.45154222,-70.60599022,106.0,213.0,4,3,Si,Si,Si,Si,8500.0,NUNOA,281.5358735,Nunoa,Si
-33.45154222,-70.60599022,106.0,213.0,4,3,Si,Si,Si,Si,8900.0,NUNOA,281.5358735,Nunoa,Si
-33.4531101,-70.5776537,90.0,161.0,4,3,,Si,Si,Si,7850.0,NUNOA,281.2816898,Villa Frei,Si
-33.45778,-70.59875,100.0,261.0,3,2,Si,Si,Si,Si,6193.37,NUNOA,279.6873969,Chile Espana,Si
-33.45778,-70.59875,123.0,144.0,4,2,Si,Si,Si,Si,8950.0,NUNOA,279.6873969,Chile Espana,Si
-33.45778,-70.59875,123.0,144.0,4,2,Si,Si,Si,Si,8950.0,NUNOA,279.6873969,Chile Espana,Si
-33.5793208,-70.5808112,75.0,133.0,2,1,Si,Si,Si,Si,1279.065,PUENTE ALTO,276.3970854,Hospital Sotero del Rio,Si
-33.5053631,-70.6119787,,264.0,4,3,Si,Si,Si,Si,7135.84,MACUL,271.806845,Pedrero,Si
-33.4514988,-70.5604706,75.0,205.0,3,1,Si,Si,Si,Si,7270.47,LA REINA,271.3662507,Fernando Castillo Velasco,Si
-33.5288537,-70.595397,76.0,176.0,4,1,Si,Si,Si,Si,5900.0,LA FLORIDA,270.9775838,Vicente Valdes,Si
-33.5687606,-70.5864963,68.0,74.0,3,1,Si,Si,Si,Si,1925.33,LA FLORIDA,269.5375456,Elisa Correa,Si
-33.5290491,-70.6621929,70.0,240.0,2,1,Si,Si,Si,Si,3392.89,LA CISTERNA,261.7143714,El Parron,Si
-33.5290491,-70.6621929,70.0,240.0,2,1,Si,Si,Si,Si,3700.0,LA CISTERNA,261.7143714,El Parron,Si
-33.5290491,-70.6621929,70.0,240.0,2,1,Si,Si,Si,Si,3700.0,LA CISTERNA,261.7143714,El Parron,Si
-33.4538433,-70.5600595,97.0,125.0,3,2,,Si,Si,Si,6400.0,LA REINA,257.3837202,Fernando Castillo Velasco,Si
-33.4569104,-70.697042,93.0,166.0,4,3,Si,Si,Si,Si,5090.0,ESTACION CENTRAL,257.1137717,Ecuador,Si
-33.4926865,-70.6150958,96.0,180.0,2,1,No,No,No,No,1760.5,MACUL,255.8676824,Camino Agricola,Si
-33.4926865,-70.6150958,96.0,180.0,2,1,No,No,No,No,1578.16,MACUL,255.8676824,Camino Agricola,Si
-33.49907,-70.65171,138.0,530.0,5,2,Si,Si,Si,Si,10050.0,SAN MIGUEL,252.4480145,Lo Vial,Si
-33.50305929,-70.6570324,104.0,316.0,3,2,Si,Si,Si,Si,6328.01,SAN MIGUEL,252.0165285,Departamental,Si
-33.3949359,-70.6691029,120.0,160.0,1,1,Si,Si,Si,Si,3300.0,CONCHALI,251.099638,Conchali,Si
-33.515897,-70.606048,84.0,180.0,3,2,Si,Si,Si,Si,4340.0,LA FLORIDA,248.3048328,Mirador,Si
-33.5627696,-70.5873063,127.0,512.0,3,1,Si,Si,Si,Si,6462.64,LA FLORIDA,245.3580496,Los Quillayes,Si
-33.4502811,-70.5590761,209.0,434.0,4,3,Si,Si,Si,Si,11100.0,LA REINA,243.0140247,Fernando Castillo Velasco,Si
-33.5226882,-70.5987142,96.0,500.0,3,2,Si,Si,Si,Si,10000.0,LA FLORIDA,231.5249939,Bellavista de la Florida,Si
-33.5226882,-70.5987142,,173.0,4,3,Si,Si,Si,Si,6220.3,LA FLORIDA,231.5249939,Bellavista de la Florida,Si
-33.478052,-70.577324,65.0,265.0,2,1,No,No,No,No,1069.35,PENALOLEN,230.9270231,Los Presidentes,Si
-33.4907304,-70.75512886,60.0,160.0,3,1,Si,Si,Si,Si,2399.2584,MAIPU,229.489714,Del Sol,Si
-33.4503682,-70.6279405,168.0,276.0,4,2,Si,Si,Si,Si,10771.07,NUNOA,229.1720116,Irarrazaval,Si
-33.4417,-70.64941,150.0,170.0,4,2,Si,Si,Si,Si,4739.27,SANTIAGO,225.2744104,Universidad de Chile,Si
-33.4417,-70.64941,150.0,170.0,4,2,Si,Si,Si,Si,4739.27,SANTIAGO,225.2744104,Universidad de Chile,Si
-33.4417,-70.64941,150.0,170.0,4,2,Si,Si,Si,Si,4739.27,SANTIAGO,225.2744104,Universidad de Chile,Si
-33.5226451,-70.5988231,75.0,167.0,3,1,Si,Si,Si,Si,3904.51,LA FLORIDA,224.3940634,Bellavista de la Florida,Si
-33.5226451,-70.5988231,75.0,167.0,3,1,Si,Si,Si,Si,3904.51,LA FLORIDA,224.3940634,Bellavista de la Florida,Si
-33.4521082,-70.6057101,,212.0,4,3,Si,Si,Si,Si,9435.62,NUNOA,218.7109748,Nunoa,Si
-33.45033911,-70.55856234,117.0,402.0,3,1,Si,Si,Si,Si,11600.0,LA REINA,217.5791669,Fernando Castillo Velasco,Si
-33.4961776,-70.6510263,186.0,393.0,4,4,Si,Si,Si,Si,6974.27,SAN MIGUEL,210.1750092,Lo Vial,Si
-33.4579625,-70.7037847,,100.0,4,2,Si,Si,Si,Si,3000.0,ESTACION CENTRAL,191.8534634,Las Rejas,Si
-33.461441,-70.575422,200.0,200.0,4,2,Si,Si,Si,Si,5990.0,NUNOA,191.3725424,Los Orientales,Si
-33.4823013,-70.7435263,56.0,185.0,2,1,Si,Si,Si,Si,2409.0,MAIPU,191.3619027,Monte Tabor,Si
-33.4593941,-70.6441621,73.0,156.0,2,3,No,No,No,No,1900.0,SANTIAGO,187.9441625,Matta,Si
-33.4526584,-70.5800551,87.0,144.0,4,2,Si,Si,Si,Si,8078.31,NUNOA,186.9808164,Villa Frei,Si
-33.4536426,-70.6939648,120.0,286.0,4,2,Si,Si,Si,Si,4631.56,ESTACION CENTRAL,186.6924155,San Alberto Hurtado,Si
-33.568807,-70.582157,80.0,213.0,3,2,No,No,No,No,2442.35,PUENTE ALTO,184.5424883,Elisa Correa,Si
-33.456644,-70.7039138,,119.0,5,2,Si,Si,Si,Si,3231.32,ESTACION CENTRAL,179.129245,Las Rejas,Si
-33.456644,-70.7039138,150.0,119.0,5,2,Si,Si,Si,Si,3662.17,ESTACION CENTRAL,179.129245,Las Rejas,Si
-33.4507794,-70.5586406,148.0,428.0,4,3,Si,Si,Si,Si,9999.0,LA REINA,179.0343744,Fernando Castillo Velasco,Si
-33.4507794,-70.5586406,148.0,428.0,4,3,Si,Si,Si,Si,9999.0,LA REINA,179.0343744,Fernando Castillo Velasco,Si
-33.451062,-70.686438,127.0,254.0,2,1,No,No,No,No,250.42,ESTACION CENTRAL,176.0585414,Universidad de Santiago,Si
-33.4685574,-70.5748555,125.0,500.0,3,3,Si,Si,Si,Si,10500.0,PENALOLEN,173.2908137,Grecia,Si
-33.4404265,-70.6696635,213.0,272.0,5,5,Si,Si,Si,Si,11900.0,SANTIAGO,169.5922315,Cumming,Si
-33.4539339,-70.6937771,105.0,286.0,4,3,Si,Si,Si,Si,4846.98,ESTACION CENTRAL,162.2957307,San Alberto Hurtado,Si
-33.409715,-70.555911,162.0,306.0,5,4,Si,Si,Si,Si,13470.0,LAS CONDES,151.1292162,Hernando de Magallanes,Si
-33.6028661,-70.577123,133.0,120.0,4,3,Si,Si,Si,Si,2950.0,PUENTE ALTO,133.1866439,Las Mercedes,Si
-33.4047989,-70.6422494,100.0,140.0,2,1,Si,Si,Si,Si,3365.96,RECOLETA,130.981738,Einstein,Si
-33.4047989,-70.6422494,100.0,140.0,2,1,Si,Si,Si,Si,3500.0,RECOLETA,130.981738,Einstein,Si
-33.4536597,-70.580956,173.39,366.7,4,3,Si,Si,Si,Si,13450.0,NUNOA,123.1289523,Villa Frei,Si
-33.4612108,-70.7382075,128.0,150.0,4,2,Si,Si,Si,Si,4903.0,PUDAHUEL,122.8313026,Laguna Sur,Si
-33.4070586,-70.5564231,130.0,210.0,4,2,Si,Si,Si,Si,11500.0,LAS CONDES,119.9707035,Hernando de Magallanes,Si
-33.4822725,-70.7444289,80.0,161.0,2,2,Si,Si,Si,Si,2043.8088,MAIPU,101.0560369,Monte Tabor,Si
-33.390575,-70.641633,159.0,294.0,4,4,No,No,No,No,1433.97,RECOLETA,92.59125229,Zapadores,Si
-33.3846893,-70.6800213,100.0,190.0,3,1,Si,Si,Si,Si,3745.0,CONCHALI,88.77732706,Vivaceta,Si
-33.5105866,-70.7572607,131.0,131.0,4,1,Si,Si,Si,Si,3021.2886,MAIPU,66.05218013,Plaza de Maipu,Si
-33.5105866,-70.7572607,80.0,211.0,3,1,Si,Si,Si,Si,2234.1,MAIPU,66.05218013,Plaza de Maipu,Si
-33.5105866,-70.7572607,75.0,254.0,4,3,Si,Si,Si,Si,3102.0,MAIPU,66.05218013,Plaza de Maipu,Si
-33.4410979,-70.7074204,,110.0,4,1,Si,Si,Si,Si,2692.77,LO PRADO,59.2775649,Blanqueado,Si
-33.3736197,-70.6863764,160.0,160.0,3,1,Si,Si,Si,Si,3500.6,CONCHALI,58.72471796,Cardenal Caro,Si
-33.3736197,-70.6863764,160.0,160.0,3,1,Si,Si,Si,Si,3500.6,CONCHALI,58.72471796,Cardenal Caro,Si
-33.3736197,-70.6863764,160.0,160.0,3,1,Si,Si,Si,Si,3504.66,CONCHALI,58.72471796,Cardenal Caro,Si
-33.4522,-70.5573937,98.67,121.46,3,2,Si,Si,Si,Si,7001.2,LA REINA,56.65085083,Fernando Castillo Velasco,Si
-33.4675977,-70.6244008,150.0,170.0,3,2,Si,Si,Si,Si,5900.0,NUNOA,42.31890003,Nuble,Si
-33.4991663,-70.5865711,85.0,250.0,3,1,Si,Si,Si,Si,3635.24,MACUL,39.41036666,Las Torres,Si
-33.4080136,-70.5452013,70.0,200.0,3,2,,Si,Si,Si,8078.31,LAS CONDES,34.29236796,Los Dominicos,Si
-33.4084548,-70.5671489,137.0,203.0,4,4,Si,Si,Si,Si,12260.0,LAS CONDES,32.99667407,Manquehue,Si
-33.4084548,-70.5671489,52.0,69.0,2,1,Si,Si,Si,Si,2477.35,LAS CONDES,32.99667407,Manquehue,Si
-33.5895498,-70.5798638,136.0,160.0,4,3,Si,Si,Si,Si,2490.81,PUENTE ALTO,16.74009558,Protectora de la Infancia,Si
-33.4377968,-70.6504451,80.0,125.0,3,3,Si,Si,Si,Si,3650.0,SANTIAGO,6.47244158,Plaza de Armas,Si
